stock,model,n,mse,mae,r2,qlike,r2_offset22
SH600000,naive,417,0.19066672660871445,0.2823301938116474,-0.12437950650294227,-7.0917371618852485,-0.1114715753609632
SH600009,naive,417,0.18700432666137728,0.2745694496196707,-0.06529441962283866,-5.6488529753613586,-0.0528865682702393
SH600010,naive,417,0.21675538411839543,0.31900565746141907,-0.06335936478245996,-6.388406058624677,-0.05012902257666374
SH600015,naive,417,0.18039714206524823,0.283918728180738,0.08533234761342068,-8.092974171428308,0.09612978129801064
SH600016,naive,417,0.18093455835558409,0.27270199477614837,-0.03184946242945785,-7.999059472265546,-0.020953708289584316
SH600018,naive,414,0.20344144398748268,0.3259344483593658,0.3370835302431304,-6.8520144733449015,0.3658337372743643
SH600028,naive,417,0.18731046293084266,0.2816019799103017,-0.09303584719185642,-8.091396878472223,-0.1287964478486292
SH600029,naive,417,0.22655653563458766,0.3348271615096785,-0.14559621847127113,-6.467962866743569,-0.14219707416426153
SH600030,naive,410,0.23132875160452257,0.3212410099251953,0.09759156069549291,-6.143959573011748,0.10300568419725364
SH600031,naive,417,0.19968507567337523,0.25469202266628854,-0.1934463028468063,-4.473059040610871,-0.21607066387355767
SH600036,naive,417,0.1844365184893513,0.2628740210963452,-0.2357987829246635,-6.507377715776648,-0.22699602524856677
SH600038,naive,417,0.1869031924956078,0.26941611311890307,0.17623385957002335,-6.048666626804271,0.1833635980267201
SH600048,naive,417,0.1859837710041083,0.2677663726167731,-0.23443716135772807,-5.836504983950002,-0.23262495267768957
SH600066,naive,417,0.22328604566144708,0.2901306709661521,0.0569571501921744,-1.4909750659899346,0.05967929927893534
SH600068,naive,417,0.229097475987428,0.3083427222900393,0.059291726311074155,-5.997151154713711,0.06723281436366757
SH600085,naive,417,0.25104108244940937,0.3311163127493725,-0.1028136612260282,-5.76046585271885,-0.07980093425653512
SH600089,naive,417,0.1659702778974981,0.27627030023678695,0.5854922980644701,-6.840368210457026,0.5981857439603431
SH600104,naive,417,0.18491532363672628,0.28202157354406804,0.015468868591643536,-5.807336834977803,0.034451638356240766
SH600109,naive,412,0.21478982602309304,0.31441971419171094,0.2688029667210494,-5.907614320320682,0.2794882348062103
SH600111,naive,414,0.23380475503486298,0.31304187831436775,0.07522263398659557,-4.809697897365226,0.06878939275693463
SH600115,naive,416,0.24219418792630643,0.3390446640065982,-0.04174187613608571,-5.916924901955297,-0.04456305583113984
SH600118,naive,417,0.2070611937012547,0.27637195867073977,0.30755649636761684,-4.10986510929226,0.30539093173115384
SH600170,naive,417,0.16802556471472405,0.2814837263045755,0.2639460042040507,-7.49305605966231,0.27471247255104614
SH600177,naive,417,0.2412592252401109,0.3397997271970525,-0.06708294210563204,-6.5495471508745915,-0.062029915407032066
SH600188,naive,417,0.21693331181778489,0.3055179100654467,-0.25815812914263025,-6.1965254816102915,-0.24699719465559977
SH600196,naive,417,0.2268547044050989,0.306793339236134,0.15399434566079973,-4.6565346401420635,0.161204704203178
SH600208,naive,416,0.5149518843024978,0.37164015492639035,-0.360806694990393,131.85564590755334,-0.3946975184091561
SH600276,naive,417,0.18899162008326884,0.2673830724499026,-0.40301208864891325,-4.623403283829067,-0.4368383505061213
SH600332,naive,417,0.23226369628419413,0.2788670063872566,-0.1609044227396681,-2.5008657735778774,-0.15525771343409733
SH600340,naive,417,0.15874588511509125,0.24989617807651027,0.16562758039997105,-6.594609050542903,0.16912007791055483
SH600352,naive,413,0.19620427458834375,0.2900656030866888,0.2512592588675031,-5.9610897396181874,0.26087414763886374
SH600362,naive,417,0.23263496284171187,0.3182188117936916,-0.0414592079924021,-6.1166618449757015,-0.051550422112867755
SH600369,naive,417,0.2483507209842128,0.33664446253390407,0.15385508240154167,-5.45724040073452,0.17556960276236144
SH600372,naive,417,0.216218924107975,0.3075868453381082,0.07558375348557933,-5.853849632248144,0.0854562482537945
SH600383,naive,417,0.19169028917501457,0.26539257785667003,-0.1840414715692149,-5.231216469822813,-0.16913550404678102
SH600489,naive,416,0.225323650726899,0.3224982388916275,-0.3045718079335369,-6.192671464687505,-0.28894973588539785
SH600519,naive,417,0.18025821039450848,0.25983528756185903,-0.14851922222495828,-6.300179584035896,-0.15029264212323667
SH600547,naive,417,0.2039759392334349,0.29384745163695764,-0.18812319450644965,-5.9126200037442365,-0.18159134518163378
SH600570,naive,416,0.2133655633531826,0.2919899429681314,-0.157633678699306,-3.659637344445196,-0.14369797552196495
SH600583,naive,417,0.18804775414440283,0.25416564427071503,-0.2056652799714518,-5.651808193467347,-0.2098922603125588
SH600585,naive,417,0.19767966535598935,0.258475518359807,-0.2627296042080651,-5.696405383449282,-0.26227768749346625
SH600588,naive,417,0.1968199245481227,0.27158600926253207,0.03268140877615422,-3.864341764212065,0.040799668369910225
SH600637,naive,417,0.2201730355735163,0.2929568197470814,-0.048522452720819675,-2.872285441869261,-0.047445966286981056
SH600660,naive,417,0.22310233663805276,0.2982753498820034,0.04255395301567921,-5.356330575145527,0.052882836120554666
SH600674,naive,417,0.17800349783957978,0.28569833030906866,-0.524231757864484,-7.056168435051419,-0.49552563165750296
SH600703,naive,415,0.2075589326319762,0.29276364217538015,-0.30922090435815774,-2.9027869986838364,-0.2841254187935498
SH600705,naive,417,0.2032705823765352,0.30009740491869563,0.264633009605865,-6.281705795638543,0.27916668891682295
SH600741,naive,417,0.19083282273741295,0.26501438711456515,-0.2496158223689655,-4.588893015609182,-0.2639889736547931
SH600837,naive,417,0.2178323397798177,0.31204410534806204,0.1325231016839784,-5.95548542407508,0.15838824014336939
SH600886,naive,417,0.17398333822781942,0.26783986916593994,-0.38532977128920365,-6.566436424683359,-0.3889768473723616
SH600887,naive,417,0.17080521815868607,0.2460366838707841,-0.14122867310778608,-5.733223753392594,-0.13225923085685287
SH600893,naive,406,0.22786523198465722,0.29859760136126157,0.26885132932905975,-5.7828164717723425,0.27282591730972217
SH600999,naive,411,0.1900369489216348,0.29237207486127453,0.11980961279970981,-6.548995388799428,0.14228810728108265
SH601006,naive,417,0.17549784408770958,0.2603697700652216,-0.34311300001243406,-7.762227309992743,-0.40676345457707286
SH601009,naive,417,0.2149665433302148,0.30753655031825555,-0.03879013542170684,-6.5669223806395465,-0.04252859560893496
SH601111,naive,416,0.23515129419578656,0.3233876309815083,-0.2965760988258863,-5.778209185801068,-0.2931094055641792
SH601166,naive,417,0.18916134525211376,0.2844763091934851,-0.1731000333919146,-6.841386419265655,-0.18179886153099312
SH601169,naive,417,0.1709987987721075,0.27871177343531606,-0.04419742453800768,-7.963688349347435,-0.033733886516983835
SH601186,naive,417,0.19975708791290134,0.3043744428914188,0.03923161745964976,-6.533225017156468,0.06612319467122685
SH601225,naive,417,0.21410193876465985,0.2942793285618182,-0.25751754338470856,-4.966691142913239,-0.24850825921791042
SH601288,naive,417,0.16571010764180086,0.27108636233556527,-0.1175620483856028,-8.366792176623534,-0.12710922373342992
SH601318,naive,417,0.16362063545831007,0.24396698962465813,0.08977061866415603,-6.7350703296914025,0.08803333295264593
SH601328,naive,417,0.16574082958551578,0.2826022743163332,0.22357674701812524,-8.34460631971621,0.2289164806354248
SH601336,naive,417,0.22186036650732854,0.2967461853354405,0.08145860912731029,-5.560880164457997,0.13374771917172235
SH601377,naive,417,0.24923549376459767,0.33048962197297554,0.1398414089762281,-5.720157896503124,0.14248218625785714
SH601398,naive,417,0.16710404709958127,0.27065077445142066,-0.058564699457459124,-8.127103366358472,-0.07285812977682449
SH601555,naive,411,0.22236060339388286,0.31996308892487235,0.23979825709203095,-5.650998254753144,0.24556373446352542
SH601601,naive,417,0.19208793760564577,0.270992735240494,-0.25630947864434916,-5.7033344762672264,-0.24811363641636497
SH601607,naive,417,0.2410886347359584,0.3274794943237105,0.08205336206526848,-4.684177270160941,0.08840840837878672
SH601628,naive,417,0.19529505643013909,0.2521181676056343,0.13257710343531637,-3.479584015246038,0.1382332182159156
SH601633,naive,416,0.21190056771971477,0.3080632931594965,0.22331750848530874,-5.151377492937057,0.22731331884063544
SH601668,naive,417,0.191364196335507,0.2894216403505245,-0.2560115602979087,-6.984169373721928,-0.23941565358858408
SH601669,naive,417,0.23458161869264535,0.3165832373885576,0.03122155789051484,-6.564409003994422,0.04436599102481209
SH601688,naive,417,0.20921797802298292,0.29189458976277927,0.0779107238088107,-5.947428013060594,0.08968858211329511
SH601766,naive,417,0.18541205985425602,0.28231836977449953,0.03081071476080488,-6.948583894539655,0.061220692677282584
SH601800,naive,417,0.25305229958744163,0.3341919692590384,-0.023259730001441214,-5.986401410740114,-0.01924237180344801
SH601818,naive,417,0.19347408983682973,0.29255911843429083,0.028886706183615107,-7.009885093188306,0.04048780659405726
SH601857,naive,417,0.17795514740792479,0.28296365102119275,-0.1940336111303873,-8.213359921651431,-0.17922298949587612
SH601888,naive,417,0.18489456412022465,0.26812267137783946,0.2982567019056367,-4.62435837513922,0.30677317014349437
SH601899,naive,413,0.2491156424168138,0.3109358545741592,-0.013682497549269756,-4.34855954341763,-0.0847312012159891
SH601901,naive,415,0.2658831328545454,0.3372858980719181,0.07111411617267349,-5.232743907676548,0.0873872562552952
SH601933,naive,417,0.2317991120262418,0.3028558126640844,-0.2454944268589474,-4.896706695901068,-0.25910848834455646
SH601939,naive,417,0.1819513336533258,0.28303587031235794,0.03447362078518856,-7.7997030800946066,0.019906608376722312
SH601988,naive,417,0.16682225568154324,0.2813126132462307,0.022455653947858423,-8.489325928342359,0.03389374687395441
SH601998,naive,417,0.19458586937541997,0.30283341706401223,0.14704359145323442,-7.541047400412934,0.1546605466103801
SH603993,naive,417,0.22796346159211126,0.3127517235510583,-0.04031633829063508,-5.235645910967689,-0.035909149676101926
SZ000001,naive,417,0.0742634145923657,0.20831724831622428,0.02263704930081445,-7.227795950701731,0.04362696844730485
SZ000069,naive,417,0.08345259059154811,0.22634786560481618,0.08075783869933006,-7.295147826370352,0.1313048040915531
SZ000157,naive,417,0.07824046411693249,0.21788876753067254,-0.020248508247915575,-7.129199708257238,-0.18892880101720166
SZ000166,naive,417,0.11387301380720669,0.2666506131429427,0.39355375183317454,-7.358089513180349,0.4118796366409272
SZ000333,naive,406,0.07326000585209354,0.20581149376553765,-0.0010633137806941306,-7.306985455684731,-0.01025267815603259
SZ000338,naive,417,0.07734905325973448,0.21679418748432291,0.10245954933432389,-6.935012538064911,0.09798224242498788
SZ000425,naive,417,0.09202641514422713,0.23516496599749093,0.16093014329234934,-6.969651785036282,0.026909815020406236
SZ000568,naive,417,0.0863226510391332,0.23492548994851564,0.1908969947180439,-6.685979977860839,0.23562984698137612
SZ000625,naive,417,0.0986590434244445,0.24503650030701074,-0.3498717698963554,-6.281415101705115,-0.2553106228627102
SZ000709,naive,417,0.12545530306740957,0.2721208282836864,0.16003755620668825,-7.965350278798613,0.1694953499178048
SZ000725,naive,417,0.11421688197202697,0.25964550419807686,0.1407653351988003,-6.621028379680264,0.12519053546579295
SZ000728,naive,417,0.1218265188976619,0.2651650914418147,0.4444500900813473,-6.8713952703961105,0.4645567983091884
SZ000768,naive,417,0.08289397198454701,0.2260770847992492,0.4936778028870109,-7.035946807973006,0.4956950203400853
SZ000776,naive,417,0.10429218208698057,0.2590825823365493,0.36302430252931783,-7.309798382034008,0.3831209845366518
SZ000783,naive,417,0.11552751033226162,0.260348929733832,0.45418261187197784,-6.942011146153085,0.4735629606602515
SZ000858,naive,417,0.09707418367371975,0.24540270199188444,0.19342469344907787,-6.866185235831035,0.21375502679693692
SZ000895,naive,402,0.08968237228143237,0.24138187483400766,0.2166109656494929,-6.6911850991243265,0.2543535790706586
SZ000963,naive,417,0.12353158194229315,0.2836393793192882,-0.1306699016111832,-6.764333088397694,-0.13704586909572813
SZ002007,naive,417,0.09503014437892834,0.2475774584607867,0.2649299067250772,-6.424010841295204,0.27600416472473255
SZ002008,naive,417,0.07557799093660877,0.22467794686966333,-0.31395973845757363,-6.461333074968393,-0.30729368118756106
SZ002024,naive,417,0.11597704285802166,0.2679230051630734,0.4559253799267421,-7.561398002526047,0.4636903222343951
SZ002142,naive,417,0.07647111198223275,0.20686523470851087,0.09159793666967508,-7.040407596464919,-0.07325299111797312
SZ002146,naive,417,0.07372553289818341,0.21102404722567977,0.23476310869949202,-7.262260776473107,0.26696608579848835
SZ002153,naive,417,0.09954647031903967,0.24703032768613864,-0.2699447245928095,-6.318692229708204,-0.2777631812851078
SZ002202,naive,411,0.08228359737849211,0.22805653073046042,0.012367105396362543,-6.860303676294099,0.009588498368424792
SZ002236,naive,415,0.08724614614420802,0.24457162317026548,-0.07778626385328291,-6.563453222450321,-0.049275334647335356
SZ002241,naive,417,0.07160496199416998,0.2193880791743702,0.0941257262724482,-5.973055574453867,-0.19214629753129175
SZ002304,naive,417,0.0955442784991152,0.24196861235438416,0.15503268664138803,-6.959730091966057,0.17080884221909365
SZ002415,naive,415,0.06818786218776349,0.21135661522389732,-0.06333226959744964,-6.904920490385161,-0.05072344163014031
SZ002456,naive,414,0.29214103751748743,0.3019504686208018,-0.6250948376741887,4.285443574201374,-0.6278185535277199
SZ002475,naive,417,0.05807377113493484,0.19498905541063033,-0.07493864275903839,-6.270233914910692,-0.1250990736661064
SZ002594,naive,417,0.10196078334344343,0.25142320023563824,0.39668016412647533,-6.8044422628299035,0.41277727677777043
SZ002673,naive,417,0.13090724694483077,0.28046275391988873,0.4460187420249413,-6.964558812745176,0.4739405033471771
SZ300124,naive,406,0.06834806834139484,0.20448343405760963,0.1460560637151438,-6.690660916086866,0.18513825846566723
SH600000,har,417,0.14359952775355933,0.2526928524068513,0.1531801640411493,-7.927451023496627,0.16294926507543028
SH600009,har,417,0.14104385094131294,0.2460507432259838,0.19652539589647622,-6.993082051761185,0.2046853841926778
SH600010,har,417,0.16596437792003127,0.2837143584652857,0.1858113412068032,-7.240359781009766,0.1925895070650956
SH600015,har,417,0.1417023034507701,0.2583266330761837,0.2815267927681059,-8.618367420822052,0.2874469572938867
SH600016,har,417,0.1361047393314234,0.2481938534286774,0.22380995985725471,-8.68268994620387,0.23116823818346066
SH600018,har,414,0.16869243501479242,0.294079173268572,0.45031360718430147,-7.089373384885332,0.46663668444249096
SH600028,har,417,0.13969925670551603,0.25012470118681757,0.18479569685563335,-8.626840261574047,0.154367121780019
SH600029,har,417,0.16693538880239056,0.2876213368348052,0.15588155686887217,-7.241786798030711,0.16153904142153452
SH600030,har,410,0.18833156071303664,0.2987738693948396,0.2653226691622764,-6.997756284379024,0.2723241308315155
SH600031,har,417,0.1418399126891731,0.22823298324610136,0.1522735546251044,-6.755457281670316,0.12991611978610162
SH600036,har,417,0.12393764871056584,0.21829206551197314,0.16956795384367018,-7.57694514717653,0.17261471963570874
SH600038,har,417,0.1536237792880015,0.26005331129713855,0.32291114960319645,-6.936619360811563,0.3293007282255318
SH600048,har,417,0.14119536573898822,0.23497238787943325,0.0628386254419332,-6.836962247685751,0.06491738423216042
SH600066,har,417,0.18090527547824337,0.28773242634928153,0.235951239017671,-6.516154915707263,0.2366732925741054
SH600068,har,417,0.18475584086803012,0.2956903933536802,0.24136506800080126,-7.385180116119016,0.2539923333067765
SH600085,har,417,0.18107930392329832,0.2841098336564403,0.20452569681634947,-7.261634962128436,0.224368272478924
SH600089,har,417,0.145387830918184,0.2708391671384678,0.6368965790338279,-7.504130098841972,0.6443237805329844
SH600104,har,417,0.13825006554759253,0.25507137210484265,0.2639252887540714,-7.2156182216015665,0.26871957538234303
SH600109,har,412,0.1925983461921618,0.3006950865972858,0.344348184652843,-6.603391953897313,0.3500876681529802
SH600111,har,414,0.18600044822978928,0.2894691501543718,0.2643049344073066,-6.611961942551024,0.25511015085128375
SH600115,har,416,0.1761389494719661,0.29180307349397794,0.24237934339119271,-7.114693485794243,0.2427713349088656
SH600118,har,417,0.1664397952186373,0.28582852589023616,0.4434005093618312,-6.364998798315062,0.43708126407163106
SH600170,har,417,0.14197489640138333,0.26614893252659216,0.3780637489516693,-7.96987560877078,0.38544054695319474
SH600177,har,417,0.1826473829857702,0.3043360451917211,0.19215563006812442,-7.845527727820065,0.19974927769331208
SH600188,har,417,0.16921779945387722,0.27952435346416155,0.018579727592263118,-7.394743185640546,0.030939446617825772
SH600196,har,417,0.17666542283655906,0.27599807261988957,0.34116443810192676,-6.484615077894581,0.3437536501769316
SH600208,har,416,0.3553592315061965,0.37714176117582904,0.06093125182894377,-5.978207650830253,0.04100314442723829
SH600276,har,417,0.1284570094361155,0.22386786019423102,0.04637709845997151,-6.9758029330758395,0.023170940502092785
SH600332,har,417,0.17038372366192958,0.24700711108056175,0.14838512636101542,-6.544794104345922,0.15104504429777832
SH600340,har,417,0.1290351968474546,0.2369765007458019,0.32178771544773954,-7.269048442724762,0.3213833614388446
SH600352,har,413,0.160967792307404,0.2686840757812393,0.38572620620230036,-6.9321245422502225,0.38831083829740287
SH600362,har,417,0.1770816505273796,0.28549004987481114,0.20724162329066442,-7.274246101977687,0.20207229706710095
SH600369,har,417,0.22169196178131062,0.33221785557996913,0.24468297901332847,-6.714481336269489,0.25637349320340774
SH600372,har,417,0.16633819675523204,0.2808902132517431,0.28884239836628944,-6.875247835170935,0.2940090195675673
SH600383,har,417,0.14734424661322743,0.2358564293654579,0.08987722154303623,-6.480451311044624,0.0997638419461927
SH600489,har,416,0.15841714648044888,0.27630224713696244,0.08280137249258845,-7.116364778474603,0.09496202879334226
SH600519,har,417,0.1268537634594826,0.2260957877042885,0.19174840676642857,-7.465583864039442,0.19090847324217175
SH600547,har,417,0.15332319367257147,0.26105622520085514,0.10691994681926376,-6.916837117911188,0.11193970106581097
SH600570,har,416,0.15656396116358823,0.26295378467794983,0.15054842278588132,-6.4647819303094645,0.155937076496532
SH600583,har,417,0.1435237375008887,0.23463925657432125,0.07979976711831094,-6.882258642891811,0.07726552573149648
SH600585,har,417,0.13751594102233636,0.22392526266306617,0.12158162820274487,-7.191470069170788,0.12263573329769484
SH600588,har,417,0.15768974748066375,0.2548117603341786,0.22499602246242933,-6.087086768403408,0.2284760331550778
SH600637,har,417,0.17181226654022935,0.2705654050266089,0.18178436950272103,-6.395304547360727,0.1827216703189518
SH600660,har,417,0.1557497503123545,0.25918150942528256,0.33159829250338624,-7.236437451191751,0.33541998459852873
SH600674,har,417,0.1291430594320423,0.24363890522986797,-0.10584317096678064,-7.880579600262039,-0.09036026167156352
SH600703,har,415,0.1679614952307138,0.2723871576131786,-0.05945187660608675,-5.859345747961529,-0.05259706504724604
SH600705,har,417,0.17709411345632067,0.2892325002951941,0.35933097791958113,-7.073260091679325,0.36398521346637325
SH600741,har,417,0.14150436329198152,0.23089329238681522,0.07339791568654808,-6.3446736653598474,0.06104092976372233
SH600837,har,417,0.17757133471586717,0.2959249001766678,0.2928550883452047,-6.9094402979547676,0.30256898465998694
SH600886,har,417,0.11145042020449322,0.2136497561502044,0.11258407440254037,-7.613384595294205,0.11158183121477683
SH600887,har,417,0.12063356502261025,0.2102062787793386,0.19399134975423882,-7.172581793450182,0.1999355646990122
SH600893,har,406,0.17069975985780453,0.2786120283470351,0.45227755275852655,-6.855975389037564,0.45169213061961966
SH600999,har,411,0.1560120869562649,0.26671316725148214,0.2774018947095037,-6.922586949025152,0.28637340977922177
SH601006,har,417,0.13151649867228424,0.23337769176391573,-0.006516746693377318,-8.493840041908792,-0.05482495709920698
SH601009,har,417,0.15881276162847485,0.2750086433383558,0.2325636929216478,-7.699373438441036,0.22904316829608373
SH601111,har,416,0.1732133599382964,0.2784553322331351,0.044936991474382904,-6.900007412066139,0.046613207236485654
SH601166,har,417,0.1431780960195943,0.25672747926929074,0.1120689642076862,-7.826480879813142,0.10653089622720269
SH601169,har,417,0.12976612357765932,0.24704231439519572,0.20758828129162843,-8.562339352452232,0.21390493011472478
SH601186,har,417,0.15738313465547268,0.27146465108018897,0.2430369239864013,-7.433753503424295,0.26101955729747495
SH601225,har,417,0.17210518277744716,0.28197169312566583,-0.010851596668470798,-7.2077557557995275,0.0028387548031370002
SH601288,har,417,0.12336630927044345,0.2335661576121569,0.16800787078077672,-8.907636295678051,0.15877672249461594
SH601318,har,417,0.11970956228952478,0.21875451182312552,0.3340500083160829,-7.812931208721745,0.33376766449736184
SH601328,har,417,0.1375676389160475,0.26728251188955976,0.35555581579176665,-8.843184402676792,0.3553989176008243
SH601336,har,417,0.15132356046208348,0.255759653094807,0.3734935361063765,-7.0981155847665365,0.39037043890278167
SH601377,har,417,0.20528096042708024,0.30870248624668034,0.2915367750480278,-6.774245584322624,0.2925359930849758
SH601398,har,417,0.12831458892428643,0.24653341133771184,0.18715736322232357,-8.659901276276107,0.17656621793781724
SH601555,har,411,0.21548838329735068,0.3275589865012733,0.26329285827269433,-6.562893952904769,0.26722357268978736
SH601601,har,417,0.13187754731853252,0.2385096845542014,0.13748351519720037,-7.254324342208363,0.13943373697560058
SH601607,har,417,0.18389288416438024,0.29916894795579685,0.29982657646351196,-6.9665518519820235,0.30440111552103855
SH601628,har,417,0.14881515984507862,0.23652146332614404,0.33902230110094467,-6.7179185782317665,0.34204978965468236
SH601633,har,416,0.17235297875852693,0.2900590092139596,0.36827190977980107,-6.3608850403097446,0.37833616983601903
SH601668,har,417,0.14543111850973992,0.25673897851020205,0.04546843362989117,-7.75914146730263,0.060050023636798344
SH601669,har,417,0.1794826699375435,0.29423227043559796,0.2587699652820419,-7.588418063932884,0.2675524033988891
SH601688,har,417,0.1664193164802941,0.2771798525913263,0.26653785431054244,-7.081783468685131,0.2709945494827164
SH601766,har,417,0.14315226246890347,0.2568650147530593,0.2517118948375382,-8.009111347637896,0.26717676521426037
SH601800,har,417,0.19029929407822496,0.30406723668518887,0.23049265074683745,-7.387344726954153,0.23872966941732787
SH601818,har,417,0.14759570235276462,0.2521560986400811,0.2591661819636002,-7.752394852147588,0.2633527623034526
SH601857,har,417,0.13842738959511422,0.2519036282645439,0.07118755323934722,-8.662379655928868,0.08273528259751484
SH601888,har,417,0.14265471732894763,0.23793271280342232,0.4585725529386472,-6.4961981739883985,0.46405653042417916
SH601899,har,413,0.17326376303047697,0.27833753251981863,0.29496822303253134,-6.829413701803768,0.24719866930124146
SH601901,har,415,0.2099758467970362,0.3064990098919317,0.266431089703019,-6.696157385230819,0.2732656079673347
SH601933,har,417,0.1565126799977312,0.2551148735234452,0.15903184888877608,-7.059279607962492,0.16018069922310496
SH601939,har,417,0.1394257193915,0.25033118774661856,0.26013617317042026,-8.336203710449489,0.24878281705720762
SH601988,har,417,0.1300417009312597,0.2512326149246732,0.23798219262167197,-8.922523728866256,0.2444425293732736
SH601998,har,417,0.15762879300753252,0.27482150189011817,0.30904289402501595,-8.123888926101028,0.31599759978141617
SH603993,har,417,0.17720641818374333,0.2875327120224097,0.19131456068005948,-6.732819817952323,0.1950573012228619
SZ000001,har,417,0.06510266970896773,0.1925656099139883,0.14319941098301892,-7.243643755785637,0.16276046999766436
SZ000069,har,417,0.06530285433817326,0.19979119379731314,0.2806797663749837,-7.340675918414901,0.3015688149882243
SZ000157,har,417,0.060099715826955426,0.18731016605225223,0.21630519309119223,-7.1617610778498255,0.08937602001789458
SZ000166,har,417,0.11338394488924382,0.26148908601572646,0.3961583549825717,-7.330445250951092,0.404771057493696
SZ000333,har,406,0.056367653677586595,0.19053281796414276,0.22976268532587296,-7.364978132226474,0.22368107736984966
SZ000338,har,417,0.05829139372813668,0.1915374642972996,0.3236002046334322,-6.977932765452321,0.31384203722877324
SZ000425,har,417,0.07691860755037884,0.21414282881539196,0.2986787009545159,-7.003062601785566,0.18366200366126384
SZ000568,har,417,0.0680643610699172,0.20728501503529298,0.3620321151941863,-6.72720781567356,0.38754358415748813
SZ000625,har,417,0.0864377447662717,0.23137393835285766,-0.1826576405319893,-6.278438134873708,-0.09552226243065154
SZ000709,har,417,0.1892432060401114,0.37712621854771416,-0.2670423802756463,-7.990809224788169,-0.2426591304225112
SZ000725,har,417,0.10029018215145502,0.24526942370620086,0.2455335887661385,-6.656761580943067,0.2177850675084756
SZ000728,har,417,0.11995605741215509,0.27312350801966506,0.45297971662885217,-6.911499424361406,0.4694761281080875
SZ000768,har,417,0.0803232844536784,0.22485155053525982,0.5093797426970975,-7.031106787395355,0.5075104435109068
SZ000776,har,417,0.09634254741957121,0.23993291816155432,0.4115775496239754,-7.31472387001977,0.41615125485538795
SZ000783,har,417,0.12171002523392561,0.27590710833899745,0.4249729099924553,-6.923892469188905,0.43300053598556554
SZ000858,har,417,0.07694010903841031,0.21747776046376394,0.3607157981126786,-6.904683788742787,0.37675938518180585
SZ000895,har,402,0.072258485640564,0.21190566389813806,0.3688112407201444,-6.721117021183035,0.38813247029297826
SZ000963,har,417,0.08975091632452428,0.2354207575490033,0.1785205197358487,-6.8211948780199,0.169088869246258
SZ002007,har,417,0.07592939296335557,0.21649604988333152,0.4126766161132138,-6.459364714200851,0.41800706844386004
SZ002008,har,417,0.05611475081775425,0.1926723087391053,0.02441805617786763,-6.5015601759698205,0.02972774028462488
SZ002024,har,417,0.10526713447176796,0.2607470719294287,0.5061679899526224,-7.620719713609221,0.5139563137923869
SZ002142,har,417,0.05796340603178463,0.1777374432974081,0.31145139292390334,-7.086191990088401,0.19509320738236124
SZ002146,har,417,0.06536800151335116,0.20465042766052657,0.3215104143406432,-7.309808602082242,0.3430447466997808
SZ002153,har,417,0.08245990329770551,0.2226459135383092,-0.05196617065110787,-6.344889487023843,-0.07011450442363554
SZ002202,har,411,0.06257484022447381,0.20321553783154672,0.24892721576109444,-6.905516201959631,0.23333792477887583
SZ002236,har,415,0.06845503061353708,0.2141298105959268,0.15434784288378278,-6.5985550461724385,0.16686601492911368
SZ002241,har,417,0.057194106612519134,0.19255785026840283,0.27643743748749805,-5.993820046885236,0.04908859890210848
SZ002304,har,417,0.07230267102259524,0.2133475235262098,0.36057506904320147,-7.013805585489829,0.37095631109692606
SZ002415,har,415,0.053854866264011106,0.18493589237982908,0.16017872776697006,-6.930852323438525,0.16988819363981034
SZ002456,har,414,0.19657642033433145,0.26144987601612496,-0.09349692398032561,-5.810221744180295,-0.09338896389587936
SZ002475,har,417,0.047678576331485416,0.17594402551363367,0.1174751849442186,-6.288650788205862,0.06945791237551158
SZ002594,har,417,0.0825910914281982,0.22659986739324559,0.5112940280457344,-6.851743456565123,0.5215998112373705
SZ002673,har,417,0.14461866249017885,0.2937008133050768,0.38799393889366873,-6.910939556261602,0.39822801381393
SZ300124,har,406,0.0469901567750793,0.1672198051812506,0.41290280154339165,-6.737225232446794,0.4342892778063785
SH600000,har_x,417,0.1417744526118007,0.2509657633066273,0.16394280272342243,-7.966536416273463,0.17322501635579557
SH600009,har_x,417,0.14063029716309913,0.2456858020051316,0.1988812586725437,-7.014405488276169,0.20657115098243217
SH600010,har_x,417,0.16338465136192756,0.28181743488847405,0.19846697329315188,-7.2752626919685355,0.20515325069922274
SH600015,har_x,417,0.14029890951919474,0.25669100120846955,0.28864242119809125,-8.639342467159123,0.2944786846881129
SH600016,har_x,417,0.13438243887372078,0.24725111286692122,0.23363204590634357,-8.710642879664999,0.24087512040835513
SH600018,har_x,414,0.162810032436948,0.293060890037905,0.46948148897948416,-7.256667945862646,0.48527574197650636
SH600028,har_x,417,0.13974528283170073,0.2507981003166935,0.18452711492465035,-8.658235460262128,0.1533577448728376
SH600029,har_x,417,0.16555129133689536,0.28678348324091096,0.16288032571050215,-7.288780585612092,0.16937251581063495
SH600030,har_x,410,0.1858699713690104,0.2986162121269232,0.2749252757675674,-7.038326315233115,0.28161531580125787
SH600031,har_x,417,0.14106459192825613,0.22606476293339223,0.15690736960860485,-6.769341403647956,0.13451835366714227
SH600036,har_x,417,0.12414763536663469,0.2213188970071308,0.16816095887257776,-7.5909061131308935,0.17147753615148476
SH600038,har_x,417,0.14967920022872686,0.2572915943470246,0.34029667750077863,-6.977615748982779,0.3468737499272885
SH600048,har_x,417,0.14079949877080103,0.23565845744991956,0.06546612833557819,-6.883489856108673,0.06781158844666813
SH600066,har_x,417,0.17737789703370904,0.28774087261342013,0.25084903082024534,-6.6134585516931645,0.2515301008105557
SH600068,har_x,417,0.18240041562213508,0.29828181763013584,0.2510367940087771,-7.474078934474513,0.26356053060258156
SH600085,har_x,417,0.17905840860909317,0.280709078251671,0.2134034109285894,-7.283547063620209,0.23285953253651348
SH600089,har_x,417,0.14360317429356642,0.2702116598329421,0.6413537259735416,-7.531372207423442,0.6486415736827771
SH600104,har_x,417,0.13748316052171142,0.25438236483397086,0.2680084650856166,-7.266371973458913,0.2727301114955254
SH600109,har_x,412,0.1877869637618367,0.29738178861006154,0.36072730569485145,-6.654198510306382,0.3666463286468793
SH600111,har_x,414,0.18305827999548274,0.28711943439091925,0.2759422109446663,-6.659991970183188,0.2668566384772788
SH600115,har_x,416,0.1735834663776958,0.28998973159582664,0.25337115857822434,-7.1868114896667,0.25436129027975907
SH600118,har_x,417,0.15194775057945195,0.2706170188831408,0.4918640673341311,-6.453190620412869,0.48632460084632423
SH600170,har_x,417,0.13846975554216662,0.26319708275823733,0.3934183941786288,-8.006877099840352,0.4003535567576181
SH600177,har_x,417,0.18056644840656128,0.30189294913795783,0.20135954668893608,-7.862707636398583,0.2089987769433994
SH600188,har_x,417,0.169601899803359,0.2803932334231015,0.01635204308840532,-7.429370999061797,0.0290923010556301
SH600196,har_x,417,0.17115205670270808,0.26939249830822865,0.36172534705866133,-6.531634361635965,0.36503415794309213
SH600208,har_x,416,0.3476846212208757,0.3693541143688068,0.08121210014907898,-6.3816871146316645,0.0620923523725645
SH600276,har_x,417,0.12765547645569658,0.22419381278582898,0.05232741763540927,-7.021686249827282,0.031169067703190834
SH600332,har_x,417,0.16769868912956948,0.2456375933349176,0.1618055123864388,-6.688916111275487,0.16695443499821938
SH600340,har_x,417,0.1289110743714436,0.23776631085851876,0.32244010634631903,-7.277388167470148,0.3225692225197193
SH600352,har_x,413,0.15419118802328372,0.26197455635113265,0.4115865995331769,-6.999038544117845,0.41432230704953243
SH600362,har_x,417,0.17453731699023395,0.28442075830698904,0.21863208480210627,-7.342226426070971,0.2141525398340326
SH600369,har_x,417,0.21648743754009991,0.33161399775990424,0.26241508672683234,-6.766661676958539,0.27358281248929917
SH600372,har_x,417,0.16407158912789588,0.27783901980242287,0.2985329882340695,-6.899695383517621,0.3034962367557601
SH600383,har_x,417,0.14706368375754197,0.2384918655137369,0.0916102152066336,-6.563113123803732,0.10167282690964685
SH600489,har_x,416,0.1593614145003312,0.27630403328351505,0.07733427911868973,-7.128347574984568,0.08922991983130169
SH600519,har_x,417,0.12683150373955113,0.22569515993765532,0.1918902350702083,-7.478682189758636,0.19114019024422402
SH600547,har_x,417,0.15378918239664774,0.26112107824417136,0.10420564623295847,-6.936592072980221,0.1092816289380234
SH600570,har_x,416,0.1550252991581584,0.2619117089469517,0.15889656917664718,-6.4870517702469455,0.16389254764695582
SH600583,har_x,417,0.14315164179579754,0.2352730847935879,0.08218545300164459,-6.958811780571154,0.07863902150171609
SH600585,har_x,417,0.1378992700075551,0.22418040818010607,0.1191330159141969,-7.1997739276524415,0.1202510312351861
SH600588,har_x,417,0.15884579981062222,0.25651730332981215,0.21931432680197271,-6.1060383284084985,0.22255011573206462
SH600637,har_x,417,0.1667136570727263,0.2681833769151467,0.20606530149971314,-6.690133851305306,0.20664962647862428
SH600660,har_x,417,0.15445907261469213,0.2597486278340244,0.33713724954964286,-7.264769750142098,0.3407446924742975
SH600674,har_x,417,0.12592694003456756,0.2413920407231878,-0.0783037608865762,-7.935665407450397,-0.06462846755282858
SH600703,har_x,415,0.16799841952086403,0.2757999670791954,-0.059684784204570906,-5.881210898274844,-0.05074313554232823
SH600705,har_x,417,0.17183972550630613,0.2867666837069746,0.378339648077312,-7.130228880777545,0.38347686238899426
SH600741,har_x,417,0.14368594872015367,0.23493175362484206,0.05911240845677401,-6.389420395568317,0.046830567176037396
SH600837,har_x,417,0.17802099404935598,0.29686415501155333,0.29106440343447015,-6.912210593663414,0.3008787942527805
SH600886,har_x,417,0.11191472182188412,0.214871759728807,0.10888710629064513,-7.612923409036826,0.1086381708982469
SH600887,har_x,417,0.11962701749375311,0.21030581334158885,0.20071655940041222,-7.223465113689346,0.2061924686196419
SH600893,har_x,406,0.16453160273211587,0.27146796710845766,0.4720692508761244,-6.952999667130147,0.4724216887181103
SH600999,har_x,411,0.15389756891042683,0.26668130033731197,0.2871956662264086,-6.957812120117984,0.2964300344555304
SH601006,har_x,417,0.12992750643485987,0.23247404217118592,0.005644064410016636,-8.536506562217708,-0.04152520608272914
SH601009,har_x,417,0.15775286668078503,0.27361136779134876,0.23768545930997453,-7.723208493330694,0.2336433359530803
SH601111,har_x,416,0.17163158923197402,0.27787098439507696,0.05365855134780184,-6.979112770376096,0.05618314960849258
SH601166,har_x,417,0.1423016437365862,0.2573582571928629,0.11750435694658279,-7.856002147142519,0.11190714421764747
SH601169,har_x,417,0.1281087076027135,0.24496618047660013,0.21770922661319791,-8.601011565340364,0.22372778834851637
SH601186,har_x,417,0.15494202978871188,0.26857057708595233,0.2547778659422222,-7.4931121415233575,0.2724966250282881
SH601225,har_x,417,0.17279114797398376,0.2841072491784739,-0.01488058058974362,-7.2623870703212114,-0.0004888430615199724
SH601288,har_x,417,0.1213690294271609,0.2312250115929931,0.18147768372473427,-8.931390109438945,0.17189941402971776
SH601318,har_x,417,0.11845037207404283,0.21637823225912034,0.3410549434064024,-7.831878633899529,0.34069549272285304
SH601328,har_x,417,0.13870725183747296,0.2716666660266722,0.35021722798690225,-8.876373102971156,0.351101578977712
SH601336,har_x,417,0.1524102150050767,0.2581606759821994,0.36899459296014236,-7.1139010914306455,0.3876398441890063
SH601377,har_x,417,0.20308897321874336,0.3096336661194336,0.2991017354001275,-6.829587397488908,0.29967447127415336
SH601398,har_x,417,0.1264653765790458,0.24414825000085655,0.19887168698915692,-8.681833797128935,0.18880431299218814
SH601555,har_x,411,0.2129298227110513,0.3254553260227605,0.2720400112636181,-6.5896923105311025,0.27570420876750723
SH601601,har_x,417,0.13167274362141146,0.23773828079908574,0.13882298934202064,-7.267484541683159,0.14044006454765234
SH601607,har_x,417,0.18096662035392336,0.2970119521285333,0.31096834608471724,-7.060753120670531,0.3159329920317733
SH601628,har_x,417,0.1471326950217307,0.2368415932408141,0.3464951400816829,-6.824918595022644,0.35019651881827774
SH601633,har_x,416,0.17502122809105977,0.2926772018386654,0.3584919334358244,-6.388927258149736,0.36983105949033357
SH601668,har_x,417,0.1429943911788315,0.25479302790063957,0.06146179997282475,-7.821410055005054,0.07581191468156356
SH601669,har_x,417,0.1751010469168547,0.2910804463241648,0.27686525317182165,-7.627907951589162,0.28542914703206834
SH601688,har_x,417,0.16617244448637564,0.2782428003434132,0.267625896649615,-7.0973908763232,0.2720353275962708
SH601766,har_x,417,0.13769398655023737,0.251954009423119,0.2802434938090861,-8.073975055261947,0.2917642915237715
SH601800,har_x,417,0.189087909268051,0.3031504558423552,0.23539108990667656,-7.428078280257994,0.24373109025184825
SH601818,har_x,417,0.14551950288118215,0.2515062228262676,0.26958734434854137,-7.78489638370399,0.27388189028082255
SH601857,har_x,417,0.1368282381818135,0.2494850178565994,0.08191745099493597,-8.708446250315195,0.09277469939605831
SH601888,har_x,417,0.1416627824112286,0.246228878427067,0.4623373130545936,-6.608810046083357,0.47043786265202114
SH601899,har_x,413,0.1786362411274958,0.29009246068343136,0.2731069422129885,-6.90780551229439,0.2240553501705288
SH601901,har_x,415,0.20786989067249967,0.3061813984359195,0.2737884308590368,-6.751869266468755,0.28108595946486337
SH601933,har_x,417,0.15638714140390134,0.2574797672754665,0.1597063882241686,-7.086541669127092,0.15844584239358162
SH601939,har_x,417,0.13956877900038395,0.25026398175568215,0.25937702607650137,-8.355317665308217,0.2488978178916924
SH601988,har_x,417,0.12818026541766803,0.24914402067951213,0.24888982454655006,-8.952515316773573,0.25466170836336244
SH601998,har_x,417,0.15618765216875377,0.2756237406987182,0.31536005527624333,-8.163366491018875,0.32203769000703786
SH603993,har_x,417,0.16506258204246288,0.28190109430127425,0.24673322759740524,-6.900179061887438,0.25255667666270054
SZ000001,har_x,417,0.0658046970136892,0.19365347554745052,0.13396019835348683,-7.240891850763891,0.15387934476887333
SZ000069,har_x,417,0.06817298824740864,0.2052356162956682,0.24906483292299486,-7.341206654057082,0.27086954105760463
SZ000157,har_x,417,0.05934085835302161,0.1880021323464304,0.22620062526292184,-7.172369502022027,0.09804374631242219
SZ000166,har_x,417,0.11222302346333488,0.2605695964089325,0.40234100019077645,-7.339867090711198,0.4109036507505196
SZ000333,har_x,406,0.0559550685862729,0.18950413155907114,0.2354004653659244,-7.367112446101057,0.22903789183046575
SZ000338,har_x,417,0.058859235259606096,0.19178542256362893,0.3170111033764288,-6.976753744450434,0.3057282721172815
SZ000425,har_x,417,0.07634777759223095,0.215450344021034,0.3038833610560414,-7.008450846511631,0.19225568383941638
SZ000568,har_x,417,0.06690673131548495,0.20775971194763312,0.3728825895718827,-6.744077586119089,0.40083635779027293
SZ000625,har_x,417,0.09874894308125763,0.2513399453159254,-0.3511017940750143,-6.251089708966302,-0.2648248604270582
SZ000709,har_x,417,0.18414545240053687,0.3684694856544432,-0.23291132722121688,-7.996248017022411,-0.2108221688570635
SZ000725,har_x,417,0.09760300350187873,0.24231710086211342,0.26574878818644054,-6.666305713070425,0.24283247331696955
SZ000728,har_x,417,0.11697835055812017,0.27166006943165133,0.4665585727719297,-6.929447236329929,0.4833610690264345
SZ000768,har_x,417,0.07797547559618347,0.22314511995000838,0.5237203239320005,-7.039447841216602,0.5238881225533494
SZ000776,har_x,417,0.09503757244604273,0.23916495164288004,0.41954782435896776,-7.32313064882152,0.42418934967737
SZ000783,har_x,417,0.11989700179254792,0.2744796373502362,0.4335386595402607,-6.935791863698393,0.4414461221877508
SZ000858,har_x,417,0.07520040501562707,0.216470837599143,0.3751707464046018,-6.9198808797279385,0.39183333726457625
SZ000895,har_x,402,0.07429787230435292,0.21511809066714122,0.35099689093689634,-6.713663488875519,0.3702124291823097
SZ000963,har_x,417,0.08936232692369708,0.23463437586826663,0.18207723238124873,-6.823825276581821,0.1757371420153886
SZ002007,har_x,417,0.07890405796563911,0.22108913159994692,0.3896672089931815,-6.451106486491713,0.39982677786519794
SZ002008,har_x,417,0.05582370774078825,0.19227088860340227,0.029477980112745605,-6.501988609901961,0.03572240428856743
SZ002024,har_x,417,0.10439992706982532,0.2593266402918695,0.5102362566208306,-7.624723640731952,0.520918135264665
SZ002142,har_x,417,0.0580748406902813,0.17837083249787503,0.31012765810325105,-7.085387163006141,0.19392200272299198
SZ002146,har_x,417,0.06848767611750659,0.20669169844325064,0.2891296365814652,-7.3033289032587705,0.30641199962362964
SZ002153,har_x,417,0.08053877255460085,0.22170713558640667,-0.027457719024047034,-6.369769998552425,-0.04610681359517299
SZ002202,har_x,411,0.062225914518222514,0.20250762630877642,0.25311529839536984,-6.905803507149091,0.23829361769113444
SZ002236,har_x,415,0.06816272077046616,0.21338196370255574,0.1579588623680156,-6.599406749781432,0.1706099845690553
SZ002241,har_x,417,0.05735841361853378,0.1930345732346095,0.2743587897849271,-5.992707989353021,0.045518949674259734
SZ002304,har_x,417,0.07236603355206359,0.21341422379726566,0.36001470826458126,-7.0140291834557855,0.3713084056537539
SZ002415,har_x,415,0.05388815061949585,0.1855008479980947,0.15965968628181204,-6.931388098935287,0.17144120737840396
SZ002456,har_x,414,0.1957022553541127,0.26261872309891765,-0.08863420079463147,-5.856201275949173,-0.08832248309793633
SZ002475,har_x,417,0.0472515660649707,0.17465089615024854,0.1253790945295803,-6.289839123517254,0.07612391713921662
SZ002594,har_x,417,0.08125864004691581,0.2245692561183707,0.5191783765403601,-6.857181281663735,0.5293943149799459
SZ002673,har_x,417,0.1427473868029014,0.2941517838193337,0.3959129172806559,-6.9230807030439925,0.406059309190558
SZ300124,har_x,406,0.047976528616493146,0.16917170033514908,0.40057902600243245,-6.733536704606468,0.42094634129046193
SH600000,ewma,417,0.15928267107186156,0.2758450665206265,0.06069520214826696,-8.058868463772809,0.06702560675498459
SH600009,ewma,417,0.13368896486791593,0.2389525803446164,0.23842345906342743,-7.184064195629432,0.24542722625978164
SH600010,ewma,417,0.17788237786485,0.2991835375648648,0.1273439730150281,-7.325225755587386,0.13071121414504516
SH600015,ewma,417,0.2006404220503958,0.3280568882185482,-0.01730715747320688,-8.54459299891863,-0.011994550303331408
SH600016,ewma,417,0.15882655883059252,0.2852039887396514,0.09422997553187074,-8.731487238490782,0.09567942760924586
SH600018,ewma,414,0.18641143260583834,0.31744753568751094,0.39257603365720173,-7.366428822394131,0.3984890445052278
SH600028,ewma,417,0.19366239905071436,0.3221757136919991,-0.13010208347923302,-8.68553670336568,-0.17947100418317619
SH600029,ewma,417,0.24073366132832277,0.3653450482097124,-0.2172836740462909,-7.3260528451971085,-0.21398926435683685
SH600030,ewma,410,0.22678317441925538,0.33195157725732705,0.11532375863908362,-7.131012318660344,0.11952903056732256
SH600031,ewma,417,0.13988370625781854,0.22605383104084723,0.1639651010525598,-6.882203430724139,0.13780312365776037
SH600036,ewma,417,0.13779187017597153,0.2334412095756775,0.07673910321501554,-7.633632690044588,0.08106534269932175
SH600038,ewma,417,0.14883040667218891,0.2672583388096251,0.3440376911386679,-7.072967841651454,0.34564238589282203
SH600048,ewma,417,0.13221224148949476,0.22909169541265664,0.12246265789809596,-7.094476979827261,0.13008222468098785
SH600066,ewma,417,0.18099924964831887,0.31170515610433985,0.2355543415362642,-6.89035504136874,0.23462590835518915
SH600068,ewma,417,0.2405610084396512,0.3753462468372193,0.012220758911592022,-7.56579017772689,0.02635253853520536
SH600085,ewma,417,0.1815747324692432,0.27643811020067494,0.20234929858185158,-7.538096013554484,0.2198612798905598
SH600089,ewma,417,0.16755452480895774,0.3048687319844231,0.5815356706798178,-7.545926024205647,0.5880397977846236
SH600104,ewma,417,0.13988417749047305,0.26394011793076727,0.25522490606900705,-7.404796154177987,0.2558011125095333
SH600109,ewma,412,0.17764942890975863,0.2994412832897231,0.39523795056964406,-6.885228074398324,0.4042472252188719
SH600111,ewma,414,0.17505200151603287,0.2977616958710635,0.3076097667336467,-6.974431045249492,0.29901977093972965
SH600115,ewma,416,0.2232253811331619,0.34480671992167433,0.03984802718052882,-7.263326884568252,0.04570716160536892
SH600118,ewma,417,0.12244866620495869,0.2602925666737441,0.5905134036636244,-6.68364739170402,0.5898692011320739
SH600170,ewma,417,0.16101374725916642,0.2884878256432309,0.2946620221190477,-8.017387420956418,0.2969095096232165
SH600177,ewma,417,0.19775894909513664,0.32810789299947046,0.12531758726268172,-7.967815644133864,0.13403751502447425
SH600188,ewma,417,0.23712244686323303,0.36070843088137994,-0.37524998638180285,-7.456433610548024,-0.3605957248600282
SH600196,ewma,417,0.16874045674828753,0.26844841419864024,0.37071888855384094,-6.722260465960766,0.3762238308948582
SH600208,ewma,416,0.3170380664925834,0.3625032722843945,0.1621983789140119,-6.979438542534964,0.15290156736123328
SH600276,ewma,417,0.1276954095204484,0.22232157818653323,0.05203096759937642,-7.177306357386839,0.028136011916073067
SH600332,ewma,417,0.15235938189042808,0.24810883335582437,0.23847470305450136,-7.321772415334825,0.24072880362874005
SH600340,ewma,417,0.14408758774898142,0.2549474828818604,0.24267196508881295,-7.27508776306808,0.2364361395086293
SH600352,ewma,413,0.17736224087149197,0.27390893685154966,0.3231628823700934,-7.088549173680418,0.32697045652089896
SH600362,ewma,417,0.19017476408433867,0.2987269089099071,0.14862642844369178,-7.445325157706204,0.13468086636716592
SH600369,ewma,417,0.2187857428291899,0.3355306080935816,0.2545846309433891,-6.875734196625891,0.27713898566179607
SH600372,ewma,417,0.17199536523485934,0.282031198842322,0.26465590093822333,-6.978032764882551,0.26546871629497104
SH600383,ewma,417,0.13631312335274726,0.23155405135330828,0.15801477548284626,-6.82076793338452,0.16206847253384637
SH600489,ewma,416,0.17648610746307178,0.30210072086550205,-0.021813731250566182,-7.234384627244252,-0.014706482699126777
SH600519,ewma,417,0.14206330605972808,0.2316006805646399,0.0948404656557279,-7.54282310689064,0.09066926640363948
SH600547,ewma,417,0.1929979054724063,0.3013299029405601,-0.12417812044246435,-7.050530808205548,-0.11997440998501085
SH600570,ewma,416,0.16247654446942347,0.2836577244469522,0.11846918068428536,-6.636543833405979,0.12259380026411726
SH600583,ewma,417,0.14373573147491156,0.24977692537980825,0.0784405710183338,-7.20125564811877,0.0733120832679367
SH600585,ewma,417,0.13341987804616987,0.2238939141292509,0.14774628186801542,-7.318302905530088,0.14732488638585872
SH600588,ewma,417,0.16239053625534167,0.26743718874398936,0.20189287177480408,-6.270115258725173,0.20979206036891818
SH600637,ewma,417,0.14607902104552564,0.2683158585144736,0.30433291688632824,-7.423852741724061,0.31020842023790973
SH600660,ewma,417,0.16221553334673736,0.2831411577346545,0.30385031594601175,-7.338311327331247,0.30609115031865575
SH600674,ewma,417,0.12093056117038964,0.23248411837137756,-0.03552011094972918,-8.087077089549533,-0.025500794960819695
SH600703,ewma,415,0.14578277952335142,0.25605021245406395,0.08044496072917184,-6.035149238651928,0.0912649617471265
SH600705,ewma,417,0.18014330216329752,0.2943774355465796,0.34830000286958696,-7.20338289108859,0.35365759437810773
SH600741,ewma,417,0.12752221946362913,0.23277312810606232,0.16495610734307298,-6.651263083435759,0.15367050361140333
SH600837,ewma,417,0.19666840411491116,0.31694126793118527,0.21680455082651728,-6.988575579542853,0.22415158349100994
SH600886,ewma,417,0.12227072001064652,0.2274084852726137,0.026428218281933202,-7.6163006223706935,0.03854575138960614
SH600887,ewma,417,0.1253152792602933,0.22665203798596134,0.1627106512782881,-7.3364369000251,0.1647259193866678
SH600893,ewma,406,0.16603054203605616,0.27483092228336553,0.46725962077175576,-7.083468069802591,0.46345785783938886
SH600999,ewma,411,0.15192554177822837,0.28723712484356034,0.29632946538972293,-7.077968408519748,0.3088603270614021
SH601006,ewma,417,0.15826828979856575,0.2742425016183687,-0.21125247220672705,-8.619849293936118,-0.27093770369312975
SH601009,ewma,417,0.17587122970120095,0.28609056914705944,0.1501314777274272,-7.785047604581756,0.1432910972917354
SH601111,ewma,416,0.221079850986698,0.3337791328505665,-0.21898904150907827,-7.144429770617496,-0.21582072869389313
SH601166,ewma,417,0.15723259843737336,0.27569180264151183,0.024908782334222113,-7.940573749953437,0.01593864102616871
SH601169,ewma,417,0.16613948706248544,0.297967180290152,-0.01452422911996809,-8.608047716644357,-0.01304547104111764
SH601186,ewma,417,0.17159408934585615,0.304142504537305,0.17468672878237868,-7.629565398337293,0.18176823978652568
SH601225,ewma,417,0.18013758010902897,0.3030092695858322,-0.05802949995221218,-7.545897913835797,-0.05072559870513205
SH601288,ewma,417,0.14357221201080558,0.27170783415678457,0.03173766748810103,-8.969847207799699,0.01533231001808022
SH601318,ewma,417,0.14638942173123273,0.2717261479258645,0.18562868061661453,-7.910032137338968,0.18273570584076837
SH601328,ewma,417,0.18797525127939801,0.3290401639700916,0.11941821189490365,-8.854497290219708,0.11144552286825293
SH601336,ewma,417,0.20776704715081276,0.3301441439869707,0.13980745875530098,-7.1665748953543345,0.17672434732334452
SH601377,ewma,417,0.220464326343355,0.33084278644295784,0.23913612200991563,-6.992335281389168,0.24446658452329262
SH601398,ewma,417,0.1703412677176516,0.30556279281784904,-0.07907172804308638,-8.665644356620883,-0.1009247126281998
SH601555,ewma,411,0.2319181390872465,0.35309895074508757,0.20712315556278205,-6.709894719981171,0.21130202972998635
SH601601,ewma,417,0.16610000072948394,0.2752566524883861,-0.08634101610111067,-7.306272850793301,-0.08493970057499967
SH601607,ewma,417,0.1995325125362044,0.33261341123262855,0.24027858367576482,-7.3185802051920215,0.24866027248241063
SH601628,ewma,417,0.17190475704437816,0.27878672105596786,0.23646750197169575,-6.988102497793634,0.24128095680161954
SH601633,ewma,416,0.2081583241117722,0.3192612676479214,0.2370340129786629,-6.307836886076914,0.24839015641459639
SH601668,ewma,417,0.14286091767390033,0.2568512329020237,0.06233784820126731,-7.927084082575206,0.08446568177255198
SH601669,ewma,417,0.19468495723229928,0.3110389686356143,0.19598734708717447,-7.64353425616892,0.1973495661726954
SH601688,ewma,417,0.22646561037397403,0.348736830620264,0.0018949961891218114,-7.114709537364904,0.0036896785790326847
SH601766,ewma,417,0.14200540185368674,0.26857725514481756,0.2577067854654973,-8.16958027814633,0.2521281092507148
SH601800,ewma,417,0.2681862345041579,0.3917781884325093,-0.08445635292083642,-7.435212202295555,-0.07562087346689217
SH601818,ewma,417,0.16685870379560885,0.2817092517062824,0.1624785231885839,-7.802295765164852,0.16647948396406198
SH601857,ewma,417,0.19918152409362636,0.3184704891310936,-0.3364571800712959,-8.773737513877778,-0.3103656487992077
SH601888,ewma,417,0.1427076160989858,0.2407744813084154,0.45837178252915267,-6.736320763105884,0.46169599658817906
SH601899,ewma,413,0.18579804274752187,0.30829377636792504,0.24396468168406704,-6.976425386476709,0.2491986404088754
SH601901,ewma,415,0.24947545224435594,0.34049544830355866,0.12843577754142976,-6.835189005065436,0.19368252214808634
SH601933,ewma,417,0.16346674472490297,0.2542111324131755,0.12166652515652499,-7.134245650730988,0.11327205174679922
SH601939,ewma,417,0.17699070716600715,0.3040884033539331,0.06079722960282763,-8.335648039686594,0.04347314061510921
SH601988,ewma,417,0.1558090936214936,0.29584669572211447,0.08699053426088488,-8.941088605503248,0.08711637291630159
SH601998,ewma,417,0.21141090457079711,0.33995590709278467,0.0732919791702582,-8.098737028918919,0.07523815825711155
SH603993,ewma,417,0.17252570576488743,0.3082463417530919,0.2126750961367827,-6.978835508565313,0.2154431795502897
SZ000001,ewma,417,0.07106321038610043,0.20081083868548308,0.064754167710246,-7.224085952921073,0.06861322116692536
SZ000069,ewma,417,0.07398925434341845,0.21515513679652334,0.1849978341767946,-7.352039829557441,0.2060441413867713
SZ000157,ewma,417,0.05269130126289627,0.17982042468546036,0.31291024257258604,-7.194299817236114,0.21647236792335145
SZ000166,ewma,417,0.1198216242565353,0.27373734074373485,0.36187361649479644,-7.352474261376868,0.38511514112899325
SZ000333,ewma,406,0.06214984170255166,0.19843605972630568,0.15075182206084958,-7.362385751922367,0.14294443871384888
SZ000338,ewma,417,0.06484791855846557,0.20360463481123617,0.2475198131740386,-6.965177934834115,0.24009290556235974
SZ000425,ewma,417,0.0758899550427565,0.2138002089125048,0.30805765275677766,-7.0145885644629935,0.21165369733755857
SZ000568,ewma,417,0.07167074790878192,0.21327669776372554,0.328229418052599,-6.752505343236457,0.35407577341200225
SZ000625,ewma,417,0.12724567287389615,0.2940397180576836,-0.7409994633232073,-6.138724426668055,-0.5280411647704639
SZ000709,ewma,417,0.15172269993306273,0.336792308650719,-0.015830871224455256,-8.018301146533899,-0.008877841569893796
SZ000725,ewma,417,0.10108656317817857,0.25379767776462686,0.23954254634984806,-6.662986119075912,0.21174108027867333
SZ000728,ewma,417,0.12575986434102873,0.2833088922201301,0.42651335736901386,-6.944411447961196,0.459991178459047
SZ000768,ewma,417,0.10173491289536463,0.2652449937991776,0.37859601383461106,-6.990460168473459,0.3733030396755521
SZ000776,ewma,417,0.12551136537619517,0.2754681316496365,0.23342586279072675,-7.276047987607155,0.23378316994641068
SZ000783,ewma,417,0.1339509083631635,0.29880483607833763,0.367140045432617,-6.935219358439786,0.3800770543810569
SZ000858,ewma,417,0.06871200556110678,0.2079105135216757,0.42908191599676326,-6.950568055631312,0.43556218645847544
SZ000895,ewma,402,0.108507009036069,0.2657096516347329,0.052174927283600514,-6.597019236308602,0.06547960202224834
SZ000963,ewma,417,0.10498739769975743,0.2543852014309034,0.039062814859348705,-6.840102724943975,0.04789965824529829
SZ002007,ewma,417,0.10934405675049366,0.26433885655256006,0.15420999810175995,-6.375413378370736,0.16915968934434822
SZ002008,ewma,417,0.05682390032646234,0.19428726742751598,0.01208915074598138,-6.500439524370536,0.020759952290789974
SZ002024,ewma,417,0.13398726788875992,0.28943823050487333,0.371435328278947,-7.555027180719357,0.38583635592347143
SZ002142,ewma,417,0.06626237722098077,0.18762468607507493,0.21286772706147616,-7.051931122296076,0.08122033284113084
SZ002146,ewma,417,0.07524009819744264,0.21928487976755004,0.21904262224499105,-7.27804306253143,0.2250481709480594
SZ002153,ewma,417,0.06562150182117438,0.20234654384281628,0.16284645964269084,-6.424857632425454,0.1423389275742183
SZ002202,ewma,411,0.06706518290709135,0.20975054002253932,0.19503056706455812,-6.887512877428504,0.16628623932275677
SZ002236,ewma,415,0.08504263326909328,0.23808077379972242,-0.05056539492118084,-6.592858791914685,-0.03626928926671713
SZ002241,ewma,417,0.07134375472716677,0.21803629029831958,0.09743025904083591,-5.951786363577336,-0.1743433093977944
SZ002304,ewma,417,0.07770655078867364,0.22535922540544964,0.3127846430817086,-7.01259618515245,0.3217156190116426
SZ002415,ewma,415,0.06260874249712814,0.2005471473901475,0.0236694021467585,-6.923244388989831,0.02505851925612068
SZ002456,ewma,414,0.1907673265194786,0.2642425087751284,-0.06118264026892706,-6.102652137841489,-0.062175680564118485
SZ002475,ewma,417,0.0770094152089043,0.22651421552147716,-0.4254351774742846,-6.264451222379897,-0.5169122662632462
SZ002594,ewma,417,0.08067981974454966,0.22146209399558692,0.5226033577769944,-6.852999285627059,0.5287662286118806
SZ002673,ewma,417,0.14776487675671932,0.29689464552256684,0.37467959780167626,-6.8973437716988055,0.3883285784396385
SZ300124,ewma,406,0.06082017227558709,0.1968256818862776,0.24010994635407434,-6.694959718475066,0.25202681721901665
SH600000,garch,417,0.1625445678850558,0.2754167495409232,0.04145949178434205,-8.062328820154907,0.05342835173558458
SH600009,garch,417,0.13836937348508804,0.25091411568767247,0.21176090386781077,-7.171164048998945,0.2173101859177834
SH600010,garch,417,0.17024676688116477,0.28632823371453386,0.164802781608694,-7.339284659380701,0.17331231895254717
SH600015,garch,417,0.19256551915720244,0.32026539778318697,0.023635023694471125,-8.618980028902925,0.028461372035304078
SH600016,garch,417,0.1540617221108332,0.27667427763932134,0.121403304123888,-8.762844788036388,0.12425640918665204
SH600018,garch,414,0.1798185590973102,0.30472023119120417,0.4140589937963165,-7.3607113615580655,0.4162084084985098
SH600028,garch,417,0.19976354834163482,0.32191496859272556,-0.16570487245161103,-8.683896241100717,-0.21754781358033437
SH600029,garch,417,0.2342385172377572,0.35966438175162707,-0.18444060250242145,-7.329734559773326,-0.18286918249517092
SH600030,garch,410,0.22089050056765297,0.3206682998002055,0.13831095144097938,-7.134304486960798,0.14372106870953427
SH600031,garch,417,0.14008991065838822,0.22567979619144105,0.16273269107569632,-6.876650175022227,0.1365841701514391
SH600036,garch,417,0.13761940679086354,0.23236205969538182,0.07789467719332077,-7.627303145134608,0.08136157751258588
SH600038,garch,417,0.15192636740101378,0.2629925436053243,0.3303924045790668,-7.099626698601645,0.3319551585606454
SH600048,garch,417,0.13992163185556378,0.24061086622232372,0.07129282782147794,-7.077257552627758,0.09017448936128392
SH600066,garch,417,0.18701766801836228,0.31848994686050736,0.21013570691353878,-6.8718338246442565,0.20950840611037402
SH600068,garch,417,0.25641025357916164,0.38972440481561926,-0.052858596372442834,-7.566915465267146,-0.03676164757733158
SH600085,garch,417,0.18961748655220095,0.288099748656469,0.16701779431161057,-7.53992191608008,0.1844465843418841
SH600089,garch,417,0.16920557037124573,0.30827770277484945,0.577412214899154,-7.5633429497447064,0.5849259631599233
SH600104,garch,417,0.14290558532112121,0.26363753462200834,0.23913824536695527,-7.399785866265334,0.24059425144395497
SH600109,garch,412,0.17707852387453712,0.30074194946064237,0.397181450761283,-6.878725857536942,0.4055491973507902
SH600111,garch,414,0.16298213896080987,0.26802469709382454,0.3553501803120557,-6.99152988653373,0.3450259704547155
SH600115,garch,416,0.217844055732674,0.33564582088409367,0.0629945447200363,-7.26310849972533,0.06239843568265868
SH600118,garch,417,0.11658101269137458,0.247433403002568,0.6101357118538742,-6.700510188860133,0.6107726872999477
SH600170,garch,417,0.1597492777403933,0.2829885879021874,0.30020116637626426,-8.028104364541667,0.3015817665424728
SH600177,garch,417,0.19664215275584893,0.3238822791805926,0.13025714686822176,-7.969658147563643,0.1408470052794023
SH600188,garch,417,0.24524470940746665,0.3724170475906085,-0.42235704689467535,-7.451993152048486,-0.4074579989601761
SH600196,garch,417,0.1657765485852402,0.2663353108226398,0.3817721442994324,-6.727235330274854,0.38742445235626954
SH600208,garch,416,0.2942891563733069,0.32056293335173225,0.2223144210875002,-7.046320280246483,0.20833764475413297
SH600276,garch,417,0.1295921864969785,0.2287983581803454,0.03794991455390184,-7.165912911808299,0.015217237423766905
SH600332,garch,417,0.15132295033470836,0.24358246834657304,0.2436550131767935,-7.322929045339339,0.24754430862968368
SH600340,garch,417,0.15036066152943608,0.2548364862237906,0.2097005293584775,-7.256563852333615,0.20651230171307067
SH600352,garch,413,0.17234502474483157,0.26563655876284803,0.34230922425779853,-7.094641049419316,0.3453305377762812
SH600362,garch,417,0.21595699939247237,0.32997259479858787,0.03320462754030584,-7.451578537989919,0.03371488950319568
SH600369,garch,417,0.21618984616211775,0.3323500864209464,0.26342899734083347,-6.872536019265035,0.2863765943219845
SH600372,garch,417,0.17029251028919357,0.2756753423754064,0.27193623860397154,-6.99620386294686,0.273740813455571
SH600383,garch,417,0.13327488213359642,0.22927840671410826,0.17678152480326248,-6.825590253770381,0.1828101698867548
SH600489,garch,416,0.1857872655444751,0.29951171109059416,-0.07566528467155575,-7.2304952484757585,-0.05777434971871065
SH600519,garch,417,0.14174386393471702,0.2317207998284343,0.09687579830526782,-7.536174854387459,0.09241041783191906
SH600547,garch,417,0.19523498744308002,0.2885220519920928,-0.1372087209503401,-7.062036604775503,-0.13202043139514874
SH600570,garch,416,0.15911960958115426,0.27563244123277486,0.13668252693748795,-6.638311417682505,0.14425015550847897
SH600583,garch,417,0.14838618746035534,0.2487055001729734,0.048624244079489065,-7.175965667856766,0.046637016006010557
SH600585,garch,417,0.130571136011896,0.21774462003620784,0.1659433528462143,-7.320893553830329,0.1643433081035176
SH600588,garch,417,0.16268183309440493,0.26762587279063205,0.20046122379181874,-6.260515298269484,0.21034943981848175
SH600637,garch,417,0.14229311212305168,0.25976359766500895,0.3223624203576767,-7.419633277768327,0.3251249042323038
SH600660,garch,417,0.16512013576689233,0.2843472764330261,0.2913851838136209,-7.34877604978599,0.29448272408594256
SH600674,garch,417,0.12477962625725063,0.24098810883250768,-0.06847939160818162,-8.072708594426437,-0.053789920611097664
SH600703,garch,415,0.14459189300090264,0.25884038515219765,0.08795672382285102,-6.0293821002772665,0.10289122264625261
SH600705,garch,417,0.16436159571427542,0.27314208584213323,0.4053930944474108,-7.252237873336671,0.4138456554149821
SH600741,garch,417,0.13182061356349808,0.23977324346894063,0.136809265510918,-6.642554035009168,0.12750351568948315
SH600837,garch,417,0.1880797976009282,0.3025473405626206,0.251007083596158,-6.99995886661554,0.2621707719694898
SH600886,garch,417,0.12445561857612283,0.23180624345466713,0.009031121175783752,-7.608085113579364,0.01894284420338277
SH600887,garch,417,0.13368831731511485,0.23261195951543223,0.10676651085801436,-7.327606502061708,0.11159987332382248
SH600893,garch,406,0.16871648578527845,0.27129529548489145,0.4586412625227315,-7.1024765540534025,0.45670895919148236
SH600999,garch,411,0.14824477638031364,0.2820660437784318,0.31337759386772734,-7.068408610238488,0.32426952610459825
SH601006,garch,417,0.1740277289064551,0.2841534626128572,-0.3318619739857458,-8.613163311982994,-0.39381539020581613
SH601009,garch,417,0.17637943928390137,0.28562755716281596,0.14767563928365113,-7.788408860435843,0.14180549755576122
SH601111,garch,416,0.21375299261931147,0.3252589391984705,-0.17859024433840975,-7.148103279373992,-0.1774266988409059
SH601166,garch,417,0.15432994497811586,0.2742743590235129,0.04290983252469238,-7.936155341505023,0.03337225707470637
SH601169,garch,417,0.16528441607832,0.29563291161939653,-0.009302771859015957,-8.614414655215208,-0.007136767811858791
SH601186,garch,417,0.17136745618894222,0.29569960811282425,0.17577676255225994,-7.638712780780891,0.18189183597682446
SH601225,garch,417,0.2355802815012864,0.36480546670100394,-0.3836695668085881,-7.490398450360595,-0.3646248157879066
SH601288,garch,417,0.14084225473438866,0.2680342388658409,0.0501487148843921,-8.97606930352906,0.034051686828204586
SH601318,garch,417,0.14300468719603993,0.26421745615481784,0.20445811990662155,-7.911992600805784,0.20335075680989234
SH601328,garch,417,0.1876580111010483,0.3265051532417383,0.12090434329575894,-8.874543759209448,0.11409248884992729
SH601336,garch,417,0.20047860775413415,0.32153145899304925,0.1699828946211538,-7.171205873707807,0.20550472984854196
SH601377,garch,417,0.21360802474155033,0.322552106367609,0.2627985090815279,-6.990591994695631,0.2670972573231575
SH601398,garch,417,0.16588887236133276,0.30128353071428743,-0.05086685428907867,-8.673567348685998,-0.07101186789558733
SH601555,garch,411,0.23300489078220774,0.35843280807152456,0.20340779177977275,-6.699654394303882,0.20717860017968837
SH601601,garch,417,0.16346301588662002,0.2723976034212456,-0.06909438888221309,-7.3051115010684,-0.0684834663489684
SH601607,garch,417,0.19928687371429557,0.3299605877747216,0.24121385518271254,-7.316929514993987,0.24867116320715132
SH601628,garch,417,0.1688761770400139,0.27627939793918666,0.2499192487177958,-6.985788408261094,0.25709620175107395
SH601633,garch,416,0.20608660341245683,0.3204265322227438,0.24462752351892336,-6.315756310900095,0.2576047368548082
SH601668,garch,417,0.14362564658154028,0.25639885523535494,0.057318579357445665,-7.943900488583678,0.08182606805915582
SH601669,garch,417,0.19029423001823306,0.30052386224711425,0.21412023360179955,-7.673229399745901,0.21663716145469925
SH601688,garch,417,0.2216214419743276,0.3454958915125737,0.023244766297728536,-7.108829640748025,0.023558559086170994
SH601766,garch,417,0.14635944712741125,0.26177623475262873,0.23494724096738195,-8.170608842454147,0.22993278470496226
SH601800,garch,417,0.2633485425747569,0.3877645420570696,-0.0648943282106107,-7.442111263678086,-0.056583929825484214
SH601818,garch,417,0.154925559380624,0.26748826214805466,0.2223750973923746,-7.812032014698187,0.22816747421461891
SH601857,garch,417,0.19647307549421697,0.30242552372457837,-0.3182841813757278,-8.777654172446308,-0.31259205744799057
SH601888,garch,417,0.14749353848960553,0.2559473092172811,0.44020743584433975,-6.7114001344138865,0.44733432711197096
SH601899,garch,413,0.18870011082271612,0.30730894270068065,0.23215580615147868,-6.984144243552007,0.23762290249491802
SH601901,garch,415,0.24396277457810997,0.3309276122223139,0.14769479713883837,-6.846262477999733,0.2289497427877919
SH601933,garch,417,0.165914086395724,0.2567774799267906,0.10851655928744885,-7.134316900814834,0.09646571590640063
SH601939,garch,417,0.17608044804071177,0.30143122526940286,0.06562752779161818,-8.350788243125143,0.05041008677235892
SH601988,garch,417,0.1580148843584367,0.29410652661605047,0.07406505105923633,-8.959676793702576,0.0747859986848306
SH601998,garch,417,0.1974118847950693,0.3305499678742934,0.134655908983901,-8.207351627551263,0.14433891239175978
SH603993,garch,417,0.1612548616267336,0.28347190690731444,0.264109844588832,-7.0419835347955795,0.26625393857601465
SZ000001,garch,417,0.07655965242894837,0.2034876122038018,-0.007583184979932822,-7.1984630897295245,-0.002162140963723358
SZ000069,garch,417,0.07148030373468389,0.20843890849983904,0.21263428217465175,-7.352152299938272,0.23450750417091126
SZ000157,garch,417,0.055918695702743625,0.18473030717085137,0.27082531375799224,-7.1816705838759525,0.15957474632534707
SZ000166,garch,417,0.11923523676005161,0.2715037468794462,0.3649965029920006,-7.342542069485899,0.3850427825649302
SZ000333,garch,406,0.0643924444330566,0.20103387561627223,0.12010771693444044,-7.365437172278745,0.11359830297104945
SZ000338,garch,417,0.06172681853414262,0.1986010087148981,0.2837363330194308,-6.967698770116073,0.2661048054713473
SZ000425,garch,417,0.0774467391667905,0.21358916727581626,0.2938633518070911,-7.001156119177349,0.18745696583814453
SZ000568,garch,417,0.07529747118729081,0.21614308056471898,0.29423610727444294,-6.74422671281233,0.32459983574617524
SZ000625,garch,417,0.1531214089715533,0.3301958038384511,-1.0950361990459174,-6.043100405711601,-0.8744587825581498
SZ000709,garch,417,0.18377924887417438,0.3748781508819088,-0.23045948021747664,-7.997003301099653,-0.2241372341689829
SZ000725,garch,417,0.09631048357319451,0.23993521007475557,0.27547220129750627,-6.667525465670612,0.25370127410890686
SZ000728,garch,417,0.13826864562072647,0.3061131568059771,0.3694711601856092,-6.919432709398021,0.40176768222351145
SZ000768,garch,417,0.0935932343061604,0.2539562548146698,0.42832595791597505,-7.024661355221603,0.43013853412101033
SZ000776,garch,417,0.12268387064906836,0.2686818682969008,0.25069509035760407,-7.268040437502564,0.24988598932478034
SZ000783,garch,417,0.12632277602437164,0.28610661154388933,0.40317966281448314,-6.94699069314037,0.4151171662673928
SZ000858,garch,417,0.0726222340167578,0.2116815492812618,0.39659239513814293,-6.940550943726421,0.4039184982000459
SZ000895,garch,402,0.11898988681338014,0.2776328454960429,-0.03939458955981601,-6.55827023364877,-0.024633922680125542
SZ000963,garch,417,0.10955040956345714,0.25881532633503884,-0.0027018909256879553,-6.827627661838435,0.014908423841267449
SZ002007,garch,417,0.12871208003147397,0.28432835064699075,0.004395907291456003,-6.332696933771605,0.030541661549125076
SZ002008,garch,417,0.058939743232241916,0.1976609822423831,-0.0246957962556833,-6.490807017600403,-0.012643428975859683
SZ002024,garch,417,0.1310225722826507,0.2852174463201974,0.3853433879757385,-7.557754242957668,0.4006041072020715
SZ002142,garch,417,0.06805631080113314,0.19007782848998728,0.1915575496173898,-7.045467354287145,0.060530447171671775
SZ002146,garch,417,0.06716058997124559,0.20944123240676907,0.3029041762440704,-7.303462072981039,0.3122265797629935
SZ002153,garch,417,0.07305950664047382,0.2127051405923062,0.06795756050350588,-6.389121176306899,0.046901468710384475
SZ002202,garch,411,0.07063804771254101,0.21274002443767814,0.1521462143836425,-6.869981836217685,0.13623229096522738
SZ002236,garch,415,0.0833297607995599,0.23533050467471026,-0.0294056016124411,-6.5912985412266005,-0.016386483788057626
SZ002241,garch,417,0.0742449869214547,0.22248738215453306,0.06072677462128462,-5.94286739278582,-0.2330321957932524
SZ002304,garch,417,0.08201814377692553,0.22658185944197845,0.2746541008785691,-6.996855304623002,0.28653070200078734
SZ002415,garch,415,0.061966198802726614,0.19935245848495753,0.0336893297843508,-6.9232052635603285,0.03774638115057938
SZ002456,garch,414,0.19185670232364785,0.2675876077417635,-0.06724251809604209,-6.0930004750231,-0.06757512631912643
SZ002475,garch,417,0.07987067299365946,0.22755787261417107,-0.47839672103552666,-6.257798263017528,-0.5912328328698158
SZ002594,garch,417,0.08338435837380608,0.22582383702770514,0.506600128413599,-6.838249655068054,0.5166153198031904
SZ002673,garch,417,0.15626204338962466,0.3136210876696157,0.3387207706902603,-6.869852050695278,0.34915523556387296
SZ300124,garch,406,0.062099536180905725,0.19915156007403317,0.2241255143758133,-6.688923371886066,0.23532119896609205
SH600000,egarch,417,0.16524929161314098,0.2783618096783745,0.025509483176640924,-8.078419493800014,0.04204233057089213
SH600009,egarch,417,0.13973980255435184,0.2498877886557719,0.2039540767957334,-7.1775768670933315,0.21006086871203478
SH600010,egarch,417,0.18367431410020954,0.2956647593979965,0.0989298708180173,-7.289912652465698,0.11204153131642614
SH600015,egarch,417,0.1731803599082585,0.29460970135118697,0.12192359910304595,-8.622302998948856,0.12986631987634922
SH600016,egarch,417,0.15855830787555103,0.28494445263788,0.09575978059659362,-8.764507882738037,0.09969243835305097
SH600018,egarch,414,0.17282588503994623,0.30099314737617916,0.43684470898497496,-7.401260961326155,0.44099603349761607
SH600028,egarch,417,0.19282938768826516,0.31537096347572396,-0.12524110953240508,-8.690256376555995,-0.16745420367527486
SH600029,egarch,417,0.18834788247392834,0.3057570353815346,0.04760804487574133,-7.385988188292292,0.07210681459236556
SH600030,egarch,410,0.22261503607726676,0.33611233509499266,0.1315835758468885,-7.110652826033793,0.1357647873026604
SH600031,egarch,417,0.13899177941893565,0.2211548640792093,0.16929582887327987,-6.890254879035332,0.14423953594336902
SH600036,egarch,417,0.14327283565628704,0.2420739484516215,0.04001443217207856,-7.628038087502959,0.05043459796859773
SH600038,egarch,417,0.16439674274842053,0.28535647949935483,0.27542987112802475,-7.049483912137547,0.2767910116302109
SH600048,egarch,417,0.13936452634724938,0.22884048747456906,0.07499052541384055,-7.107030953808222,0.0843488729688654
SH600066,egarch,417,0.18010013861838284,0.29962356635199794,0.23935171376099396,-6.903404343073049,0.23769075280737362
SH600068,egarch,417,0.2154348927042473,0.3433827301849345,0.11539232313806591,-7.580856613415556,0.12815693900067826
SH600085,egarch,417,0.17939506161756472,0.26903153429557064,0.2119245074231838,-7.585804688285277,0.2213331011413321
SH600089,egarch,417,0.1701067115575884,0.2977964884926839,0.5751616314392585,-7.498094321916381,0.5821440469405883
SH600104,egarch,417,0.1352733874445898,0.2580948718008295,0.27977379823912163,-7.41747937782174,0.27922903045180414
SH600109,egarch,412,0.18308588188642957,0.3118909453095231,0.37673093670542623,-6.838485325289544,0.3823549048028517
SH600111,egarch,414,0.17602290162041445,0.2759628092225387,0.30376952643973887,-6.994198145600242,0.2978492898318832
SH600115,egarch,416,0.21564363482632057,0.32692430738913025,0.07245914262348052,-7.285871388824865,0.07944722683028715
SH600118,egarch,417,0.12326986376235322,0.2548499398557239,0.5877671965948239,-6.683421220656454,0.5882404601707474
SH600170,egarch,417,0.16864548645201174,0.2996156300754657,0.26123037058849885,-7.9988648167815875,0.26446063916597407
SH600177,egarch,417,0.1922387747791411,0.32326153242013544,0.1497331669951708,-7.99280180541148,0.16243203118569527
SH600188,egarch,417,0.2251869569634622,0.3475759279761669,-0.3060271753858139,-7.4719350737255095,-0.2874461288498624
SH600196,egarch,417,0.16982398546579736,0.2672292437347549,0.3666781020775097,-6.74158767116285,0.36837872333464183
SH600208,egarch,416,0.31444348069083033,0.33413813498758854,0.16905480538293338,-7.017583766093515,0.15628814038484773
SH600276,egarch,417,0.11761659560538901,0.21069028654913843,0.12685279174079,-7.186139500484688,0.10508238042653073
SH600332,egarch,417,0.15174204408517847,0.2521430008786984,0.24156029154682335,-7.319420080646628,0.24542148671324127
SH600340,egarch,417,0.14342310152873258,0.24395654228845487,0.24616452160439095,-7.2843310879162635,0.24008103610178388
SH600352,egarch,413,0.1810047437847159,0.27686674569837305,0.30926262287499984,-7.091976667445577,0.3092293920392234
SH600362,egarch,417,0.18455501544167302,0.2869016753866831,0.17378489516345663,-7.49284794190352,0.1668474152920194
SH600369,egarch,417,0.22125358630550146,0.3455435702444732,0.24617654899124408,-6.850471533068593,0.2644981405568304
SH600372,egarch,417,0.17423133616321476,0.283905299784534,0.2550962943430417,-6.980367540327887,0.25773144156618144
SH600383,egarch,417,0.14058573156570647,0.233924016678799,0.13162353084711986,-6.840524772391012,0.1385978408887043
SH600489,egarch,416,0.18817068233352544,0.2954271163269529,-0.08946471646453302,-7.23423157342918,-0.0678450235753949
SH600519,egarch,417,0.13722194143112454,0.2300409579721123,0.12568732875051736,-7.549612712129137,0.12288421257558502
SH600547,egarch,417,0.2009603157325794,0.28891933700018796,-0.1705577294779259,-7.079406817987152,-0.17006334072491125
SH600570,egarch,416,0.1560928108659107,0.2764538790114642,0.1531046902722979,-6.624739400945611,0.15585274722367215
SH600583,egarch,417,0.15365773426966936,0.25082631563516244,0.014825802887505568,-7.186018583266407,0.006224074847224537
SH600585,egarch,417,0.13811257792072149,0.23040567254440375,0.117770456865536,-7.310296613241054,0.12218103621077525
SH600588,egarch,417,0.15627171595625217,0.2572055728207514,0.2319652775297405,-6.260330009556449,0.23795888752393735
SH600637,egarch,417,0.13682493717094155,0.2531139833755202,0.3484033213143183,-7.443093352228135,0.34994909558518705
SH600660,egarch,417,0.15813132812086703,0.27625490624593385,0.32137772604627557,-7.353589161801642,0.3237626153008074
SH600674,egarch,417,0.11909717669270928,0.24068986574283446,-0.01982096526342003,-8.076609746063601,-0.005221266180672757
SH600703,egarch,415,0.17080995897618714,0.27315757542543884,-0.077419150929531,-6.002818252622383,-0.01568810927297104
SH600705,egarch,417,0.17652989460027566,0.28978221830363443,0.3613721386091535,-7.240153563790953,0.36948608593116516
SH600741,egarch,417,0.12834577667779729,0.22653072864472054,0.15956327129585524,-6.670917110313716,0.14940788300081376
SH600837,egarch,417,0.20018005697270616,0.3299524317063438,0.20282004452170632,-6.970984348422587,0.2077727004189731
SH600886,egarch,417,0.11743690296863064,0.21960586138017135,0.06491713753982897,-7.6385228512325325,0.07110019776570742
SH600887,egarch,417,0.12484168508452488,0.21927396364977825,0.16587495304043687,-7.3414131688978825,0.17103531750749157
SH600893,egarch,406,0.17272940597858608,0.27749694968303845,0.4457650495116873,-7.099521723685966,0.4455228989940062
SH600999,egarch,411,0.15465262975954613,0.2868353817335216,0.28369846578766567,-7.039369654200474,0.2946950471707881
SH601006,egarch,417,0.1643736099866243,0.28044794998704625,-0.25797746165857216,-8.621523326490582,-0.31868820808731346
SH601009,egarch,417,0.1769987713237316,0.28425420243604776,0.14468282001252408,-7.781337934987803,0.13934406124206
SH601111,egarch,416,0.21210807675558657,0.31826912427421494,-0.16952051499339693,-7.1627574464340675,-0.15948947371221078
SH601166,egarch,417,0.16081983970767266,0.27713089387165873,0.002662203106503669,-7.939540632798127,-0.000905594676436472
SH601169,egarch,417,0.17377231224167072,0.3094678983281577,-0.06113377521786867,-8.611261279481937,-0.055715879727860296
SH601186,egarch,417,0.18013049779372192,0.29669152141964694,0.13362930537452533,-7.638559472357513,0.14177126235790571
SH601225,egarch,417,0.17922587925008385,0.29860664204264725,-0.052674668365644495,-7.549394296768352,-0.04433307430329747
SH601288,egarch,417,0.15296833125845646,0.28508117521033943,-0.0316305025210486,-8.966673589779202,-0.04424790521755528
SH601318,egarch,417,0.14694637229689778,0.2738006267353139,0.1825303381159883,-7.915653901146188,0.18221641062697214
SH601328,egarch,417,0.17186958046787967,0.3073846208976043,0.19486623127676828,-8.878821555752577,0.19144181765107093
SH601336,egarch,417,0.1854496721740313,0.30558981020731374,0.23220536188020657,-7.191854369968869,0.25138597575874644
SH601377,egarch,417,0.22697441804342705,0.3445198757785666,0.2166685704602217,-6.956378293951768,0.22073993381573187
SH601398,egarch,417,0.16775624798194846,0.3016623542554819,-0.06269623811862313,-8.679741577469139,-0.08528255459184275
SH601555,egarch,411,0.24399861882216875,0.3789442674283825,0.16582266613487406,-6.6200700171032505,0.16586557549036196
SH601601,egarch,417,0.17093035237343143,0.28488672400073345,-0.11793288298832216,-7.306896644111508,-0.1085984942760827
SH601607,egarch,417,0.20359057291937155,0.33576940693313695,0.2248274908055259,-7.305479673141647,0.23081914014728644
SH601628,egarch,417,0.17132847472235785,0.2767764037382448,0.23902711863656867,-6.98588547694998,0.24224163975258783
SH601633,egarch,416,0.21278376750985076,0.32393811191400956,0.2200803023707154,-6.311814828129765,0.23104061198843573
SH601668,egarch,417,0.14694247626644188,0.25060024088699107,0.03554869498225277,-7.92117210819712,0.0512673716156401
SH601669,egarch,417,0.19362516805680902,0.30103247525222926,0.20036407921187327,-7.674194165107066,0.20665172702983203
SH601688,egarch,417,0.21875045823934267,0.33949772145260165,0.035898092456239206,-7.121572306936412,0.04098269077623118
SH601766,egarch,417,0.15127664652171643,0.26972049409854953,0.20924396702667214,-8.178329096816803,0.2053767012335439
SH601800,egarch,417,0.2551566040532239,0.37646437080440154,-0.031768840659624153,-7.423622268722133,-0.021254630132910624
SH601818,egarch,417,0.16905964654241667,0.2831436145484032,0.1514312312118835,-7.816148434103598,0.1539386142278144
SH601857,egarch,417,0.17631626486265217,0.28169723856816886,-0.1830371276217384,-8.814712489361641,-0.16953451482405324
SH601888,egarch,417,0.13215382217383703,0.2234513249457363,0.49842733630750224,-6.77133270361742,0.5090933382593874
SH601899,egarch,413,0.17003612981801555,0.27628485296373345,0.3081018635548177,-7.037056745139193,0.2594407995837542
SH601901,egarch,415,0.23920482214211652,0.3426609551033395,0.1643171184055805,-6.80253198405307,0.1803548646943165
SH601933,egarch,417,0.16764986636309367,0.2567057394616928,0.0991899304806586,-7.138789240268227,0.08738867329005773
SH601939,egarch,417,0.15303382143931601,0.26376300522637725,0.18792465795697677,-8.336526658074336,0.17123570825315793
SH601988,egarch,417,0.15412287689883558,0.2884954678383231,0.09687141985806524,-8.954188523831391,0.09733932688119773
SH601998,egarch,417,0.1951636722846297,0.331487892624475,0.14451082432132845,-8.202958679094927,0.15331487198054194
SH603993,egarch,417,0.16503495179292263,0.2924545541836682,0.24685931885706158,-7.037141228198726,0.25977201571656605
SZ000001,egarch,417,0.06528340734082702,0.18948653501299592,0.14082076644928743,-7.237250751690686,0.15320299505716106
SZ000069,egarch,417,0.07765540521970335,0.21743461665631666,0.14461466055352068,-7.3311615552071006,0.15799072034106187
SZ000157,egarch,417,0.05444897802845463,0.1803529429626485,0.2899902980364333,-7.195221882334597,0.1980172864986809
SZ000166,egarch,417,0.13078408708381567,0.2853330134133857,0.3034915272710218,-7.279480001427296,0.3189424130647215
SZ000333,egarch,406,0.0648397858978146,0.20147227212954275,0.11399500749777647,-7.362771112010979,0.10992716106703138
SZ000338,egarch,417,0.06077214527408854,0.19745040523013113,0.2948141398180495,-6.975463030307539,0.28123648350174435
SZ000425,egarch,417,0.0770221758077697,0.21401356873221172,0.29773439596608164,-7.016912026466774,0.2070079772918263
SZ000568,egarch,417,0.06746739265425374,0.2055944881589011,0.3676275056665288,-6.76015218450205,0.3990900885702716
SZ000625,egarch,417,0.18990813649390276,0.3668102036362175,-1.598359191705153,-5.896413583547531,-1.388858966067743
SZ000709,egarch,417,0.12566060536338006,0.30786986510374686,0.15866299320278632,-8.059477063439694,0.17088891117188187
SZ000725,egarch,417,0.08533657147364931,0.22457847659421357,0.3580271224405984,-6.696512683346081,0.3594727253857023
SZ000728,egarch,417,0.17714884671411033,0.3543945532473342,0.19217074636361453,-6.811970931302414,0.20692926900343112
SZ000768,egarch,417,0.09525698984014419,0.25393748860473747,0.41816362237748006,-7.007986790436598,0.424394316894091
SZ000776,egarch,417,0.1446106363397107,0.301545732989224,0.11677501514597721,-7.233938726494046,0.1135073839796501
SZ000783,egarch,417,0.13059939177870142,0.2919590569540336,0.3829745079181123,-6.936209065958501,0.39343825480584194
SZ000858,egarch,417,0.062260396373824176,0.20116923527987896,0.48268740059676385,-6.970401427015125,0.4895124619964958
SZ000895,egarch,402,0.11723255790624279,0.27620548543354245,-0.024044056778653067,-6.569610586435951,-0.015905338902173494
SZ000963,egarch,417,0.08790093215831238,0.23397969385281878,0.19545320514556186,-6.849759411668869,0.19596687909524224
SZ002007,egarch,417,0.11632307495153896,0.2751603809654593,0.10022641643367536,-6.353293099707546,0.12053856357768711
SZ002008,egarch,417,0.05750235335892423,0.19506598096878902,0.00029391832392500206,-6.503567193179971,0.011186356658298924
SZ002024,egarch,417,0.12067576647015572,0.27545990259639563,0.43388260145005086,-7.586979203036168,0.45010293543301505
SZ002142,egarch,417,0.07136095836158038,0.20178448814789934,0.15230156674130368,-7.048397720407877,0.028659526884248
SZ002146,egarch,417,0.07043158821508806,0.2127077522812922,0.26895272917858426,-7.304594508033076,0.2742570443529774
SZ002153,egarch,417,0.0637088106281389,0.20014067546890793,0.18724724535197523,-6.4268720222572355,0.1706360804291135
SZ002202,egarch,411,0.06265563396498897,0.19963234788066525,0.24795746530835472,-6.899927025818502,0.22218860906543314
SZ002236,egarch,415,0.08683563854817589,0.23990664884641502,-0.0727151006241411,-6.588252906895925,-0.06599344697732668
SZ002241,egarch,417,0.06351426455256265,0.20357298538895272,0.19648112825509467,-5.981897353269161,-0.040146275553115895
SZ002304,egarch,417,0.07004661141161334,0.21349684772993374,0.3805270395663335,-7.02147464704715,0.3952953140712403
SZ002415,egarch,415,0.06158221473499827,0.1976135728179028,0.039677237853715686,-6.9242146029138585,0.04290010178568371
SZ002456,egarch,414,0.19181455926025887,0.2627945044584131,-0.06700808860493335,-6.103401011713783,-0.06736314506938035
SZ002475,egarch,417,0.06763103331023472,0.21647543750525494,-0.2518424365102425,-6.270888946710321,-0.3247343075229485
SZ002594,egarch,417,0.0818137435434776,0.22605692630817648,0.5158937318028792,-6.866604791776021,0.5269132245809272
SZ002673,egarch,417,0.17539137562050233,0.33870013364501184,0.2577680978565665,-6.810311710873931,0.267755895091636
SZ300124,egarch,406,0.06093118766341832,0.19526844686274628,0.23872291494889597,-6.692359096770125,0.2504421221869625
SH600000,har_pooled,417,0.1464588830991491,0.2603866128592622,0.13631827833316945,-8.002878589821169,0.1484294388860834
SH600009,har_pooled,417,0.1387556332391473,0.2439316989998275,0.20956052504305067,-7.021051832726162,0.2173529177804674
SH600010,har_pooled,417,0.1665765092215382,0.28614393261331306,0.18280834520473688,-7.26907271871417,0.18811792907073266
SH600015,har_pooled,417,0.14845240530281342,0.2696250727932195,0.2473017504880809,-8.63859249300197,0.25460297716202773
SH600016,har_pooled,417,0.14481212600000695,0.2620999346866046,0.17415271176269198,-8.69657736265066,0.18248903759153667
SH600018,har_pooled,414,0.1639663425352838,0.29454138387357137,0.4657136381752982,-7.213709698706829,0.47952496545995427
SH600028,har_pooled,417,0.1396478934586608,0.25450242277116,0.1850954231451446,-8.6668290517112,0.15707215966588584
SH600029,har_pooled,417,0.1633680238371357,0.28075038280046,0.17392014402618283,-7.2014847849450865,0.17736215505967845
SH600030,har_pooled,410,0.18660621889863582,0.2968116217202126,0.27205319013384166,-7.004322239872898,0.2784054188623729
SH600031,har_pooled,417,0.14500408469152098,0.22600497373804224,0.13336242987009117,-6.651294977462054,0.11097185006496402
SH600036,har_pooled,417,0.12873921038405625,0.22329206879128688,0.13739556129994646,-7.5371644660808395,0.141926254599676
SH600038,har_pooled,417,0.15377515708708855,0.25686033341834524,0.3222439597942066,-6.889294715401033,0.3269682575284153
SH600048,har_pooled,417,0.1361922271225478,0.23576118803020854,0.0960461477876412,-6.974812717572579,0.09716302687769152
SH600066,har_pooled,417,0.17321580697672206,0.27466079984902175,0.2684275107331775,-6.281064104097974,0.27040767583502046
SH600068,har_pooled,417,0.18110267004596878,0.2854109099146671,0.25636553015212005,-7.316178582764937,0.265264160673632
SH600085,har_pooled,417,0.17313579627363906,0.2797981710708978,0.23942121538496097,-7.369952996179308,0.2597976750020259
SH600089,har_pooled,417,0.15008805638159367,0.27658334745920815,0.6251578527986399,-7.496654866777057,0.6321569579596679
SH600104,har_pooled,417,0.1445855410915767,0.2644318239901338,0.2301937797441287,-7.148665789252547,0.2339262594778877
SH600109,har_pooled,412,0.18169419062548844,0.29090282780469706,0.3814685936982253,-6.639242030104273,0.38657789747215565
SH600111,har_pooled,414,0.185844415779651,0.29093621364484373,0.26492209584283855,-6.657586177701276,0.2532324720818807
SH600115,har_pooled,416,0.1760152763174193,0.29107522479906806,0.2429112946537244,-7.096071487116081,0.24222107614482102
SH600118,har_pooled,417,0.1603359998156112,0.2720189671205227,0.46381251123807177,-6.270525147607571,0.4581855538475248
SH600170,har_pooled,417,0.1438166641974031,0.2701231743825351,0.36999568771414104,-7.995442561819854,0.37906966467813275
SH600177,har_pooled,417,0.17913862800479924,0.30500364622346565,0.20767475719993034,-7.898229900419508,0.21697065751055544
SH600188,har_pooled,417,0.15540082201501335,0.2598984023178784,0.0987146886050222,-7.379449739528917,0.10447799238376532
SH600196,har_pooled,417,0.1706196132286055,0.2715119018459602,0.3637109800693942,-6.497988260268828,0.3667500680292973
SH600208,har_pooled,416,0.3665129950372422,0.35633337585944963,0.03145642796662229,-2.9421644351298615,0.009110356820314913
SH600276,har_pooled,417,0.1310042952265144,0.2256749350496498,0.027466880347662204,-6.879339571823786,0.005431278594403732
SH600332,har_pooled,417,0.16397882384938786,0.2470920549902967,0.18039820734843848,-6.696115102577575,0.18394432696459717
SH600340,har_pooled,417,0.12635622395424614,0.2330932567356888,0.3358684652783802,-7.246799667005724,0.33634705322234226
SH600352,har_pooled,413,0.16088102970592377,0.26878085220380327,0.3860573034460847,-6.9034600446823715,0.38712425455988675
SH600362,har_pooled,417,0.16802665774217648,0.27865239262592556,0.24777897631472878,-7.343391423038018,0.23808252634575844
SH600369,har_pooled,417,0.2076429051820759,0.3184399857954622,0.2925489074526956,-6.7167667772057085,0.30347031395672974
SH600372,har_pooled,417,0.16381040865669128,0.2748078171762502,0.29964963180192505,-6.864185058125761,0.30386282921080443
SH600383,har_pooled,417,0.14127211485555008,0.23863700075038588,0.12738384669794045,-6.691036331889016,0.13519125392982678
SH600489,har_pooled,416,0.15434608400201366,0.2770846555972695,0.10637188238167139,-7.140239754651137,0.11794206761727666
SH600519,har_pooled,417,0.1319408315381331,0.23304341110567867,0.15933603864011603,-7.429160988121806,0.15868542936944774
SH600547,har_pooled,417,0.1501097263426004,0.26208331640870797,0.1256378166027089,-6.964097894223607,0.1295156087434456
SH600570,har_pooled,416,0.15585635435691675,0.25857673339709386,0.15438760591274714,-6.315210734306531,0.16249381828884624
SH600583,har_pooled,417,0.13640093678165546,0.23336530491596658,0.12546749424649895,-7.057291222420682,0.12226321123354433
SH600585,har_pooled,417,0.139298129829735,0.22703906470864915,0.11019743973127072,-7.168442771108575,0.10987943754205043
SH600588,har_pooled,417,0.1565534504774079,0.2515195542308835,0.23058062584506378,-5.982983833074358,0.23600228650423538
SH600637,har_pooled,417,0.1615088343993968,0.2685876260447135,0.23085204898312217,-6.84393865054236,0.23279488730516695
SH600660,har_pooled,417,0.15857172807751316,0.25855518392941573,0.31948774495536936,-7.178408440778199,0.3231486158851359
SH600674,har_pooled,417,0.12401905498300397,0.23871697624574503,-0.06196667188976912,-7.981615122677599,-0.04974711357743922
SH600703,har_pooled,415,0.1682440530731695,0.2695523112602918,-0.0612341686488449,-5.609169279364694,-0.0497626139151246
SH600705,har_pooled,417,0.1716108638301527,0.28277231829314836,0.3791675953387498,-7.0524843757601205,0.3847187427210237
SH600741,har_pooled,417,0.1382955337692602,0.23149553885713847,0.09441004601799907,-6.418134186018951,0.08213615810460473
SH600837,har_pooled,417,0.1711919573165934,0.2886857440841834,0.31825977584524723,-6.924865608503008,0.3288026710886339
SH600886,har_pooled,417,0.120174939160793,0.22041739492281334,0.04311572201058411,-7.537413570121458,0.03985870066362862
SH600887,har_pooled,417,0.11885823882671262,0.2107706323426764,0.20585312529434818,-7.1881585903281975,0.2106049536574326
SH600893,har_pooled,406,0.17327127944109538,0.2761269020440876,0.4440263460757361,-6.7712492975356255,0.4423525667889532
SH600999,har_pooled,411,0.15543873304813874,0.2657660609260306,0.2800574866944312,-6.9195668000416655,0.288713826617527
SH601006,har_pooled,417,0.1317412481137248,0.24007144964664331,-0.008236790025610397,-8.55893609867391,-0.05854257493247372
SH601009,har_pooled,417,0.16081474437291673,0.27768309111158873,0.2228894436454889,-7.7034676931793955,0.21869591693930313
SH601111,har_pooled,416,0.1656886712056956,0.2752862291344484,0.086426584781369,-6.967196249725139,0.08761104375478268
SH601166,har_pooled,417,0.14490777501671312,0.26091089983200216,0.10134221405387966,-7.859549573807754,0.09634360486616922
SH601169,har_pooled,417,0.13579866524508286,0.2587880422445228,0.17075080338082238,-8.576523003610216,0.1790736368332747
SH601186,har_pooled,417,0.15596450760515312,0.27112475056423246,0.24986007119386267,-7.508818056336338,0.26641584576340405
SH601225,har_pooled,417,0.15114243098601968,0.25649097635693546,0.11227212788740637,-7.2699087476042115,0.11821750433894485
SH601288,har_pooled,417,0.13363608500081223,0.25059620013360107,0.0987476924789159,-8.932159810974829,0.09231460436056227
SH601318,har_pooled,417,0.12194000009238766,0.2217008604762334,0.3216419766780121,-7.797586617743595,0.3218267380535971
SH601328,har_pooled,417,0.14716784178199774,0.2810981399244938,0.3105830667286208,-8.843282605803893,0.3112694809806722
SH601336,har_pooled,417,0.15371151951535425,0.25682776284097364,0.3636069607586975,-7.036541974964367,0.3831391249726922
SH601377,har_pooled,417,0.20314462662620336,0.3054668535949816,0.2989096650179224,-6.735471747994388,0.29929222377941234
SH601398,har_pooled,417,0.13730186412330456,0.2604982309726099,0.1302250959605935,-8.677190839942693,0.11529447150746719
SH601555,har_pooled,411,0.19080877969701837,0.3036956830241475,0.34766696674737263,-6.586750687529276,0.3507037554730612
SH601601,har_pooled,417,0.13610811889957386,0.23890569360119485,0.10981437967731633,-7.183153902513448,0.11236894457872915
SH601607,har_pooled,417,0.186640368961861,0.3020810180635109,0.2893655091660575,-6.989367155240871,0.2933221905279658
SH601628,har_pooled,417,0.15239665645346548,0.241065495344961,0.323114718907768,-6.712202059490429,0.32663357073129307
SH601633,har_pooled,416,0.1789048095545043,0.2991110096924591,0.3442573810724816,-6.318619231712358,0.3592522875132602
SH601668,har_pooled,417,0.14036452186888418,0.2540174241999551,0.07872284628461934,-7.824420665904621,0.09392279583252783
SH601669,har_pooled,417,0.18037215940285356,0.2898211928646362,0.2550965392767208,-7.533309554685834,0.2633795150694245
SH601688,har_pooled,417,0.1639410939595695,0.27450206934988164,0.27746015855977213,-7.0734799170507685,0.28156617481692503
SH601766,har_pooled,417,0.14172640643691484,0.2620726084365171,0.25916515537292795,-8.039334158237123,0.2738008963816343
SH601800,har_pooled,417,0.1912055310006044,0.3016667273347156,0.22682812863017177,-7.3467925177606945,0.2325421450541898
SH601818,har_pooled,417,0.15185651940209643,0.26166758793320777,0.23777966926510252,-7.795817670599938,0.2410559492367902
SH601857,har_pooled,417,0.13957301668976643,0.26092619034553177,0.06350068788725527,-8.756564140815644,0.08253253378474557
SH601888,har_pooled,417,0.14284270941422672,0.2386511616545734,0.45785905340139965,-6.4923125834570685,0.4632280848113163
SH601899,har_pooled,413,0.17962491564806626,0.2780109914117381,0.26908390276210437,-6.802214798455818,0.2164421952759098
SH601901,har_pooled,415,0.21205265810282292,0.30930739694999965,0.25917556850990275,-6.678606715712475,0.264699989221712
SH601933,har_pooled,417,0.16758234921629425,0.26042980196568677,0.09955271111998465,-6.871955220920961,0.09454780471594881
SH601939,har_pooled,417,0.14793549520613763,0.26158088758386644,0.21497897170746383,-8.325728016833049,0.20019197785444298
SH601988,har_pooled,417,0.13827197165877267,0.26614823289017253,0.18975448713184084,-8.930516161796053,0.1983392999955076
SH601998,har_pooled,417,0.16374178837952832,0.2812814088505596,0.2822469165231717,-8.114433505212476,0.28732669381289677
SH603993,har_pooled,417,0.17620271372233054,0.2822421116586689,0.19589498836233088,-6.6772559397998,0.1966983198493677
SZ000001,har_pooled,417,0.06331853809160379,0.19160576804525964,0.16667993839418116,-7.256117139557581,0.1812387803655957
SZ000069,har_pooled,417,0.06611926492160929,0.20071298455678088,0.27168688761703563,-7.33508835677124,0.2921836785161337
SZ000157,har_pooled,417,0.06264095037302157,0.19074054843243785,0.18316772664087544,-7.138468842161623,0.050213772593193706
SZ000166,har_pooled,417,0.1087542028150597,0.25966612714752174,0.4208146771171789,-7.357133693095206,0.4309710340463734
SZ000333,har_pooled,406,0.05498666187622493,0.1809797788366442,0.24863328481457847,-7.356146017021621,0.24286037798246718
SZ000338,har_pooled,417,0.05816957046501384,0.19027084050807042,0.3250138134867646,-6.974867220353684,0.31578993231026653
SZ000425,har_pooled,417,0.07955990190984516,0.21493704943487715,0.27459615382664204,-6.982476545923701,0.1482540138805024
SZ000568,har_pooled,417,0.07007595986311453,0.20836246390598506,0.3431773811307053,-6.702107388633906,0.36928048923598433
SZ000625,har_pooled,417,0.08110661552635241,0.22084949299530562,-0.10971611775970369,-6.301724329628915,-0.0330974389745986
SZ000709,har_pooled,417,0.09698251922601459,0.24695967680731384,0.35067173835972376,-8.051438734858053,0.3559428063804222
SZ000725,har_pooled,417,0.09996757791229159,0.24095090263249727,0.24796048696643191,-6.6398474795653035,0.22446762554868072
SZ000728,har_pooled,417,0.11524108388355722,0.25639184339884424,0.4744808080396785,-6.884117820468268,0.4872356662332752
SZ000768,har_pooled,417,0.0796811614498974,0.21949054216374964,0.5133018750585652,-7.019629241415546,0.5077265428112031
SZ000776,har_pooled,417,0.09705041880499245,0.24053461652270972,0.4072541491501779,-7.310158804812435,0.41068703319085065
SZ000783,har_pooled,417,0.11122482444382101,0.26120054960867967,0.47451093684677936,-6.943572867327217,0.4835644135816243
SZ000858,har_pooled,417,0.07450306671948227,0.21180827420461318,0.3809648291225485,-6.883639040515471,0.39639192464271045
SZ000895,har_pooled,402,0.07093956686507799,0.21112986609657233,0.3803321949459354,-6.7303310498269155,0.3965364978134134
SZ000963,har_pooled,417,0.08982959226506698,0.2351587020300112,0.17780040819389387,-6.822887278364357,0.16966842647000857
SZ002007,har_pooled,417,0.07535112464081434,0.21523913967887293,0.4171495941620883,-6.461364240229746,0.4225561211053698
SZ002008,har_pooled,417,0.05730913144994464,0.193846663024784,0.0036531741845371446,-6.488955662665638,0.017148899712272514
SZ002024,har_pooled,417,0.10082337503042878,0.2549811675318909,0.5270146736597017,-7.609582554736176,0.5356041216870404
SZ002142,har_pooled,417,0.05914876976740533,0.1783055195103086,0.2973704303836311,-7.078666970835543,0.1698064032671257
SZ002146,har_pooled,417,0.06139164585812903,0.1939149831425596,0.3627831447054358,-7.298872305574886,0.38619579316976904
SZ002153,har_pooled,417,0.0813441653775101,0.2179961275013201,-0.037732361242907464,-6.324051291738302,-0.056284577925897805
SZ002202,har_pooled,411,0.06046549929765283,0.19988808645859943,0.2742451959130736,-6.905058591800091,0.25803851973565095
SZ002236,har_pooled,415,0.06689102578727386,0.2102883395615982,0.17366861512237008,-6.593337314548127,0.20025978430005764
SZ002241,har_pooled,417,0.061355147543578695,0.19823866257770373,0.2237961145065418,-5.9761608133580975,-0.019155071857542838
SZ002304,har_pooled,417,0.07190863933178823,0.21162121842272993,0.36405977691257374,-7.010583084502811,0.3724775888417349
SZ002415,har_pooled,415,0.053212604129979205,0.1828389331935905,0.17019426470778354,-6.926497133958012,0.1805538791425726
SZ002456,har_pooled,414,0.20382904661538048,0.2655685620628835,-0.13384115507181482,-5.503542575004095,-0.12924068383345455
SZ002475,har_pooled,417,0.05102607235882381,0.17892841830423067,0.05551342895789546,-6.273026281137944,-0.007699284169451648
SZ002594,har_pooled,417,0.08000844717782597,0.22148028687183538,0.5265759869926934,-6.8525233631442335,0.5345071376778816
SZ002673,har_pooled,417,0.12296729953084848,0.27237277172661084,0.4796194949191448,-6.9695631953386386,0.49230002243542903
SZ300124,har_pooled,406,0.04856506512025689,0.16917622462199325,0.3932258236242615,-6.728721115566222,0.4152560117506313
SH600000,lstm32,417,0.1366958659715873,0.2443123254700757,0.193891702784911,-8.085752355699599,
SH600009,lstm32,417,0.1351458950491762,0.2384511853958139,0.2301238671791866,-7.112129288041362,
SH600010,lstm32,417,0.1672125576489495,0.2830992141658188,0.179688016477984,-7.313983278046115,
SH600015,lstm32,417,0.1468044060660723,0.264051642912825,0.2556576012279979,-8.691681773183525,
SH600016,lstm32,417,0.1398096481979072,0.2522130195605392,0.2026812807537388,-8.779799291006334,
SH600018,lstm32,414,0.1550532841218343,0.2874823164855937,0.4947569496184878,-7.36102627496412,
SH600028,lstm32,417,0.1320048501628325,0.2442512256615353,0.2296958163813951,-8.713400182875974,
SH600029,lstm32,417,0.1541358855482503,0.2723682928116127,0.2206029849450139,-7.328173911771853,
SH600030,lstm32,410,0.1767287048913337,0.2835619922936357,0.3105851578970896,-7.139500558476816,
SH600031,lstm32,417,0.1375689280569739,0.2189323621797209,0.177799702744211,-6.820190167937213,
SH600036,lstm32,417,0.1280008827178816,0.2228576842049923,0.142342653333192,-7.60319195633275,
SH600038,lstm32,417,0.1432612330633698,0.2451917106812302,0.3685835353688524,-6.992807475023019,
SH600048,lstm32,417,0.131832708063322,0.2290631872288796,0.1249817495517147,-7.063662407370374,
SH600066,lstm32,417,0.1539262104679166,0.2688356104679507,0.3498966236346106,-6.842468101735283,
SH600068,lstm32,417,0.1652097510504767,0.2662647048653502,0.3216242167774922,-7.532068106397037,
SH600085,lstm32,417,0.1695589555069655,0.2731638997950319,0.2551341370431625,-7.475611618285664,
SH600089,lstm32,417,0.1402884217623667,0.2598009301369711,0.6496322591639307,-7.585051986311813,
SH600104,lstm32,417,0.1298346936376673,0.2494208593106952,0.3087306378444333,-7.358785052215731,
SH600109,lstm32,412,0.1668988935003295,0.2775596192349043,0.4318353990758397,-6.805634025657458,
SH600111,lstm32,414,0.166736559319053,0.2678356853612457,0.3405001702287044,-6.897271739010626,
SH600115,lstm32,416,0.1672866107372955,0.2843416199985938,0.2804556161564741,-7.252311850932357,
SH600118,lstm32,417,0.1290305080720896,0.2461037228951712,0.568502743136833,-6.644656777286641,
SH600170,lstm32,417,0.1415384227589464,0.2639718487611794,0.3799757685251237,-8.062321485519373,
SH600177,lstm32,417,0.1757316693578155,0.3080062413346295,0.2227436419359953,-8.035335774689983,
SH600188,lstm32,417,0.1500324073379512,0.2499763558390095,0.1298501306906876,-7.473982851811925,
SH600196,lstm32,417,0.1618603886735862,0.2617708602412779,0.3963766174014738,-6.647022666725512,
SH600208,lstm32,416,0.2920233702290253,0.3175552104042619,0.2283019648727434,-6.955488302233401,
SH600276,lstm32,417,0.1184392811896809,0.2178833036456934,0.1207454425397499,-7.1331141828630535,
SH600332,lstm32,417,0.1432573071196866,0.2290649670538793,0.2839688505536943,-7.1361109192482495,
SH600340,lstm32,417,0.1259052691561386,0.2234449515828094,0.3382386951949188,-7.281134191645859,
SH600352,lstm32,413,0.1475800781995024,0.2517147922451243,0.4368154447229767,-7.077124185141037,
SH600362,lstm32,417,0.1623361998700819,0.2692629868738039,0.2732539938107793,-7.439615484536555,
SH600369,lstm32,417,0.1866309361851057,0.2981911444414852,0.3641378712578494,-6.914402989085183,
SH600372,lstm32,417,0.1590645069472002,0.2627889982312018,0.3199401251651387,-6.9647913281801666,
SH600383,lstm32,417,0.1370412795683516,0.232757085197341,0.1535170663877898,-6.803603818709147,
SH600489,lstm32,416,0.1482699028402768,0.2662871295802702,0.1415515655526419,-7.203762832858252,
SH600519,lstm32,417,0.1254330038614743,0.2242165614413436,0.2008008083458173,-7.524638638912548,
SH600547,lstm32,417,0.1522345418102067,0.2527946420901102,0.1132611483025324,-7.035390848398499,
SH600570,lstm32,416,0.1419643025614538,0.2510628379596487,0.2297601579400057,-6.588900649403351,
SH600583,lstm32,417,0.1317887071265921,0.2295499722513754,0.1550387336567519,-7.183673649472922,
SH600585,lstm32,417,0.1376459809673291,0.2215584023797535,0.1207509646745752,-7.27106658187953,
SH600588,lstm32,417,0.1425070801036345,0.2447905979079744,0.2996148724182288,-6.226325026936562,
SH600637,lstm32,417,0.140131517542753,0.2511550944705891,0.3326565076659565,-7.366742023927911,
SH600660,lstm32,417,0.15048092316479,0.2464019884838455,0.3542095201610479,-7.339025590862185,
SH600674,lstm32,417,0.1172234988615902,0.2304615506560679,-0.0037767903519128,-8.071182104885704,
SH600703,lstm32,415,0.1473891810517784,0.259780101494058,0.0703122507795659,-5.982885182659967,
SH600705,lstm32,417,0.160108397290092,0.2742207474293048,0.4207797858622423,-7.204715722684652,
SH600741,lstm32,417,0.1343181356538127,0.2266141422790134,0.1204549346573221,-6.599373934392081,
SH600837,lstm32,417,0.166182768676788,0.2813949078991443,0.3382079406986863,-7.000241810580625,
SH600886,lstm32,417,0.1198590455887593,0.2209900768489087,0.0456310017744662,-7.615590204911098,
SH600887,lstm32,417,0.1148365454747953,0.2058335718317248,0.2327239189219228,-7.321765112121528,
SH600893,lstm32,406,0.150506693444082,0.2535889191332819,0.5170708234851346,-7.0947595542600785,
SH600999,lstm32,411,0.1351629465662125,0.2547500735239213,0.3739684469344655,-7.05732579602615,
SH601006,lstm32,417,0.1239864896651771,0.2258373032248509,0.0511116135877991,-8.632005429244906,
SH601009,lstm32,417,0.1542578836965372,0.2660267970526794,0.2545743844015706,-7.782501939955082,
SH601111,lstm32,416,0.1596652066282931,0.2697151473704346,0.1196387354093042,-7.119175831988077,
SH601166,lstm32,417,0.1359838625388423,0.2471735798163661,0.1566846097839596,-7.931816439752536,
SH601169,lstm32,417,0.1243708334111204,0.2407380836081501,0.240534408030468,-8.645738000458676,
SH601186,lstm32,417,0.1460473593061716,0.2557254550530292,0.297558416369878,-7.590341302145861,
SH601225,lstm32,417,0.1447894588901663,0.2506667317278734,0.1495860070108949,-7.475094251690762,
SH601288,lstm32,417,0.1236307513119696,0.2373828291960204,0.166224452775605,-8.999666520441552,
SH601318,lstm32,417,0.1135427198702933,0.2132997300174989,0.3683564461582882,-7.897919777043077,
SH601328,lstm32,417,0.1411902632211197,0.2695451080046357,0.3385854063017854,-8.907787208394483,
SH601336,lstm32,417,0.1497559321368334,0.253770679127334,0.3799837962863037,-7.153254319860365,
SH601377,lstm32,417,0.1813135337093896,0.2868480061772289,0.3742528749283516,-6.995583516461151,
SH601398,lstm32,417,0.128336244413026,0.2473219443233542,0.1870201808121601,-8.727892341955197,
SH601555,lstm32,411,0.1756434659126245,0.2845039364269375,0.3995138217868009,-6.731852876492358,
SH601601,lstm32,417,0.132852331562127,0.2374684731146613,0.1311081503506319,-7.293132421344413,
SH601607,lstm32,417,0.1688161809100141,0.2863930599391613,0.3572312279878037,-7.242172604267006,
SH601628,lstm32,417,0.1425220484113186,0.2346296016179146,0.3669737968943323,-6.968815645500146,
SH601633,lstm32,416,0.1687264720732987,0.2880200373228867,0.3815642019057161,-6.431343908763797,
SH601668,lstm32,417,0.1395953765179698,0.2458564001680448,0.08377110228442,-7.876339651143707,
SH601669,lstm32,417,0.1745122398211183,0.2741318019275504,0.2792969169317083,-7.592176652359539,
SH601688,lstm32,417,0.1604728443560384,0.2662782207823763,0.2927458228071297,-7.147312157458648,
SH601766,lstm32,417,0.132643848979244,0.2487952775109055,0.3066416646003389,-8.149947416462727,
SH601800,lstm32,417,0.1891038613846563,0.2932590198260249,0.2353265848278564,-7.420330891040664,
SH601818,lstm32,417,0.1446661277094924,0.2499173964927682,0.2738707291394433,-7.845666486334812,
SH601857,lstm32,417,0.1296346499406375,0.2427718440303657,0.1301845917307253,-8.820316628862996,
SH601888,lstm32,417,0.1314243688802653,0.2293650412238252,0.5011958815185122,-6.723180407904863,
SH601899,lstm32,413,0.1726884015732296,0.2687490783272447,0.2973094402813472,-7.00079666289511,
SH601901,lstm32,415,0.2025483127271515,0.2958376028067175,0.292379826936143,-6.863490586549058,
SH601933,lstm32,417,0.1673434678641792,0.2558762633803483,0.1008362595776942,-6.984971882744858,
SH601939,lstm32,417,0.1393147037690797,0.2451885751298504,0.2607252785636015,-8.376617385221094,
SH601988,lstm32,417,0.1316319666251464,0.2529129862315952,0.228663560455786,-8.984977453564245,
SH601998,lstm32,417,0.1504429721709133,0.2634964834307034,0.3405415426829924,-8.17606279068684,
SH603993,lstm32,417,0.1609734653126732,0.2692295441206839,0.265394002940382,-6.950292217810147,
SZ000001,lstm32,417,0.0612571831074897,0.1829847429836041,0.1938089359062255,-7.249109260105264,
SZ000069,lstm32,417,0.058454969806128,0.1916992060259243,0.356110189001219,-7.360097847480417,
SZ000157,lstm32,417,0.0555911961311964,0.183293243750698,0.2750958782682366,-7.181353716521192,
SZ000166,lstm32,417,0.0960411836995232,0.2440541240356487,0.4885195923356632,-7.4048393535431085,
SZ000333,lstm32,406,0.0545985091712583,0.1777253569542278,0.2539372078564524,-7.352791433491808,
SZ000338,lstm32,417,0.058697058555177,0.1907407786211442,0.318892964191091,-6.974183493395517,
SZ000425,lstm32,417,0.0712628438493881,0.2065785649133598,0.3502462952232388,-7.019875115054221,
SZ000568,lstm32,417,0.065555243591375,0.2062199373888132,0.3855500964894275,-6.731344653832042,
SZ000625,lstm32,417,0.0780968264449786,0.2199388712086051,-0.068535611915856,-6.321372948499887,
SZ000709,lstm32,417,0.0926976210360994,0.2412179347671329,0.3793604702587073,-8.057146241779538,
SZ000725,lstm32,417,0.0909150401648457,0.231614332726705,0.3160612274413101,-6.692087329491397,
SZ000728,lstm32,417,0.1014698748486998,0.2389738146609057,0.5372798932307499,-6.9385422886551655,
SZ000768,lstm32,417,0.0713616890777373,0.2062850470160958,0.5641177960410719,-7.041514592677797,
SZ000776,lstm32,417,0.0858249923202697,0.2271293276998501,0.4758146464130375,-7.345386374152674,
SZ000783,lstm32,417,0.0975558173211068,0.2445382931490917,0.5390910679736918,-7.00145852824325,
SZ000858,lstm32,417,0.0691937137162529,0.208344809132818,0.4250794728321521,-6.929760588511468,
SZ000895,lstm32,402,0.0733462905339785,0.2098377224514003,0.3593091010762514,-6.7138547404070845,
SZ000963,lstm32,417,0.0895389784596755,0.2347938167950103,0.1804603618477073,-6.814770347419667,
SZ002007,lstm32,417,0.0802124278018058,0.222097428574443,0.3795468041069773,-6.4386206469347425,
SZ002008,lstm32,417,0.0601395356544098,0.1994525780999322,-0.0455547648217751,-6.4787669089271285,
SZ002024,lstm32,417,0.0934588878277725,0.2415735552961581,0.5615631539285486,-7.621763646974552,
SZ002142,lstm32,417,0.0615397642738281,0.1810970000789067,0.268967752735232,-7.068717680658533,
SZ002146,lstm32,417,0.0584300103574163,0.189375442785316,0.3935235497542604,-7.300389982443394,
SZ002153,lstm32,417,0.0733867492078183,0.2118946801767952,0.0637828271279326,-6.384101019409652,
SZ002202,lstm32,411,0.0625364427129759,0.2007745695781254,0.2493880931003746,-6.896718729839565,
SZ002236,lstm32,415,0.0719609141185943,0.2183326516446084,0.1110382727604799,-6.5772275959705295,
SZ002241,lstm32,417,0.0603215808282571,0.1988805296237499,0.2368717655719955,-5.975988838349865,
SZ002304,lstm32,417,0.0699934381778256,0.2059427771210086,0.3809972890171844,-7.009503267919704,
SZ002415,lstm32,415,0.0562427246526277,0.1876613501534328,0.1229420877201927,-6.9167493842773675,
SZ002456,lstm32,414,0.1738199725496189,0.2482278611368241,0.0330905151997139,-5.9955285397661875,
SZ002475,lstm32,417,0.0487812298865071,0.1770948079422856,0.0970651979104076,-6.279642663815812,
SZ002594,lstm32,417,0.0742608272151973,0.2167601028675748,0.5605856622698645,-6.869600842356263,
SZ002673,lstm32,417,0.1073393470030292,0.2544526294946312,0.5457548159421624,-7.029891866331884,
SZ300124,lstm32,406,0.0521001418017683,0.1774491951565847,0.3490584115856331,-6.72019139787329,
SH600000,gru32,417,0.1353115844424633,0.2431025529952714,0.2020549403369547,-8.098962730851987,
SH600009,gru32,417,0.1328783825233852,0.2411447734253438,0.2430410466010513,-7.1488544162198835,
SH600010,gru32,417,0.1649444873221904,0.282351593267863,0.1908147242723662,-7.337161021133483,
SH600015,gru32,417,0.1486633686425099,0.2681152185869209,0.2462321030399522,-8.704796297542595,
SH600016,gru32,417,0.141657206291173,0.2550185064970311,0.1921448644788725,-8.794709836267026,
SH600018,gru32,414,0.1527167173550315,0.2842496290452895,0.5023706814227875,-7.384751846876032,
SH600028,gru32,417,0.1347730656257946,0.2467444796707526,0.2135421072589874,-8.727980861392133,
SH600029,gru32,417,0.1551305374720907,0.2761710434710512,0.2155734699965483,-7.338744059974972,
SH600030,gru32,410,0.1785338387607287,0.2861262408483579,0.3035433698507801,-7.154067271547449,
SH600031,gru32,417,0.1380781209616426,0.2206143327739804,0.1747564388074174,-6.851691742084339,
SH600036,gru32,417,0.126082750514901,0.2217213599425389,0.1551949098241912,-7.617638838260073,
SH600038,gru32,417,0.1401247633253109,0.2448494973015714,0.3824073632885219,-7.01988102761417,
SH600048,gru32,417,0.1332516379541605,0.2299391781487521,0.1155638321863681,-7.074595264297828,
SH600066,gru32,417,0.1497657033284311,0.2660538013732063,0.3674684181363377,-6.873857136608604,
SH600068,gru32,417,0.1630762952889907,0.2668223286222999,0.3303845031042141,-7.550981316679662,
SH600085,gru32,417,0.1649325208923269,0.2731458884541348,0.2754578834435974,-7.53054509879469,
SH600089,gru32,417,0.1385155696095965,0.2616953436038679,0.6540599246533512,-7.60433082047814,
SH600104,gru32,417,0.1302994246948995,0.2532082567878834,0.3062563042706715,-7.374323466845325,
SH600109,gru32,412,0.1673649749203237,0.2786222643633346,0.4302487440751064,-6.824276425587819,
SH600111,gru32,414,0.1675829612349648,0.2710048011556884,0.3371523626348474,-6.914345881595995,
SH600115,gru32,416,0.1675680464638184,0.2856599431931164,0.2792450859440443,-7.267191265354176,
SH600118,gru32,417,0.1241767452515273,0.2433738440577209,0.5847344496830627,-6.681148026143268,
SH600170,gru32,417,0.139114904449257,0.261576533200116,0.3905922502418206,-8.072075986754044,
SH600177,gru32,417,0.1718382519687187,0.3019316345105343,0.2399641203581899,-8.04148086584632,
SH600188,gru32,417,0.1521251870041217,0.2535488883230323,0.1177125399839712,-7.480091046183861,
SH600196,gru32,417,0.1565603135629226,0.2625565243275505,0.4161421035253008,-6.699431755968946,
SH600208,gru32,416,0.2977268482225347,0.3193385179699267,0.2132300110166843,-6.946690584552936,
SH600276,gru32,417,0.118819812610784,0.2204782305753585,0.117920501499067,-7.146478588836932,
SH600332,gru32,417,0.1390684989456939,0.2320976896616233,0.3049054239958311,-7.207141991109341,
SH600340,gru32,417,0.1235919674022217,0.220427707735695,0.3503974681941766,-7.293085931320189,
SH600352,gru32,413,0.1461991145364309,0.2525202306104897,0.4420853796351219,-7.0946294362503615,
SH600362,gru32,417,0.1658156359895049,0.2701804376708907,0.2576772690531167,-7.442683018830437,
SH600369,gru32,417,0.1896785917813513,0.3013264949889833,0.3537543367018226,-6.931492690989265,
SH600372,gru32,417,0.1577783875631419,0.2641289252231245,0.3254387634480066,-6.983076829195951,
SH600383,gru32,417,0.137495870698795,0.2318223252437972,0.1507091268026961,-6.825983083937917,
SH600489,gru32,416,0.1475724331808318,0.2717044984452483,0.1455897535176672,-7.221977802338476,
SH600519,gru32,417,0.1254805540484634,0.2249020553950601,0.2004978412651065,-7.53684367139515,
SH600547,gru32,417,0.153621617075986,0.2574828388175475,0.1051816841167466,-7.056656164110035,
SH600570,gru32,416,0.1402374973941651,0.2491619174466164,0.2391290916460338,-6.615791027338346,
SH600583,gru32,417,0.1346070582589209,0.2297615671094707,0.1369689187712858,-7.200465015738444,
SH600585,gru32,417,0.1383790138258725,0.2236651508927822,0.1160685291308228,-7.294074210430729,
SH600588,gru32,417,0.1398487513861855,0.238715934466464,0.3126798646738472,-6.252013015058112,
SH600637,gru32,417,0.1394385601868384,0.2532795340572204,0.3359565545793391,-7.394125121526968,
SH600660,gru32,417,0.1496590444633051,0.2473012787863724,0.3577366213366575,-7.357985851738781,
SH600674,gru32,417,0.1142310573332767,0.2277288971770888,0.0218472814577243,-8.086473582632225,
SH600703,gru32,415,0.143370233259809,0.2535148998327534,0.0956625953590497,-6.020034913058719,
SH600705,gru32,417,0.1582821226570973,0.2729601489167287,0.4273866547204752,-7.225937081329168,
SH600741,gru32,417,0.1311508505466005,0.2254316715827182,0.1411950229039441,-6.632150288210853,
SH600837,gru32,417,0.1674169757551773,0.2813404065930825,0.3332929398805204,-7.015024241101192,
SH600886,gru32,417,0.1193156677140745,0.22132012601166,0.0499576088767799,-7.631295898940965,
SH600887,gru32,417,0.1131716007828157,0.2065606258111019,0.2438481845743955,-7.337446035477154,
SH600893,gru32,406,0.150426035644747,0.2540173834292867,0.5173296292812157,-7.106740189817411,
SH600999,gru32,411,0.1341439548978192,0.2539182631475922,0.3786880905419136,-7.068899572249032,
SH601006,gru32,417,0.1230443246621558,0.2265824120753499,0.0583221526704459,-8.65045420665432,
SH601009,gru32,417,0.1516232764328774,0.2656271616731419,0.2673056866488982,-7.802174924462738,
SH601111,gru32,416,0.1616597161957965,0.2726175423484055,0.1086414179463123,-7.129681910979402,
SH601166,gru32,417,0.1342723387506346,0.247233092341566,0.167298768878787,-7.949247250705564,
SH601169,gru32,417,0.1258454943371255,0.2435158304089749,0.231529449211701,-8.660290969204038,
SH601186,gru32,417,0.1441406140164822,0.2555707023467569,0.3067292578505575,-7.6099520279048845,
SH601225,gru32,417,0.1413847748959271,0.2493667290356744,0.1695832563452088,-7.505302341926061,
SH601288,gru32,417,0.1295020335040069,0.2457997720978159,0.1266280621476629,-9.007555080708336,
SH601318,gru32,417,0.1116305902245621,0.2118716215199737,0.3789937143707765,-7.917246903067611,
SH601328,gru32,417,0.1476047277092395,0.278641492599468,0.3085364473551124,-8.911869784955567,
SH601336,gru32,417,0.1474692570257033,0.2518291576272033,0.3894510380930192,-7.174711042382843,
SH601377,gru32,417,0.181139671632794,0.2875121125228138,0.374852905672681,-7.014105796322144,
SH601398,gru32,417,0.1302443974591581,0.2507993233573955,0.1749324816160179,-8.740396516006294,
SH601555,gru32,411,0.1759757920475277,0.2865272092748359,0.3983776722031458,-6.7540027495333845,
SH601601,gru32,417,0.1314536230434579,0.2373628414175843,0.1402560999395956,-7.3089017034115,
SH601607,gru32,417,0.1638302666042488,0.2857024763775077,0.3762151310615446,-7.297149240317156,
SH601628,gru32,417,0.1385742951837609,0.2319151627535868,0.3845081451884768,-6.995143451525122,
SH601633,gru32,416,0.1667855738530534,0.286543202738667,0.3886782067510006,-6.460528870450212,
SH601668,gru32,417,0.1353708627387891,0.2418343415961841,0.1114985363859699,-7.902472338809328,
SH601669,gru32,417,0.1721165350315394,0.2728798953759543,0.2891907320001573,-7.615476231785053,
SH601688,gru32,417,0.1600470230182552,0.2659462751451556,0.2946225510541643,-7.162486425221889,
SH601766,gru32,417,0.1317312990661318,0.2475444173034831,0.3114117620725827,-8.16312775354215,
SH601800,gru32,417,0.1869329375689319,0.292084897666268,0.2441050820837732,-7.442365917970659,
SH601818,gru32,417,0.1427859642570202,0.2482948810102931,0.2833079190225094,-7.865489274640995,
SH601857,gru32,417,0.1335417161410965,0.2493659966772078,0.1039691749124317,-8.831737001754274,
SH601888,gru32,417,0.1271717881904021,0.2284078184157132,0.5173359990655947,-6.74856762235473,
SH601899,gru32,413,0.1728255704374193,0.2676875621062805,0.2967512831319652,-7.0164619868464735,
SH601901,gru32,415,0.2038165834870106,0.2957580210067684,0.2879490125664758,-6.8847186208162325,
SH601933,gru32,417,0.1628965377400804,0.2572134253901886,0.1247303402658429,-7.047201753477375,
SH601939,gru32,417,0.1395210091249887,0.245518262848577,0.2596305173474903,-8.39769935680255,
SH601988,gru32,417,0.139138923911335,0.2647960259586051,0.184674324000566,-8.989338460106632,
SH601998,gru32,417,0.1509563306275769,0.2638488278292061,0.3382912642486002,-8.19441261706398,
SH603993,gru32,417,0.1605134425273062,0.2700743694503735,0.2674933271753313,-6.982255924364617,
SZ000001,gru32,417,0.0631646623779477,0.1877993616927977,0.1687050596785355,-7.249007506782771,
SZ000069,gru32,417,0.0605191212544304,0.1957245509902921,0.3333732670538066,-7.359878899885338,
SZ000157,gru32,417,0.0549830315630094,0.1842119150722374,0.2830262887082202,-7.1886953429419735,
SZ000166,gru32,417,0.0975037190609462,0.2473599456582199,0.4807306610244403,-7.407317252767992,
SZ000333,gru32,406,0.0556288267789974,0.1795427240263237,0.2398584052867092,-7.352476988682175,
SZ000338,gru32,417,0.0597652573417127,0.1939708300518196,0.3064978335480784,-6.975978962400543,
SZ000425,gru32,417,0.071926862591441,0.2100407699391383,0.3441919671276336,-7.026698713983106,
SZ000568,gru32,417,0.0625742248330365,0.2028728573910802,0.4134912128376741,-6.746731902766229,
SZ000625,gru32,417,0.0727784067688521,0.2109166992888064,0.0042320161907601,-6.345602945649918,
SZ000709,gru32,417,0.0927572295350996,0.2401776615227807,0.3789613727373844,-8.059415426270096,
SZ000725,gru32,417,0.091533463740604,0.2340689153574787,0.3114089294215482,-6.69716529061773,
SZ000728,gru32,417,0.1022796687379195,0.2425482024486929,0.5335870936147107,-6.946500705194988,
SZ000768,gru32,417,0.0722450041395809,0.2083770675951985,0.5587224456657878,-7.044987859004987,
SZ000776,gru32,417,0.0872949958244164,0.2302871133463701,0.4668364422121012,-7.346842951366292,
SZ000783,gru32,417,0.0976210710147114,0.2465494558662223,0.5387827725684975,-7.0115099681937565,
SZ000858,gru32,417,0.0682667463786732,0.2075225677638016,0.4327815099359001,-6.938603432236712,
SZ000895,gru32,402,0.0703166818596436,0.209108776278613,0.385773189318691,-6.729751853713936,
SZ000963,gru32,417,0.0917403607387467,0.2392388822228192,0.1603113712353414,-6.82053272649118,
SZ002007,gru32,417,0.0759782015350841,0.2171888615595321,0.4122990756853039,-6.457640168069146,
SZ002008,gru32,417,0.0572564989637934,0.1946254843461184,0.004568215281563,-6.494689384246742,
SZ002024,gru32,417,0.0943854189591566,0.244693324786282,0.557216586186595,-7.624022236115651,
SZ002142,gru32,417,0.0618227750783743,0.1833432000192093,0.2656058610073563,-7.071642587116401,
SZ002146,gru32,417,0.060334436215316,0.1918928353625309,0.3737564912343295,-7.298175162561365,
SZ002153,gru32,417,0.0691532188050787,0.2068121105373574,0.1177912674486352,-6.409342980330012,
SZ002202,gru32,411,0.0633838994516927,0.2028315212318122,0.2392162462368946,-6.899947737019328,
SZ002236,gru32,415,0.0690202324356864,0.2124074777297383,0.1473656804945056,-6.595616382190233,
SZ002241,gru32,417,0.0558312257060935,0.1915231552081919,0.2936792419225862,-5.995801668197152,
SZ002304,gru32,417,0.0716789884901754,0.2109376627392863,0.36609074577535,-7.012089096210411,
SZ002415,gru32,415,0.0553345647129415,0.1864379595612253,0.1371040769487871,-6.925166313113883,
SZ002456,gru32,414,0.1702813566671324,0.2443810731555517,0.0527747966413325,-6.045364084600257,
SZ002475,gru32,417,0.0465556117112355,0.1750953015093327,0.1382611273958124,-6.291927260626601,
SZ002594,gru32,417,0.0749402939984947,0.2171525166757213,0.5565651381552188,-6.87296137235376,
SZ002673,gru32,417,0.1093312043997932,0.2577926671500015,0.5373255525352914,-7.034713266729532,
SZ300124,gru32,406,0.0498594998851182,0.1738932608222485,0.3770530956277899,-6.731891010826494,
SH600000,lstm4,417,0.134084868564311,0.2379154788638312,0.2092889985191505,-8.116543917310649,
SH600009,lstm4,417,0.1266705932348444,0.2319879362101389,0.2784045240421475,-7.170992552866356,
SH600010,lstm4,417,0.1647390941405571,0.2803891843808267,0.1918223429021897,-7.343884319724161,
SH600015,lstm4,417,0.1671242446702663,0.2916334449706039,0.1526299209654699,-8.700045047340254,
SH600016,lstm4,417,0.1582845002188898,0.2776827235964743,0.097321274906485,-8.799905000653451,
SH600018,lstm4,414,0.1510563689934267,0.2820667704871387,0.5077809471624926,-7.40002898310671,
SH600028,lstm4,417,0.1450658624750538,0.2618694221176013,0.1534792802920946,-8.729306562494056,
SH600029,lstm4,417,0.1541715756651254,0.274046039760947,0.2204225158059778,-7.349068162610461,
SH600030,lstm4,410,0.1797281150359392,0.286721026895462,0.298884524021475,-7.155549287339186,
SH600031,lstm4,417,0.1329919743485108,0.2174775524741695,0.2051545186374179,-6.877586659724402,
SH600036,lstm4,417,0.1269070683195548,0.2212795062393676,0.1496716493111536,-7.625963004684698,
SH600038,lstm4,417,0.1380627726509085,0.2411859984030732,0.3914954803868694,-7.031829594050588,
SH600048,lstm4,417,0.1310581546334679,0.2288315358822944,0.1301227225092308,-7.082263856690047,
SH600066,lstm4,417,0.1469593563401063,0.2612264088061822,0.3793209521967607,-6.919512149342468,
SH600068,lstm4,417,0.1618573954944728,0.2653066281430644,0.3353894867538971,-7.571912714371976,
SH600085,lstm4,417,0.1618150962474776,0.2691695234131353,0.2891526080386257,-7.578190377399632,
SH600089,lstm4,417,0.1402198951936592,0.2610033322161621,0.6498034030029141,-7.614380998171343,
SH600104,lstm4,417,0.1281328917308785,0.2499807953141649,0.3177914172529331,-7.388119464408469,
SH600109,lstm4,412,0.1682588892912234,0.2771629524730236,0.4272056412051547,-6.8274051977104255,
SH600111,lstm4,414,0.1659286801355538,0.269794466559536,0.3436956073072275,-6.9203828425918354,
SH600115,lstm4,416,0.165657452632233,0.2833359279539779,0.2874630602054884,-7.277702696494196,
SH600118,lstm4,417,0.1183446134934112,0.2383641653727532,0.604237967826893,-6.713852817554618,
SH600170,lstm4,417,0.1446883697193165,0.2670766128129609,0.3661770882429763,-8.079906020020383,
SH600177,lstm4,417,0.1847935095655525,0.3242778156121993,0.1826633710152071,-8.069994124155125,
SH600188,lstm4,417,0.1506455938180366,0.2513216395814988,0.126293804794332,-7.491505788740425,
SH600196,lstm4,417,0.1551772781805914,0.2609784740967869,0.4212998354606897,-6.721964613614982,
SH600208,lstm4,416,0.2881437332547332,0.3131675694509461,0.238554254707356,-6.99378672714686,
SH600276,lstm4,417,0.1153992236584243,0.2172584415605919,0.1433138371842423,-7.163729343366059,
SH600332,lstm4,417,0.1337004177083053,0.2298663662958658,0.3317362604537385,-7.283123880614371,
SH600340,lstm4,417,0.125805141690904,0.2206720326960753,0.3387649677050732,-7.309344374326791,
SH600352,lstm4,413,0.1479212042965183,0.2521266024712016,0.43551366367241,-7.094283980945441,
SH600362,lstm4,417,0.16027700982029,0.2650085354514022,0.2824725670302369,-7.46014566427803,
SH600369,lstm4,417,0.190768507885643,0.3020382448829128,0.3500409310446924,-6.930968566031178,
SH600372,lstm4,417,0.1556779497908589,0.2609529736301988,0.3344189154374842,-6.9869480951949,
SH600383,lstm4,417,0.1346295054197855,0.2309843362658972,0.1684142248419331,-6.8298700299732955,
SH600489,lstm4,416,0.1402478647545715,0.2636466795863811,0.187997310129471,-7.2411207678754845,
SH600519,lstm4,417,0.1227225097926725,0.2223701618804135,0.2180707819738285,-7.546963510535802,
SH600547,lstm4,417,0.1458388561921134,0.2509853754106621,0.1505148678156542,-7.077383354112684,
SH600570,lstm4,416,0.1398195088384042,0.2497232197462294,0.2413969254138421,-6.628199559651743,
SH600583,lstm4,417,0.1294426605999919,0.228287391705089,0.1700803748355529,-7.21854813516291,
SH600585,lstm4,417,0.1335456762677637,0.2204673340911069,0.1469427134368508,-7.305180763820553,
SH600588,lstm4,417,0.1362895581861226,0.2394917863121768,0.3301723708826717,-6.28302506812174,
SH600637,lstm4,417,0.1391286363312037,0.2539293106611263,0.3374324942665964,-7.413725628383928,
SH600660,lstm4,417,0.1461871228119363,0.2440495782635866,0.3726364099746188,-7.377877877730848,
SH600674,lstm4,417,0.1135977600486535,0.2268257256357534,0.0272701627219,-8.102665979268252,
SH600703,lstm4,415,0.1453723007397994,0.2556984572534423,0.0830341405703238,-6.017598989056215,
SH600705,lstm4,417,0.1604750408027618,0.275071996341151,0.4194533886368921,-7.228943842534837,
SH600741,lstm4,417,0.1305387221961809,0.2252698277052345,0.1452033756654478,-6.64522551896659,
SH600837,lstm4,417,0.1670967080849573,0.2796757813256655,0.3345683464866936,-7.01521544933222,
SH600886,lstm4,417,0.1144739610529544,0.2155403568704917,0.0885093486572644,-7.648013328139484,
SH600887,lstm4,417,0.111111793574138,0.2036202080149664,0.2576107093553021,-7.347632196251613,
SH600893,lstm4,406,0.1474919559804367,0.2510511895231448,0.5267441785194582,-7.1176208790439714,
SH600999,lstm4,411,0.1362774984992829,0.2544144373729928,0.3688061987343607,-7.072372854226435,
SH601006,lstm4,417,0.1257323920664595,0.2309572171052213,0.0377499439666991,-8.6643477384265,
SH601009,lstm4,417,0.1496634861725326,0.2618503336683115,0.2767760477497621,-7.822045730424142,
SH601111,lstm4,416,0.1581513787584511,0.2676124523873485,0.1279856723908179,-7.139449931804578,
SH601166,lstm4,417,0.1328486327607206,0.24547165848917,0.1761280016275943,-7.961831074857634,
SH601169,lstm4,417,0.1346818902592069,0.2515144592131584,0.1775703458127798,-8.667243605595864,
SH601186,lstm4,417,0.1429625209637496,0.2558020086063799,0.3123955126432257,-7.623534039757328,
SH601225,lstm4,417,0.1399634067027508,0.2493519287590206,0.1779315947527978,-7.524532096891929,
SH601288,lstm4,417,0.1515582668191883,0.274800790110726,-0.0221209166211318,-8.992733389591058,
SH601318,lstm4,417,0.1142097936559105,0.2141184582874386,0.3646454829445901,-7.927595714769931,
SH601328,lstm4,417,0.1756610375680565,0.3098624159047074,0.1771049140284937,-8.894428897357972,
SH601336,lstm4,417,0.1488311772623429,0.2528344427184266,0.3838124459996485,-7.185483034510262,
SH601377,lstm4,417,0.1820722956519987,0.2870283468859168,0.3716342446778242,-7.022365552202998,
SH601398,lstm4,417,0.1395544608459197,0.2640755680057712,0.1159554273675105,-8.739390609477207,
SH601555,lstm4,411,0.1765703946506742,0.2857581358490407,0.3963448573593718,-6.753975266382227,
SH601601,lstm4,417,0.1345998659701272,0.2413131382289182,0.1196787807171512,-7.311258103152307,
SH601607,lstm4,417,0.1610700556536902,0.283065010158838,0.3867246532745302,-7.334316717082814,
SH601628,lstm4,417,0.1361026141310617,0.2312334232322354,0.3954863684845863,-7.011423854209149,
SH601633,lstm4,416,0.1647104269136772,0.2835152394963859,0.3962842755429712,-6.466857965941795,
SH601668,lstm4,417,0.1389592032702686,0.2448458695217739,0.0879466009867168,-7.90387693107028,
SH601669,lstm4,417,0.1746614704756255,0.2732055901024108,0.2786806220924359,-7.628943715412391,
SH601688,lstm4,417,0.1617849016224822,0.2651846925289387,0.2869631747451946,-7.169871852111672,
SH601766,lstm4,417,0.1302632073593322,0.241445438920984,0.3190857976940905,-8.178348048210573,
SH601800,lstm4,417,0.1851913591656548,0.289632287535878,0.2511474486207268,-7.460433485393778,
SH601818,lstm4,417,0.142462071372629,0.2480384404589364,0.2849336493002433,-7.8714700268874545,
SH601857,lstm4,417,0.1465307838366319,0.2675517002531488,0.0168158464944281,-8.8357227342085,
SH601888,lstm4,417,0.127868804353954,0.2288106803272577,0.5146905647676021,-6.754495080853796,
SH601899,lstm4,413,0.168123664844528,0.2638674994799483,0.3158839211245171,-7.025358150917484,
SH601901,lstm4,415,0.2040277920837222,0.2945157182421985,0.2872111369369761,-6.891940453306181,
SH601933,lstm4,417,0.160700199673828,0.2547342879322514,0.1365316228380811,-7.073741290677752,
SH601939,lstm4,417,0.143531330106931,0.2495109120865692,0.2383497131926742,-8.417182268693125,
SH601988,lstm4,417,0.165518394824629,0.2976434048456533,0.0300960122652058,-8.97420922830372,
SH601998,lstm4,417,0.150170288855769,0.2599662088732256,0.341736834930588,-8.215120512571364,
SH603993,lstm4,417,0.1616300582636655,0.272130389231834,0.2623976263730444,-6.9821731138957235,
SZ000001,lstm4,417,0.0639840140714951,0.1895506988538878,0.1579217689658544,-7.250608678778004,
SZ000069,lstm4,417,0.0603154085567699,0.195481120500008,0.3356171914083941,-7.360454194006239,
SZ000157,lstm4,417,0.0565558567593667,0.1858058028388184,0.2625167917563609,-7.187377643653652,
SZ000166,lstm4,417,0.0984153589579609,0.2479125252157955,0.4758755985584566,-7.406319908836424,
SZ000333,lstm4,406,0.0578395270617412,0.1857212579225454,0.2096502320129116,-7.347420785869305,
SZ000338,lstm4,417,0.0600617301700035,0.1948960095160626,0.3030576317007364,-6.974359102413636,
SZ000425,lstm4,417,0.0737438439471578,0.2110139884046642,0.3276252641500988,-7.019915444599572,
SZ000568,lstm4,417,0.0665131809611735,0.2075430014826493,0.376571340676836,-6.734200732026541,
SZ000625,lstm4,417,0.0785742427303414,0.2202339034341229,-0.0750677122052076,-6.331107957415666,
SZ000709,lstm4,417,0.0912652207989509,0.2402604533261345,0.3889508372999392,-8.065579734954307,
SZ000725,lstm4,417,0.0958329947742984,0.2411510787263183,0.2790642703592959,-6.689562494418051,
SZ000728,lstm4,417,0.1027914515011158,0.2435209938884168,0.5312532760636204,-6.9463596392845,
SZ000768,lstm4,417,0.073870424625247,0.2094964387602485,0.5487942632921848,-7.040507639533323,
SZ000776,lstm4,417,0.0886899068792615,0.2326900282929835,0.4583168732061662,-7.345698916919763,
SZ000783,lstm4,417,0.1000155546203335,0.2471892758105974,0.5274698758932626,-7.003729319420195,
SZ000858,lstm4,417,0.070710331405031,0.2099429815129275,0.4124781165193518,-6.927840583914096,
SZ000895,lstm4,402,0.0722065104302304,0.2111898037046612,0.36926525201353,-6.725431747620996,
SZ000963,lstm4,417,0.0916090146559533,0.2380993107887014,0.1615135663353631,-6.818092039774447,
SZ002007,lstm4,417,0.0759506634157928,0.2184767119882859,0.4125120864941206,-6.4636600538057705,
SZ002008,lstm4,417,0.0614917375432977,0.2008055439885606,-0.0690634453019869,-6.481127143577,
SZ002024,lstm4,417,0.0942989038022417,0.2442453916147414,0.5576224484156111,-7.629651072587181,
SZ002142,lstm4,417,0.0620649803171681,0.1847407698151729,0.2627286995150427,-7.073609529804532,
SZ002146,lstm4,417,0.0613950544256091,0.1936286532743394,0.362747765353402,-7.295273506934744,
SZ002153,lstm4,417,0.0744793274869707,0.2147992502612571,0.0498444723337605,-6.394262544364087,
SZ002202,lstm4,411,0.0639458633565397,0.2033003073220027,0.2324711104420438,-6.897857753477513,
SZ002236,lstm4,415,0.07227830703598,0.2178642189325732,0.1071173921059095,-6.5824185854501644,
SZ002241,lstm4,417,0.0578239277825492,0.1939441818421222,0.2684695707490764,-5.989867103785033,
SZ002304,lstm4,417,0.0732030181491089,0.2115816565734596,0.3526126467555344,-7.0057682145759745,
SZ002415,lstm4,415,0.0563193384333204,0.1875791409656929,0.121747360349475,-6.9200046064738165,
SZ002456,lstm4,414,0.1659271393699892,0.2426398960150007,0.0769960293439633,-6.0691616384230045,
SZ002475,lstm4,417,0.0497436739688336,0.1805648075350249,0.0792504716515657,-6.282097626302737,
SZ002594,lstm4,417,0.0760896614445288,0.219540746041169,0.549764129412829,-6.871217526274127,
SZ002673,lstm4,417,0.1099665967878391,0.258485032282327,0.5346366603413721,-7.034348234530133,
SZ300124,lstm4,406,0.0519805910505422,0.1769705608574531,0.3505520842169922,-6.723884850684948,
