stock,model,n,mse,mae,r2,qlike,r2_offset22
SH600000,naive,243,0.10898977524853908,0.2530709672907011,0.09926349249166555,-8.376897763544987,0.0729206699304209
SH600008,naive,234,0.30345521006518916,0.33588926052144136,0.2320496543966375,0.6330673295324197,0.11292355363354589
SH600009,naive,244,0.0958909050148438,0.25089834376606207,0.464600314695537,-7.423547475214167,0.2706147653324168
SH600010,naive,243,0.11533839086159157,0.26497512084745567,0.18004696318444324,-7.423343528211115,0.17774303243740042
SH600015,naive,244,0.12350006901552306,0.27158983536463144,-0.21775396677368608,-8.329390940282462,-0.20352505956541922
SH600016,naive,243,0.12299156063291614,0.27271718265655814,0.26057380457543955,-8.653832457709063,0.26330634673376374
SH600018,naive,240,0.10371752398923718,0.2513808850649125,0.3565374572566006,-7.438028210656923,0.34965529670253925
SH600019,naive,225,0.08604509743397346,0.22442553267126406,0.25801877173423826,-7.1201434155962575,0.387051964896996
SH600021,naive,238,0.12715853256851486,0.27438270105846724,0.04809723055582593,-7.8837543457363015,-0.03512558205335292
SH600023,naive,244,0.06602900151157873,0.20370514228407482,0.44629399161300654,-8.823303396310044,0.3902017005155871
SH600028,naive,243,0.08666420048871241,0.23976366617384404,0.19872685940106705,-8.230692209789733,0.07978480906887186
SH600029,naive,240,0.0877305951583026,0.2229335200235312,0.4676916031515801,-7.067455827364766,0.4867870685204172
SH600030,naive,244,0.10043896690570482,0.24657074532899842,0.1679531731488496,-8.064136607225427,0.1900281934472159
SH600031,naive,243,0.07047862207961211,0.20926560360296317,-0.08576137086793523,-7.160559089471986,-0.06425611836294465
SH600036,naive,243,0.06812386494052347,0.20273609432079778,0.5120533390446735,-7.55802884409767,0.468275221269833
SH600037,naive,223,0.08824128796290928,0.22421957855305005,0.13696105862973695,-8.031626860795608,0.1788792837484332
SH600048,naive,244,0.11004004306489805,0.2697158436678053,0.3857797874481166,-7.2867800536591165,0.29408035465051763
SH600050,naive,149,0.1486216473356202,0.28584278895193205,-0.39132135788998257,-6.79355683282339,-0.5219974736023867
SH600060,naive,223,0.07367310629888355,0.22029199814864234,0.2638585604918672,-7.601957053096249,0.2671461195525102
SH600066,naive,243,0.08984452145486592,0.2368581994181666,0.40057011617966554,-7.467904417440887,0.30568103928321444
SH600068,naive,244,0.09106688190156323,0.23715402616730202,0.24708871630850326,-7.022846440078752,0.2663964449528261
SH600085,naive,243,0.08888706639508603,0.2375899847389447,0.31868878679600265,-8.132562211765867,0.23111800316897646
SH600089,naive,238,0.12021031780761259,0.2806775707238565,0.1702271470692115,-7.408893831797819,0.1936733536252867
SH600100,naive,138,0.1492416645879016,0.3005350755920976,0.2990988333144018,-7.535385879124105,0.2557278997416683
SH600104,naive,243,0.07902623508420882,0.22339326228170542,-0.20960966969510286,-7.6462116582515085,-0.19809954208790814
SH600109,naive,244,0.10411055201997649,0.2573506954495375,-0.5371472412131264,-7.711123135325825,-0.5196531691948665
SH600111,naive,243,0.09026757792786325,0.2276942378131231,0.6434315402809936,-7.005884973604182,0.6409457358967725
SH600115,naive,244,0.123299617567035,0.2848355389044224,0.31499634936363574,-7.53949966902041,0.3300675016176624
SH600118,naive,244,0.09068497559463559,0.23872953194726207,-0.3064435737030793,-7.9436297563721885,-0.290047642660894
SH600150,naive,175,0.09080879691007102,0.23913807977282034,0.15554959310446115,-7.148631232906537,0.13047415022106457
SH600153,naive,243,0.08763225382277587,0.23981017212838618,0.16027359463519708,-7.600149564453809,0.11868721548569927
SH600157,naive,214,0.1339759360252046,0.2775928134490751,0.1094203045683273,-7.929116591399829,0.20443508396601917
SH600170,naive,243,0.0994287361421618,0.24908429717894645,-0.1128469020862346,-8.387683776046565,-0.1022923590211735
SH600177,naive,244,0.11240045822796595,0.2803145816919401,0.11957536034258553,-8.7696735518882,0.16203731426956558
SH600188,naive,244,0.07268547981748248,0.21544384923036597,0.20334308118035238,-6.850496505714038,0.17455249551866492
SH600196,naive,243,0.05519248495563791,0.18796009224121757,0.49645721864346093,-7.05681714512883,0.4502890836671356
SH600208,naive,241,0.10356035623496207,0.25197020014401666,0.5266831395990155,-7.586719057293944,0.5255460758448202
SH600221,naive,243,0.11134804263541542,0.27711100048065396,-0.19152632815567272,-8.656737616553754,-0.05275650711955815
SH600252,naive,99,0.0819793570534238,0.22763896834525155,-0.12952910900710668,-8.44214830840914,0.12280033810079194
SH600256,naive,224,0.10721132046469835,0.25115609763117047,0.10505614887936132,-7.922398359848093,0.23032254124525597
SH600271,naive,238,0.07175755360903893,0.2198253269443928,0.5284981916561478,-7.710623787198233,0.533275361165414
SH600276,naive,243,0.0933043037234555,0.23693694369976606,0.055409516057611685,-7.583647385214923,0.11518765860287372
SH600309,naive,225,0.061362162190322686,0.20026643962616603,-0.36793079398213613,-6.773714070326068,-0.348902811271915
SH600332,naive,199,0.055178124722943304,0.1967502823376809,0.3619980205439277,-7.693739481339051,0.12760052549676704
SH600340,naive,240,0.6214101706071815,0.3625859748089705,-0.6705811782636246,199.24511901904125,-0.6891428424593293
SH600352,naive,243,0.058641546649190336,0.19359877482782975,0.6265465354518468,-7.765834594267672,0.6357581979898004
SH600362,naive,243,0.07477687492287644,0.22552436876032658,0.1852536409432517,-7.078182045959943,0.10327677690524895
SH600369,naive,243,0.15151198200691612,0.3068059723420007,-0.3263727603756241,-7.9222577298674945,-0.22687380234250698
SH600372,naive,239,0.10469247503842799,0.26935582142392334,-0.16552097323888515,-7.274269280935487,-0.07258561632754179
SH600376,naive,243,0.19133594010836494,0.33430462246733433,0.0881134569963935,-7.584486572447067,0.11811463430382174
SH600383,naive,243,0.08306953999020121,0.2301566717787871,0.21811370341313185,-7.406222937154773,0.21158100953797288
SH600406,naive,136,0.07086104399720679,0.20625990936705935,0.46761326318983165,-7.178174948415226,0.5063177006922155
SH600415,naive,243,0.12144089853604659,0.27952221198416627,0.13703729321022762,-8.127070090244414,0.14894648147854983
SH600489,naive,243,0.1073567163370663,0.25611708462692195,0.05255274764496698,-7.802429044425546,0.09507537376677566
SH600518,naive,243,0.08336571888628885,0.2303035615256886,0.33293990383527794,-7.829182480760886,0.35638757284323075
SH600519,naive,244,0.08986076764704679,0.2409866556331702,0.03833908905030681,-7.739011386829103,0.09780763874980525
SH600535,naive,243,0.07662085289032096,0.21509814465672272,-0.016859810587117607,-8.129882481625678,-0.01669185579740895
SH600547,naive,214,0.09850434231766746,0.25210114448071086,0.08662384294781256,-7.741912455497287,0.10783050647994497
SH600549,naive,244,0.07134518292696895,0.20681669452857787,0.3047464502350593,-6.54935254172157,0.3779902128234667
SH600582,naive,99,0.0940585562158489,0.24914270425751792,-0.6267232371951812,-7.199637439732597,-0.4702395014969989
SH600583,naive,243,0.10977615446522052,0.26092935768174164,0.16361584438983756,-7.835170725020671,0.16603333765670958
SH600585,naive,244,0.08902890569310144,0.2359328431944834,-0.04138307248974438,-7.045205269885856,-0.06642922926420014
SH600588,naive,242,0.11836500683774184,0.26528623129264245,0.209834355786086,-6.712919950241835,0.24988347726984006
SH600637,naive,236,0.06510187239852659,0.20897709814336685,0.27364944267302926,-8.54326782323159,0.3002984133262955
SH600648,naive,95,0.14482370098203134,0.31146404671946554,-0.4493312849065956,-7.718432854008049,-0.3513574662748784
SH600649,naive,186,0.18696448107237112,0.2951283896529716,-0.16198078773500701,-6.7802392270196705,0.19700322284921468
SH600660,naive,243,0.06859512838707289,0.2141164687271646,0.06227128490053668,-7.474586449776613,-0.1588360566029734
SH600663,naive,243,0.14929921541801902,0.30427981964316325,-0.3713997765245485,-7.736940415691035,-0.29424357154182035
SH600674,naive,243,0.09289251556694555,0.23704497730562504,0.09528254574576811,-8.474507350795248,0.0981355850949327
SH600688,naive,244,0.09314498458435218,0.23743759005267664,0.21752649739132834,-8.016768832899833,0.1437131932299397
SH600690,naive,244,0.0871723008094877,0.23120811510566638,0.3683432991408935,-7.1588388028238406,-0.022678770841348506
SH600703,naive,244,0.05575507135524795,0.19346637677712775,0.06290324670098935,-6.7479909337342034,0.06794318618073247
SH600705,naive,243,0.11310063156462041,0.27251047106362714,-0.4643483140736624,-7.969521772020606,-0.4982759820537317
SH600718,naive,224,0.07545523815618427,0.21779212837290132,0.008375606454181339,-7.221256885212207,-0.03549686611570868
SH600737,naive,223,0.10151117427838947,0.2572457607665099,-0.5285534548544248,-7.486217262119809,-0.5046761766532972
SH600739,naive,237,0.09264287970576693,0.24084612116797702,0.1557069677208066,-8.018238488211738,0.2096738106046605
SH600741,naive,243,0.06582534006211016,0.2016834145341897,0.46068215958459946,-7.222608975447898,0.3840229085092367
SH600783,naive,99,0.07650522678960575,0.21411172663983385,-0.0012549308614373533,-7.370070227517565,0.22238290712764375
SH600795,naive,180,0.14509000677825318,0.3061814594135742,-0.21217991670894576,-8.119130485533274,-0.2166405960207214
SH600804,naive,238,0.09218768213778397,0.23060383796076517,0.02557260477007617,-7.239096117322723,0.07717831573007206
SH600820,naive,243,0.088630054500689,0.24578267586418995,0.04068436658843211,-7.9950997064290386,-0.008769323572906051
SH600827,naive,243,0.12017602583238383,0.26806763304502673,-0.5689259769256045,-7.204447995789749,-0.6105437307443213
SH600837,naive,243,0.10332195526320584,0.24636838610587564,-0.42019624516279785,-8.260597937397112,-0.41626072091694843
SH600839,naive,99,0.10232287420301521,0.2529166174909412,-1.0420344755929491,-7.902420773394237,-0.8742292095741768
SH600867,naive,92,0.12217542511270733,0.25881511071829694,-0.6271214700060126,-7.590557836797978,-1.0033539155612177
SH600873,naive,99,0.11079465399972413,0.2505873318432341,-0.1809915250240619,-7.401244228125915,-0.06060294079078288
SH600886,naive,243,0.08243342973743159,0.22304535011442592,0.0830968979936556,-8.20327393707201,0.1909490224674587
SH600887,naive,240,0.0682718935216743,0.2057507217325473,0.4683407803054116,-7.403527103788436,0.3418463757835287
SH600893,naive,243,0.09650695766327505,0.23588204263831442,0.35583358817907096,-7.34857238788565,0.3290920866625726
SH600895,naive,244,0.14129724436679636,0.2991060435096974,-0.6251239341808146,-8.127240986919382,-0.6587024529101466
SH600900,naive,244,0.07287146637715065,0.21775437844237433,0.17912086199785981,-8.590005588735579,0.06146014066330041
SH600999,naive,244,0.09405636597929579,0.25054954808561386,0.3757695912975991,-7.761558450543416,0.38470364488367603
SH601006,naive,244,0.08043193093236814,0.213326011058716,0.12153964683637997,-8.009771477826648,0.19298534775087162
SH601009,naive,241,0.08310576309862511,0.2342221349201381,0.10485018614108599,-7.9779165009176785,0.11179703578983435
SH601018,naive,244,0.15539216952603724,0.3127192369091861,0.08910896409308455,-7.541803817037847,0.05612924463114222
SH601088,naive,180,0.15611246552766797,0.2833128190586252,0.0954787540183859,-7.400812722000953,0.08022148665153317
SH601099,naive,234,0.1211167903883256,0.27202081621171575,-0.7232761261232084,-7.937385723135673,-0.5928258454189317
SH601111,naive,243,0.09664695694166021,0.24590332110449128,0.4806893980530531,-7.015851039168353,0.4698123716435898
SH601117,naive,139,0.0874884468151961,0.21908386541973449,-0.17035858245422641,-7.348770211863821,0.01609799705162207
SH601118,naive,239,0.111930950257217,0.2601156260649128,-0.5570790863614861,-7.161071430456061,-0.530127949915761
SH601166,naive,243,0.09587305662984284,0.2405433571587997,-0.06881643419797179,-8.504582142260471,-0.08822103156628103
SH601169,naive,235,0.10687402860860028,0.264172630810313,0.08860434611493873,-8.462563112474875,0.07748922484322784
SH601186,naive,243,0.10310564677764626,0.26923376269665816,0.18776625499478117,-7.600219137589612,0.2375988339573012
SH601216,naive,233,0.12489153241194166,0.27852780634881963,0.011457927758487085,-7.241937184521683,-0.010027207939816263
SH601225,naive,244,0.0737369679390644,0.22319334214243444,-0.10770860100460222,-6.742037065861766,-0.035842918346588704
SH601258,naive,99,0.3460939037036086,0.3658835728759773,0.38348682458113703,-2.129835371359048,0.3070126320364349
SH601288,naive,243,0.11495781981660413,0.2755307813430924,0.3252997399959595,-8.465615346292562,0.0791822876790228
SH601318,naive,243,0.07777501243201974,0.22887861245379432,0.6674096845810292,-7.66252135370898,0.6492928278248764
SH601328,naive,243,0.1266777677393239,0.27549906410936714,-0.6931251133561704,-8.397771944214638,-0.7541388222251271
SH601333,naive,243,0.10112151137686917,0.2596202515191653,-0.05667597723786888,-7.394128873000107,-0.048065394092980274
SH601336,naive,244,0.06815000838859693,0.20523140649292587,0.5340013791475681,-6.9844978570256515,0.5094026155234652
SH601377,naive,239,0.09617293575180055,0.24767381898009141,-0.15465245019842389,-7.978628141895083,-0.09901777706848858
SH601390,naive,244,0.1313148461614224,0.29649078837487625,0.1263354395891001,-7.968831347132155,0.2000171112196102
SH601398,naive,243,0.08689996447512936,0.2440386635499458,0.35745009711400644,-8.231759993310426,0.18252323245772217
SH601555,naive,244,0.11067330303420737,0.2634795690373459,-0.571152285453699,-7.835441556345048,-0.49522824816189215
SH601600,naive,169,0.31003078998619615,0.3106758066921012,0.03481229658569318,-6.752596823055032,0.07300313627347355
SH601601,naive,244,0.05641539452715763,0.189496913806889,0.6754748598290083,-7.257372237802561,0.6616973904110948
SH601607,naive,243,0.09795716814407664,0.2488836568518027,-0.0890191001559344,-7.477706566876451,-0.043022626008626386
SH601618,naive,244,0.14285830421057455,0.2933718906016748,0.1871696159505919,-7.827564397241059,0.2212362369298725
SH601628,naive,244,0.07990842011865638,0.2285816338413397,0.16707509274389332,-7.29988825828793,0.20961846161536102
SH601633,naive,237,0.1389623822539254,0.28541931376215535,-0.548310942000471,-7.1687139555252495,-0.5875369020894579
SH601668,naive,243,0.10031746620124653,0.2549053743517087,0.11862406172712969,-7.620225781190021,0.16080165375410727
SH601669,naive,244,0.0922487875625174,0.24054693835806593,0.42605885249878295,-7.6836649143111035,0.46119972778792806
SH601688,naive,244,0.09000858848701924,0.23924637623150427,0.09646362746585568,-7.467059770006524,0.05108703066128695
SH601718,naive,244,0.13236028646740938,0.27273055548721403,0.1627856847736342,-7.457113704298556,0.23002711968135037
SH601727,naive,155,0.17747195379060665,0.3341112090857225,-0.3214007475420333,-7.090716993531323,-0.1686429109053469
SH601766,naive,243,0.13570981782231178,0.2925668414316321,0.497156064875955,-8.014040884104748,0.5848562366201544
SH601800,naive,244,0.10223046154642101,0.2567288090336547,0.2449964477860348,-7.2455410716780655,0.26735944821647906
SH601818,naive,244,0.09630813708526287,0.24798553657402375,-0.3494949787308359,-8.505618275827517,-0.3257502367900169
SH601857,naive,243,0.08396158359696555,0.22892211175102725,0.057501614118894206,-8.574508677740663,-0.06743458200760766
SH601866,naive,244,0.1260888524868186,0.27451986459444533,-0.08455919979855109,-7.779846655149325,0.051033537946922
SH601872,naive,144,0.10752095986545308,0.2594386696427141,-0.2729418232189764,-7.9537936267699205,-0.2342910664052742
SH601888,naive,244,0.09230082409904901,0.24388431071918992,0.23061593584784812,-7.116332189326708,-0.04440455385916242
SH601899,naive,244,0.12041228170782216,0.28635208265397966,0.06774455942508273,-7.6448025418472225,0.08940232095837075
SH601901,naive,234,0.11035612453654628,0.26027722648284946,-0.23179518809996913,-7.452154631617398,-0.10355635915804218
SH601919,naive,194,0.1501386839757202,0.2673677062254982,-0.646571311424808,-6.405000860629247,-0.5356335463603819
SH601928,naive,99,0.0900112026506655,0.2420721213577245,-0.45432227561635985,-8.671340101717782,-0.20383440332342206
SH601933,naive,238,0.1492975001353991,0.3067522174697744,-0.0017272765419669156,-6.773348043162168,-0.2606150093004249
SH601939,naive,243,0.08503314693501134,0.23045011114533687,-0.03105792742057334,-8.118524713221872,-0.13275842302301077
SH601958,naive,243,0.11412002227529786,0.25888196439053646,0.21323385933108818,-6.974274284404024,0.33559624466389804
SH601988,naive,243,0.10673581733130816,0.2679809540544809,0.03252538599281518,-8.449914379078328,-0.005696266281910889
SH601989,naive,130,0.09913055616810192,0.2684048874598551,-0.07240805036072406,-7.415453553513972,-0.07038025262224346
SH601992,naive,140,0.10714721084319931,0.24455750002048476,-0.4358500143533135,-7.158856699674321,-0.2921903344219223
SH601998,naive,243,0.11796588116089643,0.2642567030682932,-0.18842195559366104,-7.992101638166149,-0.22779809401695505
SH603000,naive,99,0.119325929525934,0.2603491176532591,-0.732602835145417,-7.390804541977112,-0.22672582485816473
SH603993,naive,244,0.11499201292549964,0.25705850127744606,0.1462699364361656,-6.103759152334231,0.06425346607012239
SZ000001,naive,243,0.107242070289573,0.2530340515041895,0.7420981497801548,-7.9241610952006285,0.6910637393771564
SZ000002,naive,239,0.19663079781670725,0.3506345651681106,0.273773854161931,-6.887905770738302,0.3111213047470873
SZ000009,naive,224,0.10039269935184132,0.2521745760210883,0.16749550926821266,-7.363328416662202,0.25381977137833533
SZ000027,naive,99,0.20112606171482972,0.36273221632930275,0.1748561608561473,-7.7251838090139575,0.19785400127319364
SZ000039,naive,99,0.11751280823731956,0.27191699064251995,-0.5501092972462762,-6.931628139871652,-0.33034320590982746
SZ000060,naive,244,0.07038434572589027,0.21119587555824376,0.23916165345043539,-7.291768425470326,0.32352794855368283
SZ000061,naive,99,0.12460543469568966,0.29642962941406337,0.25117412835436903,-8.024637297414934,0.3838589263362253
SZ000063,naive,234,0.06321855442623915,0.20213882970125077,0.5454621875892245,-6.93194203353154,0.350200674173063
SZ000069,naive,244,0.09678136920278149,0.2356070092737459,0.36228951879361826,-7.203088233029675,0.06863604362275999
SZ000100,naive,169,0.09464640969364128,0.25411021862340943,0.49968754085953415,-7.4353972426640045,0.5448441116685028
SZ000156,naive,224,0.08381176077560228,0.21987769323821224,-0.3400078593910625,-8.146257671553474,-0.06302326564742877
SZ000157,naive,243,0.08952416310581365,0.22343831747757947,0.1650358931745407,-8.100870369909538,0.17411725365241604
SZ000166,naive,227,0.09400625919596096,0.24546363660983858,-0.29618973541903637,-8.434928522627146,-0.277503350910679
SZ000333,naive,244,0.06059620493062287,0.20311411613734878,-0.1367820306347114,-7.1601964605324815,-0.31644811682970353
SZ000338,naive,243,0.06993583303336988,0.21352902529517487,-0.017365640821855433,-7.330082659993151,0.061020420672953546
SZ000402,naive,243,0.12179156199361875,0.2860942277172381,0.17761292641007642,-7.185357357596698,0.21133128099463194
SZ000413,naive,198,0.15674368010784687,0.26928016529847887,-0.5702777759275202,-6.650302717557075,0.022071442362735172
SZ000423,naive,244,0.06993366544494738,0.21108243715295474,0.20093530181829244,-7.806856892306914,0.22531232375649335
SZ000425,naive,244,0.09908911106304054,0.2396227979794023,0.24463274235217347,-7.481305020703846,0.33152810136604827
SZ000503,naive,104,0.536192486903452,0.5143490110677006,-0.9695853408304091,-1.6828500084404392,-0.9451750271376878
SZ000538,naive,241,0.10450125168477867,0.24404182575013178,-0.06189518479405165,-7.335680207122685,0.17539573436741596
SZ000559,naive,238,0.10597181670472976,0.25862026585038955,0.06168059653423996,-7.399261071341272,0.06334210060801926
SZ000568,naive,243,0.0569881949637107,0.19185896028363728,-0.10024501164546251,-6.777429816886272,-0.2137312126791433
SZ000623,naive,243,0.09137860947515868,0.24704689120325424,-0.1840244808549092,-8.02107615619729,-0.1252626396077341
SZ000625,naive,244,0.10098078310507842,0.2491608099880336,-0.6949876966448418,-8.213691075754031,-0.7128340701576354
SZ000630,naive,243,0.09830781164670341,0.2584278203695971,0.05310338032181927,-7.644248809954911,-0.07088689669690718
SZ000651,naive,243,0.06374083528195817,0.20152839245091048,-0.09263835062107861,-7.232817214193212,-0.19547016850433074
SZ000686,naive,243,0.10086041532975606,0.2479546550261753,-0.27034248318821263,-7.885138826057503,-0.11779378942243324
SZ000709,naive,243,0.45967238778901476,0.3499231855477546,-0.2922421798506032,40.686323544916085,-0.30558604336043316
SZ000725,naive,243,0.07614878222727943,0.21049156446211048,0.46592446614999594,-6.976823612142622,0.4845881987510271
SZ000728,naive,243,0.12829167794702462,0.2800170731913237,-0.25971442097374875,-6.9669734644041945,-0.07927611134638024
SZ000738,naive,244,0.11273097259785493,0.265115576643897,-0.0015642796866881525,-7.44184182706535,0.021540099607354146
SZ000750,naive,230,0.11591514582736709,0.27280553866123547,-0.22694533368345815,-7.899055331913671,-0.028260660397350534
SZ000768,naive,244,0.09879364930389382,0.2516582230101923,0.005840168518584821,-7.17544821867955,0.08291249014487101
SZ000776,naive,243,0.08967887017525007,0.23640451471756677,-0.488915902418094,-7.9417215642772625,-0.3842643172098972
SZ000778,naive,99,0.6994353996248056,0.5456543646959895,-0.3567112162578374,7.893250204804871,-0.4585214288817834
SZ000783,naive,244,0.12694158968950794,0.27638022690349434,-0.5182215383016293,-7.8525474750194935,-0.34059326614817254
SZ000792,naive,238,0.1279116972660587,0.2992985568849472,0.6191621931300104,-6.93165646060423,0.6115591607130606
SZ000793,naive,224,0.1225325545980478,0.2861853338627509,-0.20449158549008972,-7.574821451541254,-0.2642569878822376
SZ000800,naive,99,0.08173351224795765,0.23378599564766292,-1.661353462145613,-7.211295411090892,-1.6466622374995157
SZ000826,naive,244,0.0793193351876668,0.21298056181402591,0.19228936022180554,-7.509107210268894,0.23634588162445258
SZ000839,naive,243,0.09257404035268513,0.24692204740260043,-0.2681356351142541,-6.4901520524250005,-0.33605253144872593
SZ000858,naive,243,0.04345105815986506,0.1660415496233726,0.18355490966167642,-7.085360056817427,0.04289369187371617
SZ000876,naive,244,0.1077521916371139,0.26037999055012945,-0.012609290539468576,-8.707561612852524,-0.01489314074380177
SZ000895,naive,243,0.05396776902899675,0.18576886620807004,0.44489446731971194,-7.729044759174666,0.4431610663850012
SZ000917,naive,224,0.10534636469513138,0.24690026869517484,-0.13676974964012323,-7.4936991207578965,-0.11121881906375308
SZ000963,naive,244,0.06347411705714211,0.1990074771593256,-0.016859972364270837,-7.298665716624775,-0.3113945470898458
SZ000983,naive,244,0.08067501119694122,0.2216567691090384,-0.21161411837211275,-6.625094880692668,-0.13252559096882832
SZ001979,naive,244,0.10551731704358253,0.25791627651621396,-0.20967561980962857,-7.339148405149499,-0.09755281775848967
SZ002007,naive,243,0.07041853432654076,0.21892617399878153,0.13572264264960476,-8.003987241046353,0.18150061824891095
SZ002008,naive,244,0.05350250468843544,0.18464553420519186,0.4151384109567078,-6.780340697491597,0.17145296462814852
SZ002024,naive,241,0.08033771149387733,0.21646001393190237,0.530446268031608,-7.586217921375686,0.5803090331468903
SZ002065,naive,244,0.12126392180028354,0.27312721179849503,-0.7401128000905044,-7.179049291543387,-0.49086967839596407
SZ002081,naive,243,0.07626682808866213,0.21363741404385186,0.40841548741700895,-7.21085680480102,0.504349226603819
SZ002142,naive,244,0.09069714173003908,0.25354671542071106,-0.09817090161878728,-7.488962543647576,-0.04676947965676659
SZ002146,naive,243,0.38001582930963806,0.3588915584950906,-0.32384244622341907,9.344884977374182,-0.34497714666689316
SZ002152,naive,224,0.06029920659086706,0.19058202385526798,-0.306795281760436,-7.773449113888035,-0.2914882804645702
SZ002202,naive,244,0.09068512919315994,0.23630249888626292,0.5543047618401749,-7.4431677132936915,0.6005337172238887
SZ002230,naive,243,0.09973781155951153,0.2536275026253074,0.15367081102167446,-6.45190637850307,0.09405512112288017
SZ002236,naive,243,0.06722615030370145,0.2048198777122941,0.12049498799153902,-6.5527535084353525,-0.35852108971668084
SZ002241,naive,244,0.060913201804131525,0.20430135662716148,0.22931091895051126,-6.967698504776194,-0.1210105955945655
SZ002292,naive,243,0.11495078021361624,0.2685603981340664,-0.485641843088058,-6.974978027422546,-0.5711837580632437
SZ002304,naive,244,0.07349938715685735,0.21759243616428364,0.2614077866208149,-7.039960153377288,0.2573600617220084
SZ002385,naive,244,0.1806157630697922,0.33013138744142306,-0.24992677294319088,-7.870821507367039,-0.06865348218776557
SZ002415,naive,244,0.05205883260465573,0.18098741305534063,0.321179227398078,-6.967838608713829,0.18083575073586378
SZ002450,naive,221,0.06799302461820077,0.2030770384814487,-0.07991647797073065,-7.469145704456246,-0.23719215781337066
SZ002456,naive,241,0.04942425403522582,0.17796285636366793,0.20810421777798005,-6.861004650063808,-0.0005019395741130417
SZ002465,naive,238,0.133724654562684,0.28077054479676333,-0.3988522738870335,-7.6053307964554095,-0.45129700411470375
SZ002470,naive,196,0.07903846416609475,0.22516844237524947,-0.15903521284231137,-7.90956624601589,-0.1445658102517906
SZ002475,naive,243,0.05610544979898738,0.1905163944038202,0.1699364671171505,-6.767803098352327,0.08014900593692476
SZ002500,naive,244,0.15139879365923897,0.29416321981746635,-0.332809221000667,-7.142852403214002,-0.10881733831384666
SZ002594,naive,244,0.08531346865409693,0.22482418167037913,0.6043323078472984,-7.580921248775456,0.6126614620504476
SZ002673,naive,238,0.1901634112909783,0.33278175656084696,-0.69602325394113,-7.0775817008264585,-0.5667209727157343
SH600000,har,243,0.09173574866398952,0.2491504909041522,0.24185789284511927,-8.457210602375037,0.23536215033435126
SH600008,har,234,0.25687699796121766,0.3397121619705795,0.3499245594778436,-5.2951959705945795,0.2516867238892506
SH600009,har,244,0.07812324942451421,0.226117377759877,0.56380468877239,-7.48182659889798,0.3961901699378899
SH600010,har,243,0.11067516042131763,0.27613575322678907,0.2131983703812178,-7.5022686620133054,0.1929208181849812
SH600015,har,244,0.1052867495591717,0.270224273233251,-0.038164253238380574,-8.454440163722106,-0.00425426660024697
SH600016,har,243,0.11528143211396721,0.27475086260891596,0.30692715571321694,-8.754622001261678,0.32901259459945187
SH600018,har,240,0.09494715259841112,0.2419432685441937,0.41094875882730264,-7.469415720788552,0.39291082176832937
SH600019,har,225,0.06887868012086294,0.20554909087213902,0.40604765173728796,-7.1628345555667225,0.4657908961162105
SH600021,har,238,0.24378787046769995,0.4284340002075927,-0.8249844848599728,-7.8585561043832985,-1.1870946360862753
SH600023,har,244,0.134358599724458,0.3123634443604615,-0.12670436085345949,-8.764557440306271,-0.34077165179446056
SH600028,har,243,0.08038276230235321,0.23339010363195922,0.25680329320740736,-8.265863214237065,0.1381215836011035
SH600029,har,240,0.08814266369801742,0.2291251087568881,0.4651913631455541,-7.077856757138238,0.4472381417770308
SH600030,har,244,0.08827135400878464,0.24158923137559615,0.2687509413172571,-8.140464402275795,0.2678676039285164
SH600031,har,243,0.05340147185508612,0.17686181351917254,0.17732138374883977,-7.2048149448680405,0.18525663069738885
SH600036,har,243,0.054021757504932946,0.18508326809624703,0.613061645629118,-7.595784177932708,0.5816088793851564
SH600037,har,223,0.07620248845949618,0.21790194928236897,0.25470585835616133,-8.100774621410254,0.27335826639894034
SH600048,har,244,0.09197439987735156,0.2529427415049089,0.4866183811952769,-7.387268551499559,0.4216476469978455
SH600050,har,149,0.11875612035693615,0.2554749788309453,-0.11173526599148631,-6.938991761093786,-0.2030180135745998
SH600060,har,223,0.06968814442272789,0.22289420487326236,0.30367628665095414,-7.63112349980258,0.27559832402685813
SH600066,har,243,0.06696848872216182,0.2033314509280565,0.5531957567995403,-7.563814990577196,0.5100814363713206
SH600068,har,244,0.07057058469888398,0.21560497985160282,0.41654541797170974,-7.087256957982317,0.44108883254136133
SH600085,har,243,0.09504444034938678,0.2592487657715167,0.2714930800515707,-8.166275451782234,0.2867249069810279
SH600089,har,238,0.10081528965723469,0.2574579835849358,0.3041047387312549,-7.502472565011494,0.29046248135239117
SH600100,har,138,0.14404788294740056,0.3269913355303192,0.3234910003502587,-7.596795448736917,0.2745198696985619
SH600104,har,243,0.06703879465453175,0.20137994326899494,-0.02612473152007344,-7.6990590595010495,0.005864959165939765
SH600109,har,244,0.09404680159482948,0.2513457313619628,-0.38856032180745537,-7.789803190677535,-0.35818317427820623
SH600111,har,243,0.08337937566023369,0.23365631779734733,0.6706408188412805,-7.0577861747260355,0.6556462097460114
SH600115,har,244,0.10414381629871022,0.2587781822351941,0.42141836476472305,-7.620626617419,0.45709247011042153
SH600118,har,244,0.09219929025369805,0.25224094371382555,-0.3282593887476781,-8.001995621155505,-0.332657051833968
SH600150,har,175,0.08823914653147447,0.24814328516933687,0.1794453210693856,-7.173074603967707,0.14819136113364628
SH600153,har,243,0.07041640452384884,0.2164660147251123,0.32524257142685453,-7.673032344522057,0.24490067187644626
SH600157,har,214,0.37580136357586746,0.5410152086999901,-1.4980684878606896,-7.833040300282733,-1.3756871898971177
SH600170,har,243,0.09681116768840989,0.25682018666851997,-0.08355001008318652,-8.43904555209634,-0.09977034530506135
SH600177,har,244,0.10624525247442217,0.26207576772859276,0.16778864072432598,-8.82782416878696,0.1895383775931756
SH600188,har,244,0.058750314710841585,0.19494037865916297,0.35607710350470423,-6.885280441078063,0.3267899487330095
SH600196,har,243,0.04071742515285475,0.15976809526916863,0.6285188911565611,-7.088924657259823,0.5804428794308315
SH600208,har,241,0.11687702607516932,0.27852158636726915,0.4658200391915308,-7.644855867371351,0.5075206418470608
SH600221,har,243,0.09343599120549148,0.2579849083687623,0.00014907416742637736,-8.761946754427722,0.043941503563345696
SH600252,har,99,0.0697375564390564,0.22884175314799904,0.039141037205165485,-8.513861501222511,0.15535966409669022
SH600256,har,224,0.12210697069869718,0.2888631695011205,-0.019284923757183714,-7.972566480126754,0.06653129791011192
SH600271,har,238,0.09142472799589897,0.2464355754309186,0.3992698690332551,-7.702660217764381,0.43480242789247314
SH600276,har,243,0.06704526056417383,0.20657052742362436,0.32124979668610876,-7.677051803457255,0.33387067116978
SH600309,har,225,0.045345596734652174,0.16833739800072028,-0.010877647245114419,-6.812432212971569,-0.009535408423648528
SH600332,har,199,0.05733369303322545,0.19861246347443448,0.337074070052349,-7.706141414256365,0.22035295748184291
SH600340,har,240,0.43094693543629864,0.361455943923311,-0.1585453106871788,-4.008082536342022,-0.16342025234638546
SH600352,har,243,0.07597707869517414,0.22236227748825396,0.5161467443091012,-7.761116677614881,0.510244903812529
SH600362,har,243,0.06352833232962524,0.20761088815892073,0.30781438090461655,-7.107799753192461,0.2283742493558435
SH600369,har,243,0.19513296984557058,0.3666236528089099,-0.708241502923171,-8.025675035444902,-0.6936663147076594
SH600372,har,239,0.08286976694683221,0.2392836915932782,0.07742699378824647,-7.365070606712683,0.11291149644776433
SH600376,har,243,0.1656596615627074,0.3215318552127834,0.2104838431712891,-7.780674184926802,0.24746666919583582
SH600383,har,243,0.0807092248152829,0.23626343659503618,0.24033000665873017,-7.446312608050845,0.27521905324828444
SH600406,har,136,0.0733590287590345,0.21746076944838175,0.44884563176736214,-7.183333917501078,0.428337458679943
SH600415,har,243,0.11418373671336624,0.27352940178334245,0.18860690514168688,-8.218128905632488,0.2399343096252856
SH600489,har,243,0.09564802611935194,0.2492165329584121,0.15588458149707585,-7.872187344074,0.1850566755522498
SH600518,har,243,0.09555486930556588,0.2547977692071831,0.2354070574870113,-7.837038826565917,0.2676046070514031
SH600519,har,244,0.07056192465568802,0.21551283124790657,0.2448690733504698,-7.798830361394935,0.30612660943084935
SH600535,har,243,0.09452917368244712,0.24794644935973123,-0.2545268555452551,-8.164599495923857,-0.16032261233114364
SH600547,har,214,0.09811419496811158,0.2572058995690712,0.09024146302868419,-7.773012954350196,0.139471675379372
SH600549,har,244,0.05740019458747408,0.18969279032133765,0.44063933391283916,-6.601622493636591,0.4672924250160977
SH600582,har,99,0.07724278127898715,0.22382445043672822,-0.3358978945388149,-7.290080604211489,-0.24319934937473553
SH600583,har,243,0.09819772275201101,0.25172016346727116,0.2518318770876379,-7.914238247559478,0.25079808837344497
SH600585,har,244,0.06916563666124,0.20671215174329188,0.19096025435509079,-7.1118082706510455,0.19838909313286446
SH600588,har,242,0.08238246629972264,0.22389965144083934,0.45004189756110446,-6.850279086613655,0.4937731497807234
SH600637,har,236,0.1387153909337913,0.3193606973321999,-0.5476667229753636,-8.474419835302093,-0.5099121889144209
SH600648,har,95,0.11335079099813215,0.2901529345393262,-0.13436437854108463,-7.814308467007115,-0.07198621402121086
SH600649,har,186,0.11731206045845377,0.28202694659399546,0.27090771658620194,-7.8885183429917864,0.14018125692937722
SH600660,har,243,0.053171121330280034,0.18481891647488594,0.2731249513217976,-7.515499958567054,0.13029786386928366
SH600663,har,243,0.11938227787408344,0.28188950110363925,-0.09659537552901298,-7.8796086891860755,-0.03480445663904885
SH600674,har,243,0.10769995376628308,0.26602728339572645,-0.048933031902970825,-8.519522544135118,-0.015730638280303966
SH600688,har,244,0.1323770737548247,0.29712749744133665,-0.11204648353578928,-8.027371225843542,-0.20247706982227376
SH600690,har,244,0.06490528233519059,0.20300306725294798,0.529691701062533,-7.252782701447253,0.270132030113281
SH600703,har,244,0.04504101080819689,0.17372432213570146,0.2429785494356803,-6.776451399135308,0.2650073541134983
SH600705,har,243,0.1894591192095611,0.3718142201500348,-1.452984903465273,-7.960046352531292,-1.421876884615478
SH600718,har,224,0.06732286144227395,0.20886806256685952,0.11525040168476952,-7.255606279935597,0.14506655803371393
SH600737,har,223,0.08896997908683667,0.24150976421842713,-0.3397083609588576,-7.545845573430795,-0.32766020441131527
SH600739,har,237,0.11912546087141229,0.2883911423117426,-0.08563979120912713,-8.025802929148723,-0.07021549390772197
SH600741,har,243,0.05655711006266099,0.18707520715148357,0.5366182927372691,-7.258535457420977,0.4830404612100453
SH600783,har,99,0.0620614900880049,0.20834488394944617,0.18777610923093702,-7.418788662085398,0.3335486579248599
SH600795,har,180,0.12302373889623962,0.2739405127965083,-0.027823410308219332,-8.188791071674386,-0.02185241435905705
SH600804,har,238,0.07380429592206071,0.21534401751146173,0.21988571396529022,-7.338506385560345,0.24365195107095727
SH600820,har,243,0.1006277282799934,0.2613690327084455,-0.08917627815447826,-8.029666773436357,-0.13045759355630482
SH600827,har,243,0.08868887243431409,0.23522120561240362,-0.15785386363592657,-7.3170077395797595,-0.15460088523295368
SH600837,har,243,0.09695870495307642,0.25113611665678953,-0.3327311543749254,-8.339644506029797,-0.3224056917733662
SH600839,har,99,0.06108545206020889,0.20152005764425732,-0.21906856150890985,-8.040931821392457,-0.10640906281745255
SH600867,har,92,0.08456474402192321,0.24257798690744425,-0.12622575674854386,-7.761902174919365,-0.029893954871586415
SH600873,har,99,0.10730834552872297,0.2658975353438994,-0.14382997788044039,-7.523457462621867,-0.0611116613454834
SH600886,har,243,0.09707864308837201,0.26200097371809683,-0.07980111066368001,-8.2337583961311,-0.06301394079153022
SH600887,har,240,0.06440787002002368,0.19915949840530053,0.4984314019917271,-7.446170440764053,0.48862671135928915
SH600893,har,243,0.12873448987228525,0.3025097637572969,0.14072066484606716,-7.385401259221511,0.19012627272363014
SH600895,har,244,0.11275652710354281,0.2704737985245821,-0.29686415154275814,-8.285610240595012,-0.29678720863427444
SH600900,har,244,0.0566884366763041,0.18976988102939543,0.36141870958528455,-8.642226408607707,0.3157412480168139
SH600999,har,244,0.07526364941344954,0.2316185511290461,0.5004925169644154,-7.827692847971966,0.5045933896021844
SH601006,har,244,0.06997560575108722,0.21355399039632364,0.23574139488673296,-8.050877080174859,0.2846915005946201
SH601009,har,241,0.0730071273696601,0.22054412069114715,0.21362473505274338,-8.025110845048207,0.20779254633413546
SH601018,har,244,0.12753637325779116,0.28637033652783245,0.252396439878942,-7.626827072900788,0.18877009366985653
SH601088,har,180,0.124619877747938,0.24979921127227497,0.27794794148156243,-7.512256807814486,0.26567978588239827
SH601099,har,234,0.11600841818171188,0.28176967285768917,-0.6505930915184763,-8.03469639500549,-0.7270813685294701
SH601111,har,243,0.0861809522700625,0.23102745099395766,0.5369261111165363,-7.037827377838557,0.5071703054196368
SH601117,har,139,0.07728196225148408,0.21826126833419437,-0.0338234484946629,-7.421815088531911,0.13014915623325551
SH601118,har,239,0.07906935072442584,0.2332750522583387,-0.09993913303033564,-7.279283034237775,-0.17649190631802592
SH601166,har,243,0.08098673425109507,0.24003640038798413,0.09713995190750746,-8.584010282461596,0.0968033910205055
SH601169,har,235,0.09506101791718219,0.24912641248360884,0.18934282059394625,-8.540259643222504,0.21570190268544653
SH601186,har,243,0.09234002579076721,0.24931120819617617,0.27257441948199856,-7.636982369616224,0.3023062350304069
SH601216,har,233,0.12263400755502554,0.285220905646887,0.02932669962071144,-7.336123391793292,-0.003324086608325505
SH601225,har,244,0.06986925776220862,0.22340572573069745,-0.049606187129425106,-6.791692079891808,-0.033485608354550944
SH601258,har,99,0.30799962730933217,0.39665518229838115,0.4513459317592631,-5.469718868727498,0.3824082085169921
SH601288,har,243,0.08819458751573053,0.2419175473336328,0.4823761339355377,-8.557015903482519,0.34081526652585836
SH601318,har,243,0.06727132511042339,0.2068340363737031,0.7123267417451853,-7.702859302482503,0.6972722993229854
SH601328,har,243,0.0940506812570061,0.2422530813110257,-0.25704433545257066,-8.533974892994978,-0.2832206997196083
SH601333,har,243,0.07990538410684721,0.230848530065886,0.16502335963914638,-7.457705642385929,0.15856477235554156
SH601336,har,244,0.05500651627612584,0.19709331623456822,0.6238744304122421,-7.023575714863747,0.6059444021311697
SH601377,har,239,0.10021624380643987,0.2650359392629677,-0.20319641441976044,-8.036563735336424,-0.16698320937166322
SH601390,har,244,0.11489947894771908,0.2794181663811396,0.23555023898134775,-8.034858904754962,0.2938909820423242
SH601398,har,243,0.06329799469394232,0.20589301569378787,0.5319662028732927,-8.28511667626146,0.4180099123444041
SH601555,har,244,0.09140808947221021,0.24722214377802745,-0.2976573820953896,-7.936296860894161,-0.2530992623237802
SH601600,har,169,0.3005345633808164,0.2904514817808864,0.06437594459870644,-6.793312157925125,0.07690947137101356
SH601601,har,244,0.046965642231265564,0.17607672354230064,0.7298338200757413,-7.288757410914515,0.7372119731772626
SH601607,har,243,0.07549995475512165,0.2133390584834792,0.160644449538345,-7.55940249481614,0.18655592097141693
SH601618,har,244,0.11789511923600575,0.27210974350287354,0.32920430789307975,-7.917586971916084,0.3141578983045529
SH601628,har,244,0.06709482868981975,0.2119912887139016,0.3006374812460484,-7.328586340165076,0.3201171222464926
SH601633,har,237,0.1140053537529969,0.27304621268334744,-0.27024115303271845,-7.309057145810847,-0.30549012657507757
SH601668,har,243,0.08691447937206828,0.23608428077730223,0.23638092441072,-7.666206737811681,0.2740472035048206
SH601669,har,244,0.1062435940722958,0.2712397689277375,0.33898784029890694,-7.705074406983238,0.36735147346345653
SH601688,har,244,0.06746302410602514,0.213109761233911,0.32278355759648125,-7.541428040482057,0.30243075414630627
SH601718,har,244,0.1051912974966868,0.24815581188882538,0.33463682761712543,-7.5357275026763295,0.36617377440793386
SH601727,har,155,0.1323378630772498,0.28594357092122236,0.014653597577913069,-7.217817408738695,0.0552764074272033
SH601766,har,243,0.17912262621934352,0.34910625622409486,0.33629911466081264,-8.067081453545718,0.40278031374060996
SH601800,har,244,0.07892979339541219,0.2290124204520896,0.41707908300902274,-7.313296143568662,0.4260433403332218
SH601818,har,244,0.07880795511802517,0.22869613034404102,-0.104277820488482,-8.58288810119944,-0.06901946442306306
SH601857,har,243,0.07184476896097755,0.21705230138715814,0.19351713154003036,-8.620202452916834,0.08139813776523375
SH601866,har,244,0.10919734094888706,0.27694654509421884,0.060733931795950324,-7.875546725448788,0.08912227172035403
SH601872,har,144,0.09334097084537218,0.24829867662406377,-0.10506477767330624,-8.037375660409099,-0.0880058774983401
SH601888,har,244,0.06865736612757556,0.21173307007476772,0.427698680907437,-7.200635220859235,0.25623736508362627
SH601899,har,244,0.0903324427422456,0.24025941694829556,0.3006285570501729,-7.718154919516659,0.3160959735045785
SH601901,har,234,0.09623864396636186,0.25467549798051076,-0.07421585385387552,-7.5498084568669475,-0.012898485744978094
SH601919,har,194,0.11055748002289617,0.22546738124003157,-0.2124841516431637,-6.640462692379805,-0.19258426413227325
SH601928,har,99,0.09661512622696308,0.2579297495391207,-0.5610226960157159,-8.709560611896375,-0.45473032379521916
SH601933,har,238,0.10343538776354451,0.26293381882630934,0.3059893890489169,-6.95179553370821,0.26103912913076266
SH601939,har,243,0.06190014109903743,0.19890165786875325,0.24943820746287815,-8.183169770535848,0.18567841756845582
SH601958,har,243,0.09031592518289182,0.2386061486497659,0.3773440411212844,-7.074075643314219,0.42119836950714284
SH601988,har,243,0.08043457396830053,0.23470861632315163,0.27092507137256994,-8.536684950431109,0.25691817321460286
SH601989,har,130,0.09238136819043552,0.2554019707653446,0.0006055975035481609,-7.4526652983948,-0.029564338115832145
SH601992,har,140,0.09052539271043862,0.24753295427340752,-0.21310564595879633,-7.2730506850113175,-0.17248457588548938
SH601998,har,243,0.10286762748071786,0.2577823167987631,-0.036317838809469816,-8.120131211341555,-0.059137998171154615
SH603000,har,99,0.08147117911805601,0.2291023425569683,-0.1829549242430597,-7.559767210185697,-0.08200012933842626
SH603993,har,244,0.09674505766459121,0.23800655292578454,0.2817399910810422,-6.166113793153653,0.1793622478939524
SZ000001,har,243,0.0972076672195281,0.24341481595865763,0.7662294548792498,-7.995206950636741,0.7351626016636408
SZ000002,har,239,0.15957754893055776,0.32215335623920505,0.41062443112216274,-7.060955454931426,0.4450443189374871
SZ000009,har,224,0.11873724026338818,0.2834357461488698,0.015373763485154845,-7.389912192254816,0.08444856140289059
SZ000027,har,99,0.14867573768628298,0.3112461429930614,0.39003991856636455,-7.8502832859146725,0.4225109870473467
SZ000039,har,99,0.07541366899493786,0.21684103096652318,0.005219676033734411,-7.042953612201397,0.05320578673981258
SZ000060,har,244,0.0577620934134798,0.19123326737564128,0.3756052543685474,-7.345272523241168,0.38663151576443033
SZ000061,har,99,0.16251531283696938,0.3456018130148769,0.02335182178762807,-8.05650962223563,0.19131052132805648
SZ000063,har,234,0.05256934408128256,0.1881742543071854,0.6220294045721189,-6.9704909002930115,0.5466588616260146
SZ000069,har,244,0.07546398507330783,0.21098384887006938,0.5027537362690333,-7.30178595372684,0.31793104166433783
SZ000100,har,169,0.09686291809831205,0.2565603229863648,0.4879708072376687,-7.4522288536664725,0.5358884908692576
SZ000156,har,224,0.10642966477314135,0.27572121490265944,-0.7016297706739196,-8.190754712646644,-0.7317955031586285
SZ000157,har,243,0.09126571025902765,0.23524617381589624,0.14879302295011854,-8.143312723610332,0.13575757985933434
SZ000166,har,227,0.1372149465273251,0.3082855172028103,-0.8919655643784248,-8.431085594390055,-0.769602163952728
SZ000333,har,244,0.04244099210024353,0.17028640346520257,0.203808930986618,-7.207630886952446,0.10821345841432473
SZ000338,har,243,0.054704163590472386,0.18803704339554267,0.20421143163778177,-7.37762903878761,0.2345367417083999
SZ000402,har,243,0.09581174865433752,0.24921557529062105,0.35303938711696337,-7.259568493533749,0.36137412584900896
SZ000413,har,198,0.1089228635656351,0.25280002228395826,-0.09120285953359919,-7.0337029428645215,0.045698653872650596
SZ000423,har,244,0.06691587645005109,0.21468557638980243,0.2354166726579372,-7.832212359154622,0.2548776028557862
SZ000425,har,244,0.0870874064459702,0.23827336438309096,0.3361230646129927,-7.551283648890742,0.40065039309441164
SZ000503,har,104,0.3318426073841001,0.3986977201726257,-0.21895093819983313,-6.219104756326828,-0.19242109482367464
SZ000538,har,241,0.07508050926147905,0.2176405509482698,0.23706529853687208,-7.481387961522661,0.2971258432714988
SZ000559,har,238,0.07795721780044114,0.23075762052323512,0.3097337350913276,-7.503254269260555,0.2934417875778046
SZ000568,har,243,0.04099129579709398,0.1644031235126859,0.2085998029880466,-6.811218691778191,0.10115123986421404
SZ000623,har,243,0.0911586502770913,0.24637823509355825,-0.18117439288796788,-8.066265808556901,-0.12015901332391499
SZ000625,har,244,0.15812504403552627,0.34169472027542197,-1.6541684064060491,-8.222178375016021,-1.6642093616093416
SZ000630,har,243,0.08611119852025695,0.24486708653926342,0.1705806341382199,-7.7034495923693855,0.04121783572778337
SZ000651,har,243,0.049482687223459575,0.17708477366271663,0.15177324688364813,-7.281106756814359,0.0885784935199675
SZ000686,har,243,0.09132892254228374,0.2438462741519638,-0.1502928068455065,-7.951702451025415,-0.09068722199410129
SZ000709,har,243,0.32675955208031054,0.3706716334885561,0.08140561172650418,-6.103437896628183,0.08390195892293728
SZ000725,har,243,0.0810798967907019,0.2207324524154562,0.43133970240321695,-6.974845077699811,0.46010545091208443
SZ000728,har,243,0.09632456516837841,0.2522866087305713,0.05417525299858217,-7.076105554472506,0.11903615099193943
SZ000738,har,244,0.1665357674810147,0.34285741306987644,-0.4795958214092986,-7.454532152579984,-0.4139539691179759
SZ000750,har,230,0.10335960353823968,0.2614593211916027,-0.0940467041423898,-7.962207128344123,0.04623587466735879
SZ000768,har,244,0.0841741701343394,0.23484269049029277,0.1529558895184513,-7.224731535363571,0.179116730225362
SZ000776,har,243,0.08057588296170837,0.23002432584028853,-0.337781277335681,-8.016092093406476,-0.3059541742703509
SZ000778,har,99,0.43522135903175335,0.4855886414754808,0.15579094270878835,-4.214598147534702,0.07759961915226743
SZ000783,har,244,0.0972262513882777,0.2495850479913476,-0.16282606281408762,-7.974063597707629,-0.10199259038038289
SZ000792,har,238,0.1308097702910413,0.2951013743769844,0.6105336173345715,-6.9415942578200704,0.6202694555260491
SZ000793,har,224,0.16815321018492485,0.342049543862645,-0.6529413542816589,-7.5900628771916985,-0.7886960372023277
SZ000800,har,99,0.05562589026875984,0.1891698926973824,-0.8112540569966167,-7.284797152493494,-0.8959149299512639
SZ000826,har,244,0.09344080149013502,0.24769698485322336,0.048490139580501856,-7.4977429592667795,0.06093940647386009
SZ000839,har,243,0.07456225615285328,0.21517240265608797,-0.021399235700612973,-6.535024301323026,-0.0995159728062649
SZ000858,har,243,0.03196744874148037,0.14236157178097433,0.39933185333259724,-7.111070188146805,0.29151067566554845
SZ000876,har,244,0.14369879657044865,0.3235618355189483,-0.35042020246443006,-8.730345086785004,-0.2735318678273577
SZ000895,har,243,0.06688898178389481,0.2111930626934104,0.31198853442244545,-7.728333045678239,0.3245894462616631
SZ000917,har,224,0.11974404608177347,0.29394920843951605,-0.2921320035978794,-7.546451990302638,-0.2574621701098294
SZ000963,har,244,0.05519672305614226,0.1857419464669997,0.11574448162959228,-7.342568863890336,-0.022285049145494673
SZ000983,har,244,0.059660731758603446,0.1939342013083241,0.10398791597718271,-6.684957371570428,0.14468064389908797
SZ001979,har,244,0.08762380850291324,0.23398907115011275,-0.004540181940575483,-7.424944888367869,0.010241025591581132
SZ002007,har,243,0.07584899626365557,0.21915736120649196,0.06907221691882448,-8.027498119181462,0.12451496566668363
SZ002008,har,244,0.048393690968478,0.17723226987001323,0.47098530873804334,-6.794250729741222,0.22843398592275366
SZ002024,har,241,0.09777079030337364,0.2522195456926092,0.42855430394047334,-7.606721578702744,0.4974425700173344
SZ002065,har,244,0.22239506582715476,0.41708895595704937,-2.1913243030368283,-7.181806679867663,-2.2961696867678447
SZ002081,har,243,0.07718543234365295,0.2269537299154851,0.4012900822564107,-7.264890928469198,0.430353381656323
SZ002142,har,244,0.06941311248853047,0.21402310981393674,0.1595384499261555,-7.551011959591321,0.18703838356827884
SZ002146,har,243,0.288001988820448,0.3772286218459147,-0.0032983575708165347,-6.659993932555246,0.005920277491268555
SZ002152,har,224,0.08071293705284599,0.23427619549627465,-0.7491985596649882,-7.777106750365796,-0.7864974720303952
SZ002202,har,244,0.07194844964601235,0.21744590386449342,0.6463909608387218,-7.501532075806014,0.6685173601146457
SZ002230,har,243,0.07746011932533528,0.2319038256462192,0.3427090594657881,-6.5259611100457215,0.18108786808685928
SZ002236,har,243,0.03708678207471127,0.15489716681705587,0.5148017465432916,-6.620322063109459,0.2612620342515076
SZ002241,har,244,0.045374222092111574,0.17720388087619326,0.42591398101268374,-7.008668706423167,0.18890238697413475
SZ002292,har,243,0.10878680329151083,0.274654919270161,-0.40597764230324085,-7.087183250031565,-0.5022894529345956
SZ002304,har,244,0.05826188378504877,0.19281924238152395,0.41452880949055304,-7.093391030636102,0.39161942593944254
SZ002385,har,244,0.15413446042375023,0.3279864561478789,-0.06666652700934561,-8.121848752652745,0.0062352467127987365
SZ002415,har,244,0.04136890911430185,0.16402572345444694,0.4605704077167948,-7.003870831989726,0.3666596768972069
SZ002450,har,221,0.05641935034507019,0.18113733378176342,0.10390534240573668,-7.533333293212533,0.04960422509022533
SZ002456,har,241,0.03746457428567468,0.15157538882207164,0.3997271392619459,-6.892027165782995,0.2931309488691062
SZ002465,har,238,0.30052681173128815,0.4716443639510165,-2.1437180774863918,-7.575915351158507,-2.1573260361559448
SZ002470,har,196,0.12910439380587818,0.31214955547407675,-0.8932116170580069,-7.877885846680468,-0.7137838032334103
SZ002475,har,243,0.04325290754266406,0.16833616127893244,0.36008602781102794,-6.800101303331174,0.30475274375711414
SZ002500,har,244,0.11271628877034798,0.2637439475556223,0.007724530697235776,-7.303804293918511,0.09907308294315986
SZ002594,har,244,0.09342297059226123,0.24369475228604912,0.5667219754226391,-7.609625860015906,0.5801022238653235
SZ002673,har,238,0.13283560052468363,0.2923830105903081,-0.1847298379411555,-7.295539319256499,-0.14172266268742617
SH600000,har_x,243,0.09199848792049936,0.2496805972948599,0.23968650713710826,-8.457231852079149,0.2333286921218959
SH600008,har_x,234,0.251044017045616,0.33901739875558384,0.36468601211222684,-5.668096407628356,0.2703637776249719
SH600009,har_x,244,0.07818862144700556,0.2263662679100224,0.5634396889815947,-7.481796010106053,0.3957572708733108
SH600010,har_x,243,0.11081040965463229,0.2751907735751889,0.21223686902200078,-7.4997678808810715,0.19220741586539214
SH600015,har_x,244,0.1059097466562226,0.27145155606532817,-0.04430722297329526,-8.454593748038716,-0.010347486476701029
SH600016,har_x,243,0.11731535031881461,0.2783075850721447,0.29469922403826454,-8.754190186558699,0.31738637540406045
SH600018,har_x,240,0.09450012488849596,0.2413779759583239,0.41372211453263763,-7.470228671432456,0.39475130156311866
SH600019,har_x,225,0.06881066539046864,0.20595140702180226,0.406634154102944,-7.16282947950642,0.4666240312979768
SH600021,har_x,238,0.25373366105894873,0.43741986451110876,-0.899438203512477,-7.847488153168321,-1.279600996073564
SH600023,har_x,244,0.14657363999750192,0.32808248770250736,-0.22913724696468574,-8.749144226033136,-0.4718114611719424
SH600028,har_x,243,0.0798451899045025,0.23291521059901882,0.2617735383731865,-8.266449835133885,0.14178983905275766
SH600029,har_x,240,0.0878764918792628,0.22943643812141098,0.4668063697902922,-7.079363573359136,0.4497418507328319
SH600030,har_x,244,0.09085691270737108,0.24441471094029743,0.24733190469160216,-8.139965922185802,0.25076155464702743
SH600031,har_x,243,0.053501188157812844,0.17659640713904487,0.1757852000614778,-7.204883752511274,0.18290666516832543
SH600036,har_x,243,0.05414033680579213,0.18476115481577965,0.6122123048883487,-7.595319252635301,0.580771869532835
SH600037,har_x,223,0.07653076627018747,0.2188461901740999,0.2514951557388848,-8.101720714324408,0.27162607552606044
SH600048,har_x,244,0.09274686104807375,0.25378643381171834,0.4823066665570953,-7.386530250947442,0.41681775943412214
SH600050,har_x,149,0.11249263320672968,0.2531842573929041,-0.05309963919566418,-6.991696717148806,-0.1327959603118003
SH600060,har_x,223,0.06906781603466626,0.22150700128086606,0.3098746058951961,-7.631654868583255,0.2834248812475072
SH600066,har_x,243,0.06868164105680634,0.20659125001921336,0.5417658477934761,-7.562101786569319,0.50085116147132
SH600068,har_x,244,0.07040816824569573,0.21518170539957182,0.4178882242445189,-7.087416732309083,0.4417672553149361
SH600085,har_x,243,0.09527117876600269,0.2600124123944163,0.2697551508795367,-8.166425628053641,0.28751919697236306
SH600089,har_x,238,0.10141650678594286,0.25816580166798075,0.2999547317999244,-7.501460621076714,0.2856410130260808
SH600100,har_x,138,0.14284425714359006,0.32485378841830775,0.32914372964990257,-7.596751527250097,0.27975527679139967
SH600104,har_x,243,0.06770541936951187,0.20288265674499045,-0.036328377188356464,-7.698411263505971,-0.004188415917898425
SH600109,har_x,244,0.09656724727506784,0.2551352533366488,-0.42577361141966064,-7.787472335859296,-0.39168773151044856
SH600111,har_x,243,0.0839881905349823,0.23408032347251959,0.6682359223421563,-7.057298947065156,0.6544079384629511
SH600115,har_x,244,0.10443105392182832,0.25938117471591066,0.41982258673784445,-7.621226894032926,0.45071538018045765
SH600118,har_x,244,0.09710378428130023,0.25989270431008404,-0.3989154666989745,-7.9964016655084365,-0.3987443104287849
SH600150,har_x,175,0.0895473941615732,0.249666090958148,0.16727964680490826,-7.170934413352996,0.13564191301105444
SH600153,har_x,243,0.07036532629211492,0.21640058463691644,0.3257320229479014,-7.673628257763945,0.24680191182668076
SH600157,har_x,214,0.33429970040189333,0.5079169255055954,-1.2221940312535535,-7.876239985021465,-1.1101100691241976
SH600170,har_x,243,0.09752709603256467,0.2584310662183572,-0.09156297163556149,-8.439563708653342,-0.10985485200681633
SH600177,har_x,244,0.10995350326689236,0.267348766567556,0.13874218113518189,-8.825390561913489,0.16379657751326793
SH600188,har_x,244,0.06046010083616356,0.19802045755779066,0.3373372816054758,-6.881683981211985,0.30339587156612946
SH600196,har_x,243,0.041382128612680404,0.1620638915062168,0.6224545396564076,-7.087601705630252,0.5733903245457408
SH600208,har_x,241,0.11601142388452712,0.27646034072108455,0.46977622596150903,-7.65030825426433,0.5139011425775792
SH600221,har_x,243,0.09626211485420595,0.2612042220072,-0.030093044637414135,-8.76062567822764,0.012883312898341437
SH600252,har_x,99,0.07064046442099481,0.23114774402599636,0.02670057798456338,-8.513378731000763,0.1415288369298
SH600256,har_x,224,0.12618679609950917,0.294157315797872,-0.05334116558198909,-7.968282692352793,0.030383036854925383
SH600271,har_x,238,0.09264113314268715,0.2480240251147442,0.3912771602863232,-7.701285636859133,0.42775684445138973
SH600276,har_x,243,0.06777551254163569,0.2082047013451203,0.31385690009652534,-7.677143401607007,0.3270577136883198
SH600309,har_x,225,0.045448449696988705,0.168312387683364,-0.01317052170406896,-6.812211256831341,-0.011164639458920655
SH600332,har_x,199,0.06019138725413214,0.20369853148638162,0.3040317262109581,-7.700656929317099,0.18968298044461462
SH600340,har_x,240,0.4306357556847386,0.361493251546477,-0.15770874401897483,-4.084061854044208,-0.16256502887022872
SH600352,har_x,243,0.07798001845621215,0.22415648535449229,0.5033912009139779,-7.759473938826583,0.4970276021729928
SH600362,har_x,243,0.06516835766301286,0.21063150384677723,0.28994515769200524,-7.104647288968337,0.21337740280528406
SH600369,har_x,243,0.1930060481503644,0.36458677813754725,-0.689621912824715,-8.027658309771217,-0.6752989555456994
SH600372,har_x,239,0.08504527194807328,0.24242222289106002,0.053207519509872236,-7.363398213899104,0.08802030725551302
SH600376,har_x,243,0.16637785052167262,0.3226792055554953,0.2070610317191216,-7.785462546237758,0.2460797233323484
SH600383,har_x,243,0.08089653866520723,0.23668172542532445,0.23856692800879387,-7.4463406590864665,0.27432888080860285
SH600406,har_x,136,0.07395187996204283,0.2189192719951779,0.44439147614701824,-7.183279678826505,0.42344782605817344
SH600415,har_x,243,0.11542905396852621,0.2741511046196013,0.1797576429715303,-8.21771876026419,0.2299748793422428
SH600489,har_x,243,0.09510375301208567,0.24886440428205361,0.16068791451250763,-7.877478398501272,0.19045787128768277
SH600518,har_x,243,0.09545811367405811,0.2548638140666737,0.23618125846218785,-7.837578497606374,0.2687601910247076
SH600519,har_x,244,0.07043630875685943,0.215279671182728,0.24621337412666333,-7.799049293462557,0.3070712385548072
SH600535,har_x,243,0.09953884547341724,0.2552931368038344,-0.32101180991872713,-8.158634420688083,-0.222139054968574
SH600547,har_x,214,0.09468709266382169,0.25284653426301407,0.1220190827646982,-7.7809186232143075,0.17155228017638913
SH600549,har_x,244,0.05750358779119421,0.18895325429365986,0.43963177476225745,-6.6017317343487045,0.46671692681240373
SH600582,har_x,99,0.0776514852487492,0.22465695614697276,-0.34296634499663536,-7.289256068946638,-0.25388385473095587
SH600583,har_x,243,0.09843335403348132,0.2518583993089091,0.25003660313813614,-7.916823123876617,0.2485059742640131
SH600585,har_x,244,0.06910314501866784,0.20670232745774225,0.19169122749510725,-7.111887872713184,0.1992817090465273
SH600588,har_x,242,0.0835606255018925,0.22431240892721555,0.4421768963260244,-6.848614527306201,0.48766257833732596
SH600637,har_x,236,0.15341872184484476,0.33838165670786685,-0.7117138111517132,-8.455317842632759,-0.6650769635204989
SH600648,har_x,95,0.11397895134010126,0.29182742615261675,-0.14065072828480774,-7.8156012484757005,-0.07962827668465944
SH600649,har_x,186,0.10974090789503903,0.27421676507189907,0.31796228956839956,-7.9385246789725015,0.16327457029545078
SH600660,har_x,243,0.05309931576444007,0.18482264333504872,0.2741065682758784,-7.51563737477528,0.1317941575770144
SH600663,har_x,243,0.11930069796133577,0.28176981393047207,-0.09584601677452942,-7.884784689878944,-0.027902599910997194
SH600674,har_x,243,0.11360075667558746,0.27407839741872214,-0.10640331735685571,-8.514173748578047,-0.06524690265804645
SH600688,har_x,244,0.13601998543094396,0.30189684035030806,-0.14264911739339303,-8.026094413396438,-0.24378249368055194
SH600690,har_x,244,0.06625793344809405,0.20428792122861805,0.5198902947504835,-7.251287991247847,0.26512419102276696
SH600703,har_x,244,0.04560500973038985,0.1736114784426283,0.23349920440025485,-6.775254582478318,0.25322586300059546
SH600705,har_x,243,0.17962754187622534,0.3583875096989421,-1.3256924781835506,-7.972102343036448,-1.3013939323878518
SH600718,har_x,224,0.06725096846645547,0.20876425075772076,0.11619521122070453,-7.256067126665447,0.14684229165149898
SH600737,har_x,223,0.08912951289648845,0.24165855447972845,-0.3421106182240583,-7.546122584636875,-0.3302408566725623
SH600739,har_x,237,0.12070192603079942,0.2900922468216775,-0.10000677282637294,-8.024381200433586,-0.08384444805904834
SH600741,har_x,243,0.057178753073865704,0.18724135092556976,0.5315250692765787,-7.257776530861253,0.47907158504948477
SH600783,har_x,99,0.06368675153911402,0.211155476343009,0.16650565347061097,-7.415709774516612,0.3335083054214055
SH600795,har_x,180,0.11750149593448295,0.2696549432369682,0.018313137356702924,-8.22642580605654,0.025655236147065552
SH600804,har_x,238,0.07323332815497878,0.21370945344069772,0.22592086552931756,-7.339390146931715,0.2486975380780373
SH600820,har_x,243,0.10180901151969116,0.2632607761139311,-0.10196227366935529,-8.028217084424332,-0.1442811425152386
SH600827,har_x,243,0.0864695545867894,0.23286150237527517,-0.12888015279868736,-7.328630808591593,-0.1292326916077926
SH600837,har_x,243,0.10051536704975475,0.2564139477792998,-0.38161871309512096,-8.337384048789499,-0.3724817298051619
SH600839,har_x,99,0.0618612096441143,0.20438527014344643,-0.23455018029040087,-8.04222653871478,-0.11680921384060494
SH600867,har_x,92,0.08865043324658936,0.24989319100629964,-0.18063860328534753,-7.758913546157559,-0.07098768037874614
SH600873,har_x,99,0.1128654922723657,0.2705208354764662,-0.20306517534378976,-7.520920261576949,-0.11438463838944424
SH600886,har_x,243,0.0977079165196233,0.26309412138725125,-0.08680048898582782,-8.234514300786957,-0.06907683511248153
SH600887,har_x,240,0.06508254998775904,0.20010093367574855,0.4931774122942555,-7.444551819547888,0.4809004275538533
SH600893,har_x,243,0.1312346476478497,0.30486208227791173,0.1240325658502327,-7.3821383874302535,0.17676478854432676
SH600895,har_x,244,0.11252758586503689,0.270253628169247,-0.294230994131343,-8.285017514644565,-0.29421720765125015
SH600900,har_x,244,0.05661969697967794,0.1893093533697734,0.3621930453537041,-8.643037656890112,0.31950767332511587
SH600999,har_x,244,0.07569331123790689,0.23162744316481174,0.49764095052877544,-7.827488932644672,0.5032833740955013
SH601006,har_x,244,0.06976009455682364,0.21326346838212606,0.2380951620738303,-8.051314831663644,0.2867860514708983
SH601009,har_x,241,0.07284357746441655,0.22078366940088917,0.21538636579622938,-8.025507893276984,0.20871163614355803
SH601018,har_x,244,0.12412557801574577,0.28027445998990536,0.2723901295273288,-7.6318489467441495,0.21411269596870253
SH601088,har_x,180,0.11828482157184893,0.2458803541538438,0.3146534850548527,-7.5638244442484925,0.3038228718567436
SH601099,har_x,234,0.11568682148034702,0.28155893235571344,-0.6460173434663263,-8.035172059418358,-0.7269644022683064
SH601111,har_x,243,0.08651273009076817,0.2307507581095635,0.5351433779065573,-7.036189520379085,0.5049925477001638
SH601117,har_x,139,0.07756520988585802,0.21863194363717178,-0.03761253507599904,-7.421378133341541,0.12441249625100725
SH601118,har_x,239,0.07946589681920077,0.2320870195717525,-0.10545551281209797,-7.27852751661773,-0.1731211089776299
SH601166,har_x,243,0.0816461674279319,0.24100383807997527,0.08978842853447244,-8.58337726330285,0.08987070813643283
SH601169,har_x,235,0.09580817384867676,0.2496920462995627,0.18297125701012706,-8.539818576942931,0.20983289810235728
SH601186,har_x,243,0.09152039129090006,0.24860635546635912,0.2790312413939766,-7.637009389469831,0.3079751248114172
SH601216,har_x,233,0.11959189827843021,0.2816346604212905,0.05340561794442589,-7.342854256215798,0.02556278564370773
SH601225,har_x,244,0.06940187010753832,0.2226110968955633,-0.042584887779151925,-6.792340383937115,-0.026221609918094302
SH601258,har_x,99,0.28527525548775723,0.3901359305857754,0.49182591271586495,-6.0062395776526945,0.43359669378032883
SH601288,har_x,243,0.08716094659190092,0.23983591807452864,0.48844268774780764,-8.56029126571067,0.35557582006932575
SH601318,har_x,243,0.0676171388192588,0.20775795630282595,0.7108479340034533,-7.7018955049251625,0.6956965427075134
SH601328,har_x,243,0.09247797425627151,0.23913150596653082,-0.23602415356576767,-8.539997920947798,-0.2585745598904281
SH601333,har_x,243,0.07825906805527863,0.2276059211765403,0.18222664901790409,-7.461272325544841,0.17197063844272453
SH601336,har_x,244,0.05527377601670597,0.19751119560568622,0.6220469519795242,-7.0224073747292,0.603416720116601
SH601377,har_x,239,0.10247690556815561,0.2681083738686821,-0.23033792384577478,-8.034471195886395,-0.19277163246139217
SH601390,har_x,244,0.11481074926632125,0.28020614685021317,0.2361405757205658,-8.037816254907465,0.2930072636621778
SH601398,har_x,243,0.06281771814254854,0.20464077700990796,0.535517431614529,-8.286126223946244,0.4236914566638659
SH601555,har_x,244,0.0931966704683128,0.24957546978310716,-0.3230486286083547,-7.935746499480274,-0.2746524919618769
SH601600,har_x,169,0.30037327385147417,0.29294946132380184,0.06487807108239385,-6.790829619562002,0.07810739246927689
SH601601,har_x,244,0.04715113080032364,0.17621593433956656,0.7287668116044151,-7.288307367271159,0.736262576664112
SH601607,har_x,243,0.07515957072607964,0.21234617405423023,0.16442860046918428,-7.560550012009711,0.19055122338514574
SH601618,har_x,244,0.11525063155469448,0.26892372011254617,0.34425082513610783,-7.928202650103946,0.3283488634155478
SH601628,har_x,244,0.06697477797192525,0.21162742546670985,0.3018888291380455,-7.327912558275782,0.3205534173482686
SH601633,har_x,237,0.11314052670611613,0.27292266590973274,-0.2606052993728649,-7.313058481609194,-0.2955642539455987
SH601668,har_x,243,0.08588696130471613,0.23360099958219252,0.2454085617205386,-7.6679148423201,0.2807387469410578
SH601669,har_x,244,0.09967221634290473,0.26093956262057194,0.3798727578607193,-7.709147888836151,0.4022716840937992
SH601688,har_x,244,0.06532390845463514,0.2092631222054081,0.3442567173090867,-7.543639703942264,0.326703818854735
SH601718,har_x,244,0.10587691842657608,0.24886947281099586,0.3303000913298143,-7.532364968321557,0.36172822113598924
SH601727,har_x,155,0.12643006991817496,0.2792235475000206,0.05864118057334178,-7.228261987146916,0.0885437771584634
SH601766,har_x,243,0.17980681676863985,0.3498300014161383,0.333763991751479,-8.066265914356496,0.39852075996045433
SH601800,har_x,244,0.0777376294845239,0.22646661499475962,0.42588358192183695,-7.311523912350883,0.43750653007911977
SH601818,har_x,244,0.07788855291749688,0.22623612776295826,-0.09139491473827976,-8.586162767996463,-0.05507645855251808
SH601857,har_x,243,0.07119902890451422,0.2159121206617393,0.20076579140138928,-8.621366439904786,0.08920909900078333
SH601866,har_x,244,0.11098845366571662,0.27945975180129423,0.0453275914526059,-7.876491012709024,0.07637256099228817
SH601872,har_x,144,0.0934312869339719,0.2482537394540413,-0.1061340308368941,-8.037181919483796,-0.08801554474151252
SH601888,har_x,244,0.07046745321207737,0.21520808410665557,0.41261049322182275,-7.197280069351014,0.23777276902339484
SH601899,har_x,244,0.08954566443082634,0.2375388214737438,0.30671994865029817,-7.717092713028221,0.32089944818394867
SH601901,har_x,234,0.09597389313417394,0.2545047309489497,-0.07126070476265722,-7.5512647704422635,-0.009055612678598335
SH601919,har_x,194,0.10677038432656938,0.22271449632568402,-0.17095106395338178,-6.687312167904591,-0.14157760116056717
SH601928,har_x,99,0.09560916897670385,0.2564616704726355,-0.5447693187216953,-8.710692534688556,-0.4306695091910864
SH601933,har_x,238,0.10608517473753148,0.2670771029042884,0.28821036470851547,-6.9460762340771955,0.24081470634209856
SH601939,har_x,243,0.060259545039531924,0.19487836934369643,0.26933103318813223,-8.187557460904234,0.20913204387908824
SH601958,har_x,243,0.09000160251005603,0.2384387451054709,0.3795110441703653,-7.074520672495148,0.4234654064427561
SH601988,har_x,243,0.07895893998943093,0.2325534071967139,0.2843005103753121,-8.539578607430299,0.2708892273202975
SH601989,har_x,130,0.09268037525295462,0.25807982062590795,-0.0026291022031339484,-7.453797140087388,-0.032468185973142605
SH601992,har_x,140,0.09789165890319697,0.25233511569498634,-0.3118189333637358,-7.267567587956996,-0.15316177614699167
SH601998,har_x,243,0.1026709673148375,0.2584405856732875,-0.03433662816938554,-8.123840180773126,-0.06280186136455113
SH603000,har_x,99,0.08216433614550069,0.22955179709076018,-0.19301950815808055,-7.5627102002972695,-0.10375595962050643
SH603993,har_x,244,0.09599112500115706,0.23577878042037415,0.2873373796674433,-6.165094227421644,0.18089489700033712
SZ000001,har_x,243,0.09854241991969277,0.2458674183961252,0.7630195654204869,-7.99272626820965,0.7321632798248088
SZ000002,har_x,239,0.15980036139308676,0.3194530178018034,0.4098015069530915,-7.060137059855229,0.4438456077229884
SZ000009,har_x,224,0.11850815282695595,0.2833452911872679,0.017273466559495576,-7.390052156546304,0.08713805284590836
SZ000027,har_x,99,0.14743824936328573,0.3089729432758158,0.39511686313052274,-7.856576476065542,0.4354430108765819
SZ000039,har_x,99,0.0749933428493209,0.21665375023078073,0.010764190508111726,-7.044504746260056,0.060789080998531975
SZ000060,har_x,244,0.05857740084178777,0.19329082984026716,0.366791971396518,-7.344248304939899,0.3771786223242032
SZ000061,har_x,99,0.16671108368826812,0.3505903408594552,-0.001862983430316545,-8.052037952348718,0.17011882198639172
SZ000063,har_x,234,0.052713385160431024,0.1885535385459551,0.6209937574016379,-6.970739849152086,0.5479528558649195
SZ000069,har_x,244,0.0749575891733088,0.2106678434992666,0.5060904732436124,-7.303763506349525,0.3282856584078975
SZ000100,har_x,169,0.09912873785946918,0.2591235325344156,0.47599340777430854,-7.448359985539584,0.5235220474791187
SZ000156,har_x,224,0.10784213215170024,0.2795365074310076,-0.7242127276585602,-8.188838279503608,-0.7571623752196421
SZ000157,har_x,243,0.09255294966259879,0.23624968023944146,0.13678734022060834,-8.14314426802379,0.12292496074088055
SZ000166,har_x,227,0.14512138692109602,0.31787978170298614,-1.0009822082674802,-8.421394853147442,-0.8737235403551582
SZ000333,har_x,244,0.0425954806490578,0.17058740526682112,0.20091073288276062,-7.207439491840211,0.10426144493629141
SZ000338,har_x,243,0.05453977179271708,0.18825475142724507,0.20660286045781717,-7.377930625118343,0.23672680567222604
SZ000402,har_x,243,0.0943045991829301,0.24777993226262718,0.3632162846208996,-7.265068938155063,0.3746829274337288
SZ000413,har_x,198,0.09934449275929103,0.241454251043897,0.004754456234707272,-7.055154692542891,0.08963491623747077
SZ000423,har_x,244,0.06804713941151057,0.2162631672397125,0.22249081940669635,-7.830850438525723,0.24266327512475583
SZ000425,har_x,244,0.08672708632601535,0.2387436706083748,0.3388698247561175,-7.552982291980387,0.4021917600013477
SZ000503,har_x,104,0.33296066346329006,0.3982546465994536,-0.22305787165672686,-6.226592040216984,-0.1973205765221524
SZ000538,har_x,241,0.07577158920929558,0.21846795860897145,0.23004285184783413,-7.479623981385656,0.29135628752570575
SZ000559,har_x,238,0.07788116065219226,0.23047793521225196,0.31040717733468404,-7.503058362073651,0.29430946320666374
SZ000568,har_x,243,0.040834857296591795,0.16410521981476903,0.2116200895564565,-6.811421988387542,0.10493862699005763
SZ000623,har_x,243,0.0932593189658063,0.24923699777126876,-0.20839348899688925,-8.064768689102923,-0.14856178955278843
SZ000625,har_x,244,0.15761856762958834,0.340959863011665,-1.6456670732780183,-8.222802864635714,-1.6577434207002337
SZ000630,har_x,243,0.0878504970804138,0.24750992931142174,0.15382778510581163,-7.700845393248618,0.02187434295706958
SZ000651,har_x,243,0.049652564010878995,0.17740239205299424,0.14886123777686922,-7.280642967850745,0.08388829990307889
SZ000686,har_x,243,0.09306283949079125,0.24637713102780387,-0.17213158625968683,-7.950135329719486,-0.11216547076865235
SZ000709,har_x,243,0.3149003824162848,0.36583590656129467,0.11474439748992638,-6.362065041585371,0.11876061255971027
SZ000725,har_x,243,0.08084261292382999,0.2210510063872657,0.4330039116547236,-6.977408084554319,0.46048607978290046
SZ000728,har_x,243,0.09648206926425816,0.25219848366755815,0.05262869764817146,-7.075054190253836,0.11992783420840547
SZ000738,har_x,244,0.164581931986587,0.34059763277919913,-0.4622368667714849,-7.457025010141024,-0.40014041369839126
SZ000750,har_x,230,0.10474230253668204,0.2630230295360186,-0.10868237640004486,-7.962673895267837,0.037452536583894136
SZ000768,har_x,244,0.08565776280688955,0.23827275824627364,0.13802650638783542,-7.222983547756032,0.1668028915964711
SZ000776,har_x,243,0.08084922831298703,0.2300266102129331,-0.342319561990422,-8.016506172409068,-0.30723126863426065
SZ000778,har_x,99,0.4365732073255627,0.48682168518600466,0.1531687309307257,-4.198094514901763,0.07501537600603381
SZ000783,har_x,244,0.0988477943698077,0.25200111736506275,-0.18221971847778518,-7.97458941909193,-0.12020045174129113
SZ000792,har_x,238,0.13047986080032561,0.2950164450438424,0.6115158731375603,-6.94296351094296,0.6228943408475981
SZ000793,har_x,224,0.16789337318309336,0.341807271965206,-0.6503871638191188,-7.5903578563812015,-0.7855383377444465
SZ000800,har_x,99,0.052061022301482726,0.18406027672966113,-0.6951771450192779,-7.290698017253918,-0.7436620334396851
SZ000826,har_x,244,0.08691978784153062,0.2396126516476528,0.11489377362073738,-7.516369886529718,0.130455212352948
SZ000839,har_x,243,0.0746880636487653,0.2156228838408257,-0.023122623468098347,-6.53465929741996,-0.10279455318727893
SZ000858,har_x,243,0.031972436822416794,0.1427411985653299,0.39923812732537856,-7.111061667006437,0.28931561196625033
SZ000876,har_x,244,0.14787132649846058,0.3291985541971124,-0.38963186494632374,-8.725733758128566,-0.30964206485411583
SZ000895,har_x,243,0.06743443855252705,0.21214252520053495,0.306378036238928,-7.727400048592366,0.3182163431057603
SZ000917,har_x,224,0.12299992286739984,0.29822771209845783,-0.3272654631070582,-7.542643890972888,-0.29278833623036116
SZ000963,har_x,244,0.05585890028583244,0.18667062306697182,0.10513635424316747,-7.3417051594321645,-0.032023237537603944
SZ000983,har_x,244,0.060309352273587254,0.19494224171489566,0.09424663721241489,-6.683573244126963,0.13386164016438773
SZ001979,har_x,244,0.08773057505254968,0.23416719792229646,-0.005764179059958741,-7.425429904557956,0.01173485316357703
SZ002007,har_x,243,0.0780839336786098,0.22170913810675,0.04164185612939031,-8.02526060825851,0.09663284060027566
SZ002008,har_x,244,0.04843286903666012,0.17686930498016268,0.4705570344479689,-6.794569058473155,0.2314669336558708
SZ002024,har_x,241,0.10076620916733822,0.2561439014093797,0.41104683353549065,-7.602860471029478,0.48225360367705583
SZ002065,har_x,244,0.2117730123159949,0.4065017669181911,-2.038899979267577,-7.194224220707935,-2.1287366356445085
SZ002081,har_x,243,0.08155308830870724,0.23355834913826637,0.36741116412160846,-7.259095611919875,0.3985685444709559
SZ002142,har_x,244,0.06950198493531812,0.21388726950417028,0.15846237263026486,-7.550721054334726,0.18410803380381646
SZ002146,har_x,243,0.2798124943219063,0.37353962349525704,0.02523098145692404,-6.792789367085372,0.036385846224462504
SZ002152,har_x,224,0.08275570676483664,0.23835542051589537,-0.7934691557851834,-7.774545056434464,-0.8311000561662718
SZ002202,har_x,244,0.07216103181385056,0.21822387143392266,0.6453461714585207,-7.501804905646612,0.6678567356443994
SZ002230,har_x,243,0.07737594806836058,0.228868514124743,0.34342329803325633,-6.5264470371041075,0.18308817127181087
SZ002236,har_x,243,0.03842530895528793,0.15778445001983074,0.4972900923007548,-6.616698038079091,0.23333710086842074
SZ002241,har_x,244,0.045622587937339004,0.17759976087555113,0.42277159415149224,-7.0083518763781045,0.18347267366929454
SZ002292,har_x,243,0.11393333160752918,0.2791345821869097,-0.4724921783394973,-7.078635749172504,-0.572270183688778
SZ002304,har_x,244,0.0587512079656726,0.19316489337950538,0.4096116116252754,-7.092285676491889,0.38778288529573046
SZ002385,har_x,244,0.16200732081780203,0.33642888922329334,-0.12114958440653933,-8.11747568381166,-0.04693136943581311
SZ002415,har_x,244,0.0414843806906129,0.16478499002885139,0.45906471692959827,-7.004209887447749,0.36717620152219954
SZ002450,har_x,221,0.05763756125984538,0.1828442982276192,0.08455679822937767,-7.532661436580145,0.04111904638585617
SZ002456,har_x,241,0.037433503970896155,0.15162159468180755,0.4002249606596726,-6.892081027879699,0.29579588508310506
SZ002465,har_x,238,0.2867064911830521,0.46194834918620065,-1.9991479764233486,-7.589985492983504,-2.009641852129744
SZ002470,har_x,196,0.12897614468199103,0.31143822843160646,-0.8913309472832378,-7.877926641715213,-0.71612380444425
SZ002475,har_x,243,0.04341389521829735,0.16880223053886284,0.35770426277277345,-6.799450714778741,0.3037199155860195
SZ002500,har_x,244,0.11248000571048815,0.26356869037998193,0.009804601702664284,-7.306431144598478,0.10377300136637846
SZ002594,har_x,244,0.09508717337691777,0.24870308459967233,0.5590037184408614,-7.611394361208612,0.5735880661347377
SZ002673,har_x,238,0.1319539545630124,0.2914416789323372,-0.17686664258413853,-7.302486673533346,-0.13533440179484013
SH600000,ewma,243,0.09507447449699238,0.25406981491000336,0.2142652839101158,-8.44020626242033,0.19323176194034786
SH600008,ewma,234,0.20863346665469676,0.3230045743125859,0.47201386726073014,-7.0699665049005525,0.4101955621263025
SH600009,ewma,244,0.07747925723561871,0.2239590492275273,0.5674003709199285,-7.484677001307286,0.38582730162768075
SH600010,ewma,243,0.11002141697740377,0.2527841629447872,0.21784590289949868,-7.43516274998015,0.1867891810977672
SH600015,ewma,244,0.11205571848256844,0.2707275238179632,-0.10490865931962845,-8.447690539855818,-0.02985074108385799
SH600016,ewma,243,0.16156970420526892,0.3321668583324176,0.02864171280057537,-8.669419608550205,0.12676178899168777
SH600018,ewma,240,0.10655077893501004,0.26282283543811896,0.3389599702367938,-7.450646025150207,0.29244321356159997
SH600019,ewma,225,0.10700293588531584,0.27462155178957887,0.07729583481322488,-7.067933906757632,0.11291883182718554
SH600021,ewma,238,1.003647511100614,0.925351435381533,-6.513257868461615,-7.135721892389155,-8.316191030464388
SH600023,ewma,244,0.0773555543543546,0.22717939738903042,0.3513117834955931,-8.82483642374822,0.22868628177916972
SH600028,ewma,243,0.08581583680768998,0.23842961476021698,0.20657059449848436,-8.23381188024351,0.06498829346624546
SH600029,ewma,240,0.15065274857504285,0.3159434808449646,0.08590927794247616,-6.908967721197805,0.15018254434434475
SH600030,ewma,244,0.09322225394742219,0.2398890498281104,0.22773717234979707,-8.069354686209481,0.19874092952209188
SH600031,ewma,243,0.07311863218329424,0.2140923830400472,-0.12643215733764257,-7.150746721886803,-0.12304724803077627
SH600036,ewma,243,0.057951585166638446,0.17643086357971013,0.5849137082310678,-7.564319060882747,0.5500377467150616
SH600037,ewma,223,0.08628817271878658,0.22762591842506483,0.15606339214701626,-8.03901975772575,0.16310889354474079
SH600048,ewma,244,0.13239916266667895,0.2822434310905673,0.26097591776788287,-7.312702498095245,0.3172732747492357
SH600050,ewma,149,0.17053380283149666,0.3460464824345392,-0.5964519730147988,-6.970435267837,-0.7033841578235607
SH600060,ewma,223,0.11115557591560431,0.28758078072217275,-0.11066615451110007,-7.545978103367737,-0.24063661627870392
SH600066,ewma,243,0.09318030448444636,0.24172566573437526,0.37831424568815486,-7.528803588698068,0.4162981189023909
SH600068,ewma,244,0.07836726190939428,0.2229074060492568,0.3520850332026473,-7.05366929268132,0.37197500106260806
SH600085,ewma,243,0.177780219662311,0.350037455460065,-0.3626690817247893,-8.061580347119568,-0.11912556428056442
SH600089,ewma,238,0.14282002843619493,0.29514795172229374,0.01415964442568829,-7.377831703736093,-0.04393295693046051
SH600100,ewma,138,0.19437045367049988,0.3773590654810736,0.08715519809401584,-7.574836868138796,0.11601046584383468
SH600104,ewma,243,0.07539125625729659,0.21781251539312263,-0.15397111455598056,-7.6868115264626224,-0.05172444874270021
SH600109,ewma,244,0.08049018458669584,0.2354808494340051,-0.1884027390272094,-7.784746961849697,-0.21381877672254324
SH600111,ewma,243,0.09228596885569396,0.2366833079315087,0.635458638373483,-7.001211213165673,0.6005293329917285
SH600115,ewma,244,0.1315201287960638,0.27626880031283907,0.2693264574929616,-7.45435744899727,0.33160782642765085
SH600118,ewma,244,0.10438570124534245,0.2691171216781474,-0.503821638416301,-7.9826526398320565,-0.5160387015116321
SH600150,ewma,175,0.11657276536635217,0.29185507115545517,-0.08403505493020069,-7.12578682532178,-0.15001438544445178
SH600153,ewma,243,0.09308771037680116,0.2537019940017214,0.10799728400874509,-7.6098157202979,-0.008674436609387381
SH600157,ewma,214,0.15557943115263786,0.3232711343388744,-0.03418484335338334,-7.958906170047525,0.055487733142921325
SH600170,ewma,243,0.06498223123468495,0.21074655106891776,0.27269240738638023,-8.465398749146976,0.2567821253948981
SH600177,ewma,244,0.13585500006055407,0.2981523163359655,-0.06414236525071004,-8.786568305597754,-0.022286742295858364
SH600188,ewma,244,0.09368246050161189,0.2543461687745263,-0.02679077744364866,-6.772536983223412,-0.16452008005157537
SH600196,ewma,243,0.057745056036526986,0.19465143890199146,0.4731691071783899,-7.040229745236689,0.3743390162794704
SH600208,ewma,241,0.1630688230951941,0.34520690739652155,0.2547029946325765,-7.595932204324139,0.32373676276516095
SH600221,ewma,243,0.09814606259246089,0.2634967673576004,-0.05025301582209041,-8.746595886610494,0.05091555411607307
SH600252,ewma,99,0.1124586696664833,0.2953871430877894,-0.5494795947927273,-8.454123852791373,-0.132361225387009
SH600256,ewma,224,0.17370752226275715,0.3430289997032706,-0.45001925420407507,-7.908351492753953,-0.39631404295464123
SH600271,ewma,238,0.0986595751592244,0.26680091398467015,0.35173141002746156,-7.686519227391144,0.35444938054227115
SH600276,ewma,243,0.11601819182459967,0.27818307311431434,-0.17454046156897718,-7.631324118283256,-0.15999407286711964
SH600309,ewma,225,0.05537662809990001,0.1904026162236521,-0.23449683226280293,-6.801010138887401,-0.2723588048867549
SH600332,ewma,199,0.06593820921974458,0.2049557240155637,0.23758358561081494,-7.649642527940707,-0.07462140538692896
SH600340,ewma,240,0.36346454476187845,0.35198973796556493,0.022872401891882554,-7.41820512399248,0.017335964823087413
SH600352,ewma,243,0.10074147878105687,0.2519649010440929,0.3584368690076253,-7.689066818044197,0.34878413940475506
SH600362,ewma,243,0.09801253171625554,0.25911324498234023,-0.06791509327067624,-7.035000395244918,-0.21708510581700846
SH600369,ewma,243,0.16173460449384444,0.33587023609087086,-0.4158640852640154,-8.048360796515004,-0.4277014804088439
SH600372,ewma,239,0.10369470342821571,0.2742292474441958,-0.15441297586106129,-7.34390707608443,-0.1399114165232469
SH600376,ewma,243,0.22851533682067202,0.39210021810520074,-0.08907955504172049,-7.736799745288832,0.08034769916661988
SH600383,ewma,243,0.11569349002197644,0.28151897932648107,-0.08895696862127078,-7.400608139528459,0.04344000259881087
SH600406,ewma,136,0.08638516225716476,0.24222397867158668,0.35097887289493346,-7.141066220500388,0.3352244627094134
SH600415,ewma,243,0.11042845372411518,0.27286352801894803,0.21529205991434996,-8.205356657697324,0.23828924562288967
SH600489,ewma,243,0.11526558065526643,0.28106092517313047,-0.017244765013682883,-7.854064043995447,0.03336332629299377
SH600518,ewma,243,0.1009233602624817,0.25992074694704914,0.1924504784300448,-7.818617347397509,0.23319861706133216
SH600519,ewma,244,0.06973863214007002,0.21290178697367237,0.2536796839348019,-7.791043228469902,0.3065439676695946
SH600535,ewma,243,0.1645776772394437,0.33834309259082984,-1.184162918991849,-8.075883256815418,-0.9769549063371734
SH600547,ewma,214,0.12952683115223462,0.2971807846830323,-0.20103049763478764,-7.709629618066416,-0.14500077405820244
SH600549,ewma,244,0.07146438200668716,0.2118469666781693,0.3035848639877071,-6.576109738327959,0.34124989297185493
SH600582,ewma,99,0.1127032310858346,0.27462851546061007,-0.949179025176373,-7.252519411904704,-0.7709288279585411
SH600583,ewma,243,0.15497849607050135,0.30429293322456485,-0.1807806458981589,-7.855079897057442,-0.21241937602259764
SH600585,ewma,244,0.08151262885947275,0.22673166776156453,0.04653582757704877,-7.045871644152954,0.09504115941557356
SH600588,ewma,242,0.10706378171549456,0.2552637892780738,0.2852775975658822,-6.831890332432685,0.42066814602930036
SH600637,ewma,236,0.0792144792470032,0.2337968231937446,0.11619314422777283,-8.542867570947525,0.10699731306811522
SH600648,ewma,95,0.16665064168326735,0.35237497784838795,-0.6677656143540069,-7.795115626065653,-0.508608324258147
SH600649,ewma,186,0.14788609500936406,0.32773214328699196,0.08089065800943251,-7.927603020451581,-0.08178029607525206
SH600660,ewma,243,0.06972590232610568,0.20922787755186054,0.04681305604594954,-7.489103892775927,0.06630121225937913
SH600663,ewma,243,0.14429793586645442,0.29288121299694814,-0.325460126807376,-7.844245442560748,-0.05665111471807549
SH600674,ewma,243,0.12554829530034048,0.2825796612192654,-0.22276518637525644,-8.487769993297844,-0.12700880817442073
SH600688,ewma,244,0.14208323841878626,0.29507695315544175,-0.1935840638510089,-7.9762094646486155,-0.3440565814277283
SH600690,ewma,244,0.08786631136325025,0.2313642619594179,0.36331444923467027,-7.209921726493797,0.10035239822231978
SH600703,ewma,244,0.06404835070837508,0.20434795825965046,-0.07648506304575542,-6.704013889863922,-0.08787034852058206
SH600705,ewma,243,0.11874000943887973,0.2730704789467147,-0.5373630565057388,-7.924560588526745,-0.6144112625053708
SH600718,ewma,224,0.08178698424295605,0.2337904959307349,-0.07483550024705155,-7.241592634171753,-0.017135760549503054
SH600737,ewma,223,0.09567328087278157,0.2536313439109255,-0.440646559897802,-7.519745055169592,-0.48707616902807205
SH600739,ewma,237,0.16011920020810408,0.33180480893654424,-0.4592327602420605,-7.957472972759425,-0.2996496446775565
SH600741,ewma,243,0.06963771551362148,0.2074833961798692,0.4294467403156411,-7.20663307677167,0.36734024677756827
SH600783,ewma,99,0.0818859313801624,0.24346065492710817,-0.07167439406516674,-7.4044428645968825,0.1276784635769711
SH600795,ewma,180,0.25345198426572213,0.38020602251265195,-1.11750906901873,-8.06113686801331,-1.179155270493724
SH600804,ewma,238,0.10167709236021827,0.25399801909453407,-0.07473083133860747,-7.294800899328506,-0.05330772488988389
SH600820,ewma,243,0.25783755430496014,0.43459919658868373,-1.7907869189387613,-7.845978440447931,-2.012761431798491
SH600827,ewma,243,0.1170945843757941,0.2780818400545535,-0.5286970417937162,-7.275131731415973,-0.5865284395036434
SH600837,ewma,243,0.09243208353034547,0.24248427071165346,-0.27051116704058487,-8.29408588510496,-0.2910193828198486
SH600839,ewma,99,0.07502335092440336,0.22318052696097684,-0.4972240591891559,-8.03371378524948,-0.32783851121702656
SH600867,ewma,92,0.10825028098930263,0.27858650074423147,-0.44166763626475203,-7.729241742350312,-0.2973715542230855
SH600873,ewma,99,0.12410808394618526,0.2870552291596188,-0.32290313689489536,-7.507502340234517,-0.23975813122638434
SH600886,ewma,243,0.09544001511380144,0.2542434513834747,-0.061574729962260655,-8.246843393156622,-0.05701949720700239
SH600887,ewma,240,0.15189493626140677,0.3030416932436575,-0.1828636811231994,-7.340863687037459,0.021746987467381795
SH600893,ewma,243,0.13335390382952983,0.3111874567218979,0.10988691580243615,-7.371165506462974,0.15578333157774893
SH600895,ewma,244,0.13071969425228894,0.29486586080387844,-0.5034667147982508,-8.277483583351703,-0.5366948810506968
SH600900,ewma,244,0.06829975086019831,0.21353821576178636,0.23062011238104652,-8.61561920254343,0.12686146390909703
SH600999,ewma,244,0.08830146044133884,0.22941660657597415,0.4139635720941073,-7.738011433197137,0.41911235156252014
SH601006,ewma,244,0.08298909395720724,0.237828808153627,0.0936108590047664,-8.030890206768483,0.1328152350669154
SH601009,ewma,241,0.07095265789036545,0.22345290127788514,0.2357538618834173,-8.028462168106376,0.2432645160789374
SH601018,ewma,244,0.16904413667528156,0.30774450189651537,0.00908270191609184,-7.415158101425493,-0.10152148410361761
SH601088,ewma,180,0.14506881097523489,0.29029852127044303,0.15946608611382906,-7.61197421205461,0.13291493322165615
SH601099,ewma,234,0.22838877967595078,0.42055608081965623,-2.249565400702,-7.904206788189112,-2.424795439678876
SH601111,ewma,243,0.12997579598658615,0.27895054208676223,0.30160440650943754,-6.871992920823869,0.24647093954834576
SH601117,ewma,139,0.08740156432900985,0.2416329831528486,-0.1691963299846193,-7.435623162348518,0.029203756268515013
SH601118,ewma,239,0.07167825591195988,0.2256391685196151,0.0028788912190704785,-7.290438085742516,-0.0490792917535221
SH601166,ewma,243,0.08368111208511168,0.2401719816681987,0.06710236460021712,-8.551900537922366,0.11857600397772561
SH601169,ewma,235,0.09756696190555726,0.2501232092632617,0.16797274135562468,-8.502640452037557,0.20571378984332367
SH601186,ewma,243,0.09462513244268224,0.25035706345468206,0.2545730704615715,-7.596898581750597,0.3038583993535111
SH601216,ewma,233,0.13846996698618463,0.3121922492827237,-0.09601816443601074,-7.33696289889967,-0.06184184105110524
SH601225,ewma,244,0.06555122572674485,0.2084470781590978,0.015261156331854209,-6.785724290744558,0.009579411342707123
SH601258,ewma,99,0.2145355298143523,0.36961475415604567,0.6178378777821985,-7.087443588914425,0.6683853933011887
SH601288,ewma,243,0.09613193814996851,0.2486326803795162,0.4357909382071642,-8.536951818739269,0.36089623238188206
SH601318,ewma,243,0.08756662371609561,0.23420896823822906,0.6255376876041439,-7.63357328018298,0.5973995983399594
SH601328,ewma,243,0.09122727941192245,0.23338682638866018,-0.2193078592395996,-8.532958278674387,-0.11752741016718193
SH601333,ewma,243,0.10601604381473599,0.27172621373716865,-0.10782172037881277,-7.410558472195593,-0.1206680489475962
SH601336,ewma,244,0.08398649093626004,0.2360660353456989,0.4257140993531987,-6.918393274836911,0.3765566800889504
SH601377,ewma,239,0.08791398455354466,0.24796199237627117,-0.05549546634855895,-8.038652581587494,-0.011113480037387324
SH601390,ewma,244,0.1272538431455396,0.2893816025882385,0.15335412421168382,-7.993408010655707,0.25300168640859166
SH601398,ewma,243,0.0721863463009439,0.227543563811512,0.4662445481362535,-8.250011393800662,0.3640493784549671
SH601555,ewma,244,0.09189274850705928,0.24276527886281396,-0.3045377509774274,-7.94083046747971,-0.1699247275209963
SH601600,ewma,169,0.3022555062796376,0.299612939262986,0.059018306009667065,-6.732777798739309,0.06098820793805293
SH601601,ewma,244,0.08478058134900075,0.2456642149660036,0.5123063433896924,-7.176917909714685,0.4573894485965688
SH601607,ewma,243,0.1005941788639551,0.2493812560460851,-0.11833553606024494,-7.509228504590857,-0.05451769341833246
SH601618,ewma,244,0.16287400480861677,0.3260282796257355,0.07328495454411577,-7.889900328815543,-0.004041181964591356
SH601628,ewma,244,0.0814382287065731,0.22053419238665484,0.15112914268859223,-7.2620343306772694,0.15655028132214965
SH601633,ewma,237,0.1627546140022635,0.35393343348229306,-0.813402631946095,-7.284182658335898,-0.8148863950945464
SH601668,ewma,243,0.10851864475699512,0.27339035696889125,0.04656959585759157,-7.65385601684253,0.2214481267249715
SH601669,ewma,244,0.09840744435739475,0.260345399396244,0.38774174675338124,-7.649151238660143,0.42024449247041196
SH601688,ewma,244,0.07747725702250795,0.21334836426820886,0.22225733187552343,-7.463791650549405,0.18007684089089915
SH601718,ewma,244,0.13866069563121874,0.3010940252884189,0.12293390683854066,-7.4635720710547515,0.12705166414040092
SH601727,ewma,155,0.14329611990525554,0.30673704654602474,-0.06693816075348602,-7.179276488901495,0.05228285967387636
SH601766,ewma,243,0.19111019175128857,0.3505697609716767,0.291881734095664,-8.036809844959684,0.44604727219461004
SH601800,ewma,244,0.08377025498201292,0.2256963375921632,0.3813307782771761,-7.268425299819772,0.35563944213015575
SH601818,ewma,244,0.08828842712859043,0.2330837110069652,-0.23712069089858567,-8.547887919732558,-0.13212708233012793
SH601857,ewma,243,0.07262973385466788,0.2209704820842823,0.18470562378157962,-8.612470971796776,0.036556046992016866
SH601866,ewma,244,0.15152999909014134,0.32375569589631553,-0.3033924198482132,-7.813076237490845,-0.24841733420425105
SH601872,ewma,144,0.18236259691284612,0.34385502950030616,-1.1589927851432078,-7.930600816308009,-1.1162442828534247
SH601888,ewma,244,0.06781835942089326,0.21513363121587642,0.4346923171630075,-7.198704819351423,0.19246504419356136
SH601899,ewma,244,0.13498609231275496,0.28443329485847313,-0.04508873327278695,-7.522345834522801,-0.04524528267682637
SH601901,ewma,234,0.09693500069142214,0.25597797946100653,-0.08198858841421464,-7.5296037546754695,-0.041674661737777674
SH601919,ewma,194,0.07073834173901887,0.2030846725777382,0.22421243452441264,-6.8690638556124535,0.22831558555149867
SH601928,ewma,99,0.11224614884711118,0.28725008927286694,-0.8135750863595024,-8.683602132337832,-0.6642413427811633
SH601933,ewma,238,0.13561375651903276,0.3086235360558024,0.09008524016655017,-6.891525226472485,0.060580522496759825
SH601939,ewma,243,0.06129272328843401,0.19579521027621066,0.2568033700077591,-8.176048442363795,0.2364564075540515
SH601958,ewma,243,0.1080348866867374,0.26416650778495193,0.2551859948722943,-7.021184170525263,0.25800257512313696
SH601988,ewma,243,0.08435368391105574,0.23937350979942923,0.23540148169180175,-8.510691909899126,0.27074700343697755
SH601989,ewma,130,0.11647036706306585,0.2930291583449519,-0.2599925199157884,-7.423725361626597,-0.3276015462854043
SH601992,ewma,140,0.4230444013681315,0.48768349369335723,-4.669100529974965,-6.974373353044363,-1.5059168505003555
SH601998,ewma,243,0.11896027176377573,0.27470018042756417,-0.19843973033724094,-8.09276046514014,-0.24119384876478578
SH603000,ewma,99,0.08873260656286731,0.24410308219348592,-0.2883902627991146,-7.543810855821883,-0.28697310834705325
SH603993,ewma,244,0.10087261441281715,0.2496435211304596,0.25109595594001666,-6.162228485298222,0.09853258284487687
SZ000001,ewma,243,0.11578866386617509,0.2568366388141617,0.7215448138502252,-7.908451116713645,0.7115335816037054
SZ000002,ewma,239,0.23700369227285878,0.3801335726406443,0.12466266780266555,-7.0415999601862715,0.2969615890950108
SZ000009,ewma,224,0.1211832938702202,0.2863763585073573,-0.004910088083788899,-7.379150403410181,0.11702416726295484
SZ000027,ewma,99,0.1950433658221494,0.3664702952188995,0.19981115176303033,-7.768570289708028,0.30369675329623946
SZ000039,ewma,99,0.08812843520851296,0.220864164785796,-0.16250057178956934,-7.0075421045783095,-0.001233084828854869
SZ000060,ewma,244,0.08169129776374758,0.23555794183444595,0.11693614145233,-7.303986603922034,0.11151456936821658
SZ000061,ewma,99,0.2744991304958598,0.44303007673671385,-0.6496234787955073,-7.932756542578531,-0.3112828872478517
SZ000063,ewma,234,0.07843346662671033,0.2198431260110699,0.43606783382092995,-6.936846125775475,0.47630744540268644
SZ000069,ewma,244,0.11781011949304314,0.2653591319038476,0.2237271634845741,-7.243499564054,0.14954097224767782
SZ000100,ewma,169,0.13506886133121845,0.3078871087736099,0.2860095339626545,-7.373834155211119,0.32156805197611793
SZ000156,ewma,224,0.07505252968168187,0.2156999141162436,-0.19996261515020053,-8.168009360359678,-0.1706295230069539
SZ000157,ewma,243,0.10991619169709645,0.25842347270174376,-0.02515423369606684,-8.113323846685171,-0.032906849243205194
SZ000166,ewma,227,0.18974387264492462,0.3699258373896912,-1.6162519622052498,-8.361779098964638,-1.3418061927329306
SZ000333,ewma,244,0.05036045371938186,0.17699329910689884,0.05524019353441301,-7.19101280469842,0.09316100582904818
SZ000338,ewma,243,0.049893805956850376,0.17138228883538295,0.2741883285194854,-7.386820740444655,0.2938822478988121
SZ000402,ewma,243,0.12018354910113281,0.2757067725031774,0.1884708955115456,-7.245012210203644,0.23381203454236532
SZ000413,ewma,198,0.07535116030373169,0.19618566337781032,0.24512265927474264,-7.09704399035448,0.3480091519047006
SZ000423,ewma,244,0.11414273895135393,0.2832403385439051,-0.304199238943033,-7.766280810825718,-0.23864803773939247
SZ000425,ewma,244,0.08744868567008264,0.24594521322188778,0.3333689931127515,-7.534411461633656,0.38078904028678096
SZ000503,ewma,104,0.48254881187642756,0.5139250021316435,-0.7725370819641446,-6.328984357340374,-0.6336748394505596
SZ000538,ewma,241,0.08626169162451038,0.24371424534553865,0.12344710238911671,-7.4671752706476076,0.11562253108477605
SZ000559,ewma,238,0.24964613136782396,0.4277457891027471,-1.210472711959616,-7.313981508457254,-1.0707165952237965
SZ000568,ewma,243,0.0587406399311697,0.1879657904397815,-0.13407866499871846,-6.74571643633634,-0.3578608060257471
SZ000623,ewma,243,0.14445631601467507,0.3186508386757212,-0.8717708176768175,-7.984380358721683,-0.5035602951838662
SZ000625,ewma,244,0.1819981209883472,0.3738656752751855,-2.05488397299044,-8.189963127856332,-2.068362119391752
SZ000630,ewma,243,0.11573330214041444,0.28731762662614113,-0.11473819572736699,-7.632893617814415,-0.32074096383115136
SZ000651,ewma,243,0.08352846150652467,0.21616987632500184,-0.4318356514577759,-7.2414502100530225,0.05704206609564344
SZ000686,ewma,243,0.09000228603941306,0.24288228025187214,-0.133583747063877,-7.942229442586891,-0.09480314287355851
SZ000709,ewma,243,0.28183990015359844,0.3698456353719894,0.20768482811169153,-6.983715936808578,0.23803838940529587
SZ000725,ewma,243,0.09077651122069567,0.24640490001567353,0.3633317267434123,-6.971029243486865,0.3732001827791811
SZ000728,ewma,243,0.09034833393123039,0.24324766191621597,0.11285672628648957,-7.0995589659897655,0.20021882296647675
SZ000738,ewma,244,0.16417375662815134,0.34459988505761346,-0.45861041124256996,-7.444930201525698,-0.39537086019127843
SZ000750,ewma,230,0.14213559761892178,0.30643245650586426,-0.5044850869494604,-7.916919440284167,-0.2040752349479069
SZ000768,ewma,244,0.110735889439335,0.27148519211434585,-0.11433451400620442,-7.164491244242128,-0.12382408833667768
SZ000776,ewma,243,0.07715940582957367,0.21824187982573615,-0.28105836008279383,-8.013068589949938,-0.17257015121827934
SZ000778,ewma,99,0.3079467867059416,0.4269141464172121,0.40266840975074125,-6.469123295181318,0.3909346649517036
SZ000783,ewma,244,0.09916087330296128,0.24086457817333998,-0.18596414282810936,-7.967117663391786,-0.03949749905987776
SZ000792,ewma,238,0.15288542685198958,0.3090906930487101,0.5448066759399981,-6.883683896057089,0.5774793119482751
SZ000793,ewma,224,0.2664832703261676,0.4547045500478892,-1.6195230960023057,-7.4697451091507565,-1.8903821992482768
SZ000800,ewma,99,0.03668114419161466,0.1512643502555068,-0.19438755786804562,-7.305059833473568,-0.21325941120762915
SZ000826,ewma,244,0.06380269141293056,0.1857094287529558,0.350295705595856,-7.5138965648223826,0.33273374243920106
SZ000839,ewma,243,0.08529788712700767,0.23554991140674086,-0.1684624529037786,-6.529713235184179,-0.21936822477144147
SZ000858,ewma,243,0.045967701721975035,0.168688740611109,0.13626719407011156,-7.067053803934742,-0.059932108065207323
SZ000876,ewma,244,0.14978742060719571,0.31460489409920833,-0.4076385028306604,-8.714893772149498,-0.23488625488552084
SZ000895,ewma,243,0.0969524718855872,0.2543992663274411,0.002759341009579197,-7.678047993454803,0.0821173258994059
SZ000917,ewma,224,0.5039820771137251,0.6586014490483956,-4.438361174414174,-7.124762051435769,-4.292793508975887
SZ000963,ewma,244,0.06285667575260616,0.20236728554794722,-0.006968517752909076,-7.330652414695254,-0.2024622368131488
SZ000983,ewma,244,0.07506055798194784,0.22621062880025547,-0.1272936989349278,-6.669226429771974,0.0456039637698733
SZ001979,ewma,244,0.16905309476394145,0.33772001399363566,-0.9380648875372848,-7.329497741276632,-0.7933009028357303
SZ002007,ewma,243,0.16425699262196955,0.2982406951856332,-1.0159976470304515,-7.925038037385088,-0.994886660167231
SZ002008,ewma,244,0.05409506400884203,0.18817658963416173,0.40866086027466797,-6.788431919009318,0.2232089734981031
SZ002024,ewma,241,0.12129776653321384,0.2800184914575937,0.2910450410397616,-7.581558495085725,0.43933384745826065
SZ002065,ewma,244,0.17209304067616654,0.34914996911399954,-1.4695003958415023,-7.242699246573328,-1.4445630932466846
SZ002081,ewma,243,0.08115791750507483,0.22753931968753688,0.37047641454715563,-7.255299964262192,0.4556973359287758
SZ002142,ewma,244,0.07513139643991099,0.2189508283511518,0.0903008430642851,-7.5248290396923325,0.12787156921683196
SZ002146,ewma,243,0.27913061319830057,0.3831884192535921,0.02760641717587209,-7.07160640390143,0.039490578851004154
SZ002152,ewma,224,0.07374701835333787,0.2181034775850328,-0.5982342235766465,-7.7858561252291105,-0.40933322863774535
SZ002202,ewma,244,0.11306675960219408,0.28208658151332605,0.44430452051822644,-7.428388571693624,0.5135765953200129
SZ002230,ewma,243,0.07079303825873219,0.2216665697551442,0.39928284250477275,-6.547848276187234,0.28811247403371254
SZ002236,ewma,243,0.05505363120088712,0.1966632225270689,0.2797453914629464,-6.565614501184684,-0.12674925217408828
SZ002241,ewma,244,0.0573609591667556,0.2008024916248059,0.2742547822310387,-6.982967036594489,0.004359239518479274
SZ002292,ewma,243,0.11654936340953298,0.2901426325129413,-0.5063021820705162,-7.080450529013176,-0.513232786715929
SZ002304,ewma,244,0.07822883991534696,0.224645928683722,0.21388171713794524,-7.043545177722062,0.13282416383986217
SZ002385,ewma,244,0.24874950821949304,0.4250484092181952,-0.7214370705831128,-8.005438344627535,-0.6778785784913717
SZ002415,ewma,244,0.04915108089049041,0.1826042267539848,0.3590948349210893,-6.983554371336084,0.2313310994340212
SZ002450,ewma,221,0.1140530683389466,0.2492937111881532,-0.8114768177172693,-7.465069583166951,-0.7840045215972573
SZ002456,ewma,241,0.05684908033751082,0.19194337105376993,0.08914058853797147,-6.842693322025565,0.012987194266341318
SZ002465,ewma,238,0.17164852602113181,0.3481447628201968,-0.7955621700369755,-7.721061012673088,-0.7402091237689163
SZ002470,ewma,196,0.15519384365006259,0.33702541975314715,-1.2757923183928463,-7.846704697743704,-0.860500501088904
SZ002475,ewma,243,0.05170152431644761,0.1819456725582802,0.23509124187943653,-6.7610482897278645,0.1434409071597771
SZ002500,ewma,244,0.11780606202849449,0.26878939767394744,-0.037082277648468054,-7.325300139610689,0.09255637680696427
SZ002594,ewma,244,0.10658730162873922,0.2730889737683027,0.5056683040374551,-7.629684170346372,0.5863356817192454
SZ002673,ewma,238,0.14557800670886487,0.30949349626480555,-0.29837639619765377,-7.354040778289098,-0.1759028167855634
SH600000,garch,243,0.10767289822137412,0.277073838800167,0.11014670801864146,-8.454457840102704,0.1426531837062489
SH600008,garch,234,0.24840602835959325,0.337131716818171,0.37136193744135126,-7.070843097919488,0.3972054543801098
SH600009,garch,244,0.07826790544984387,0.22443880117764464,0.5629970126906292,-7.485820250456912,0.3925043141827529
SH600010,garch,243,0.15448638055402425,0.3363596479579955,-0.09826030982107614,-7.4542811930769375,-0.057166832720760175
SH600015,garch,244,0.15608102043141822,0.3264817684893606,-0.5390135672276757,-8.427531103308167,-0.4524561554576263
SH600016,garch,243,0.22029515773975103,0.39633182510282483,-0.3244161592853456,-8.659071133637275,-0.19096849403733418
SH600018,garch,240,0.2371356244815536,0.41720578245019424,-0.4711871825997167,-7.334574421973236,-0.3557114894726616
SH600019,garch,225,0.1090542680918045,0.27091919760472133,0.05960685501609575,-7.042841028730789,0.10662545532085288
SH600021,garch,238,0.42737035893907205,0.5768507530203606,-2.1992743234375998,-7.665450389977212,-2.9601025498109212
SH600023,garch,244,0.4905946806645335,0.6247474393883518,-3.1140289289247436,-8.368519658992222,-4.101111063395954
SH600028,garch,243,0.11991383773328003,0.28312890098566385,-0.10869005679375698,-8.230930549219172,-0.3319020166233555
SH600029,garch,240,0.1477666235494804,0.3119975998456626,0.10342094058068252,-6.909246912355735,0.15492367324077372
SH600030,garch,244,0.16459120930042892,0.3477094951438207,-0.3634906614938205,-8.048912017078633,-0.28464200554829455
SH600031,garch,243,0.0664886702278611,0.2008157117736581,-0.02429400013300964,-7.168527827948097,-0.01756482057825859
SH600036,garch,243,0.056177989271259034,0.17738187018543766,0.5976173355985113,-7.574287545428355,0.5739763647663345
SH600037,garch,223,0.10872567756083608,0.2760623420704345,-0.06338535880516893,-8.053946138558402,0.026167970390886697
SH600048,garch,244,0.14805846385720003,0.3057151142195185,0.1735690153552466,-7.319065869926836,0.2782293785558333
SH600050,garch,149,0.1599085853480041,0.33268980291130934,-0.49698401338691345,-6.978923987116585,-0.5930142324194543
SH600060,garch,223,0.11303858044619247,0.2837054168681275,-0.12948112968160563,-7.5782887553494325,-0.1890189857401301
SH600066,garch,243,0.11338221891072083,0.26962097217291797,0.243529942523121,-7.506258944380968,0.31089850196831637
SH600068,garch,244,0.08021981439584275,0.22309913756556699,0.3367687333409096,-7.041099307196096,0.3571015475770575
SH600085,garch,243,0.19590906454812146,0.3668950312662542,-0.5016250154062887,-8.047880972950159,-0.2673471101268101
SH600089,garch,238,0.14040480968134236,0.3029729852946117,0.030831116502430755,-7.4350040548763525,-0.005396423621202517
SH600100,garch,138,0.2389151004022692,0.43502305332408503,-0.12204506076202182,-7.533168924113569,-0.044467041516710104
SH600104,garch,243,0.08896208711400316,0.24411240962488107,-0.3616921101541768,-7.670398252454365,-0.2430771752511407
SH600109,garch,244,0.14116320210722577,0.32344449600728026,-1.0842135832523279,-7.731638128814062,-1.0126101380846322
SH600111,garch,243,0.10309024141316303,0.2643031580564098,0.5927803820976834,-7.039053596251283,0.6002697512385408
SH600115,garch,244,0.12570678511194294,0.28449121728419924,0.30162308358640133,-7.539300822953865,0.35487853239641687
SH600118,garch,244,0.2562969634234296,0.4515779990877213,-2.6923152774599175,-7.799953076518274,-2.738734421456909
SH600150,garch,175,0.10685054881306315,0.28003493242179633,0.006373914285434323,-7.144966122896112,-0.05792723582576054
SH600153,garch,243,0.09615230922182717,0.25298552854993894,0.07863110363840786,-7.621973478809762,0.03169295350715351
SH600157,garch,214,0.3547283152344212,0.5227537720312462,-1.3579893846237363,-7.854889226014744,-1.2374328782448405
SH600170,garch,243,0.12938698713194277,0.3039398447766032,-0.44815184610394865,-8.40355244584262,-0.5608582719348041
SH600177,garch,244,0.2686756949085771,0.4428729125384146,-1.1045172377752337,-8.645207100964269,-0.9886085042416726
SH600188,garch,244,0.07987663723205186,0.23163492704518515,0.1245256155321448,-6.824963991914978,0.029024060910257665
SH600196,garch,243,0.05686471818526203,0.19683054033621297,0.48120077617310353,-7.0456883044767205,0.3885792208360068
SH600208,garch,241,0.19222022038402503,0.3814905121308062,0.12146815127469845,-7.5746042970751315,0.1984477518923612
SH600221,garch,243,0.16770319141313242,0.3427219491763636,-0.7945781816637147,-8.682288300840762,-0.6856707610060582
SH600252,garch,99,0.18402264495008228,0.37726749319883546,-1.53550334692356,-8.38446397708335,-1.053059902515518
SH600256,garch,224,0.3139332069558733,0.48520511060790106,-1.6205496957781755,-7.770535853325429,-1.60215614746794
SH600271,garch,238,0.15080016018746212,0.3240012952195611,0.009128033902558341,-7.63382960899147,0.05594467543038739
SH600276,garch,243,0.12542629157365948,0.2921251957021617,-0.2697858161807243,-7.620295200777897,-0.219831455571192
SH600309,garch,225,0.051296343094205214,0.18151252436613688,-0.14353609508731702,-6.805562182879666,-0.18074598218430982
SH600332,garch,199,0.07942207922900929,0.23196909065107757,0.08167513819918693,-7.67321303361685,0.07869719491845517
SH600340,garch,240,0.4296826252883505,0.4157354399414808,-0.15514637575409584,-7.391923441185061,-0.1280393857490787
SH600352,garch,243,0.15704873091481072,0.32847132678389185,-0.00015084891756522723,-7.653000309249093,0.029978186783156224
SH600362,garch,243,0.09380328175745865,0.2531453432173397,-0.022052370579648706,-7.040074109943313,-0.1549567256105171
SH600369,garch,243,0.2846280043954024,0.46053487314272257,-1.491702813661973,-7.9220996885760675,-1.442436073243302
SH600372,garch,239,0.14874214599680585,0.3378392017967049,-0.655917397121464,-7.289879883878351,-0.6502701538051345
SH600376,garch,243,0.32211560301230024,0.4871923857262658,-0.5351683719851594,-7.671610003307311,-0.34451494076188927
SH600383,garch,243,0.12191470494574519,0.286231951126868,-0.14751372357128356,-7.408820104753237,-0.0375806653645141
SH600406,garch,136,0.08987492309263886,0.24837625331148191,0.32475991987584985,-7.1835916155900446,0.3098360146517146
SH600415,garch,243,0.21045661227937718,0.3651487187776107,-0.4955110673897798,-8.114012165598483,-0.5349609664315711
SH600489,garch,243,0.10803249057459391,0.27330590534925975,0.0465888874748438,-7.8869174578599495,0.07896385333114042
SH600518,garch,243,0.1328273912746689,0.3006360872763971,-0.06283318347972,-7.794130754933855,0.007790887084947129
SH600519,garch,244,0.07189434462025812,0.21608566766652057,0.23060994525211154,-7.798794102460235,0.286806092724456
SH600535,garch,243,0.2132727503605769,0.3910211824396374,-1.8304107870671529,-8.019046620949181,-1.6475296742432186
SH600547,garch,214,0.11725325782656452,0.28051238879682217,-0.08722445646204102,-7.7558177154144925,-0.049650440127586126
SH600549,garch,244,0.06966750722788817,0.20873870483717066,0.3210952762845245,-6.58437837014932,0.37268106953932423
SH600582,garch,99,0.16201919821126232,0.33605011478799596,-1.802088456441588,-7.189704183633246,-1.5601896348835078
SH600583,garch,243,0.17199974392359696,0.32881806840732786,-0.3104654766557624,-7.844081693364898,-0.34282613087514924
SH600585,garch,244,0.07698666851761812,0.22057327156520026,0.09947659383800622,-7.061118827354352,0.1373079247381166
SH600588,garch,242,0.11417281676585998,0.2677494204309047,0.2378200304150463,-6.8304274801557785,0.36759451387854725
SH600637,garch,236,0.81460534281344,0.8589828037266105,-8.088664011566301,-7.7532941708703795,-7.976351516325343
SH600648,garch,95,0.44887890680584047,0.5993124310022687,-3.4921807574099715,-7.486194944789755,-2.933559719668102
SH600649,garch,186,0.16933549978707105,0.3633355241509128,-0.05241699549294254,-7.903229830626446,-0.26991574863837764
SH600660,garch,243,0.07339641169475758,0.21632671001723244,-0.003364589436453791,-7.4801267810750645,0.030529575533817965
SH600663,garch,243,0.22584288636255873,0.3991455094689896,-1.07449773275829,-7.813168526714246,-0.9346250807123864
SH600674,garch,243,0.23899544402245232,0.4120375010826586,-1.3276724542842802,-8.369107280829073,-1.1458237882237192
SH600688,garch,244,0.2747761968954215,0.43878930375343594,-1.3082841677164234,-7.89074281652224,-1.6006834043213618
SH600690,garch,244,0.10680859445742541,0.2442368012376158,0.22605731669488482,-7.196863344399444,0.11570409493076728
SH600703,garch,244,0.048481582557818335,0.17631984447795832,0.1851515475559835,-6.751210018242711,0.17118153616814114
SH600705,garch,243,0.18848285267252696,0.37242549873910497,-1.4403448833538408,-7.961893775640783,-1.3828182987189912
SH600718,garch,224,0.08310253848703185,0.23657419401377883,-0.09212436860577355,-7.241450556982703,-0.029752206288058636
SH600737,garch,223,0.16012423827191927,0.34361325474844556,-1.4111479288500508,-7.459565763450732,-1.5489994539581247
SH600739,garch,237,0.21833018285082162,0.3980886410732806,-0.9897336169021986,-7.9035966100417845,-0.8627863976160792
SH600741,garch,243,0.07485269463632604,0.21660984973874445,0.38671955841859906,-7.20806718305405,0.3495919038560291
SH600783,garch,99,0.09389532792208895,0.2625329345020412,-0.22884623720396702,-7.387960532889894,-0.08649641227993143
SH600795,garch,180,0.23406633752766456,0.36547572025937797,-0.9555482822623962,-8.125931244621523,-1.0134936085367854
SH600804,garch,238,0.11804958805386559,0.28075181607531075,-0.24778874929698835,-7.284225723046175,-0.2180967237604008
SH600820,garch,243,0.7406344726921553,0.8051370299076939,-7.016493189582707,-7.343843933615713,-7.511836609856923
SH600827,garch,243,0.1127783229166866,0.27340583001929847,-0.4723472442405694,-7.288679464240582,-0.5320389840453144
SH600837,garch,243,0.13434317729096165,0.30386451580981216,-0.846593741531793,-8.300049785525282,-0.8791769480684055
SH600839,garch,99,0.09370050217221157,0.2611029912832894,-0.8699597456224479,-8.011557983699698,-0.6996938871920424
SH600867,garch,92,0.13980483305205474,0.3202950078578309,-0.8619083605377575,-7.699840740835472,-0.5677343882145012
SH600873,garch,99,0.16712674723085005,0.32652076913373274,-0.7814512249387409,-7.472439349552027,-0.6506875046251976
SH600886,garch,243,0.21166106681949182,0.39522216181757164,-1.3542959374482892,-8.108849573836302,-1.309457457058337
SH600887,garch,240,0.27586442062560385,0.4260596065999035,-1.1482612396673342,-7.200968930278285,-1.0465371527970984
SH600893,garch,243,0.2213796730208088,0.39327732743693233,-0.47766910358394044,-7.286525705553993,-0.38857270166024427
SH600895,garch,244,0.2717266504351603,0.4533042510747497,-2.12525191241969,-8.135750918650208,-2.1079529093200446
SH600900,garch,244,0.07831677754021125,0.22580101787471993,0.11778077161800993,-8.614896751183215,0.10114388825702425
SH600999,garch,244,0.08266450501630916,0.23144528022175762,0.4513747451940553,-7.802010391594479,0.5016596422245105
SH601006,garch,244,0.07920093901945115,0.230392806394784,0.1349842773211548,-8.04083154132579,0.17107799679769164
SH601009,garch,241,0.07568350708095009,0.23108700793182108,0.18479688111036563,-8.025935208716056,0.18307859945906957
SH601018,garch,244,0.1409575375227058,0.2943332008817633,0.1737231176798042,-7.545350961321927,0.1088708590905787
SH601088,garch,180,0.1449541137588284,0.29050606978872656,0.16013064591527693,-7.609968017819776,0.1339030315567582
SH601099,garch,234,0.7565990031309745,0.8278688494992155,-9.765055736400214,-7.3448181730391875,-10.984565233728839
SH601111,garch,243,0.1382873879788127,0.2918363664335938,0.2569439435501528,-6.852592431740239,0.19379700448420878
SH601117,garch,139,0.1019910132626408,0.2602386187372676,-0.36436366229331085,-7.420843289752892,-0.1784775080508152
SH601118,garch,239,0.08737392699302211,0.2524181917649725,-0.2154646601451331,-7.274796400468179,-0.319835373768226
SH601166,garch,243,0.10684470275650271,0.2790155567173877,-0.19113104585841167,-8.561127891836595,-0.08588249481778343
SH601169,garch,235,0.11420885417276558,0.2719768760761534,0.026054742359781335,-8.52394179799437,0.10588170623678506
SH601186,garch,243,0.0956067130196297,0.25057636735132155,0.2468404884647989,-7.5948503384224,0.2840549063363792
SH601216,garch,233,0.17560391289792032,0.36079916649553234,-0.38994095594290346,-7.3299193554861874,-0.31603703917024206
SH601225,garch,244,0.0739784273524142,0.21590257978944022,-0.11133590866908505,-6.792105927104574,-0.10619280351700278
SH601258,garch,99,0.29684915072749635,0.444914282028563,0.4712087945584543,-7.003749039969079,0.5486063183903174
SH601288,garch,243,0.11553279954951624,0.26804256376846664,0.3219251198447446,-8.513751040296494,0.3014575969853892
SH601318,garch,243,0.10366536014626779,0.2548194124809653,0.5566944478574731,-7.632343633636405,0.5448422093814198
SH601328,garch,243,0.08692679275439344,0.22994424054864665,-0.1618292496188587,-8.576110303273184,-0.05440636206164928
SH601333,garch,243,0.09067253989621725,0.2536895617728796,0.05251124712331756,-7.434012375775473,0.04505915149149664
SH601336,garch,244,0.08281958135825015,0.2375528117958886,0.43369323636095125,-6.929151404696669,0.3875277566052594
SH601377,garch,239,0.15383058973432653,0.34090510470495544,-0.8468903539620107,-7.974350583895541,-0.7393803686523532
SH601390,garch,244,0.12658512344394035,0.29144731453731226,0.1578032533179058,-8.028176906274865,0.2115574383816966
SH601398,garch,243,0.07181410567981693,0.22257790388069298,0.46899694483054444,-8.258989336442353,0.39659420040121596
SH601555,garch,244,0.11256884983577468,0.27537630363357646,-0.5980620514751072,-7.920051145846572,-0.44969364849563687
SH601600,garch,169,0.28050737226255484,0.279639431569107,0.1267245861711609,-6.789903951777473,0.13261986553952732
SH601601,garch,244,0.0991078676657647,0.2620346706310043,0.42988975055740253,-7.158315438630452,0.3791704250363478
SH601607,garch,243,0.09604032433670545,0.23345456781731394,-0.06770897494720485,-7.5393897006885595,-0.05176637084644575
SH601618,garch,244,0.1428096482823125,0.30366682714097737,0.18744645681800987,-7.92620596568306,0.12210202143582527
SH601628,garch,244,0.0792655773099429,0.21807639807330811,0.1737757606589,-7.2688044970519465,0.17747399811525844
SH601633,garch,237,0.19590922382654935,0.39405161122566584,-1.18280940474376,-7.246673911296978,-1.1648205849629245
SH601668,garch,243,0.09537150040779802,0.2536790505491083,0.16207866048185815,-7.665449295523879,0.2919886635989941
SH601669,garch,244,0.09534027644483886,0.25701285700294707,0.40682464115042927,-7.671410402663946,0.42533503245968407
SH601688,garch,244,0.062417442767456414,0.19579463771059885,0.3734327938150208,-7.5210033914292085,0.3586404663992375
SH601718,garch,244,0.15774606250114734,0.32232504044885146,0.002213842072092964,-7.397236074324111,0.0025912709809949863
SH601727,garch,155,0.13623395423140264,0.30483454466227067,-0.014355480496833328,-7.254201894645238,0.06630621259964231
SH601766,garch,243,0.3326342117436294,0.47212047162593895,-0.23250549351597516,-7.936211889630718,-0.12404457606233255
SH601800,garch,244,0.08887761036436526,0.22749496522854057,0.34361138038182215,-7.238134833382849,0.33246334507372555
SH601818,garch,244,0.08332661005210981,0.22802562987401623,-0.16759440337250142,-8.578809579900236,-0.06794194172329315
SH601857,garch,243,0.06577619546410803,0.20877393885194848,0.26163900919369454,-8.629689655105013,0.11866184365833576
SH601866,garch,244,0.18542594637483828,0.36990088639118807,-0.5949500059349604,-7.808215291937224,-0.5521018265865734
SH601872,garch,144,0.5683239967120565,0.6959179715435742,-5.7283940308850045,-7.513587831073939,-5.854742369125533
SH601888,garch,244,0.08448530808997853,0.2357595558237872,0.2957630624222771,-7.188728622301365,0.18209040840212487
SH601899,garch,244,0.11419544002693077,0.26163275282900056,0.11587656388511791,-7.607561114430677,0.11991861732607978
SH601901,garch,234,0.10321964987312371,0.26154665098974006,-0.15213784975722877,-7.549254581987334,-0.12623393713034337
SH601919,garch,194,0.09510841740407995,0.22589454722408833,-0.04305424442043937,-6.834255633068326,-0.0038358766760300256
SH601928,garch,99,0.407994671720308,0.5873128700058969,-5.592021014522474,-8.332917573448206,-5.925022487798014
SH601933,garch,238,0.13429423728163642,0.3076996636293133,0.09893869324394944,-6.9030041805791775,0.05309444749081316
SH601939,garch,243,0.06075955754134569,0.19828125344475836,0.2632681991947192,-8.179865415848603,0.23833942616060777
SH601958,garch,243,0.09993717349921266,0.2615441180609289,0.3110132408346503,-7.062907616004539,0.32804091867373875
SH601988,garch,243,0.08143967982234766,0.23496031078774995,0.26181459259896167,-8.523264533156851,0.29814147225919774
SH601989,garch,130,0.11307023093148755,0.2906830136546747,-0.22320937755508563,-7.43721283081034,-0.2961679947496507
SH601992,garch,140,0.4902471059192846,0.4840672894301957,-5.56966530935652,-6.974645349666962,-0.7642767558970225
SH601998,garch,243,0.13052305795693642,0.29966490165761095,-0.31492653859534325,-8.11646297639422,-0.3849962071636073
SH603000,garch,99,0.13093177180643095,0.29595367427242547,-0.9011187253574373,-7.536694424805237,-1.0771228698115691
SH603993,garch,244,0.09805139335765689,0.24145288641409934,0.27204142136386344,-6.153012810485659,0.13014274288769234
SZ000001,garch,243,0.17895471327060553,0.3382185531283875,0.5696394937786051,-7.871857242630905,0.6024345195606138
SZ000002,garch,239,0.22636767886736361,0.37476853167820656,0.1639451764855373,-7.052358062715431,0.3204094040481087
SZ000009,garch,224,0.1776890614882322,0.3548998572266721,-0.47348305801040125,-7.31502170504264,-0.3788303478406758
SZ000027,garch,99,0.255454689511964,0.4427785823111759,-0.048033563795779166,-7.756349239712556,0.1049493304943433
SZ000039,garch,99,0.08398608365870296,0.21985205270950164,-0.10785888850296566,-7.0294321402711795,0.0550768584007747
SZ000060,garch,244,0.08072379954204761,0.22989549209619495,0.12739457137302013,-7.311800220377435,0.11229157374281717
SZ000061,garch,99,0.44686290555905944,0.571367715684889,-1.6854567425455733,-7.754819854312766,-1.3851458535248597
SZ000063,garch,234,0.08251018189343494,0.22445053851526187,0.40675648281051346,-6.9330339202963405,0.4590148378082143
SZ000069,garch,244,0.13222898737406696,0.28483862535825344,0.12871855541670363,-7.2383752195002415,0.11955335886359941
SZ000100,garch,169,0.13711508136103634,0.30040867005719063,0.2751929654485986,-7.3985723291263055,0.33495441514841007
SZ000156,garch,224,0.21916899346845323,0.41167537044031394,-2.5041403624591165,-8.05094127214234,-2.5410147393330473
SZ000157,garch,243,0.11555623427045111,0.2639495299707144,-0.07775716173631597,-8.116756591532695,-0.09270311592558222
SZ000166,garch,227,0.5850531801335052,0.717545387917634,-7.066908876594214,-7.9238559671343785,-6.627880335260409
SZ000333,garch,244,0.048517316601733466,0.17411669890909096,0.08981736148969022,-7.193981174124254,0.10806251091050756
SZ000338,garch,243,0.049829164473272625,0.17246989794885398,0.2751286765715686,-7.388696358465044,0.29279211741671585
SZ000402,garch,243,0.10860357853367453,0.2589427539433524,0.2666636532965917,-7.269377040770428,0.3002883452176178
SZ000413,garch,198,0.09073499641004545,0.2198178392758989,0.09100546660940012,-7.092932372954226,0.18246336824432785
SZ000423,garch,244,0.12459863798855633,0.2956541833718399,-0.42366873557563345,-7.752984802962684,-0.3347711590290361
SZ000425,garch,244,0.09806416896386413,0.2539213225051608,0.25244598938201246,-7.545868050214102,0.2873031231931643
SZ000503,garch,104,0.473035224625183,0.5073163234546265,-0.7375910085922954,-6.337842296528801,-0.603216302540283
SZ000538,garch,241,0.09097097267708708,0.25164654838449996,0.0755934853945801,-7.466617408703184,0.06530454687985543
SZ000559,garch,238,0.3713562214557781,0.5230904933040986,-2.288145461925749,-7.186557380331137,-2.1151539324061206
SZ000568,garch,243,0.05282927364758026,0.1777549510445283,-0.019950620240149153,-6.765068806065531,-0.20749095563736253
SZ000623,garch,243,0.1528676094800924,0.32717000760158277,-0.9807588777481022,-7.988509672634627,-0.6503058748357775
SZ000625,garch,244,0.2695552541430894,0.4687911629798507,-3.5245523483718406,-8.08472227928339,-3.566475912331841
SZ000630,garch,243,0.11692609575549531,0.2876904674767553,-0.12622713259998086,-7.651108565406095,-0.33714636139833454
SZ000651,garch,243,0.08803156602761605,0.22132530373161893,-0.5090273712530182,-7.234722570389274,0.018872168926000632
SZ000686,garch,243,0.15331799726717688,0.3328940349918164,-0.9310486153468045,-7.873532446216882,-0.8610748191545465
SZ000709,garch,243,0.2567071471346314,0.33582976643354456,0.27833863375594914,-7.022598283080978,0.30905840244568517
SZ000725,garch,243,0.07712429370204768,0.2256988911234468,0.4590826389214442,-7.012724616804509,0.47122011459570845
SZ000728,garch,243,0.08938498932427526,0.24366785180358896,0.12231594541253277,-7.101648003188977,0.19772358242771737
SZ000738,garch,244,0.2379009721315638,0.4207251253180438,-1.1136437511251147,-7.368294811859238,-1.0684549728489872
SZ000750,garch,230,0.17617215286192855,0.34425868299142437,-0.864757183680126,-7.884463920032753,-0.5192751190379536
SZ000768,garch,244,0.10661476422150198,0.26871335607310964,-0.07286365853176036,-7.18600019985803,-0.08491713650479227
SZ000776,garch,243,0.08617472136714344,0.23969760798192496,-0.43073739420725676,-8.010509078093714,-0.31372379882466483
SZ000778,garch,99,0.2899787710172077,0.4073023568486883,0.4375213903574975,-6.520280011479561,0.4386677398467794
SZ000783,garch,244,0.15902703441886012,0.3289162729926316,-0.9019634890148496,-7.91039243666402,-0.8023513485843077
SZ000792,garch,238,0.17824425854007286,0.336381735038123,0.46930457526200575,-6.860849925620311,0.5053298943361996
SZ000793,garch,224,0.42746340103862907,0.589548203996564,-3.2019532796405716,-7.296422904723054,-3.693724142825669
SZ000800,garch,99,0.03948500878183394,0.15865225101704084,-0.2856851728772918,-7.312972360299231,-0.2549918965369147
SZ000826,garch,244,0.0666826679864906,0.19764634869319306,0.3209688369922209,-7.529680965415408,0.3218258460151042
SZ000839,garch,243,0.08698028160721083,0.24079337702949413,-0.19150891803090264,-6.51867107945441,-0.23789981738318366
SZ000858,garch,243,0.04596310547360679,0.16979261018789274,0.13635355754601175,-7.067321002591118,-0.053231717836828674
SZ000876,garch,244,0.3745064350821036,0.54826059138141,-2.519452270707539,-8.469978081495501,-2.2533617569793907
SZ000895,garch,243,0.17692624259063403,0.35185808535543023,-0.8198405808775662,-7.588179232865764,-0.6960765266527817
SZ000917,garch,224,0.45765163108304663,0.627594851243411,-3.938419390116005,-7.172030942032488,-3.805495332811044
SZ000963,garch,244,0.09507755556456188,0.2526241691442083,-0.5231493560880391,-7.287673423093606,-0.6334819994430545
SZ000983,garch,244,0.07057703653638848,0.2168294012640708,-0.05995812868997641,-6.672987507706043,0.08574829078775104
SZ001979,garch,244,0.19648356310933304,0.37114153908489256,-1.2525343009670689,-7.299539727788804,-1.1431175450908628
SZ002007,garch,243,0.19308299504605275,0.34281203134308547,-1.369791735991953,-7.891560297655729,-1.2706485599517636
SZ002008,garch,244,0.06115974278548899,0.19941897139895814,0.3314334616799389,-6.782625061340472,0.254467595823909
SZ002024,garch,241,0.17117381127163347,0.33256913361968254,-0.0004679048391145191,-7.522700010634008,0.13443227268733882
SZ002065,garch,244,0.2971943302237897,0.4934770816707306,-3.2646786485140007,-7.093130620293155,-3.4151056457980378
SZ002081,garch,243,0.11222865843135492,0.2792102965151416,0.1294677140791427,-7.21562551037987,0.22716788748635552
SZ002142,garch,244,0.07432405178417834,0.21656816520168534,0.10007626036621076,-7.5205189627703515,0.12209854752335592
SZ002146,garch,243,0.29288301550702944,0.39279825985540023,-0.020302150072261993,-7.071193527079901,0.013993140314677355
SZ002152,garch,224,0.27453250355153447,0.4802223387802696,-4.9496268792591875,-7.5280911131759565,-5.371474034173549
SZ002202,garch,244,0.14011699524293664,0.3157796352927117,0.31135922592091225,-7.404636428739322,0.38512944666022453
SZ002230,garch,243,0.0753187039869344,0.22819020232174975,0.36088012496518673,-6.545261164123727,0.28537560126330697
SZ002236,garch,243,0.05646187256153551,0.19256693010640305,0.261321677934616,-6.570859732503186,-0.07055147976504617
SZ002241,garch,244,0.06128450995777512,0.2062488943981895,0.22461303522018417,-6.979391043505025,0.039370226348077964
SZ002292,garch,243,0.12052983779527651,0.29381190793053125,-0.5577464549307047,-7.077822080211305,-0.5401547626231149
SZ002304,garch,244,0.07803037530222251,0.22309215624669798,0.2158760795885083,-7.052745581320365,0.16157125934545524
SZ002385,garch,244,0.3609446945652755,0.5180531502000213,-1.4978685670674752,-7.915630441062433,-1.4380083688667575
SZ002415,garch,244,0.05406226896251838,0.19537165485744903,0.295055433446896,-6.982470668253863,0.23505251300804475
SZ002450,garch,221,0.13728909526412605,0.2918717545145947,-1.180528915340175,-7.435697769980426,-1.1636905407493647
SZ002456,garch,241,0.053464714820969594,0.1847547662891009,0.14336628865954526,-6.854052363203654,0.12198497222600413
SZ002465,garch,238,0.34941711522602537,0.5224390271979468,-2.655144429181188,-7.5184756299557955,-2.6947918411925507
SZ002470,garch,196,0.28812412787252656,0.48057835520517406,-3.2251075270386194,-7.686037802998192,-2.816690531841226
SZ002475,garch,243,0.048988906730066506,0.17794374702561014,0.2752236166340951,-6.778009016977238,0.2591553955374277
SZ002500,garch,244,0.11747819876772833,0.2704357938787706,-0.03419599852685207,-7.336981209238247,0.10999674228003664
SZ002594,garch,244,0.18981493179952014,0.3769060891356481,0.11967433529463045,-7.534106160078799,0.22002812855476395
SZ002673,garch,238,0.14480507386436525,0.3081454151664408,-0.2914827878578228,-7.357027576078282,-0.17034681422251774
SH600000,egarch,243,0.0880232113156443,0.235673323774265,0.2725398344998944,-8.45176852516705,0.2576749483775602
SH600008,egarch,234,0.19669340614012412,0.3184874009916512,0.5022304306762053,-7.067281783557457,0.47614371648985143
SH600009,egarch,244,0.08621351498100496,0.23308790414630587,0.5186332970506811,-7.446781739916184,0.3171532706205945
SH600010,egarch,243,0.11699964454507394,0.28472483647854857,0.1682369319145688,-7.5010707435719475,0.16077962992516537
SH600015,egarch,244,0.1026003965510385,0.2624223649031584,-0.011675871022193807,-8.457240427707223,0.0689444000934043
SH600016,egarch,243,0.14991137848264652,0.3207139604190887,0.09873165547418572,-8.711619213218224,0.1676454180968513
SH600018,egarch,240,0.1853253700771554,0.3522235430112584,-0.14975685186123955,-7.257785975082346,-0.15109588918174022
SH600019,egarch,225,0.09953781281018,0.2651162340821997,0.14166883633948513,-7.092076681416116,0.17330301406731985
SH600021,egarch,238,29.74580994093909,5.43402561222904,-221.67572840134315,1.666756442158565,-261.57531333139525
SH600023,egarch,244,0.10854079389870841,0.27749876737776025,0.08979859817704217,-8.783873547992519,-0.1023938664624593
SH600028,egarch,243,0.08525057671109605,0.23349479549787863,0.21179683244101366,-8.236039156431431,0.057182253694111895
SH600029,egarch,240,0.12798272929911395,0.28615898538552276,0.22346039788549932,-6.951730608597815,0.22399414706889909
SH600030,egarch,244,0.08213464397138359,0.2246611774196694,0.31958808422334495,-8.119393581875885,0.33670190631646013
SH600031,egarch,243,0.07309888187025475,0.20978300005546233,-0.12612789306107097,-7.15143467182512,-0.12154742912273075
SH600036,egarch,243,0.05828473947674727,0.1815711768964834,0.5825274441319537,-7.568526013197738,0.5514374831851878
SH600037,egarch,223,0.09720767824921286,0.24396253292309167,0.04926578401116222,-8.012050603847449,0.038973759520871565
SH600048,egarch,244,0.1294537965422848,0.2924580910314919,0.2774163276094306,-7.297286674032436,0.26152868311352495
SH600050,egarch,149,0.12640288215973206,0.2900415108209754,-0.18332041664522536,-7.019440009156244,-0.24575622533422625
SH600060,egarch,223,0.08634880340899423,0.2537840750893457,0.13720303602476103,-7.598448460326118,0.057057160422889996
SH600066,egarch,243,0.09120920656064219,0.24160309382849884,0.3914651310213022,-7.522621182812445,0.41735063763824176
SH600068,egarch,244,0.07834638404490636,0.2255837564710262,0.3522576445782001,-7.056189339296359,0.36764207116729886
SH600085,egarch,243,0.1292723184637089,0.2998797425000694,0.0091395329132824,-8.105758379824271,0.11103667217265722
SH600089,egarch,238,0.1359041571301056,0.2955436524309727,0.061897662000353626,-7.41524045157352,0.01076545417466268
SH600100,egarch,138,0.18956836799896265,0.3823199455417901,0.10970779732291425,-7.565446006722079,0.14215937519406985
SH600104,egarch,243,0.07777503323013525,0.22566527613179152,-0.1904582339748624,-7.675448076135163,-0.09551012446639207
SH600109,egarch,244,0.08706546196264044,0.24934236527841666,-0.2854838636830941,-7.7948722059275495,-0.2785970794456796
SH600111,egarch,243,0.09256960073960085,0.23668213197523522,0.6343382562130944,-7.011730750713251,0.6256548752548365
SH600115,egarch,244,0.12665852532444274,0.2787641196361523,0.29633559338258664,-7.490444330562761,0.3362369780427773
SH600118,egarch,244,0.13582908002776947,0.3112247902114769,-0.9568073714603043,-7.949540512319813,-0.9342063760721306
SH600150,egarch,175,0.10449589541244758,0.27623576636602887,0.02827033941060031,-7.142889560220531,-0.013527005200484554
SH600153,egarch,243,0.08799283635729002,0.24874314439938644,0.15681835227480712,-7.614417020036453,0.03335113378138643
SH600157,egarch,214,0.2276416234317835,0.4121469230263306,-0.5132046371768553,-7.9671506192529815,-0.38240950664158513
SH600170,egarch,243,0.07184962114448093,0.22502329844554714,0.19582978312846167,-8.46598567140596,0.18102289669245053
SH600177,egarch,244,0.14599053901485406,0.3065827247086394,-0.1435333069982503,-8.758841951801779,-0.08476561945956229
SH600188,egarch,244,0.07998354437038616,0.23299957435505234,0.12335387790808172,-6.816693218779571,0.019698287626536026
SH600196,egarch,243,0.048336215241306574,0.17346453643293475,0.5590096680296402,-7.060748899034892,0.48850481093033526
SH600208,egarch,241,0.16817988890296695,0.3440898443906068,0.2313431520307493,-7.614235954010077,0.29544536679877154
SH600221,egarch,243,0.11563722422420733,0.28664149439641917,-0.23742451072202364,-8.733182785369221,-0.15615793512529086
SH600252,egarch,99,0.10209440901270704,0.267791835035305,-0.4066785955832759,-8.430323247316082,-0.17287760926751083
SH600256,egarch,224,0.1882010598791967,0.3642826504568516,-0.5710037016914948,-7.90036300518178,-0.5354817965684768
SH600271,egarch,238,0.10772468554549296,0.26926138040643666,0.29216672693849044,-7.672242060582435,0.291411287432921
SH600276,egarch,243,0.11385828566910991,0.2717963536455035,-0.15267408757264733,-7.627285849329905,-0.10727021685714022
SH600309,egarch,225,0.04975744304840758,0.17892728684874637,-0.10922979481422956,-6.799128324841655,-0.1302136613102154
SH600332,egarch,199,0.07473884469797282,0.22600672065312313,0.13582545439896732,-7.642471092113906,-0.19050633109319293
SH600340,egarch,240,0.3459294716649068,0.3287455058797289,0.070013186611667,-7.434141756118447,0.06606533830521921
SH600352,egarch,243,0.09535254970571162,0.24789808375711658,0.39275578364047714,-7.704137537112671,0.3879096940013097
SH600362,egarch,243,0.10072831588625505,0.2674591907445003,-0.09750546150648676,-7.027280719890234,-0.22535915790174954
SH600369,egarch,243,0.18452581632241083,0.35929059696048105,-0.6153838997693872,-8.027694579698714,-0.5991313212208198
SH600372,egarch,239,0.11784015963946025,0.29238371206768765,-0.3118915900994408,-7.329128815346041,-0.2879446854481209
SH600376,egarch,243,0.21578462334706255,0.382978219848301,-0.028406341776902932,-7.747451043325826,0.120758354321861
SH600383,egarch,243,0.09282648263087322,0.2521345000941353,0.1262771560068815,-7.435835002674588,0.18439285989316656
SH600406,egarch,136,0.08025755754839736,0.2246557026794739,0.39701623406466013,-7.156028826696585,0.36365458769902004
SH600415,egarch,243,0.1193340759667868,0.27970796472509923,0.15200843826112287,-8.200794182625655,0.1612971584604619
SH600489,egarch,243,0.1115808676380904,0.27825887950558476,0.01527365901187494,-7.874846320270636,0.06393475958516237
SH600518,egarch,243,0.094056904759642,0.249416504730947,0.2473931878461615,-7.805247213103467,0.2551806343266284
SH600519,egarch,244,0.0674151652802847,0.20534941316331473,0.27854467580443243,-7.785238429258282,0.3002244181081659
SH600535,egarch,243,0.20742601994237758,0.3812431044349004,-1.7528169603041626,-8.026133280284766,-1.5598162721562012
SH600547,egarch,214,0.12034714606296118,0.2858518100729483,-0.11591236687512452,-7.733676211229088,-0.05921848868347945
SH600549,egarch,244,0.07458432284625272,0.21824377259635427,0.27318127043346574,-6.568180671963749,0.29581624273730334
SH600582,egarch,99,0.13623143240543698,0.3047035811078303,-1.3560943910487908,-7.222997304171388,-1.2369511173306282
SH600583,egarch,243,0.13380632755109056,0.2873406514565413,-0.019469964395339767,-7.881186831626513,-0.0413853622767939
SH600585,egarch,244,0.09665636228933312,0.24551827250778285,-0.13060245717865904,-6.992760894431097,-0.09894619628247492
SH600588,egarch,242,0.09386008130920834,0.23846133667141323,0.3734211352234492,-6.846853448684799,0.47682415169835235
SH600637,egarch,236,0.31902240953210786,0.512294368157033,-2.559376964535417,-8.25408250597362,-2.460572987315574
SH600648,egarch,95,0.323849834004728,0.49890580249162403,-2.2409453207738115,-7.6191438411577135,-1.9459082135510664
SH600649,egarch,186,0.1177363406775811,0.2854098889958836,0.2682708228809687,-7.961677789307304,0.04715433852180517
SH600660,egarch,243,0.06877986812079732,0.20644559569784682,0.059745803030225475,-7.493074897117945,0.0841694590355948
SH600663,egarch,243,0.13858336852054673,0.2905044604471352,-0.2729685155208077,-7.892163440470141,-0.05409564914609999
SH600674,egarch,243,0.14225294367815042,0.3010075541573528,-0.3854584546363866,-8.476293656544204,-0.30168652654585015
SH600688,egarch,244,0.1393498838710312,0.2937232274009231,-0.17062225311694457,-8.007338109760008,-0.32049678570757756
SH600690,egarch,244,0.0948563600773882,0.24022919281085936,0.3126640583580277,-7.194648331107494,0.05570592342454228
SH600703,egarch,244,0.05199772052643937,0.18671277912613185,0.12605447540711945,-6.7445379727958565,0.12255134843254656
SH600705,egarch,243,0.11323915739727872,0.28173475979227275,-0.4661418502078345,-8.02668641504791,-0.4065673260286593
SH600718,egarch,224,0.07133067545583244,0.21792882510679037,0.06258015323345445,-7.255013123674948,0.0827658280700424
SH600737,egarch,223,0.13096170507120597,0.30189193819834975,-0.9720190231592514,-7.48938264212752,-1.0210849359886174
SH600739,egarch,237,0.16751004297455507,0.33796703542544115,-0.5265885793854632,-7.964072391517934,-0.43489359558830865
SH600741,egarch,243,0.07505724931607077,0.2165079910981925,0.3850436082750419,-7.193407843065779,0.3214455042968155
SH600783,egarch,99,0.07998561080617758,0.24130514644234163,-0.04680412800932854,-7.403378442108086,0.02529843420267286
SH600795,egarch,180,0.2000534628705747,0.3356287425591677,-0.6713817536063185,-8.130972830444957,-0.702458727539945
SH600804,egarch,238,0.08401593380280277,0.2282995281819055,0.11194830334365591,-7.320410340988834,0.13380733534227063
SH600820,egarch,243,0.6067138686367584,0.7127279326967125,-5.566960862991797,-7.475300635685072,-6.058992065855807
SH600827,egarch,243,0.0956690065947914,0.253730938084847,-0.2489811390716532,-7.3061186399989575,-0.29502775769218936
SH600837,egarch,243,0.08307094741956096,0.22939028138874176,-0.14183909225138036,-8.34204905125855,-0.1498946121593352
SH600839,egarch,99,0.06348995314381674,0.20452260647959164,-0.267054646219411,-8.04135931793344,-0.0337381563418917
SH600867,egarch,92,0.09366888068559406,0.24897470596552096,-0.24747384094929203,-7.74640095966439,-0.2555281085512544
SH600873,egarch,99,0.11600955205429841,0.27724783746841686,-0.2365785969989609,-7.520933832618546,-0.12253875208652176
SH600886,egarch,243,0.10952961042134801,0.2741650942543543,-0.21829262565885688,-8.22685418699546,-0.23573068173073364
SH600887,egarch,240,0.2754217048948483,0.42800399094191294,-1.1448136437707115,-7.200897951583024,-1.0510728353778336
SH600893,egarch,243,0.14655888320468258,0.3247048346374115,0.02174607717046173,-7.358316028279531,0.09020877090490564
SH600895,egarch,244,0.1530821250571857,0.3268543039271727,-0.760667212163648,-8.251498303886756,-0.8457048518545132
SH600900,egarch,244,0.0681885001560054,0.21075701601763852,0.2318733241894566,-8.61999705138907,0.15212955264206096
SH600999,egarch,244,0.09164552248801676,0.2370119980928735,0.39176980353426893,-7.737890328696263,0.4151722347641802
SH601006,egarch,244,0.08152824285452716,0.23742184185602244,0.10956596241585925,-8.018854410504952,0.14761177196872777
SH601009,egarch,241,0.06834635898502857,0.2175060646437788,0.26382686058994875,-8.036075257920277,0.2805625579992692
SH601018,egarch,244,0.14453311297884835,0.293644715937195,0.1527635053573615,-7.540408304665658,0.10809450458566272
SH601088,egarch,180,0.1142451029879836,0.2638734383487539,0.3380597599768599,-7.6236130550148875,0.31828380144715906
SH601099,egarch,234,0.5135318762186718,0.6682529001346472,-6.306643607822986,-7.584255965126951,-7.167010490118598
SH601111,egarch,243,0.13951072286622151,0.29690628100865146,0.2503706297401127,-6.850910395626186,0.18225732070991785
SH601117,egarch,139,0.099096739724858,0.2616305598795758,-0.32564611731197846,-7.418511526524915,-0.15472286432928106
SH601118,egarch,239,0.07353123680020186,0.22637989013716828,-0.022898052350861287,-7.291402148987205,-0.05321542359302733
SH601166,egarch,243,0.09197899069743408,0.25588848333559194,-0.0254044286698889,-8.555120818731274,0.04272136840339291
SH601169,egarch,235,0.09832018498118406,0.25152078482704987,0.16154943864616778,-8.501728704540351,0.18485500785679643
SH601186,egarch,243,0.09163992271924433,0.24295182939935106,0.27808961052579284,-7.600642204095271,0.3103167719508
SH601216,egarch,233,0.11739676380811176,0.2866529309859159,0.0707805571114778,-7.36678608902815,0.08570318705732272
SH601225,egarch,244,0.06448817940554298,0.20223480450805154,0.03123069761045305,-6.796247716703553,0.024060321575953503
SH601258,egarch,99,0.20793850210814166,0.36037864812263826,0.6295894702140756,-7.049606853629628,0.6408454711522089
SH601288,egarch,243,0.09165147810387822,0.24250195031244662,0.4620872576994568,-8.54586510780745,0.39653670654065
SH601318,egarch,243,0.09225442137622171,0.24194394592470392,0.605491196402816,-7.610763428789108,0.5583144858000417
SH601328,egarch,243,0.08298035712270976,0.22202471945802082,-0.10908274645978033,-8.561945987363105,-0.058549793007185214
SH601333,egarch,243,0.08627672378769813,0.2416584007691511,0.09844562071981333,-7.453574933068702,0.13812793551466662
SH601336,egarch,244,0.08696582392266267,0.24015224650663275,0.4053419072500487,-6.907539003754045,0.35233308400973373
SH601377,egarch,239,0.08588674030459567,0.24345107765561125,-0.03115636802633892,-8.048001851743754,0.024632207789091254
SH601390,egarch,244,0.11846447950216069,0.2743235656429755,0.21183156029948635,-7.998849325048619,0.27519187975347414
SH601398,egarch,243,0.069467499496121,0.2188380236568056,0.48634806326370594,-8.259446092094413,0.36759926130509846
SH601555,egarch,244,0.0958976515061535,0.2504022566480922,-0.361392587035789,-7.941298786780002,-0.21879974803172741
SH601600,egarch,169,0.27423446647148464,0.2734852506184178,0.14625339340507115,-6.792053456646941,0.1496139920659053
SH601601,egarch,244,0.08772992744075582,0.24868684744245192,0.49534046090563344,-7.164602459818695,0.42784841054247713
SH601607,egarch,243,0.09065453143139407,0.2442405821951976,-0.007833506367491028,-7.5167717000833045,0.056704884066362427
SH601618,egarch,244,0.12962200799927956,0.2852076163148263,0.26248104983797704,-7.926926545637398,0.2203480989124219
SH601628,egarch,244,0.07791462684488346,0.21668156615463047,0.18785738421179143,-7.274421238973535,0.19186416990329225
SH601633,egarch,237,0.18006291107541322,0.3703667664446306,-1.006250691335171,-7.255308330018733,-0.994120431663357
SH601668,egarch,243,0.1037490423743615,0.26890541218680913,0.0884746891017627,-7.6556970036255105,0.22683390971934014
SH601669,egarch,244,0.0927998741981704,0.25254067742999126,0.4226301755004548,-7.66704086699767,0.4374535061013297
SH601688,egarch,244,0.07543763827441793,0.21074988650661478,0.2427317083320285,-7.469375364409874,0.21267150238179022
SH601718,egarch,244,0.15816527530434615,0.3247336945529313,-0.0004377913546045331,-7.415146448286866,-0.0022891465854786297
SH601727,egarch,155,0.1829481489002028,0.35310277856398287,-0.3621747862391236,-7.105953429892135,-0.17393909747364278
SH601766,egarch,243,0.19109033411118329,0.35350560576811824,0.2919553123676937,-8.033835005454693,0.4100535742864031
SH601800,egarch,244,0.08976011339551908,0.2306617802288245,0.3370938227646322,-7.235677057377646,0.33544077907778014
SH601818,egarch,244,0.08486604293526022,0.2278054861784181,-0.18916534232717575,-8.558341343959237,-0.10345313708789727
SH601857,egarch,243,0.07367685537670712,0.22480862708410249,0.17295131541740272,-8.614202580940262,0.01681000646694264
SH601866,egarch,244,0.14492557981044513,0.32349156941268775,-0.24658419653703456,-7.84877540022161,-0.21745825754163017
SH601872,egarch,144,0.4901163896611938,0.6387512104031929,-4.802493313169171,-7.59454799966159,-4.8352091716600745
SH601888,egarch,244,0.057549419754990026,0.1893350080792226,0.5202902369194712,-7.2229011033620845,0.31763710647264043
SH601899,egarch,244,0.11695340466991513,0.2682403719414847,0.09452386209366592,-7.610692949001142,0.10299806953393331
SH601901,egarch,234,0.10320025489866468,0.2605958715443188,-0.15192136303016857,-7.5213416563892395,-0.11036977465652043
SH601919,egarch,194,0.1060843773671588,0.25164368235923806,-0.16342762396515131,-6.846056780693677,-0.08926120707782514
SH601928,egarch,99,0.14099743267101733,0.31795286843798826,-1.2781131803560264,-8.6485441835347,-1.185333607620668
SH601933,egarch,238,0.12774659746354128,0.2966351606915043,0.14287077112073776,-6.894722231462891,0.0816296257576038
SH601939,egarch,243,0.061562608294874636,0.20025579019034662,0.2535309158482626,-8.178399759847327,0.21559476877730943
SH601958,egarch,243,0.10630908085299799,0.26848250185094064,0.267084043683392,-7.043040417911197,0.2840431119508168
SH601988,egarch,243,0.08071210532662801,0.23314689564229904,0.2684094721062118,-8.518638748504928,0.2855956588638878
SH601989,egarch,130,0.12045588536357418,0.30257246311716035,-0.30310840744371936,-7.425937044576109,-0.33432383783832154
SH601992,egarch,140,0.33358150370860656,0.391416965611645,-3.470233085105111,-7.086203552329213,-0.29720924021518647
SH601998,egarch,243,0.10698357587789886,0.2539182121057111,-0.07778307770027104,-8.110578124869395,-0.13652943569157627
SH603000,egarch,99,0.11260242945667744,0.27550817716156195,-0.6349781585275613,-7.5542474413379805,-0.589030548598156
SH603993,egarch,244,0.09537020350926251,0.23522154628160327,0.29194725935610244,-6.156194303610455,0.16711160524766777
SZ000001,egarch,243,0.1259551724138506,0.2704991544898754,0.6970958139601482,-7.882838594378629,0.6906393396855122
SZ000002,egarch,239,0.20094238442297765,0.35625446784153203,0.2578496604024285,-7.038227924430728,0.3755342270353228
SZ000009,egarch,224,0.13833967795973662,0.31147204728420747,-0.1471790667192343,-7.359219691086567,-0.05247541816626544
SZ000027,egarch,99,0.2012163663815914,0.3748093717880658,0.17448567510810942,-7.7601924474946555,0.28947102935906055
SZ000039,egarch,99,0.07656967344324811,0.21564756305515823,-0.010029157432698943,-7.04466852468597,0.06898752672842934
SZ000060,egarch,244,0.08499229645170511,0.23712052928354452,0.08125311623122533,-7.307559979017937,0.06964528032411899
SZ000061,egarch,99,0.27905825840881754,0.444966847570582,-0.6770219060126039,-7.9277786648189466,-0.3607056314174093
SZ000063,egarch,234,0.08599449004462364,0.22981353576693517,0.3817045052830266,-6.918526359494625,0.4469157381151163
SZ000069,egarch,244,0.11086338449526863,0.25731428611575374,0.26950049521913566,-7.242104062074998,0.15620313016949727
SZ000100,egarch,169,0.13089839067661316,0.2945201038777167,0.30805515022778907,-7.412008675988368,0.38725792462053354
SZ000156,egarch,224,0.08400842357916119,0.246444738349557,-0.34315216396097115,-8.207017439313502,-0.2832188946849208
SZ000157,egarch,243,0.10747112449211585,0.2543831913317226,-0.0023498501183971676,-8.12153863704486,-0.01631904664807715
SZ000166,egarch,227,0.21510091897714403,0.3994078247658596,-1.9658833958723805,-8.333129248495819,-1.6998302848709987
SZ000333,egarch,244,0.053597831729621306,0.1842010412752534,-0.0054928697428275886,-7.18647766351605,-0.0013953209661035082
SZ000338,egarch,243,0.056041972461329144,0.1847815518780679,0.18475015234556358,-7.36588575766671,0.2025975805942365
SZ000402,egarch,243,0.10336564488364564,0.2540967553708596,0.302032350894305,-7.2772506261877465,0.3168776251672797
SZ000413,egarch,198,0.0667125636948374,0.1836968356431037,0.3316651996873209,-7.112165467180741,0.4142726341610389
SZ000423,egarch,244,0.09736597243020312,0.25907703981624497,-0.11250727211424572,-7.787679465314753,-0.04134119838798478
SZ000425,egarch,244,0.09257164373357678,0.25497708593029855,0.2943161169495526,-7.526042417106593,0.33208913058792366
SZ000503,egarch,104,0.33392608307640226,0.4021767184339573,-0.22660412857785062,-6.441572579976277,-0.172743353911613
SZ000538,egarch,241,0.09257425856196279,0.2505285245859179,0.05930160818211072,-7.453267605053205,0.05725291011922151
SZ000559,egarch,238,0.3654509406726811,0.48401200973122854,-2.2358576016814307,-7.21686771605554,-2.1230196077752477
SZ000568,egarch,243,0.04857377428551467,0.17192633432597298,0.062208359319645745,-6.779640904880535,-0.09896191625150697
SZ000623,egarch,243,0.12943480242009156,0.30189309552483884,-0.677131832277102,-8.007600828915628,-0.41007245290529526
SZ000625,egarch,244,0.167285862660575,0.3555553371952516,-1.8079350378699277,-8.209787292374667,-1.8166433186349256
SZ000630,egarch,243,0.11062421986936621,0.2805609338917893,-0.06552773471640294,-7.646051835763006,-0.25276198770439073
SZ000651,egarch,243,0.07513879012243059,0.20753989154940558,-0.2880208322320841,-7.2517997202785445,0.03973452177528081
SZ000686,egarch,243,0.09993782446130993,0.2604297610194524,-0.2587224004138473,-7.938059267837494,-0.19726736053054417
SZ000709,egarch,243,0.2495588961396975,0.32205687261598037,0.2984339705505803,-7.04360378001413,0.3227064987136622
SZ000725,egarch,243,0.10966039067517289,0.26960088233006974,0.23088813794500795,-6.913011763899722,0.26678355362831796
SZ000728,egarch,243,0.09059584865093995,0.24578394693704048,0.11042634368637938,-7.08416145417227,0.153485813398903
SZ000738,egarch,244,0.17218990698871162,0.35035378184222543,-0.529830322476508,-7.444459642105945,-0.4695952360291711
SZ000750,egarch,230,0.15455304707669687,0.3214287687785977,-0.6359220235095686,-7.905944492955628,-0.3487073002798442
SZ000768,egarch,244,0.10005875037319475,0.25970104973004815,-0.006890535071424342,-7.179868316511063,-0.013051799860083868
SZ000776,egarch,243,0.06497331109507984,0.19754480453569737,-0.07873567021053973,-8.033201868085689,-0.009877919709161187
SZ000778,egarch,99,0.2917687915709407,0.40656267087121767,0.4340492455906121,-6.5043481297172585,0.4420808221529584
SZ000783,egarch,244,0.0932961085706317,0.2394081518532571,-0.11582155082596657,-7.983235137995492,-0.034085350753094934
SZ000792,egarch,238,0.1578747605257317,0.31378539071475875,0.5299516866414178,-6.85102857773393,0.5537130426850434
SZ000793,egarch,224,0.3868172892018338,0.5584087413075736,-2.8024031368160047,-7.338249563756368,-3.239696828649845
SZ000800,egarch,99,0.037107941399818205,0.1514480517865419,-0.2082846509507541,-7.30532395172867,-0.163927493638669
SZ000826,egarch,244,0.06107110754944242,0.18150165253666734,0.37811148777261905,-7.5191102869264554,0.35931768731506797
SZ000839,egarch,243,0.08521372412513153,0.23417632611294426,-0.16730953680083305,-6.510784956456417,-0.2453683336645769
SZ000858,egarch,243,0.044348960667528685,0.16613822347639554,0.16668332758679894,-7.071819409479937,-0.021751159734761938
SZ000876,egarch,244,0.14978245263535195,0.31733757534140467,-0.40759181594320393,-8.717291047752887,-0.23294775238804544
SZ000895,egarch,243,0.1390527251257274,0.30956117117479426,-0.43027845027444345,-7.630349791312353,-0.3207310174849316
SZ000917,egarch,224,0.3895923528606994,0.574364327179555,-3.2040064951916802,-7.245567884428327,-3.0489527853315046
SZ000963,egarch,244,0.07269624445340946,0.22043851109090637,-0.16459912407025,-7.3164730579346875,-0.38979631420215943
SZ000983,egarch,244,0.07233362575138252,0.21864623510561146,-0.08633938679567943,-6.6492259886833915,-0.06566513942345131
SZ001979,egarch,244,0.15226337620590044,0.3179632533157571,-0.7455835605647776,-7.349760836945098,-0.6182886048934473
SZ002007,egarch,243,0.12336595653275423,0.2674671685583248,-0.5141241424410983,-7.970519361665254,-0.4749924553400726
SZ002008,egarch,244,0.054169944631248086,0.1874459271781374,0.4078423042077326,-6.789957328845051,0.20880861458389377
SZ002024,egarch,241,0.12406713082407536,0.27933147478239845,0.27485880279904285,-7.577279617051627,0.4296802758807773
SZ002065,egarch,244,0.3132582122468612,0.5101760184308124,-3.4951921129682324,-7.074008201413264,-3.6320710008323642
SZ002081,egarch,243,0.09005156808613077,0.24066702961069372,0.3014903812226679,-7.239550818292433,0.36257669105775236
SZ002142,egarch,244,0.07257983506059076,0.2162128689712117,0.12119542702817765,-7.542471310435896,0.18239114839992598
SZ002146,egarch,243,0.25596418741998295,0.35634424051124186,0.108310154776319,-7.102560532888593,0.12308571088190357
SZ002152,egarch,224,0.32883195631185164,0.5276522574071006,-6.126396403787285,-7.467397575994494,-6.885774546335561
SZ002202,egarch,244,0.10633706046907303,0.2727545042194504,0.4773793463972482,-7.424335833937465,0.5378173982810788
SZ002230,egarch,243,0.07295582688847986,0.2244606250284711,0.3809304130868313,-6.542277866234275,0.26350003262035615
SZ002236,egarch,243,0.053256190295581575,0.1840926812029087,0.30326091745786876,-6.574933876179007,-0.037179362890338075
SZ002241,egarch,244,0.0538916507117174,0.19272947136520402,0.31814934147105656,-6.989952513056091,0.08049470216315247
SZ002292,egarch,243,0.10891940089579709,0.2781605409688068,-0.40769135445773697,-7.091014708113836,-0.43122693424194614
SZ002304,egarch,244,0.07496320092995783,0.21860671504582024,0.24669798431536316,-7.053845992717785,0.2019140660601001
SZ002385,egarch,244,0.24481634997848953,0.4226746285428263,-0.6942181850102473,-8.02720777883247,-0.6162368987881819
SZ002415,egarch,244,0.049554485662575636,0.18291548956911413,0.3538346413025003,-6.987133359687763,0.22109288510779623
SZ002450,egarch,221,0.11181034957808375,0.2595035465560341,-0.7758562675371621,-7.464336809980833,-0.6448106565230347
SZ002456,egarch,241,0.04946374084430253,0.17588633077798924,0.20747154383738875,-6.864337057486431,0.1852119188571375
SZ002465,egarch,238,0.18858651726863718,0.3712623790547773,-0.9727452605383986,-7.700918455253811,-0.9369352556536472
SZ002470,egarch,196,0.24594907998442386,0.43871039077535456,-2.6066445277716004,-7.73584399375835,-2.1673970345007105
SZ002475,egarch,243,0.06995509710645835,0.21886900294111133,-0.03496496784876757,-6.728394551378057,-0.06193663227933022
SZ002500,egarch,244,0.10871741773884294,0.261177283194964,0.042927797880316976,-7.329247459534613,0.12433310998654123
SZ002594,egarch,244,0.10634502273189325,0.27279205706323867,0.5067919476248589,-7.632399567503466,0.5778753767768181
SZ002673,egarch,238,0.11817686164534906,0.2830228754959679,-0.05399195390750977,-7.378878577795204,-0.03913976662747376
SH600000,har_pooled,243,0.1019534215229624,0.26689054333308465,0.15741482518242778,-8.461255973791133,0.16520104448630313
SH600008,har_pooled,234,0.2672886937259225,0.3502722976254524,0.32357580982512046,-5.561075060052415,0.2185197303741585
SH600009,har_pooled,244,0.0781130282621172,0.22670956296866518,0.5638617578670028,-7.495698815299409,0.40428660356254376
SH600010,har_pooled,243,0.09807031453449964,0.2443016152059749,0.30280757670256453,-7.486506181962589,0.27458232823788875
SH600015,har_pooled,244,0.10834043822621903,0.27588917760786075,-0.06827469380114115,-8.460148256296094,-0.02672923370821012
SH600016,har_pooled,243,0.12586204455959427,0.288598989888009,0.24331643343543208,-8.74477916682891,0.2742595135727569
SH600018,har_pooled,240,0.10329394052857134,0.25320205758402703,0.35916536506022667,-7.447909701980573,0.33085343419273805
SH600019,har_pooled,225,0.06918489082357226,0.21201562410070285,0.40340714576913883,-7.174182608894414,0.44974523798406096
SH600021,har_pooled,238,0.0997007231736941,0.25575199989766734,0.2536450949251875,-8.002019834460116,0.17509717335410258
SH600023,har_pooled,244,0.0847627308714919,0.23982672697720872,0.2891966818155721,-8.827314491195168,0.15875870562094618
SH600028,har_pooled,243,0.0925812491427211,0.25392505197599796,0.14401947005993143,-8.258373638064857,0.01426683555703323
SH600029,har_pooled,240,0.0826342762601223,0.22340722859285642,0.49861369296099733,-7.098406590632704,0.4894328296845438
SH600030,har_pooled,244,0.07884389314470813,0.22606209677949207,0.34684900563309706,-8.14574627084774,0.3392703470683873
SH600031,har_pooled,243,0.052274817589159826,0.1758196244619783,0.19467810333516378,-7.205023747689155,0.2014797043684211
SH600036,har_pooled,243,0.05560267744612223,0.18986686847481934,0.6017380865912612,-7.60054435846799,0.5754206145607232
SH600037,har_pooled,223,0.07809390701164208,0.22278354346051982,0.23620694585594693,-8.099612608838013,0.25237589965799934
SH600048,har_pooled,244,0.08918936773289043,0.2464042131488813,0.5021638407215503,-7.377542455899287,0.42823505594737366
SH600050,har_pooled,149,0.11885285105936723,0.25925827592000217,-0.11264081033626239,-6.978395844042918,-0.19452294692013727
SH600060,har_pooled,223,0.06330091045198552,0.21089585906346472,0.36749750779809065,-7.641974879172018,0.3476267162922071
SH600066,har_pooled,243,0.06322929763990753,0.19470515435250124,0.5781431085102808,-7.560767073780768,0.5235330243267433
SH600068,har_pooled,244,0.07054211974401552,0.21584702061945596,0.41678075693646544,-7.0918593242522885,0.4385141956522841
SH600085,har_pooled,243,0.08878786619719532,0.24900892351308454,0.319449147216433,-8.167000354117244,0.32988485929010036
SH600089,har_pooled,238,0.10204255631164487,0.25901750278928465,0.2956333148825421,-7.496143339794387,0.2800016666512002
SH600100,har_pooled,138,0.12672866732094404,0.3028501192200516,0.4048292678654475,-7.610927757489383,0.34935658282555093
SH600104,har_pooled,243,0.06065964437206887,0.19139572652822795,0.07151729657202832,-7.703153131286247,0.09077172522734733
SH600109,har_pooled,244,0.07528987862773026,0.2262418361602373,-0.11162247225123134,-7.804820346707202,-0.09578035102064475
SH600111,har_pooled,243,0.0825501630243573,0.22811665461949446,0.6739163146410045,-7.042039573306561,0.6517333970788777
SH600115,har_pooled,244,0.10205338148260151,0.2567066665547076,0.43303198943532106,-7.631338031982128,0.4656788748810612
SH600118,har_pooled,244,0.07482664797272835,0.2227234644684018,-0.07798224286555633,-8.016949637377493,-0.08701694846467056
SH600150,har_pooled,175,0.08420404405283996,0.23961008664210726,0.21696860125690465,-7.168228614469891,0.18767049259725088
SH600153,har_pooled,243,0.06841984519702937,0.2146016871073949,0.3443743809315868,-7.671235210441763,0.26261242805415796
SH600157,har_pooled,214,0.12442095227522514,0.2865707449946559,0.17293525188177938,-8.037724574220023,0.21903080184089607
SH600170,har_pooled,243,0.09160758928460802,0.25133458406362247,-0.025309441701082624,-8.446135197182057,-0.0367326458715318
SH600177,har_pooled,244,0.10586833072090979,0.2623949726522185,0.170741041490719,-8.833741418178493,0.1970494444577986
SH600188,har_pooled,244,0.06023660172553376,0.19942612408031887,0.339786905839647,-6.872567223836624,0.2975619966403441
SH600196,har_pooled,243,0.041555648400249875,0.16074359587422826,0.6208714502824946,-7.086240511797093,0.5709193130982118
SH600208,har_pooled,241,0.09763434209769058,0.2459105271288004,0.5537676583098372,-7.647579924762467,0.5742664781609305
SH600221,har_pooled,243,0.09618878212461793,0.26080830709465935,-0.029308317075513735,-8.760383348089432,0.020601603184954853
SH600252,har_pooled,99,0.07234213811989482,0.23156238054493103,0.003254553936255955,-8.514069216734146,0.11566199157421475
SH600256,har_pooled,224,0.10368406512829827,0.2606512106527511,0.13449982573140717,-7.977512003049557,0.21507930047900714
SH600271,har_pooled,238,0.0742103532876241,0.22091970116747803,0.5123814286703421,-7.716252557208395,0.5274119177175444
SH600276,har_pooled,243,0.06683243769272625,0.20539408510073862,0.3234043646011162,-7.674943646164607,0.33991046052417795
SH600309,har_pooled,225,0.045970694250519466,0.1701478823358549,-0.024812784317768788,-6.807973130967851,-0.029445688708067408
SH600332,har_pooled,199,0.051453370669664864,0.18972445408840022,0.4050658208889175,-7.707687245860152,0.23118028830889603
SH600340,har_pooled,240,0.40802169590662324,0.34967922465859663,-0.09691375800750612,-5.359870260318913,-0.10594444467682007
SH600352,har_pooled,243,0.07153358562676691,0.21673713753180085,0.5444447339753627,-7.758316577132185,0.542801733154049
SH600362,har_pooled,243,0.0634029214598394,0.20744348291377107,0.3091808200564202,-7.106349078120596,0.23370195450439724
SH600369,har_pooled,243,0.11063091990929234,0.2784435787864749,0.03151000548402527,-8.09004901734753,0.0482941085919919
SH600372,har_pooled,239,0.07214875682114667,0.22104626474300745,0.19678191544050838,-7.366750814855112,0.23762598666672863
SH600376,har_pooled,243,0.1507387459308035,0.3045356724172172,0.28159532471688553,-7.7710735754706475,0.30670971588208795
SH600383,har_pooled,243,0.0814129907278304,0.23518919251005574,0.23370585870882288,-7.4347749388844875,0.254617046803049
SH600406,har_pooled,136,0.07403972330611751,0.21471164338295493,0.4437314995411945,-7.1709905961132145,0.41869439277561116
SH600415,har_pooled,243,0.10539403449353228,0.2651845756115231,0.2510667955982163,-8.221972856798551,0.29663649826172056
SH600489,har_pooled,243,0.09861930174106823,0.25281220266445165,0.12966240351106173,-7.862107017510872,0.15489958929455916
SH600518,har_pooled,243,0.08375414521241083,0.2360464597147408,0.3298318672716005,-7.8455631146841105,0.35161200357741174
SH600519,har_pooled,244,0.07012588360719516,0.21595716388881192,0.24953544381318515,-7.798660370458516,0.30886909129796225
SH600535,har_pooled,243,0.07134402466616895,0.21178780624315224,0.05317066213801436,-8.186926251604397,0.12317774372665335
SH600547,har_pooled,214,0.09571916437083478,0.2544473567210084,0.11244925398990291,-7.769447211919792,0.15496201937063925
SH600549,har_pooled,244,0.05819484280312202,0.18738713125140444,0.43289554561378696,-6.589164230102518,0.4480945793252723
SH600582,har_pooled,99,0.06986368417458062,0.21923329332326433,-0.20827793935141936,-7.28071949447025,-0.15639093070314036
SH600583,har_pooled,243,0.09765641021719981,0.25039182425149187,0.25595613548924456,-7.913394554014123,0.2538989486207536
SH600585,har_pooled,244,0.06919698027009584,0.20627413467788236,0.1905936239507393,-7.110132193400497,0.1985735905691568
SH600588,har_pooled,242,0.07923601042784675,0.21749728540737936,0.47104659647857794,-6.842179485128626,0.5024111102919859
SH600637,har_pooled,236,0.06886770504125496,0.21281095464493477,0.23163352918130375,-8.561296571408215,0.24655711712907336
SH600648,har_pooled,95,0.10962036102434927,0.28354855158592507,-0.09703189200403894,-7.811077934751844,-0.04328598616552348
SH600649,har_pooled,186,0.11045538640713945,0.259773520254122,0.31352181884610864,-7.85193573148428,0.2719879434936229
SH600660,har_pooled,243,0.05380600405158374,0.1845201864918045,0.26444579622017705,-7.517689571152706,0.13117884160392845
SH600663,har_pooled,243,0.11764863414352017,0.2795701463238112,-0.08067085363510418,-7.881352298667682,-0.02048298476887367
SH600674,har_pooled,243,0.09127278384168046,0.24116121325444756,0.11105776244770549,-8.534431172382797,0.12700657890694023
SH600688,har_pooled,244,0.10149344471062142,0.25541841067523413,0.1473944461000971,-8.046529888148303,0.07557632036590167
SH600690,har_pooled,244,0.06373300235577124,0.20201516020944543,0.538186125293706,-7.239019350147285,0.23241873059907914
SH600703,har_pooled,244,0.0431915175648831,0.17017603344351573,0.27406368790702906,-6.774988838162663,0.2788110347261835
SH600705,har_pooled,243,0.0897466630913531,0.2481481928623495,-0.16197737336658835,-8.059796167504084,-0.17060110786065552
SH600718,har_pooled,224,0.06307639717564864,0.20104547743897144,0.17105696536415516,-7.2563498278023735,0.17313750788279414
SH600737,har_pooled,223,0.07313475954423328,0.21922251330831513,-0.10126190703602411,-7.557454338886465,-0.08904532168529
SH600739,har_pooled,237,0.08819570745212339,0.24867800602442888,0.19623589513564454,-8.055853382004782,0.21644637294371216
SH600741,har_pooled,243,0.055761125191410306,0.18404024478500478,0.5431399277392484,-7.254692344923086,0.48237140121118705
SH600783,har_pooled,99,0.05967243467651431,0.20531962058529482,0.2190426463191082,-7.411729411978144,0.34077773676398415
SH600795,har_pooled,180,0.13147044270423314,0.2864153758084035,-0.09839287919029926,-8.2041129746758,-0.07942836260559272
SH600804,har_pooled,238,0.06452871258687552,0.20004471464584592,0.3179289915371659,-7.327912053266644,0.34656745380645637
SH600820,har_pooled,243,0.07847461229021528,0.22961017434602196,0.15060503099058964,-8.049852948950296,0.12448142282718189
SH600827,har_pooled,243,0.08735830740985216,0.23159105230558563,-0.14048302767752507,-7.299430444519137,-0.14611852753032006
SH600837,har_pooled,243,0.08542500900218317,0.23261241744850178,-0.17419648823760037,-8.347894923257373,-0.16426687235964854
SH600839,har_pooled,99,0.06621354610248982,0.20923440504521457,-0.321408775366115,-8.025510125328987,-0.22305505201066622
SH600867,har_pooled,92,0.0817782412413492,0.2271482128449037,-0.08911535998650444,-7.735503117866693,-0.1983223204341351
SH600873,har_pooled,99,0.08948266910309896,0.23548144604712404,0.0461789442696805,-7.512166105022219,0.10390130805798392
SH600886,har_pooled,243,0.07672260039194002,0.22317136029391127,0.14661818005833205,-8.255413594188587,0.17834734229907345
SH600887,har_pooled,240,0.05245635132169694,0.18288896897576484,0.5915024269414075,-7.452157371753697,0.538337565957919
SH600893,har_pooled,243,0.07820388243063979,0.21669630629337958,0.4780032905857384,-7.4118181462396375,0.469704164770001
SH600895,har_pooled,244,0.11114196498910886,0.2677436542445568,-0.2782943376221352,-8.285783500485781,-0.27846015274812697
SH600900,har_pooled,244,0.07016643267649267,0.21046872733732205,0.20959240103579413,-8.632138789690314,0.17916731350521586
SH600999,har_pooled,244,0.0744694749920404,0.2307422015757163,0.5057632694381644,-7.830056165828752,0.5082972069667929
SH601006,har_pooled,244,0.0788470478177616,0.22926098636948014,0.13884940136348456,-8.051863156639056,0.20143538578731224
SH601009,har_pooled,241,0.07973203806655053,0.23314369338891655,0.1411892945479093,-8.02247993144027,0.1355797372640809
SH601018,har_pooled,244,0.13428508917401777,0.30229493516859524,0.21283624292227932,-7.636853859897774,0.1454072063471047
SH601088,har_pooled,180,0.12367734294099916,0.25941673305895524,0.28340902208823726,-7.551185659248038,0.27683841475890825
SH601099,har_pooled,234,0.0874308906092764,0.23755156101865096,-0.243985792470097,-8.057762768770257,-0.26002515020961137
SH601111,har_pooled,243,0.08554672856343878,0.2310987508462278,0.5403339690075468,-7.045749557186267,0.5148420738254689
SH601117,har_pooled,139,0.07728500478762979,0.21631645039918074,-0.033864149391983345,-7.415357037073058,0.15279911174649896
SH601118,har_pooled,239,0.07213018144596572,0.2172556799025454,-0.003407875720513154,-7.27302507139899,-0.039060915379679484
SH601166,har_pooled,243,0.08526514493617282,0.2472531324285958,0.04944317647126972,-8.584313743371377,0.05460181466214575
SH601169,har_pooled,235,0.10304879484559337,0.2602915650936023,0.12122500683192738,-8.53630348155212,0.16121801507850197
SH601186,har_pooled,243,0.09634341474981782,0.25615927958665713,0.24103698473863588,-7.6437149643395434,0.2739795434377116
SH601216,har_pooled,233,0.11029459371058592,0.263615603254198,0.12699568883444,-7.325097961333027,0.0852695359453679
SH601225,har_pooled,244,0.05624617314133955,0.1959184011438487,0.15504567785125556,-6.790881052481022,0.17265191798784785
SH601258,har_pooled,99,0.29982128944711217,0.3774279940866923,0.46591438555498055,-4.715856683425065,0.3876701023976369
SH601288,har_pooled,243,0.09684777768293144,0.2563929583186627,0.43158959618639714,-8.569361667248815,0.306158595501441
SH601318,har_pooled,243,0.0678973979168291,0.2086288798211559,0.7096494583138298,-7.70968077893073,0.7004414754796353
SH601328,har_pooled,243,0.10336264711102207,0.2587295199190421,-0.3815044007309023,-8.546558659314547,-0.3834595914576171
SH601333,har_pooled,243,0.08453816557968241,0.23639383289252855,0.11661280066427915,-7.45858783977732,0.12529971555278663
SH601336,har_pooled,244,0.055328037062466036,0.19683813082821755,0.6216759238155065,-7.020595957131511,0.6029745690125276
SH601377,har_pooled,239,0.07986453859906914,0.23455567258274373,0.04114619714460255,-8.053677950826177,0.06061545758031295
SH601390,har_pooled,244,0.1280052280632746,0.2994503691775648,0.1483550064954331,-8.032938999085811,0.2087477968292929
SH601398,har_pooled,243,0.07016579362234841,0.21545294543635196,0.4811847835580888,-8.291816448804349,0.380290441618246
SH601555,har_pooled,244,0.08289976534478538,0.23424280053828528,-0.17687059312558184,-7.944137377475116,-0.1407502943079868
SH601600,har_pooled,169,0.30664809379104097,0.2943876315049605,0.045343304722322286,-6.78214170163983,0.05532683661407134
SH601601,har_pooled,244,0.04645224671922826,0.17524193915189334,0.7327870875642255,-7.288831418822496,0.7379005365342649
SH601607,har_pooled,243,0.07610186708198712,0.21528195905560843,0.15395281039651432,-7.558832197337949,0.1804223992312669
SH601618,har_pooled,244,0.12890747459205953,0.2959423852863933,0.2665465780340185,-7.934304934793906,0.22365222515042127
SH601628,har_pooled,244,0.06839301412769229,0.21570384417260985,0.2871058536173754,-7.331672172490174,0.30622827718071965
SH601633,har_pooled,237,0.09501136994379222,0.24088573177867012,-0.05861126811729456,-7.298842288101656,-0.06357561202918505
SH601668,har_pooled,243,0.09581324756039343,0.2536518813879226,0.15819752865266024,-7.6671098697336975,0.21370793103820196
SH601669,har_pooled,244,0.09313131837292951,0.25394885497664843,0.4205680405388985,-7.718971149429437,0.4473853917664077
SH601688,har_pooled,244,0.06534709815841529,0.20942973014379132,0.3440239312918203,-7.538108245374103,0.31532727787796067
SH601718,har_pooled,244,0.12144068958064393,0.26941540347639,0.23185506407232825,-7.523944542591042,0.269371478985439
SH601727,har_pooled,155,0.13324214835636872,0.2873748553139023,0.0079205717769526,-7.2191039070897265,0.05030832995327117
SH601766,har_pooled,243,0.13083682136710845,0.28141459932267676,0.5152119192916486,-8.06928837963947,0.5829888730601496
SH601800,har_pooled,244,0.0792439461713851,0.23300015494130338,0.4147589676714849,-7.32460155073985,0.4148549402240692
SH601818,har_pooled,244,0.09342115810884709,0.25089794123603476,-0.30904186905303743,-8.578562307166173,-0.24816522584475353
SH601857,har_pooled,243,0.0903011839970455,0.2498893971346217,-0.013662636104019743,-8.61522000875612,-0.15577306959238713
SH601866,har_pooled,244,0.10801050554771742,0.2758860977126951,0.07094255236468527,-7.867449477088895,0.09194791366676247
SH601872,har_pooled,144,0.0872840333451646,0.237299319015935,-0.03335662817123941,-8.040150635520618,-0.034866292599797344
SH601888,har_pooled,244,0.06841972832319423,0.21099907595684744,0.42967953797470326,-7.187971444363121,0.20838249665596376
SH601899,har_pooled,244,0.0922454751819453,0.2443507625460973,0.2858174856659944,-7.725065187813062,0.30435637666695914
SH601901,har_pooled,234,0.08658418716078231,0.24228690109332543,0.0335472040350735,-7.5548340856616925,0.07751369136676611
SH601919,har_pooled,194,0.10393016958099788,0.21954394886993778,-0.1398024219478342,-6.654824037785238,-0.16125750524132165
SH601928,har_pooled,99,0.07676073773789961,0.2282869219728474,-0.24023285432846486,-8.732127981062561,-0.11915357526068981
SH601933,har_pooled,238,0.10625505132400923,0.2625997364677338,0.287070559888165,-6.91199873052299,0.18586148166714378
SH601939,har_pooled,243,0.06663305916088377,0.21100809721227995,0.19204984935320735,-8.194682236984882,0.1496119865844101
SH601958,har_pooled,243,0.09034651029568948,0.237804426863999,0.37713318126796525,-7.070130296463962,0.4152713542219052
SH601988,har_pooled,243,0.0942153698888426,0.2579752440986904,0.1460132044164768,-8.537516316442035,0.14578322096565988
SH601989,har_pooled,130,0.08526207817987902,0.24422232548546002,0.07762306028492005,-7.457888020562042,0.052531185318809626
SH601992,har_pooled,140,0.07922064665877727,0.22652099935598177,-0.061613883804646274,-7.2715618111068405,-0.0023974708158891467
SH601998,har_pooled,243,0.10311627007891175,0.25704339387074937,-0.03882273530904712,-8.115240876785093,-0.0548130496634498
SH603000,har_pooled,99,0.07562906495453997,0.21486650862463963,-0.09812789961258161,-7.555315108285837,0.04911905816268369
SH603993,har_pooled,244,0.10072838422902053,0.24432785650378516,0.25216675764917795,-6.1516449793541605,0.13376619786173816
SZ000001,har_pooled,243,0.1026466426662647,0.2523211549094725,0.7531494963589966,-7.987981278802983,0.7244679934217186
SZ000002,har_pooled,239,0.1592924766806716,0.3238782476144266,0.4116773024099718,-7.048619705967336,0.4388805331525444
SZ000009,har_pooled,224,0.08288796920315725,0.22711534704529576,0.312653140768439,-7.415719440178121,0.3700372396179922
SZ000027,har_pooled,99,0.1492225205752115,0.31081413321660534,0.38779667605317725,-7.85769368412735,0.42811549927321524
SZ000039,har_pooled,99,0.07612986909989543,0.21286829413331043,-0.004227706409390075,-7.0202793558704375,0.037037771625909044
SZ000060,har_pooled,244,0.05536763460891286,0.18852267253121677,0.4014887950757764,-7.3441101690000306,0.41796626566226935
SZ000061,har_pooled,99,0.1098492512078979,0.288214665376636,0.33985253944770777,-8.081181081345367,0.4415974558951874
SZ000063,har_pooled,234,0.05160268927066741,0.18681886280079657,0.6289795977070475,-6.967532232082355,0.5248663179662927
SZ000069,har_pooled,244,0.07230890132741978,0.2060108867200244,0.5235431711614142,-7.292427442191519,0.31530603418612246
SZ000100,har_pooled,169,0.10328805390350276,0.2675865652793187,0.4540067561404152,-7.424284750131202,0.4937443677187422
SZ000156,har_pooled,224,0.06737382509947683,0.2131261930758405,-0.07719315660552062,-8.22774417643427,-0.019010493230012804
SZ000157,har_pooled,243,0.09038315689912382,0.2350979367175914,0.15702432444809422,-8.142405518050705,0.1454996719889604
SZ000166,har_pooled,227,0.08668694734243744,0.2393575692656128,-0.1952686161657804,-8.488284219757215,-0.14288583912387187
SZ000333,har_pooled,244,0.040029115427062896,0.16403040024075244,0.24905562696894679,-7.209983116926456,0.14422605941642497
SZ000338,har_pooled,243,0.05458300090251809,0.186106404469336,0.20597400098639462,-7.374519116001331,0.23236404816727807
SZ000402,har_pooled,243,0.09655552235263941,0.2489333046000519,0.3480171190291981,-7.26016157579757,0.3489796467255949
SZ000413,har_pooled,198,0.10713878950276177,0.23799530773007083,-0.07332978261202161,-6.958346399137473,0.19329838079860118
SZ000423,har_pooled,244,0.06350323086906509,0.20917181047138073,0.27440968973807855,-7.834315862078845,0.2870690834792532
SZ000425,har_pooled,244,0.08728649971590952,0.239903797123246,0.3346053545869685,-7.5432911434023175,0.3997432582060547
SZ000503,har_pooled,104,0.34834399831980634,0.4045491207383901,-0.27956517372926726,-5.732922446132908,-0.2673512233541018
SZ000538,har_pooled,241,0.07680257510763562,0.22009846770017,0.21956643225105987,-7.473196012107749,0.2678625269752267
SZ000559,har_pooled,238,0.07385610264501134,0.2199622693280906,0.346046747794596,-7.496964467226031,0.32768354027462887
SZ000568,har_pooled,243,0.041839995430279386,0.16573082685262816,0.19221434739689824,-6.808661296872495,0.07565435665541687
SZ000623,har_pooled,243,0.08580474036198152,0.24158837366858307,-0.1118019167232358,-8.068853107047799,-0.057628191574863985
SZ000625,har_pooled,244,0.08012101431302003,0.2288688616962874,-0.344851261075678,-8.309938003525478,-0.36276448423949725
SZ000630,har_pooled,243,0.08278651256321722,0.24108205384987288,0.20260386648852535,-7.704498049690929,0.0842693915370677
SZ000651,har_pooled,243,0.04957460564827753,0.1780276838491597,0.15019759140877853,-7.279725226134184,0.08435034989994383
SZ000686,har_pooled,243,0.07848235299745188,0.2274304661242849,0.0115104437427066,-7.962104101730222,0.05793805243354733
SZ000709,har_pooled,243,0.3305607376157366,0.3577259120478163,0.07071962663624853,-5.282309779894316,0.06592680252879601
SZ000725,har_pooled,243,0.07628623453088375,0.21360381592852473,0.46496043349866234,-6.990960845596393,0.48880025634485
SZ000728,har_pooled,243,0.09356919729790128,0.2498609299314552,0.0812306060586695,-7.07852513510362,0.13462340148214103
SZ000738,har_pooled,244,0.08757672455824227,0.2429845650380027,0.22191996548813187,-7.523717040486046,0.24981806759000014
SZ000750,har_pooled,230,0.09672955199050338,0.25439246946512106,-0.02386855140391253,-7.9670266117653314,0.09101790185454106
SZ000768,har_pooled,244,0.08022014970015197,0.23092639100871043,0.19274517067390406,-7.219203049794881,0.2201308792046328
SZ000776,har_pooled,243,0.07059951298636093,0.21478637941067888,-0.17214609620913857,-8.025612945970133,-0.15410340198479355
SZ000778,har_pooled,99,0.4604930206120672,0.4801005239093666,0.10677090921051802,-3.780614553685652,0.031348723292268565
SZ000783,har_pooled,244,0.0873807815148213,0.2348248219173427,-0.04507423338495942,-7.981395034273166,0.0074100713474933855
SZ000792,har_pooled,238,0.1146448257492586,0.27236802914019254,0.6586623042259858,-6.952489171713368,0.6544378825923506
SZ000793,har_pooled,224,0.08969270865862604,0.24234821168625048,0.1183231818391356,-7.661119353510775,0.06767116373307624
SZ000800,har_pooled,99,0.05020048090435617,0.18097254689636702,-0.6345954062376835,-7.287056534874409,-0.7020569846180336
SZ000826,har_pooled,244,0.06897723959065809,0.19650962500216312,0.2976031608423384,-7.529391357468093,0.3094197525930402
SZ000839,har_pooled,243,0.07576880469943478,0.21431303479721084,-0.0379272731675544,-6.524370628037502,-0.12054267204564661
SZ000858,har_pooled,243,0.03158878057195977,0.14153300967501514,0.40644702568893043,-7.112878660795465,0.29759589216036686
SZ000876,har_pooled,244,0.10171759946862188,0.2641432376824048,0.044101241298354354,-8.771730776050536,0.0794991519587569
SZ000895,har_pooled,243,0.045280255779566576,0.1712300583807772,0.534253111502333,-7.753561639856948,0.5272306940500973
SZ000917,har_pooled,224,0.08028208744030281,0.2199642800868962,0.13369342450297939,-7.557707591446148,0.1378558495565888
SZ000963,har_pooled,244,0.044681379654261354,0.16770509089187402,0.2842010478140652,-7.346774522583607,0.09211820440803953
SZ000983,har_pooled,244,0.05895303951461051,0.19323548312800426,0.11461636091400584,-6.684590506298331,0.15468327587007358
SZ001979,har_pooled,244,0.07578220247690653,0.2173461422067745,0.1312148060594942,-7.420752112738165,0.12873669238924434
SZ002007,har_pooled,243,0.06741196584833212,0.20687816434397308,0.17262356772409593,-8.033025305376128,0.21629465191811936
SZ002008,har_pooled,244,0.04617258132689909,0.17197158094487305,0.4952653255704891,-6.794277846821842,0.2677760329215211
SZ002024,har_pooled,241,0.07148684503048057,0.2154278398765717,0.5821773579738273,-7.629130674023505,0.629709036233946
SZ002065,har_pooled,244,0.08050167366914564,0.22080075412434672,-0.1551827674771895,-7.31635693111716,-0.05723302780194661
SZ002081,har_pooled,243,0.06104859010069047,0.19476341404025466,0.5264599128652536,-7.266876911761263,0.5545204880935319
SZ002142,har_pooled,244,0.07049769210753129,0.21494946028284198,0.14640624139834224,-7.552153822453184,0.1706317446196538
SZ002146,har_pooled,243,0.27542534343760133,0.35168765038682076,0.04051428312670069,-6.13159536065271,0.022362422595422315
SZ002152,har_pooled,224,0.04878526978474391,0.1785716011144256,-0.057266985396276615,-7.814019760044928,-0.03368298651149648
SZ002202,har_pooled,244,0.07123391987183517,0.21574921253160517,0.6499026999817059,-7.498393438279874,0.6700485032954802
SZ002230,har_pooled,243,0.07477766190632942,0.21655390828002713,0.36547115917900985,-6.512753459369382,0.26182086264713633
SZ002236,har_pooled,243,0.044103844907653206,0.16754034266408205,0.42299904918117714,-6.601239133393231,0.11611516719337811
SZ002241,har_pooled,244,0.044953855846236096,0.17339984682916545,0.4312325600093968,-7.003350424485135,0.1809838514973836
SZ002292,har_pooled,243,0.07515053728710858,0.21754796493833667,0.02874271477930379,-7.090118102619738,-0.04398198663200947
SZ002304,har_pooled,244,0.062186943791487016,0.19778805810054975,0.3750860485378058,-7.0727254252054506,0.325041842109258
SZ002385,har_pooled,244,0.13251381962888958,0.29869226155740536,0.08295617102306019,-8.119772152592837,0.15505978933602504
SZ002415,har_pooled,244,0.04162785970983123,0.16316120755778168,0.45719382329243974,-6.997097955142827,0.34265044407241463
SZ002450,har_pooled,221,0.052535318850947275,0.17628227465922405,0.16559445882633228,-7.531902066416857,0.07837021285860235
SZ002456,har_pooled,241,0.0360112618399627,0.15002622822506698,0.4230127106575168,-6.889729087521632,0.2946589485696962
SZ002465,har_pooled,238,0.09994618725530957,0.2554406231345821,-0.04550616911777117,-7.761508319416001,-0.052145685682286835
SZ002470,har_pooled,196,0.07405220371131845,0.23203721212994127,-0.08591573223924565,-7.938217613624753,-0.014471169561179664
SZ002475,har_pooled,243,0.041507335264104016,0.16447107541478845,0.3859112533040079,-6.7988040898131965,0.3233120275028679
SZ002500,har_pooled,244,0.10246495737951919,0.2524146933792785,0.09797009127932588,-7.312150780456565,0.15397959711630205
SZ002594,har_pooled,244,0.09106792332380408,0.23003336620567685,0.5776442381359161,-7.580792730812271,0.5845230125631515
SZ002673,har_pooled,238,0.12066738575535689,0.28281393055816223,-0.07620435941916193,-7.330165641025513,-0.05701018615832054
