stock,model,har_beta_0,har_beta_1,har_beta_2,har_beta_3,calib_a,calib_b,converged,persistence,median_sigma,error,har_pooled_beta_0,har_pooled_beta_1,har_pooled_beta_2,har_pooled_beta_3
SH600000,naive,,,,,,,,,,,,,,
SH600000,har,0.10997185134270669,0.45494700260500526,0.3413395919295178,-0.4048266763748207,,,,,,,,,,
SH600000,har_x,,,,,,,,,,,,,,
SH600000,ewma,,,,,-0.84776676774921,0.8514950927835919,True,,,,,,,
SH600000,garch,,,,,-0.40537406799909553,0.9755193290409745,True,0.9974985277038164,0.016618721772818167,,,,,
SH600000,egarch,,,,,-0.27700805779681204,1.00916352203545,True,0.987690692481914,0.016937239197934554,,,,,
SH600004,naive,,,,,,,,,,,,,,
SH600004,har,0.1294045128730061,0.3410790326170658,0.39839287295665626,-0.5458586456041353,,,,,,,,,,
SH600004,har_x,,,,,,,,,,,,,,
SH600004,ewma,,,,,-1.2580357978622076,0.7390506816492595,True,,,,,,,
SH600004,garch,,,,,-11.016513363243082,-2.215147217385617,True,1.000000580137512,0.05037056096381301,,,,,
SH600004,egarch,,,,,,,False,0.0,3.9491014502663595e+86,non-finite forecast,,,,
SH600009,naive,,,,,,,,,,,,,,
SH600009,har,0.08362141547145516,0.3646388254576588,0.4476546722262126,-0.4336344113498223,,,,,,,,,,
SH600009,har_x,,,,,,,,,,,,,,
SH600009,ewma,,,,,-1.0781573275988792,0.7701754799665811,True,,,,,,,
SH600009,garch,,,,,-0.8309882267065412,0.842692105654907,True,0.9999999999997455,0.020151261997275856,,,,,
SH600009,egarch,,,,,-0.67625063261929,0.88348672506308,True,0.9910844893816055,0.020050527689859356,,,,,
SH600010,naive,,,,,,,,,,,,,,
SH600010,har,0.10675128685074908,0.37038119351749405,0.3166102269998204,-0.8209597652437683,,,,,,,,,,
SH600010,har_x,,,,,,,,,,,,,,
SH600010,ewma,,,,,-0.9613789562191708,0.8084334532797218,True,,,,,,,
SH600010,garch,,,,,0.06426455123144871,1.1060945776703046,True,0.9769836930596081,0.02377420783368682,,,,,
SH600010,egarch,,,,,0.3656201896886406,1.193368578375952,True,0.9547722134662808,0.024323304137598672,,,,,
SH600011,naive,,,,,,,,,,,,,,
SH600011,har,0.13236219059020496,0.410239457000498,0.3354529802968484,-0.5003565165739315,,,,,,,,,,
SH600011,har_x,,,,,,,,,,,,,,
SH600011,ewma,,,,,-0.7765770413729416,0.8544362989305672,True,,,,,,,
SH600011,garch,,,,,-0.14147049408748544,1.036204537665527,True,0.991918174483835,0.019757801189662486,,,,,
SH600011,egarch,,,,,0.07479813311510049,1.0929175274813097,True,0.9788218348058391,0.020213085656560326,,,,,
SH600015,naive,,,,,,,,,,,,,,
SH600015,har,0.10098991967872376,0.39527149903259357,0.40773949716592234,-0.41282791832804566,,,,,,,,,,
SH600015,har_x,,,,,,,,,,,,,,
SH600015,ewma,,,,,-0.6095877722853371,0.9110414092453695,True,,,,,,,
SH600015,garch,,,,,-0.2224882437824382,1.0224632573578532,True,0.9976080814226298,0.01760865400333886,,,,,
SH600015,egarch,,,,,-0.10414035050370693,1.0532381474463237,True,0.9873563275242271,0.018294932204726146,,,,,
SH600016,naive,,,,,,,,,,,,,,
SH600016,har,0.15201100173875293,0.3811979529875799,0.3533885286818902,-0.4964287855263227,,,,,,,,,,
SH600016,har_x,,,,,,,,,,,,,,
SH600016,ewma,,,,,-0.9001309825700465,0.8386075349184384,True,,,,,,,
SH600016,garch,,,,,-0.516034308648658,0.9452480929125713,True,0.9988306276574721,0.015019977088306543,,,,,
SH600016,egarch,,,,,-0.345058698317404,0.9900036315951842,True,0.9849952853962538,0.015561872242945134,,,,,
SH600018,naive,,,,,,,,,,,,,,
SH600018,har,0.12751274023944312,0.4140402373556853,0.30291854739772045,-0.6516081760924349,,,,,,,,,,
SH600018,har_x,,,,,,,,,,,,,,
SH600018,ewma,,,,,-1.8313940250255805,0.6042084042266904,True,,,,,,,
SH600018,garch,,,,,6.031482257418495,2.942524693564221,True,0.4889913640023235,0.029178820092590988,,,,,
SH600018,egarch,,,,,-0.10356911802881123,1.159269971981953,True,0.9617112894590256,0.02757054647783973,,,,,
SH600019,naive,,,,,,,,,,,,,,
SH600019,har,0.12190756499144467,0.48145660320211014,0.28023168996431175,-0.48910614404539854,,,,,,,,,,
SH600019,har_x,,,,,,,,,,,,,,
SH600019,ewma,,,,,-0.9996104692971675,0.8031465632954513,True,,,,,,,
SH600019,garch,,,,,-0.16551887125051398,1.030573543610045,True,0.9878028209164222,0.01852198131963772,,,,,
SH600019,egarch,,,,,-0.012733969851063386,1.0718155477949083,True,0.981097045278938,0.01907425195867963,,,,,
SH600023,naive,,,,,,,,,,,,,,
SH600023,har,0.0989915511826311,0.45363436746086233,0.35061876756398724,-0.42634882810038904,,,,,,,,,,
SH600023,har_x,,,,,,,,,,,,,,
SH600023,ewma,,,,,-1.2135345839411795,0.7640647811775373,True,,,,,,,
SH600023,garch,,,,,-0.8914974781335208,0.8592543265935397,True,1.0,0.012642124758238317,,,,,
SH600023,egarch,,,,,-0.8035213620155679,0.8814206841044562,True,0.9933916990393116,0.012685637244824903,,,,,
SH600027,naive,,,,,,,,,,,,,,
SH600027,har,0.13158890395482287,0.411715670536633,0.3453267167107014,-0.4565036887850814,,,,,,,,,,
SH600027,har_x,,,,,,,,,,,,,,
SH600027,ewma,,,,,-0.8902236286566955,0.8314490487966546,True,,,,,,,
SH600027,garch,,,,,-0.14139295719887346,1.0507567704216787,True,0.9908335763888741,0.020814564136526256,,,,,
SH600027,egarch,,,,,-0.011853877704159747,1.085888282094423,True,0.97395439307303,0.021599174568602064,,,,,
SH600028,naive,,,,,,,,,,,,,,
SH600028,har,0.1471870040311217,0.39489495317374246,0.32868786381010157,-0.5597648774816713,,,,,,,,,,
SH600028,har_x,,,,,,,,,,,,,,
SH600028,ewma,,,,,-1.275361756283641,0.74271547473525,True,,,,,,,
SH600028,garch,,,,,-0.010829966742615847,1.0842557577895964,True,0.9722943838414557,0.01620122102315876,,,,,
SH600028,egarch,,,,,0.07935160681721098,1.106533544985691,True,0.9790043129881097,0.01692733662007523,,,,,
SH600029,naive,,,,,,,,,,,,,,
SH600029,har,0.1052749006951717,0.27652420514427084,0.49140705420156533,-0.49889902315198204,,,,,,,,,,
SH600029,har_x,,,,,,,,,,,,,,
SH600029,ewma,,,,,-1.0327175259338337,0.7741745900313382,True,,,,,,,
SH600029,garch,,,,,-0.7709293241401858,0.8549413568015035,True,0.9982344296107947,0.023651484485451072,,,,,
SH600029,egarch,,,,,-0.6751383843543324,0.8809008665018585,True,0.9958254402653907,0.023801294677339328,,,,,
SH600030,naive,,,,,,,,,,,,,,
SH600030,har,0.055900408774605934,0.35832003532183715,0.45424122118061083,-0.5351289729876839,,,,,,,,,,
SH600030,har_x,,,,,,,,,,,,,,
SH600030,ewma,,,,,-1.0985892127735786,0.7812244541937935,True,,,,,,,
SH600030,garch,,,,,-0.6548829070650629,0.9131556378676821,True,0.9984552831952489,0.023642391094309528,,,,,
SH600030,egarch,,,,,-0.504337132488094,0.9545877249347818,True,0.9882882598776004,0.02370321555132244,,,,,
SH600031,naive,,,,,,,,,,,,,,
SH600031,har,0.09161626966595318,0.3862554317445569,0.3628657108909874,-0.6364643807463761,,,,,,,,,,
SH600031,har_x,,,,,,,,,,,,,,
SH600031,ewma,,,,,-1.2087943749024803,0.7417206074161539,True,,,,,,,
SH600031,garch,,,,,-0.6162965714724553,0.9109518196595893,True,0.992009992950345,0.02335805640037359,,,,,
SH600031,egarch,,,,,-0.536364262772195,0.9339341469262626,True,0.9867827916398625,0.023577752706832017,,,,,
SH600036,naive,,,,,,,,,,,,,,
SH600036,har,0.0921331219787619,0.4029239810020972,0.3791618456960526,-0.532797196616381,,,,,,,,,,
SH600036,har_x,,,,,,,,,,,,,,
SH600036,ewma,,,,,-0.9434537121153057,0.8146647117025323,True,,,,,,,
SH600036,garch,,,,,-0.3628805478207669,0.9716255290105852,True,0.9943360213520989,0.017956742027315023,,,,,
SH600036,egarch,,,,,-0.2782547748333798,0.9953788492659681,True,0.9875815995735878,0.018314417702235807,,,,,
SH600038,naive,,,,,,,,,,,,,,
SH600038,har,0.08641745967187979,0.3671138438380504,0.3768843994439103,-0.6543127159656132,,,,,,,,,,
SH600038,har_x,,,,,,,,,,,,,,
SH600038,ewma,,,,,-1.0554290151496126,0.7638678799763743,True,,,,,,,
SH600038,garch,,,,,-0.3394821440207666,0.9672753345544971,True,0.9774152691144936,0.023068917016265022,,,,,
SH600038,egarch,,,,,-0.48377383435562327,0.9288566559050003,True,0.9806218842872101,0.02352495059327942,,,,,
SH600048,naive,,,,,,,,,,,,,,
SH600048,har,0.10139801506279124,0.48788568182813613,0.27173556019145767,-0.534477089969256,,,,,,,,,,
SH600048,har_x,,,,,,,,,,,,,,
SH600048,ewma,,,,,-0.774250353073075,0.839091285786353,True,,,,,,,
SH600048,garch,,,,,-0.0277602062155592,1.057578471693123,True,0.9898741091499829,0.025465383474651205,,,,,
SH600048,egarch,,,,,0.03740189154061761,1.07684254362312,True,0.9812948629319513,0.025970265469075996,,,,,
SH600050,naive,,,,,,,,,,,,,,
SH600050,har,0.13108740670667343,0.3304434552062441,0.374254346734417,-0.6767456898929463,,,,,,,,,,
SH600050,har_x,,,,,,,,,,,,,,
SH600050,ewma,,,,,-1.0825833724688874,0.7778433725205659,True,,,,,,,
SH600050,garch,,,,,-0.3319351862209209,0.9841319987473448,True,0.9880087678706143,0.019779756040773006,,,,,
SH600050,egarch,,,,,-0.248161339159169,1.0079073298090055,True,0.9906407019702214,0.020269873814791124,,,,,
SH600061,naive,,,,,,,,,,,,,,
SH600061,har,0.1049659091511978,0.371557358706916,0.30189195774571886,-0.9756982791420565,,,,,,,,,,
SH600061,har_x,,,,,,,,,,,,,,
SH600061,ewma,,,,,-1.6102053272017491,0.6503371579426427,True,,,,,,,
SH600061,garch,,,,,-1.169276978551353,0.7681534052939124,True,1.0,0.016676685316569552,,,,,
SH600061,egarch,,,,,-1.4697969442933896,0.7003126223906231,True,0.9851340192574928,0.016504649913686883,,,,,
SH600066,naive,,,,,,,,,,,,,,
SH600066,har,0.06685754739236925,0.25439471404012587,0.5342968734411923,-0.5799381395553652,,,,,,,,,,
SH600066,har_x,,,,,,,,,,,,,,
SH600066,ewma,,,,,-1.115707878294391,0.7513364719589524,True,,,,,,,
SH600066,garch,,,,,-0.5596426699545464,0.905966244752988,True,0.9936003860925335,0.02180200241466983,,,,,
SH600066,egarch,,,,,-0.486688496859512,0.9259611026962171,True,0.9895714524602842,0.021975695490395703,,,,,
SH600068,naive,,,,,,,,,,,,,,
SH600068,har,0.12452426207911194,0.306596170658029,0.4406583886658233,-0.5146566907151677,,,,,,,,,,
SH600068,har_x,,,,,,,,,,,,,,
SH600068,ewma,,,,,-0.7596566690820654,0.8608961481109093,True,,,,,,,
SH600068,garch,,,,,0.15069602686483557,1.1192862977116207,True,0.9924397332894322,0.023186439176956404,,,,,
SH600068,egarch,,,,,0.33675878974446743,1.1715608406139368,True,0.9873792144973551,0.023548698406055182,,,,,
SH600085,naive,,,,,,,,,,,,,,
SH600085,har,0.10937874020997038,0.4193563041424118,0.31408694755058764,-0.6399694107681302,,,,,,,,,,
SH600085,har_x,,,,,,,,,,,,,,
SH600085,ewma,,,,,-1.2118887120781332,0.7386857727959019,True,,,,,,,
SH600085,garch,,,,,-0.7875578555747086,0.8602557281710879,True,0.996042758527479,0.020617795837414674,,,,,
SH600085,egarch,,,,,-0.714639137320436,0.8787523842720762,True,0.9920750383405266,0.02086326024660863,,,,,
SH600089,naive,,,,,,,,,,,,,,
SH600089,har,0.09184221878912005,0.3846959777814766,0.3790890600198544,-0.5941976209379818,,,,,,,,,,
SH600089,har_x,,,,,,,,,,,,,,
SH600089,ewma,,,,,-0.8584750297969662,0.8414792521267437,True,,,,,,,
SH600089,garch,,,,,-0.09449456302281506,1.0526236950307966,True,0.991198563727289,0.021453583311551123,,,,,
SH600089,egarch,,,,,0.010894091354911277,1.0819244510270924,True,0.9892865966214871,0.02151391550956119,,,,,
SH600100,naive,,,,,,,,,,,,,,
SH600100,har,0.13517707103294946,0.15988238944485725,0.556301746964975,-0.5813239925713675,,,,,,,,,,
SH600100,har_x,,,,,,,,,,,,,,
SH600100,ewma,,,,,-0.9312728124093832,0.8173241994503946,True,,,,,,,
SH600100,garch,,,,,-0.4244973097134224,0.9688491976935633,True,0.993956828291792,0.026551434430608763,,,,,
SH600100,egarch,,,,,-0.30819310145148304,1.0033151194807837,True,0.9843721353483418,0.02673750011484484,,,,,
SH600104,naive,,,,,,,,,,,,,,
SH600104,har,0.07681067242183127,0.41347441615109637,0.3521285043367864,-0.6361542197621385,,,,,,,,,,
SH600104,har_x,,,,,,,,,,,,,,
SH600104,ewma,,,,,-1.1012583881290878,0.7675642350134779,True,,,,,,,
SH600104,garch,,,,,-0.4180247908219157,0.9569313821622135,True,0.9893628351043902,0.02141708748596937,,,,,
SH600104,egarch,,,,,-0.3440698516774997,0.9776920368388963,True,0.9925958758407245,0.02182178821610477,,,,,
SH600109,naive,,,,,,,,,,,,,,
SH600109,har,0.06871576680217134,0.36050845579185986,0.43819280492430135,-0.5116009149685178,,,,,,,,,,
SH600109,har_x,,,,,,,,,,,,,,
SH600109,ewma,,,,,-0.8287499127127641,0.8381343580816386,True,,,,,,,
SH600109,garch,,,,,-0.27336775304782396,1.006954873935717,True,0.9960369636589771,0.028254040144678326,,,,,
SH600109,egarch,,,,,-0.2454183594912816,1.0169980124647626,True,0.9893631069908015,0.028464210091730967,,,,,
SH600111,naive,,,,,,,,,,,,,,
SH600111,har,0.1029146163290084,0.3471130604408968,0.4167324807967584,-0.513907832163295,,,,,,,,,,
SH600111,har_x,,,,,,,,,,,,,,
SH600111,ewma,,,,,-0.7372207454648254,0.8646823176508442,True,,,,,,,
SH600111,garch,,,,,-0.031201855182566924,1.076640380851418,True,0.9912746042118449,0.028263493815222272,,,,,
SH600111,egarch,,,,,-0.021916479312601607,1.0800551926098685,True,0.9817964434614185,0.028337376844733808,,,,,
SH600115,naive,,,,,,,,,,,,,,
SH600115,har,0.07848463375078366,0.3163426481259367,0.4700542327796403,-0.5419668547819599,,,,,,,,,,
SH600115,har_x,,,,,,,,,,,,,,
SH600115,ewma,,,,,-1.1652822891089114,0.7510776592168744,True,,,,,,,
SH600115,garch,,,,,-0.7253244194505641,0.8850119070358307,True,0.9965794042329871,0.02231526151590798,,,,,
SH600115,egarch,,,,,-0.6212149004674733,0.9129798197453773,True,0.9895131309646109,0.022842704230499233,,,,,
SH600118,naive,,,,,,,,,,,,,,
SH600118,har,0.0939444360380409,0.30337344463316357,0.47026358031331356,-0.5210774593773055,,,,,,,,,,
SH600118,har_x,,,,,,,,,,,,,,
SH600118,ewma,,,,,-0.8097768518777972,0.8475483435697276,True,,,,,,,
SH600118,garch,,,,,0.043953414189765866,1.0984680967246176,True,0.9851950414465122,0.026190509847901073,,,,,
SH600118,egarch,,,,,0.11482131880954068,1.1192588565027894,True,0.9779050744485418,0.026608391642464445,,,,,
SH600153,naive,,,,,,,,,,,,,,
SH600153,har,0.1517174830291633,0.19322301248985926,0.4783210680409439,-0.714586630045792,,,,,,,,,,
SH600153,har_x,,,,,,,,,,,,,,
SH600153,ewma,,,,,-1.3054889707982713,0.7149173390323605,True,,,,,,,
SH600153,garch,,,,,-0.7995710559917526,0.859879949098287,True,0.9918789086235222,0.021789233963382393,,,,,
SH600153,egarch,,,,,-0.5808904766086617,0.917662421434794,True,0.990908867042967,0.022047509910700466,,,,,
SH600170,naive,,,,,,,,,,,,,,
SH600170,har,0.11398768579341072,0.36360819514643683,0.40919567129168133,-0.4695222070158657,,,,,,,,,,
SH600170,har_x,,,,,,,,,,,,,,
SH600170,ewma,,,,,-0.9664639567739317,0.8229755934506535,True,,,,,,,
SH600170,garch,,,,,-0.5006725910887337,0.9607782996043973,True,0.9987316042410173,0.021808301048005067,,,,,
SH600170,egarch,,,,,-0.31891341636247245,1.0103989721796451,True,0.9864056508315835,0.021918348925782243,,,,,
SH600176,naive,,,,,,,,,,,,,,
SH600176,har,0.03781252941411091,0.2586701049755466,0.27212050934819665,-1.6252998086313215,,,,,,,,,,
SH600176,har_x,,,,,,,,,,,,,,
SH600176,ewma,,,,,-3.4332238053356376,0.09931548790945274,True,,,,,,,
SH600176,garch,,,,,-4.974196936091964,-0.5145457244356356,True,0.9763464953948275,0.09773275053049718,,,,,
SH600176,egarch,,,,,-2.806838673843762,-0.274686467481343,True,9.079832130847674e-05,98.56297966906453,,,,,
SH600177,naive,,,,,,,,,,,,,,
SH600177,har,0.07256819639287328,0.31415998915734833,0.5258024319785117,-0.3720755650490706,,,,,,,,,,
SH600177,har_x,,,,,,,,,,,,,,
SH600177,ewma,,,,,-0.8817934104788235,0.8451301468739032,True,,,,,,,
SH600177,garch,,,,,-0.5816014386645796,0.9336503083202776,True,0.9998256121253706,0.018730782881514592,,,,,
SH600177,egarch,,,,,-0.3955585287187684,0.9826373185615663,True,0.992576945808849,0.018990365070130785,,,,,
SH600188,naive,,,,,,,,,,,,,,
SH600188,har,0.0807480607045597,0.4484077818061717,0.2799286490067537,-0.729152020042438,,,,,,,,,,
SH600188,har_x,,,,,,,,,,,,,,
SH600188,ewma,,,,,-0.9480125362811184,0.8048935330208759,True,,,,,,,
SH600188,garch,,,,,-0.13321513408551505,1.0470145620735791,True,0.9843022420007541,0.026913551596220095,,,,,
SH600188,egarch,,,,,-0.10378402692420256,1.0567181256855522,True,0.9808400267145205,0.027030882660634976,,,,,
SH600196,naive,,,,,,,,,,,,,,
SH600196,har,0.061167731803067116,0.32007634453314215,0.4790894531744806,-0.5571734523488964,,,,,,,,,,
SH600196,har_x,,,,,,,,,,,,,,
SH600196,ewma,,,,,-1.0973657935287764,0.7587983442593166,True,,,,,,,
SH600196,garch,,,,,-0.6363526684461764,0.8906281038813628,True,0.9950193600805318,0.02309465030664616,,,,,
SH600196,egarch,,,,,-0.6623779228923584,0.8838634733924581,True,0.9950098322652093,0.02357843992611968,,,,,
SH600208,naive,,,,,,,,,,,,,,
SH600208,har,0.13325678917912384,0.1462463799371276,0.5538705131371482,-0.6554893458262183,,,,,,,,,,
SH600208,har_x,,,,,,,,,,,,,,
SH600208,ewma,,,,,-1.1644001722458592,0.742494960883392,True,,,,,,,
SH600208,garch,,,,,-0.5794528209409112,0.9161161133805494,True,0.9918096563830787,0.0250687300159425,,,,,
SH600208,egarch,,,,,-0.48684223873252086,0.9434675351760012,True,0.9695019260258309,0.025405148899961132,,,,,
SH600219,naive,,,,,,,,,,,,,,
SH600219,har,0.12520612872232292,0.3703024732081437,0.384450913600947,-0.4946962322375115,,,,,,,,,,
SH600219,har_x,,,,,,,,,,,,,,
SH600219,ewma,,,,,-0.7831541253720498,0.8623958678912594,True,,,,,,,
SH600219,garch,,,,,-0.07084126281188627,1.0581381564519676,True,0.9963533859230895,0.01938069173523571,,,,,
SH600219,egarch,,,,,-0.15216416852690204,1.0377977367753617,True,0.9970606676343287,0.01925045687155094,,,,,
SH600221,naive,,,,,,,,,,,,,,
SH600221,har,0.10844357026451276,0.22965935999872591,0.5707970876129989,-0.3766267072192116,,,,,,,,,,
SH600221,har_x,,,,,,,,,,,,,,
SH600221,ewma,,,,,-1.0543953350185955,0.7854201780831135,True,,,,,,,
SH600221,garch,,,,,-0.1322623024174249,1.060766961489708,True,0.9928662541264529,0.021757384919747685,,,,,
SH600221,egarch,,,,,0.008516398498367234,1.0972749778117656,True,0.975458004883714,0.022692200866486663,,,,,
SH600233,naive,,,,,,,,,,,,,,
SH600233,har,0.17558257885610692,0.3139288337664138,0.1305806533073175,-1.5792512042194569,,,,,,,,,,
SH600233,har_x,,,,,,,,,,,,,,
SH600233,ewma,,,,,-1.9788003129582132,0.5619615052118472,True,,,,,,,
SH600233,garch,,,,,0.23274468707186174,1.167840277178986,True,0.6631857799756895,0.020883578339849357,,,,,
SH600233,egarch,,,,,0.16940702623052115,1.1456749671517545,True,0.804316258090109,0.022167954153135456,,,,,
SH600271,naive,,,,,,,,,,,,,,
SH600271,har,0.10945583031746343,0.19681955144628102,0.5374768670755952,-0.6177880906947495,,,,,,,,,,
SH600271,har_x,,,,,,,,,,,,,,
SH600271,ewma,,,,,-0.8467853995095522,0.8314309471849858,True,,,,,,,
SH600271,garch,,,,,-0.22830358356636687,1.0112517831227572,True,0.9939765964580003,0.024853513058525414,,,,,
SH600271,egarch,,,,,-0.08796713981093758,1.0508487066277765,True,0.9848399962873642,0.025051691659494158,,,,,
SH600276,naive,,,,,,,,,,,,,,
SH600276,har,0.06758840137430637,0.2612027849139379,0.5192107604303992,-0.6233820565561068,,,,,,,,,,
SH600276,har_x,,,,,,,,,,,,,,
SH600276,ewma,,,,,-1.6834557034162774,0.6103787522338885,True,,,,,,,
SH600276,garch,,,,,-1.4328594953431235,0.6852788718432139,True,1.0000000000008065,0.01952742657907872,,,,,
SH600276,egarch,,,,,-1.2023294853971438,0.7443945578086135,True,0.9911922228914105,0.019623264542113265,,,,,
SH600297,naive,,,,,,,,,,,,,,
SH600297,har,0.10073528906523882,0.22167743327801845,0.24959336761706236,-1.7236077357778008,,,,,,,,,,
SH600297,har_x,,,,,,,,,,,,,,
SH600297,ewma,,,,,-2.321753365739438,0.43885114091246297,True,,,,,,,
SH600297,garch,,,,,-0.9957090035010173,0.7947370694815983,True,0.9504225258044101,0.022077807790695875,,,,,
SH600297,egarch,,,,,-1.4423710773253384,0.6786124467080822,True,0.9226247912367309,0.022230483207314848,,,,,
SH600299,naive,,,,,,,,,,,,,,
SH600299,har,0.11905166761466024,0.3810918547897703,0.25580638194845357,-0.8443754942434272,,,,,,,,,,
SH600299,har_x,,,,,,,,,,,,,,
SH600299,ewma,,,,,-1.370551318938794,0.6387439493541888,True,,,,,,,
SH600299,garch,,,,,-0.6759684854392389,0.8632109441114959,True,0.9835957966228095,0.03367522807636483,,,,,
SH600299,egarch,,,,,-0.6279941140099059,0.878667220103617,True,0.964929357548907,0.0335095168546609,,,,,
SH600309,naive,,,,,,,,,,,,,,
SH600309,har,0.07023988653314735,0.33686591827149687,0.41514667128529137,-0.689639134538632,,,,,,,,,,
SH600309,har_x,,,,,,,,,,,,,,
SH600309,ewma,,,,,-1.2409926934324775,0.7133363883867597,True,,,,,,,
SH600309,garch,,,,,-0.6037520905070072,0.8961405853831113,True,0.9943876087618029,0.025447432213908664,,,,,
SH600309,egarch,,,,,-0.4586434571737496,0.9367640161415989,True,0.9897607766568135,0.025391247331049947,,,,,
SH600332,naive,,,,,,,,,,,,,,
SH600332,har,0.0462431204877442,0.349365006707629,0.4494722350466336,-0.6348224945306691,,,,,,,,,,
SH600332,har_x,,,,,,,,,,,,,,
SH600332,ewma,,,,,-1.2731836368112608,0.7409876057708195,True,,,,,,,
SH600332,garch,,,,,-0.24741125178053333,1.0296344362869696,True,0.9866026572905008,0.022637153136007455,,,,,
SH600332,egarch,,,,,-0.23063887726567042,1.0349745501930028,True,0.984291372883072,0.02310531803561569,,,,,
SH600340,naive,,,,,,,,,,,,,,
SH600340,har,0.2286311898843082,0.155005026220475,0.4188669429081517,-0.7760502533755773,,,,,,,,,,
SH600340,har_x,,,,,,,,,,,,,,
SH600340,ewma,,,,,-0.7268572574650982,0.8733020797705509,True,,,,,,,
SH600340,garch,,,,,0.17010425630541007,1.1365351290558527,True,0.9886125971328898,0.025420259469431127,,,,,
SH600340,egarch,,,,,0.17601326337842374,1.1398150312390363,True,0.9810247315846706,0.025808146997705766,,,,,
SH600352,naive,,,,,,,,,,,,,,
SH600352,har,0.06359861544107015,0.3940585311718047,0.40167528521872886,-0.5633666565460039,,,,,,,,,,
SH600352,har_x,,,,,,,,,,,,,,
SH600352,ewma,,,,,-1.1926992794143203,0.7424001111410912,True,,,,,,,
SH600352,garch,,,,,-0.9156720747200788,0.8265327602937997,True,0.9996751936870703,0.024322371443775324,,,,,
SH600352,egarch,,,,,-0.7458758139003824,0.8723358959045927,True,0.994071499728247,0.024730875072287984,,,,,
SH600362,naive,,,,,,,,,,,,,,
SH600362,har,0.09414544226443579,0.4254827770391793,0.3516642855016591,-0.5116260189565809,,,,,,,,,,
SH600362,har_x,,,,,,,,,,,,,,
SH600362,ewma,,,,,-0.8077960309639249,0.8569480568779777,True,,,,,,,
SH600362,garch,,,,,-0.07478014928146207,1.0682963739128317,True,0.9871834422581052,0.02390133207715043,,,,,
SH600362,egarch,,,,,-0.11441945200988976,1.0590218122319595,True,0.9832854161123338,0.02425759087732572,,,,,
SH600369,naive,,,,,,,,,,,,,,
SH600369,har,0.19462193177334805,0.16488198922663477,0.44304985521192336,-0.8049301512419504,,,,,,,,,,
SH600369,har_x,,,,,,,,,,,,,,
SH600369,ewma,,,,,-0.9393212653439921,0.8174423068344079,True,,,,,,,
SH600369,garch,,,,,-0.328160239282381,0.9950392998656987,True,0.9958482915693464,0.023097236736568404,,,,,
SH600369,egarch,,,,,-0.09653491574499251,1.060340572218673,True,0.9819075163749669,0.023603313879849253,,,,,
SH600372,naive,,,,,,,,,,,,,,
SH600372,har,0.10418567068898123,0.2797358698120449,0.45956770232961486,-0.608029655426193,,,,,,,,,,
SH600372,har_x,,,,,,,,,,,,,,
SH600372,ewma,,,,,-1.0699507153714771,0.7616015964844314,True,,,,,,,
SH600372,garch,,,,,-0.375889951954412,0.9659062740139557,True,0.98465810760608,0.02434408732208558,,,,,
SH600372,egarch,,,,,-0.3666610995538401,0.9694272100231061,True,0.9756456376414038,0.024788118092295763,,,,,
SH600383,naive,,,,,,,,,,,,,,
SH600383,har,0.1045235974024893,0.49424111423756756,0.2570501857559526,-0.5571703663781055,,,,,,,,,,
SH600383,har_x,,,,,,,,,,,,,,
SH600383,ewma,,,,,-0.8385796810460855,0.8252734333549135,True,,,,,,,
SH600383,garch,,,,,-0.20973749961714608,1.0107938531215535,True,0.9869489801063178,0.025125721986585643,,,,,
SH600383,egarch,,,,,-0.12306431453179009,1.0358497201489762,True,0.977935994339826,0.025851184273523734,,,,,
SH600398,naive,,,,,,,,,,,,,,
SH600398,har,0.1675310655797059,0.46306253304543327,0.1804834937102859,-0.7527971289568082,,,,,,,,,,
SH600398,har_x,,,,,,,,,,,,,,
SH600398,ewma,,,,,-1.3679124316902487,0.7006459647026884,True,,,,,,,
SH600398,garch,,,,,4.211577661852841,2.3151914949897185,True,0.806442241170988,0.026698932374737448,,,,,
SH600398,egarch,,,,,3.7203916835190345,2.1790373936173086,True,0.8745256411187377,0.027267143409111783,,,,,
SH600406,naive,,,,,,,,,,,,,,
SH600406,har,0.09926600088183786,0.38664942040726163,0.33437767300926,-0.7126202902600871,,,,,,,,,,
SH600406,har_x,,,,,,,,,,,,,,
SH600406,ewma,,,,,-1.1791614373024732,0.731004265189508,True,,,,,,,
SH600406,garch,,,,,-0.08515636006006343,1.032442245603539,True,0.9730993669326362,0.021749955207415184,,,,,
SH600406,egarch,,,,,-0.10400697910858415,1.0297243415379558,True,0.9739311406336825,0.022048721128233667,,,,,
SH600436,naive,,,,,,,,,,,,,,
SH600436,har,0.11052094781796806,0.35757958975621185,0.30343821280223315,-0.940693882271614,,,,,,,,,,
SH600436,har_x,,,,,,,,,,,,,,
SH600436,ewma,,,,,-1.6494071493739284,0.6441798516916714,True,,,,,,,
SH600436,garch,,,,,-0.17747445856495328,1.0447475328218452,True,0.9607010409157913,0.02150829771861078,,,,,
SH600436,egarch,,,,,0.2821009773475096,1.1660586962953605,True,0.9597027376521997,0.022106319602050555,,,,,
SH600482,naive,,,,,,,,,,,,,,
SH600482,har,0.13981924667926035,0.3206373757789099,0.11712271486859456,-1.7813931438035278,,,,,,,,,,
SH600482,har_x,,,,,,,,,,,,,,
SH600482,ewma,,,,,-2.3658852490546685,0.46272761784953753,True,,,,,,,
SH600482,garch,,,,,-0.20373561956621597,1.0310802397615488,True,0.9271899649783342,0.019339517402949105,,,,,
SH600482,egarch,,,,,4.883582305074054,2.359518230164637,True,0.215914425702869,0.019072768747197433,,,,,
SH600489,naive,,,,,,,,,,,,,,
SH600489,har,0.13200630729125248,0.394437344264165,0.29676689751461655,-0.7218305754618417,,,,,,,,,,
SH600489,har_x,,,,,,,,,,,,,,
SH600489,ewma,,,,,-1.0531332750646303,0.8083242341197948,True,,,,,,,
SH600489,garch,,,,,-0.36438481364982517,1.0082253015572695,True,0.9834105656722845,0.023091019486407013,,,,,
SH600489,egarch,,,,,-0.2970414052868936,1.029114632846895,True,0.9677778226200138,0.023546977580879917,,,,,
SH600498,naive,,,,,,,,,,,,,,
SH600498,har,0.05719955252755933,0.40154223176441867,0.32549208580031685,-0.8545191194921807,,,,,,,,,,
SH600498,har_x,,,,,,,,,,,,,,
SH600498,ewma,,,,,-2.511196400998344,0.3948124669199036,True,,,,,,,
SH600498,garch,,,,,-1.919266508127203,0.5688764253688336,True,0.9819787760783244,0.025967223326307517,,,,,
SH600498,egarch,,,,,-0.6920834591962076,0.9001673594731738,True,0.9895304215032203,0.025536488544903424,,,,,
SH600516,naive,,,,,,,,,,,,,,
SH600516,har,0.08563194398580422,0.3530240442458221,0.3154434207518959,-0.9443142190543572,,,,,,,,,,
SH600516,har_x,,,,,,,,,,,,,,
SH600516,ewma,,,,,-2.0598280091844074,0.500569576290793,True,,,,,,,
SH600516,garch,,,,,-1.683218396339755,0.6272222540544766,True,0.9999999999252018,0.02978885002398752,,,,,
SH600516,egarch,,,,,-1.626716381402516,0.6420535790889458,True,1.0,0.02951576797386638,,,,,
SH600519,naive,,,,,,,,,,,,,,
SH600519,har,0.11078735547481441,0.31745239557078564,0.323395587660785,-1.0509702589912957,,,,,,,,,,
SH600519,har_x,,,,,,,,,,,,,,
SH600519,ewma,,,,,-1.4857791816938115,0.6940648191611167,True,,,,,,,
SH600519,garch,,,,,-0.08327454510418564,1.0629140768918346,True,0.9826238666551352,0.01979723392307453,,,,,
SH600519,egarch,,,,,0.19655329880550096,1.1355071896740905,True,0.9801921887875551,0.019991128581981286,,,,,
SH600522,naive,,,,,,,,,,,,,,
SH600522,har,0.0579265471390194,0.5084832779037214,0.0728562821090658,-1.451759267110362,,,,,,,,,,
SH600522,har_x,,,,,,,,,,,,,,
SH600522,ewma,,,,,-1.9074815618689038,0.5695816485311542,True,,,,,,,
SH600522,garch,,,,,1.860175829969459,1.6026529994419823,True,0.980670188159781,0.02633859439484689,,,,,
SH600522,egarch,,,,,-3.2360094075456503,0.22926758260972682,True,0.9710610087004402,0.0438566586450588,,,,,
SH600535,naive,,,,,,,,,,,,,,
SH600535,har,0.10366996087689288,0.2821093232840742,0.42069990548824016,-0.8078355701562014,,,,,,,,,,
SH600535,har_x,,,,,,,,,,,,,,
SH600535,ewma,,,,,-1.5138542679147735,0.6599223712608129,True,,,,,,,
SH600535,garch,,,,,-0.8040136237128458,0.847292478037087,True,0.9905298291264815,0.0183287148787154,,,,,
SH600535,egarch,,,,,-0.5997740825717134,0.8992284524404092,True,0.985072185302503,0.01874746687790347,,,,,
SH600547,naive,,,,,,,,,,,,,,
SH600547,har,0.11678346121675422,0.2991503172963197,0.39150002921796895,-0.7756073787119163,,,,,,,,,,
SH600547,har_x,,,,,,,,,,,,,,
SH600547,ewma,,,,,-1.0603976652252536,0.814183855377771,True,,,,,,,
SH600547,garch,,,,,-0.1892701837705055,1.0698032405374627,True,0.9801424641691553,0.025691252553607748,,,,,
SH600547,egarch,,,,,-0.12374834002067017,1.0914494351289232,True,0.9653159554843916,0.026373263904778194,,,,,
SH600570,naive,,,,,,,,,,,,,,
SH600570,har,0.05297427864852315,0.27404864434845266,0.5624208130143099,-0.4200913488784657,,,,,,,,,,
SH600570,har_x,,,,,,,,,,,,,,
SH600570,ewma,,,,,-0.9140581367069074,0.8154127503009835,True,,,,,,,
SH600570,garch,,,,,-0.18202710908822425,1.0400117615243156,True,0.9898757947814638,0.030801447078988367,,,,,
SH600570,egarch,,,,,-0.4100597062687136,0.9723664138148056,True,0.9888451115258856,0.030424463247988538,,,,,
SH600583,naive,,,,,,,,,,,,,,
SH600583,har,0.09325733947650931,0.4104835731448285,0.35513211289769125,-0.5714647969370358,,,,,,,,,,
SH600583,har_x,,,,,,,,,,,,,,
SH600583,ewma,,,,,-0.9697964103800593,0.8021665615626485,True,,,,,,,
SH600583,garch,,,,,-0.32686506479708627,0.9847192431411322,True,0.9910338447653173,0.022350335114746933,,,,,
SH600583,egarch,,,,,-0.111119704033169,1.0438745730950618,True,0.9801860157670148,0.022641553102448163,,,,,
SH600585,naive,,,,,,,,,,,,,,
SH600585,har,0.08952300596795958,0.30564644940050095,0.44610987580245803,-0.6329993053696567,,,,,,,,,,
SH600585,har_x,,,,,,,,,,,,,,
SH600585,ewma,,,,,-1.08790684924941,0.7716083362938747,True,,,,,,,
SH600585,garch,,,,,-0.3342796933274016,0.9845028949665725,True,0.9918757556663045,0.023997321454818227,,,,,
SH600585,egarch,,,,,-0.25155356762072717,1.0068231281290005,True,0.9883054166997711,0.02421006092286714,,,,,
SH600588,naive,,,,,,,,,,,,,,
SH600588,har,0.07372635307295962,0.32729227704117964,0.42954807301234355,-0.6370389949911067,,,,,,,,,,
SH600588,har_x,,,,,,,,,,,,,,
SH600588,ewma,,,,,-1.046331863950959,0.7567560239491895,True,,,,,,,
SH600588,garch,,,,,-0.24256335144180496,0.9955375083416214,True,0.9863412119343259,0.02888940909328349,,,,,
SH600588,egarch,,,,,-0.13847819770885597,1.0268964169977572,True,0.980898868770029,0.029407780342546656,,,,,
SH600606,naive,,,,,,,,,,,,,,
SH600606,har,0.10086582653640934,0.4096555216629019,0.15144439505076818,-1.4839961159355226,,,,,,,,,,
SH600606,har_x,,,,,,,,,,,,,,
SH600606,ewma,,,,,-1.9710901662608618,0.5938184433639014,True,,,,,,,
SH600606,garch,,,,,-0.08116780676617211,1.074344558444199,True,0.9257267040886907,0.016637185065877004,,,,,
SH600606,egarch,,,,,-0.06850909925804619,1.0803392948083026,True,0.9362322062566499,0.0173676544158993,,,,,
SH600637,naive,,,,,,,,,,,,,,
SH600637,har,0.06954956002542416,0.37731872743958733,0.4792823344751211,-0.305247786609712,,,,,,,,,,
SH600637,har_x,,,,,,,,,,,,,,
SH600637,ewma,,,,,-0.7695101016059783,0.8776138765025037,True,,,,,,,
SH600637,garch,,,,,-0.371977692573386,0.9987122613603734,True,0.9999999999970652,0.02235130795636708,,,,,
SH600637,egarch,,,,,-0.17055539025437327,1.0565854993769146,True,0.9896620056973913,0.022485101873685416,,,,,
SH600660,naive,,,,,,,,,,,,,,
SH600660,har,0.10415090370701857,0.26373345752044824,0.5196322153097866,-0.45937886754457186,,,,,,,,,,
SH600660,har_x,,,,,,,,,,,,,,
SH600660,ewma,,,,,-0.9165762195295524,0.8115942329651171,True,,,,,,,
SH600660,garch,,,,,-0.30419943211007605,0.9796122566595801,True,0.9913911903654374,0.019173653625888715,,,,,
SH600660,egarch,,,,,-0.3577033744876282,0.9665264154479454,True,0.9929948114345627,0.019234506167617148,,,,,
SH600663,naive,,,,,,,,,,,,,,
SH600663,har,0.13913729527513363,0.2817706479410893,0.44951454249364825,-0.5165625572196564,,,,,,,,,,
SH600663,har_x,,,,,,,,,,,,,,
SH600663,ewma,,,,,-1.0738515854023618,0.7844474913617296,True,,,,,,,
SH600663,garch,,,,,0.5611333008705273,1.2762715583955122,True,0.9738218899380923,0.025558796532224655,,,,,
SH600663,egarch,,,,,0.4522068943055956,1.245942459777107,True,0.9584495480204984,0.026211423302506188,,,,,
SH600674,naive,,,,,,,,,,,,,,
SH600674,har,0.14860010878225383,0.16537085345492003,0.5701031186819903,-0.4869057948882768,,,,,,,,,,
SH600674,har_x,,,,,,,,,,,,,,
SH600674,ewma,,,,,-1.0108357181359324,0.7936354381495936,True,,,,,,,
SH600674,garch,,,,,-0.7378076678671318,0.8709105171110579,True,0.9972513338260731,0.017494074527853752,,,,,
SH600674,egarch,,,,,-0.6513073485133155,0.8935007805877739,True,0.9908739209008864,0.017753607699365972,,,,,
SH600690,naive,,,,,,,,,,,,,,
SH600690,har,0.10718506449863252,0.3688449341567231,0.3350041622831743,-0.7465820522718599,,,,,,,,,,
SH600690,har_x,,,,,,,,,,,,,,
SH600690,ewma,,,,,-1.151768072881709,0.7409891352196767,True,,,,,,,
SH600690,garch,,,,,-0.5289513557569424,0.9167362787003905,True,0.992407212532118,0.02316955919459729,,,,,
SH600690,egarch,,,,,-0.4703973063794383,0.9324231965083224,True,0.9924469872496271,0.023481272961749514,,,,,
SH600703,naive,,,,,,,,,,,,,,
SH600703,har,0.08740243615292886,0.13398309166583458,0.5847866109848809,-0.7521776670526742,,,,,,,,,,
SH600703,har_x,,,,,,,,,,,,,,
SH600703,ewma,,,,,-1.2136863735545742,0.7222421397301291,True,,,,,,,
SH600703,garch,,,,,-0.5014500138040394,0.9270303737158585,True,0.9921158578877436,0.02792181957182739,,,,,
SH600703,egarch,,,,,-0.5103339472190321,0.9247979805178098,True,0.9913179144560647,0.028304056988466383,,,,,
SH600705,naive,,,,,,,,,,,,,,
SH600705,har,0.29446655959728946,0.09783012374251007,0.382687715971271,-0.9350070463026898,,,,,,,,,,
SH600705,har_x,,,,,,,,,,,,,,
SH600705,ewma,,,,,-1.3214021984973134,0.7382705862418346,True,,,,,,,
SH600705,garch,,,,,-0.8898359666026651,0.8711603402841221,True,0.9864423067887508,0.02001038559058572,,,,,
SH600705,egarch,,,,,-0.7651894634435192,0.9097553237185748,True,0.956138451992198,0.02091953644086458,,,,,
SH600741,naive,,,,,,,,,,,,,,
SH600741,har,0.06556847600312875,0.3209716469075404,0.42366725957301327,-0.7614342799434354,,,,,,,,,,
SH600741,har_x,,,,,,,,,,,,,,
SH600741,ewma,,,,,-1.1721205242490194,0.7454839358395403,True,,,,,,,
SH600741,garch,,,,,-0.5871614529759054,0.9090081041922319,True,0.991384901574573,0.02239829837771872,,,,,
SH600741,egarch,,,,,-0.637399135021204,0.8962318087479045,True,0.9926039655993888,0.02282200180256949,,,,,
SH600795,naive,,,,,,,,,,,,,,
SH600795,har,0.1049545476010021,0.35836430326426294,0.42975481799024545,-0.46228790103748707,,,,,,,,,,
SH600795,har_x,,,,,,,,,,,,,,
SH600795,ewma,,,,,-1.0314786945787284,0.7944944565526598,True,,,,,,,
SH600795,garch,,,,,-0.3125180752771355,0.9857204462184591,True,0.983919246994862,0.014642977944106406,,,,,
SH600795,egarch,,,,,-0.1479802724431158,1.028131507511496,True,0.9756590167895104,0.015159987112140843,,,,,
SH600809,naive,,,,,,,,,,,,,,
SH600809,har,0.08976236749952828,0.2933776216215246,0.3228824817209615,-1.1168653256008039,,,,,,,,,,
SH600809,har_x,,,,,,,,,,,,,,
SH600809,ewma,,,,,-2.5917671100276265,0.3409841148679683,True,,,,,,,
SH600809,garch,,,,,127.5796688584464,41.76212032458811,True,9.475359980898271e-05,0.04303187853620948,,,,,
SH600809,egarch,,,,,-2.8217594583625596,0.29884046228045014,True,1.0,0.03414501237564563,,,,,
SH600837,naive,,,,,,,,,,,,,,
SH600837,har,0.08089349786480772,0.23159789995130514,0.5672543432505031,-0.48903806878477546,,,,,,,,,,
SH600837,har_x,,,,,,,,,,,,,,
SH600837,ewma,,,,,-1.0774699369663931,0.783546193217944,True,,,,,,,
SH600837,garch,,,,,-0.8146247449192449,0.8653851012488977,True,1.0,0.023655269121693107,,,,,
SH600837,egarch,,,,,-0.7564086946167742,0.8822015998852065,True,0.991370507205061,0.02365032667326053,,,,,
SH600867,naive,,,,,,,,,,,,,,
SH600867,har,0.11345644642888737,0.1118477002625221,0.6300843882942455,-0.5767477286265474,,,,,,,,,,
SH600867,har_x,,,,,,,,,,,,,,
SH600867,ewma,,,,,-1.9646080857306543,0.5533426477084638,True,,,,,,,
SH600867,garch,,,,,1.7102494420013565,1.7548777648058183,True,0.648313557063922,0.03337451254656943,,,,,
SH600867,egarch,,,,,-4.585679003634656,0.07563561846847808,False,0.539078342999449,0.04543954926441634,,,,,
SH600886,naive,,,,,,,,,,,,,,
SH600886,har,0.17187957029383696,0.004435286742007375,0.667972944656037,-0.6589800230594375,,,,,,,,,,
SH600886,har_x,,,,,,,,,,,,,,
SH600886,ewma,,,,,-1.4856226208998091,0.6847130810301831,True,,,,,,,
SH600886,garch,,,,,-1.1593023903199822,0.7803735138575331,True,0.9974410836419447,0.017702767143780655,,,,,
SH600886,egarch,,,,,-0.9084716203439814,0.8449209112322019,True,0.9880230228702288,0.01824963047145592,,,,,
SH600887,naive,,,,,,,,,,,,,,
SH600887,har,0.10253344459174718,0.23728124430851613,0.4180155176277558,-0.9640696905702926,,,,,,,,,,
SH600887,har_x,,,,,,,,,,,,,,
SH600887,ewma,,,,,-2.4082121949897477,0.42187536938600456,True,,,,,,,
SH600887,garch,,,,,5.821056062384493,2.878547640775884,True,0.26404624787845005,0.032810247731636204,,,,,
SH600887,egarch,,,,,-1.438319579173528,0.7422050773135458,True,0.8933157031237904,0.031851765235460815,,,,,
SH600893,naive,,,,,,,,,,,,,,
SH600893,har,0.1339326402962359,0.17507791501642456,0.4604452543382299,-0.9123747176441281,,,,,,,,,,
SH600893,har_x,,,,,,,,,,,,,,
SH600893,ewma,,,,,-1.3049550561273981,0.7106733146580293,True,,,,,,,
SH600893,garch,,,,,-0.39732169359006114,0.9694907900405704,True,0.9697685497935074,0.0235311942467103,,,,,
SH600893,egarch,,,,,-0.1838675267051361,1.0305939989578288,True,0.9655367335440402,0.02432935230825999,,,,,
SH600900,naive,,,,,,,,,,,,,,
SH600900,har,0.11023368730565887,0.26530570879626075,0.4825556564177666,-0.6518661308797415,,,,,,,,,,
SH600900,har_x,,,,,,,,,,,,,,
SH600900,ewma,,,,,-1.3752077813565773,0.7178268160721523,True,,,,,,,
SH600900,garch,,,,,-0.7104572938820519,0.875139812013543,True,0.987622175544262,0.011059790096141173,,,,,
SH600900,egarch,,,,,-0.6019848467686253,0.8997590358997072,True,0.9891450811430215,0.011232876905586527,,,,,
SH600919,naive,,,,,,,,,,,,,,
SH600919,har,0.1253585250131825,0.4674828377418477,-0.02362290426414596,-2.074781421042273,,,,,,,,,,
SH600919,har_x,,,,,,,,,,,,,,
SH600919,ewma,,,,,-2.6030491575440986,0.4880719873606721,True,,,,,,,
SH600919,garch,,,,,-0.26045512204734467,1.0054156700949306,True,0.9194371229610658,0.01024551969602324,,,,,
SH600919,egarch,,,,,0.15669369561279547,1.0995115783015206,True,0.9075249012563732,0.01056844964568987,,,,,
SH600926,naive,,,,,,,,,,,,,,
SH600926,har,0.1502315695584545,0.34200114391178027,0.11038200785079963,-1.8287934951823637,,,,,,,,,,
SH600926,har_x,,,,,,,,,,,,,,
SH600926,ewma,,,,,-1.9523294519829346,0.6070880923193622,True,,,,,,,
SH600926,garch,,,,,1.7455008939534669,1.467329857554299,True,0.8251834815217085,0.012785144129463381,,,,,
SH600926,egarch,,,,,1.5573233272387332,1.424524114284875,True,0.8958497435355209,0.013136894867384978,,,,,
SH600958,naive,,,,,,,,,,,,,,
SH600958,har,0.11404550850020988,0.3107408830493789,0.4312035767793494,-0.6229484289835552,,,,,,,,,,
SH600958,har_x,,,,,,,,,,,,,,
SH600958,ewma,,,,,-1.3519459942021674,0.7257120734214313,True,,,,,,,
SH600958,garch,,,,,-0.8889471245289374,0.85711743410147,True,0.9962490876691147,0.019469278256922788,,,,,
SH600958,egarch,,,,,-0.7622191987974856,0.8920663065513755,True,0.9868282489539271,0.019765561441087626,,,,,
SH600977,naive,,,,,,,,,,,,,,
SH600977,har,0.06683566671079857,0.5179755517904995,0.16056179812568921,-1.0821793948953908,,,,,,,,,,
SH600977,har_x,,,,,,,,,,,,,,
SH600977,ewma,,,,,-0.9139452092102259,0.8421245213815856,True,,,,,,,
SH600977,garch,,,,,0.7793627518219866,1.279055673069783,True,0.92490570022819,0.018955931958681605,,,,,
SH600977,egarch,,,,,0.4839162649615979,1.207583067332801,True,0.913717514233264,0.019187411310634183,,,,,
SH600998,naive,,,,,,,,,,,,,,
SH600998,har,0.09908502058427533,0.160257705222341,0.3615275009216818,-1.4236792729832577,,,,,,,,,,
SH600998,har_x,,,,,,,,,,,,,,
SH600998,ewma,,,,,-2.522844970096656,0.3568635800618738,True,,,,,,,
SH600998,garch,,,,,1.50376099799933,1.6067958854572988,True,0.2607308207477725,0.03370660851366732,,,,,
SH600998,egarch,,,,,-2.3999740253623076,0.40896977295663706,True,0.9731051353857134,0.0339929642556222,,,,,
SH600999,naive,,,,,,,,,,,,,,
SH600999,har,0.07755046777536992,0.4419145603772504,0.34575607541748343,-0.5504003881009195,,,,,,,,,,
SH600999,har_x,,,,,,,,,,,,,,
SH600999,ewma,,,,,-1.048201453163006,0.7835636997565909,True,,,,,,,
SH600999,garch,,,,,-0.554253364353429,0.9264820175306878,True,0.9974693352393774,0.02076508308467768,,,,,
SH600999,egarch,,,,,-0.48700647112309425,0.9454596022692908,True,0.992535889201695,0.020927506616436706,,,,,
SH601006,naive,,,,,,,,,,,,,,
SH601006,har,0.10876793122828886,0.39386358622392303,0.4003504421207997,-0.4208210037636609,,,,,,,,,,
SH601006,har_x,,,,,,,,,,,,,,
SH601006,ewma,,,,,-0.7424747374802602,0.8612158224743228,True,,,,,,,
SH601006,garch,,,,,-0.21768000850104224,0.998475377750567,True,0.9924282495618117,0.01441678504057592,,,,,
SH601006,egarch,,,,,-0.15424878593322483,1.015065834998503,True,0.989881848397361,0.014709179413037777,,,,,
SH601009,naive,,,,,,,,,,,,,,
SH601009,har,0.10851462987032504,0.40143173892944545,0.3545977630366424,-0.5748312549808715,,,,,,,,,,
SH601009,har_x,,,,,,,,,,,,,,
SH601009,ewma,,,,,-0.9988462707365081,0.812765206608815,True,,,,,,,
SH601009,garch,,,,,-0.17602814182344398,1.0377801052393052,True,0.989320906737849,0.0185519317284791,,,,,
SH601009,egarch,,,,,0.07782591915545498,1.105510007762892,True,0.9815415173476051,0.01899892130340564,,,,,
SH601018,naive,,,,,,,,,,,,,,
SH601018,har,0.18387390475786564,0.34825229037414496,0.32353501898687526,-0.6353167682632493,,,,,,,,,,
SH601018,har_x,,,,,,,,,,,,,,
SH601018,ewma,,,,,-1.6316712708627863,0.6580422837954392,True,,,,,,,
SH601018,garch,,,,,-1.1574665660677896,0.7888837506004853,True,0.9999999999868732,0.014004224806940819,,,,,
SH601018,egarch,,,,,-1.096514008195595,0.8052910391355922,True,0.9839086987783257,0.014673875401886825,,,,,
SH601021,naive,,,,,,,,,,,,,,
SH601021,har,0.11329634799408234,0.32139644220096836,0.41253534451612617,-0.6399445069136303,,,,,,,,,,
SH601021,har_x,,,,,,,,,,,,,,
SH601021,ewma,,,,,-1.2515774438011706,0.7435260472379674,True,,,,,,,
SH601021,garch,,,,,-0.6759217383581763,0.9050988623126189,True,0.9934022522906053,0.021431866857694847,,,,,
SH601021,egarch,,,,,-0.39822571723227557,0.9768565076331399,True,0.9874471226308547,0.022388139570291593,,,,,
SH601088,naive,,,,,,,,,,,,,,
SH601088,har,0.09036447992967801,0.45414118319287,0.30361102655695577,-0.6380579631107167,,,,,,,,,,
SH601088,har_x,,,,,,,,,,,,,,
SH601088,ewma,,,,,-1.0846088701642635,0.7902057704009879,True,,,,,,,
SH601088,garch,,,,,-0.04607079753030661,1.0709518561692244,True,0.9822131845226322,0.018870545533276276,,,,,
SH601088,egarch,,,,,-0.010946442156179787,1.082447943346728,True,0.977790362167544,0.01924161205475227,,,,,
SH601111,naive,,,,,,,,,,,,,,
SH601111,har,0.11003057174865893,0.3473749296961223,0.42863720767816793,-0.44833193226630763,,,,,,,,,,
SH601111,har_x,,,,,,,,,,,,,,
SH601111,ewma,,,,,-0.8367445496562078,0.8265734342878989,True,,,,,,,
SH601111,garch,,,,,-0.34443475129706813,0.970815615298192,True,0.99573211190977,0.023853815839405247,,,,,
SH601111,egarch,,,,,-0.34141409742321926,0.9720790990740811,True,0.9937441995544813,0.024218214365034903,,,,,
SH601117,naive,,,,,,,,,,,,,,
SH601117,har,0.06930315753987894,0.4936716828789642,0.2828158087223945,-0.6154480207945008,,,,,,,,,,
SH601117,har_x,,,,,,,,,,,,,,
SH601117,ewma,,,,,-0.8160166622658761,0.8366571386718602,True,,,,,,,
SH601117,garch,,,,,0.001805286994051601,1.0656221299560398,True,0.9882680245523309,0.022448121150771612,,,,,
SH601117,egarch,,,,,0.17305035665873264,1.1123348452515847,True,0.9826005542066987,0.022789612644051317,,,,,
SH601155,naive,,,,,,,,,,,,,,
SH601155,har,0.09231269773864757,0.47819613644596554,0.16881767257588998,-0.9862840379818874,,,,,,,,,,
SH601155,har_x,,,,,,,,,,,,,,
SH601155,ewma,,,,,-1.436193832154745,0.6480644271600708,True,,,,,,,
SH601155,garch,,,,,0.11133968511955156,1.0932208772178866,True,0.9587163278584339,0.025984866226020375,,,,,
SH601155,egarch,,,,,-3.7959668639442907,-0.001931786355531502,True,0.9999999805141137,0.5031531303830498,,,,,
SH601166,naive,,,,,,,,,,,,,,
SH601166,har,0.12263314267287871,0.3818999634677184,0.4068753038998588,-0.3816019073904897,,,,,,,,,,
SH601166,har_x,,,,,,,,,,,,,,
SH601166,ewma,,,,,-0.8217157591991161,0.8568158489671113,True,,,,,,,
SH601166,garch,,,,,-0.47533148774706935,0.9558300036654298,True,0.9989989185524502,0.018252846262886223,,,,,
SH601166,egarch,,,,,-0.45899902096693157,0.961150911681934,True,0.99363454688613,0.018271643587894203,,,,,
SH601169,naive,,,,,,,,,,,,,,
SH601169,har,0.12269151681070958,0.39080239815180545,0.37501999682217846,-0.48279232845944325,,,,,,,,,,
SH601169,har_x,,,,,,,,,,,,,,
SH601169,ewma,,,,,-0.9490972043246323,0.8221999636716434,True,,,,,,,
SH601169,garch,,,,,-0.5217730303194836,0.9405576267943756,True,0.998004652191431,0.015481233917603268,,,,,
SH601169,egarch,,,,,-0.48945027162289195,0.9490080176319324,True,0.99167282516263,0.015680589677228164,,,,,
SH601186,naive,,,,,,,,,,,,,,
SH601186,har,0.15775071202818156,0.2538868865523144,0.41989891070953206,-0.7133113651479456,,,,,,,,,,
SH601186,har_x,,,,,,,,,,,,,,
SH601186,ewma,,,,,-1.0651516768071225,0.802712880803279,True,,,,,,,
SH601186,garch,,,,,-0.21650048865928861,1.035232559392517,True,0.9817629426727147,0.018434262399283186,,,,,
SH601186,egarch,,,,,-0.19565918168180754,1.0426143816817413,True,0.9827750128783727,0.018809609583152025,,,,,
SH601198,naive,,,,,,,,,,,,,,
SH601198,har,0.09947110704138837,0.2959064965396149,0.38929161633786435,-0.9222346082726888,,,,,,,,,,
SH601198,har_x,,,,,,,,,,,,,,
SH601198,ewma,,,,,-1.5056309456309687,0.6853956647551589,True,,,,,,,
SH601198,garch,,,,,-0.5053362413795354,0.9498375533883343,True,0.9863125103550167,0.020322936297840224,,,,,
SH601198,egarch,,,,,-0.4188019182948348,0.9745959382670999,True,0.9811841236448045,0.02039888503717266,,,,,
SH601211,naive,,,,,,,,,,,,,,
SH601211,har,0.0978745157822295,0.3387435457725933,0.24515596448611462,-1.4232669372104834,,,,,,,,,,
SH601211,har_x,,,,,,,,,,,,,,
SH601211,ewma,,,,,-2.4749575376217576,0.4662559582375315,True,,,,,,,
SH601211,garch,,,,,-1.5574489431233893,0.6886367498035939,True,0.9814713453403516,0.015340813967936958,,,,,
SH601211,egarch,,,,,-1.4578497017711691,0.7122464024294574,True,0.9820680426530021,0.015543479049389667,,,,,
SH601216,naive,,,,,,,,,,,,,,
SH601216,har,0.09234973738724013,0.24261940764132064,0.4781960004320245,-0.7449747913034384,,,,,,,,,,
SH601216,har_x,,,,,,,,,,,,,,
SH601216,ewma,,,,,-1.6147808554043641,0.646352607587317,True,,,,,,,
SH601216,garch,,,,,-1.135189358940138,0.7955416814793287,True,0.9847365615495489,0.02462964413096099,,,,,
SH601216,egarch,,,,,-0.8349761014725553,0.8821576630833969,True,0.9646331418018378,0.025603557385320976,,,,,
SH601225,naive,,,,,,,,,,,,,,
SH601225,har,0.14804035327120507,0.4827461505372929,0.1441639522324716,-0.857524817431349,,,,,,,,,,
SH601225,har_x,,,,,,,,,,,,,,
SH601225,ewma,,,,,-1.1397780896306562,0.7436431126308943,True,,,,,,,
SH601225,garch,,,,,-0.032258854053408746,1.0654442970872153,True,0.9691184685628408,0.02456285054073237,,,,,
SH601225,egarch,,,,,-0.2533439648873469,1.0026391503917376,True,0.9894581188888135,0.023997769036146192,,,,,
SH601229,naive,,,,,,,,,,,,,,
SH601229,har,0.06203012533379346,0.49460032564672307,0.10297344696668494,-1.5761393096565977,,,,,,,,,,
SH601229,har_x,,,,,,,,,,,,,,
SH601229,ewma,,,,,-2.6166960071196503,0.4668395325405895,True,,,,,,,
SH601229,garch,,,,,-1.075849566978772,0.8417063043757843,True,0.8968969501520803,0.012097512054601835,,,,,
SH601229,egarch,,,,,0.16686856016039506,1.128378811796646,True,0.8538906847247051,0.012476888104909087,,,,,
SH601238,naive,,,,,,,,,,,,,,
SH601238,har,0.1303675405148868,0.392411337708658,0.29594933016432357,-0.7381549361740506,,,,,,,,,,
SH601238,har_x,,,,,,,,,,,,,,
SH601238,ewma,,,,,-2.4287797486633633,0.4302441663258135,True,,,,,,,
SH601238,garch,,,,,-7.824425474790592,-1.2046295868475367,True,0.9968702399428137,0.048219087310758704,,,,,
SH601238,egarch,,,,,-3.84248359048046,0.0519733212802424,True,0.9450920515847424,0.03865557359604064,,,,,
SH601288,naive,,,,,,,,,,,,,,
SH601288,har,0.1532124561978023,0.4279268049587565,0.24476666626001434,-0.8206366268948353,,,,,,,,,,
SH601288,har_x,,,,,,,,,,,,,,
SH601288,ewma,,,,,-1.8265653392409458,0.6387070264940358,True,,,,,,,
SH601288,garch,,,,,-0.9202201820779603,0.8589838176135356,True,0.986477528634517,0.010390639344485985,,,,,
SH601288,egarch,,,,,-0.8248496938095438,0.880574757662082,True,0.9863441021845517,0.01072703947998338,,,,,
SH601318,naive,,,,,,,,,,,,,,
SH601318,har,0.088840035340702,0.27407980336331905,0.5351379723749874,-0.42948349443293393,,,,,,,,,,
SH601318,har_x,,,,,,,,,,,,,,
SH601318,ewma,,,,,-0.9196415648353046,0.8357578387613512,True,,,,,,,
SH601318,garch,,,,,-0.4794946928115056,0.9594474469299421,True,0.9978024334551975,0.020394020066274336,,,,,
SH601318,egarch,,,,,-0.42454598909896557,0.9744048230143102,True,0.9907067153251735,0.02064145533736005,,,,,
SH601328,naive,,,,,,,,,,,,,,
SH601328,har,0.1454150812376725,0.3762600773366214,0.3648113462905655,-0.506369221197486,,,,,,,,,,
SH601328,har_x,,,,,,,,,,,,,,
SH601328,ewma,,,,,-1.0606212318451196,0.8018857362396465,True,,,,,,,
SH601328,garch,,,,,-0.46277336892341,0.9615190151531389,True,0.9929798269599419,0.013170508387929544,,,,,
SH601328,egarch,,,,,-0.4182734809971496,0.9744019204123393,True,0.9813572889720154,0.01354284090371763,,,,,
SH601336,naive,,,,,,,,,,,,,,
SH601336,har,0.08410333223124145,0.3341888533469734,0.4503111118915437,-0.5280314247860087,,,,,,,,,,
SH601336,har_x,,,,,,,,,,,,,,
SH601336,ewma,,,,,-0.979397308030715,0.7983605952032683,True,,,,,,,
SH601336,garch,,,,,-0.29391382207470135,0.9928105174909718,True,0.9918685538793032,0.02376131664799034,,,,,
SH601336,egarch,,,,,-0.39620632014662693,0.9651032670960494,True,0.9939268228290354,0.023632667748704206,,,,,
SH601377,naive,,,,,,,,,,,,,,
SH601377,har,0.0668186707065341,0.498748058125974,0.30908384239426107,-0.5077333150406369,,,,,,,,,,
SH601377,har_x,,,,,,,,,,,,,,
SH601377,ewma,,,,,-0.9616198067487752,0.8048525725125031,True,,,,,,,
SH601377,garch,,,,,-0.48646048359280697,0.9464556181444992,True,0.998026776454591,0.023374731988439878,,,,,
SH601377,egarch,,,,,-0.39521284585429617,0.9732673484986084,True,0.9863919319909071,0.023660351648939912,,,,,
SH601390,naive,,,,,,,,,,,,,,
SH601390,har,0.14201633500311892,0.42583764850188816,0.2908388120845364,-0.5997646363505176,,,,,,,,,,
SH601390,har_x,,,,,,,,,,,,,,
SH601390,ewma,,,,,-1.0468136960765955,0.7966904797804267,True,,,,,,,
SH601390,garch,,,,,-0.21093445124293425,1.022905789241406,True,0.9810921778410513,0.017025457333336942,,,,,
SH601390,egarch,,,,,-0.2127767036287693,1.0256686254787442,True,0.9783425895130066,0.017551875965871922,,,,,
SH601398,naive,,,,,,,,,,,,,,
SH601398,har,0.11445797610265375,0.3622702668484018,0.3820335226355841,-0.6492536703474362,,,,,,,,,,
SH601398,har_x,,,,,,,,,,,,,,
SH601398,ewma,,,,,-1.4572310398156196,0.7124743998176297,True,,,,,,,
SH601398,garch,,,,,-1.0909887245058032,0.8076777998116296,True,0.9986105791406551,0.011912823172252023,,,,,
SH601398,egarch,,,,,-0.9205186198422762,0.8484032892954544,True,0.9851129523820068,0.012188620261478496,,,,,
SH601555,naive,,,,,,,,,,,,,,
SH601555,har,0.05745452026723494,0.42977887270004106,0.3898534910522516,-0.49365018769062846,,,,,,,,,,
SH601555,har_x,,,,,,,,,,,,,,
SH601555,ewma,,,,,-0.926477628095854,0.8162929176740329,True,,,,,,,
SH601555,garch,,,,,-0.4064297803834291,0.9696408346328884,True,0.9958194917000478,0.024364473008039435,,,,,
SH601555,egarch,,,,,-0.4259865787310096,0.9671851680640703,True,0.9911893608168957,0.02421901436769755,,,,,
SH601600,naive,,,,,,,,,,,,,,
SH601600,har,0.13898561140486887,0.3361661150913406,0.3403907339522526,-0.7336843942056703,,,,,,,,,,
SH601600,har_x,,,,,,,,,,,,,,
SH601600,ewma,,,,,-1.1420655595674272,0.7640515946213107,True,,,,,,,
SH601600,garch,,,,,-0.4051288538581242,0.9777373954082146,True,0.9824896041995684,0.02319444741211496,,,,,
SH601600,egarch,,,,,-0.3406126413678758,0.997582258630378,True,0.973546698598044,0.023673117327323107,,,,,
SH601601,naive,,,,,,,,,,,,,,
SH601601,har,0.10189802210661107,0.25022141646101387,0.5125021866982759,-0.5495196789785679,,,,,,,,,,
SH601601,har_x,,,,,,,,,,,,,,
SH601601,ewma,,,,,-0.9943951058121292,0.793198062054325,True,,,,,,,
SH601601,garch,,,,,-0.5271546320499835,0.924201561296284,True,0.9964790218254431,0.021737016655397245,,,,,
SH601601,egarch,,,,,-0.4266324430426138,0.9506314695993044,True,0.9919585435445137,0.022067798036162628,,,,,
SH601607,naive,,,,,,,,,,,,,,
SH601607,har,0.08866806613619646,0.33526831882534147,0.39711450321490116,-0.7371457921112,,,,,,,,,,
SH601607,har_x,,,,,,,,,,,,,,
SH601607,ewma,,,,,-1.4287039438452493,0.6837532015082082,True,,,,,,,
SH601607,garch,,,,,-0.7317430231464441,0.8704906753073299,True,0.9912929379324503,0.019626400362200203,,,,,
SH601607,egarch,,,,,-0.6023999927169364,0.903868519454258,True,0.9914946661551723,0.01990556022838048,,,,,
SH601618,naive,,,,,,,,,,,,,,
SH601618,har,0.13467172900761673,0.41790231706555386,0.3030139335081123,-0.6246045874404563,,,,,,,,,,
SH601618,har_x,,,,,,,,,,,,,,
SH601618,ewma,,,,,-1.0488718045798107,0.8005485532310682,True,,,,,,,
SH601618,garch,,,,,0.1394481814982212,1.1133507044122994,True,0.9710565886275527,0.01576045207640439,,,,,
SH601618,egarch,,,,,0.29059715615699666,1.1538597314798744,True,0.975823112508827,0.016167222501344388,,,,,
SH601628,naive,,,,,,,,,,,,,,
SH601628,har,0.09467743952879024,0.3709741458490073,0.4005896048807911,-0.5546645851411556,,,,,,,,,,
SH601628,har_x,,,,,,,,,,,,,,
SH601628,ewma,,,,,-0.7682580883540723,0.8576740637970601,True,,,,,,,
SH601628,garch,,,,,0.06885030540918664,1.0836927276184332,True,0.9871628188294715,0.019870126425880194,,,,,
SH601628,egarch,,,,,0.014304599126534322,1.0716225552542997,True,0.9857734520144168,0.020226137694019423,,,,,
SH601633,naive,,,,,,,,,,,,,,
SH601633,har,0.10036477339265766,0.3519189308080732,0.32878449346367605,-0.8788125205196478,,,,,,,,,,
SH601633,har_x,,,,,,,,,,,,,,
SH601633,ewma,,,,,-1.5821807082078605,0.6408653717486448,True,,,,,,,
SH601633,garch,,,,,-0.6400071262365926,0.9053848498313658,True,0.9868094205521828,0.024868752849588796,,,,,
SH601633,egarch,,,,,-0.5630635748128872,0.9264963572816708,True,0.9864370378696952,0.024611932833741038,,,,,
SH601668,naive,,,,,,,,,,,,,,
SH601668,har,0.12646358338685784,0.4080544757092557,0.28996058638631866,-0.7548910571283757,,,,,,,,,,
SH601668,har_x,,,,,,,,,,,,,,
SH601668,ewma,,,,,-1.313025597492568,0.7324994494186947,True,,,,,,,
SH601668,garch,,,,,-0.4415481939479539,0.9616482682091618,True,0.9798146366063506,0.015797396428522615,,,,,
SH601668,egarch,,,,,-0.44116367182629945,0.9631153949080877,True,0.9832123507607611,0.016143682903915112,,,,,
SH601669,naive,,,,,,,,,,,,,,
SH601669,har,0.16968150619644592,0.18681629928118754,0.42470086380956074,-0.9167281572581503,,,,,,,,,,
SH601669,har_x,,,,,,,,,,,,,,
SH601669,ewma,,,,,-1.2340872672353875,0.7543213001985832,True,,,,,,,
SH601669,garch,,,,,-0.5834563767611745,0.9359973270526536,True,0.985011205298598,0.018082225183567037,,,,,
SH601669,egarch,,,,,-0.496291936873621,0.9620213759792826,True,0.9780429748307619,0.019176044436723105,,,,,
SH601688,naive,,,,,,,,,,,,,,
SH601688,har,0.11506696243145455,0.20041957152310966,0.48078091162875036,-0.8184165573256351,,,,,,,,,,
SH601688,har_x,,,,,,,,,,,,,,
SH601688,ewma,,,,,-1.0595855955133453,0.7798817815402583,True,,,,,,,
SH601688,garch,,,,,-0.4798941648357939,0.9462006288564322,True,0.9955698405552654,0.023109337689943717,,,,,
SH601688,egarch,,,,,-0.4821418333790828,0.9469114157470209,True,0.9915910229047763,0.023386379755916425,,,,,
SH601727,naive,,,,,,,,,,,,,,
SH601727,har,0.12082650633833897,0.31920349576317647,0.3747104323344391,-0.7651429653330054,,,,,,,,,,
SH601727,har_x,,,,,,,,,,,,,,
SH601727,ewma,,,,,-1.4741074197673405,0.6990228793685387,True,,,,,,,
SH601727,garch,,,,,-0.8822998967139967,0.9210381650728768,True,1.0000000000000382,0.023296902833586416,,,,,
SH601727,egarch,,,,,-1.045022888532041,0.8680076854406993,True,0.9162573796855591,0.0241963515624027,,,,,
SH601766,naive,,,,,,,,,,,,,,
SH601766,har,0.2073979411732427,0.15115475233381384,0.4061327870691519,-0.9901615332158762,,,,,,,,,,
SH601766,har_x,,,,,,,,,,,,,,
SH601766,ewma,,,,,-1.411247772244236,0.7071447375734933,True,,,,,,,
SH601766,garch,,,,,-0.5499538448588546,0.9441700209693146,True,0.9841741057998061,0.01898188805973076,,,,,
SH601766,egarch,,,,,-0.37868960462042,0.9917445454302853,True,0.97383905516635,0.01960341910795561,,,,,
SH601788,naive,,,,,,,,,,,,,,
SH601788,har,0.044024286376308334,0.4394774846297938,0.3972362632118209,-0.49326264988031543,,,,,,,,,,
SH601788,har_x,,,,,,,,,,,,,,
SH601788,ewma,,,,,-1.7722861335200621,0.612956406392457,True,,,,,,,
SH601788,garch,,,,,-1.5004171494533587,0.8283464694580849,True,0.9921594483268753,0.042284585537978536,,,,,
SH601788,egarch,,,,,-2.664211793327938,0.43484460427229327,True,0.9999999999999721,0.03381559473196524,,,,,
SH601800,naive,,,,,,,,,,,,,,
SH601800,har,0.16666640943199645,0.31893136929757765,0.40229022800750924,-0.4605393394382705,,,,,,,,,,
SH601800,har_x,,,,,,,,,,,,,,
SH601800,ewma,,,,,-0.9304979449539489,0.8209736232191994,True,,,,,,,
SH601800,garch,,,,,-0.5488052318833441,0.9356474368806805,True,0.9968253533245133,0.019403108778774002,,,,,
SH601800,egarch,,,,,-0.5813730150858137,0.9290244586204238,True,0.9902582990643752,0.019452673468506435,,,,,
SH601808,naive,,,,,,,,,,,,,,
SH601808,har,0.10417892149954176,0.3918287845184059,0.37078907939165473,-0.5317266630105701,,,,,,,,,,
SH601808,har_x,,,,,,,,,,,,,,
SH601808,ewma,,,,,-0.7260607231278343,0.8726652792337473,True,,,,,,,
SH601808,garch,,,,,0.5192424623597314,1.2306171466418003,True,0.9813291650513287,0.02477003477471255,,,,,
SH601808,egarch,,,,,0.9353454882642696,1.3478090919128527,True,0.9720132023792146,0.025547426763326067,,,,,
SH601818,naive,,,,,,,,,,,,,,
SH601818,har,0.15695223835205543,0.40443498649584564,0.2739649317991375,-0.7472159872117643,,,,,,,,,,
SH601818,har_x,,,,,,,,,,,,,,
SH601818,ewma,,,,,-1.4707275293550102,0.7054960590264465,True,,,,,,,
SH601818,garch,,,,,-0.7924439297197958,0.8765028950651276,True,0.9844172289544428,0.012307577675578961,,,,,
SH601818,egarch,,,,,-0.8367278015312462,0.8676571543966574,True,0.9821646499213583,0.012922725237126868,,,,,
SH601857,naive,,,,,,,,,,,,,,
SH601857,har,0.12028492353436118,0.465389486391888,0.30186242415036146,-0.5182188493018377,,,,,,,,,,
SH601857,har_x,,,,,,,,,,,,,,
SH601857,ewma,,,,,-1.1477840293817247,0.7887709354805839,True,,,,,,,
SH601857,garch,,,,,-0.7011089293970639,0.9053905574451292,True,0.9975695140295456,0.011724301609890913,,,,,
SH601857,egarch,,,,,-0.5953918396335028,0.9319039027033704,True,0.9855585708227523,0.012032890992034584,,,,,
SH601877,naive,,,,,,,,,,,,,,
SH601877,har,0.10469332660134523,0.21593065334718628,0.5525574853602807,-0.520071089521324,,,,,,,,,,
SH601877,har_x,,,,,,,,,,,,,,
SH601877,ewma,,,,,-4.379160493685212,-0.07433986671476188,True,,,,,,,
SH601877,garch,,,,,-7.7887710968311366,-1.1149231511434505,True,0.8957759814385297,0.03673747340921449,,,,,
SH601877,egarch,,,,,-5.541373900259302,-0.40780012010649613,True,0.9798009207484506,0.03237216733929568,,,,,
SH601881,naive,,,,,,,,,,,,,,
SH601881,har,0.12330742292299263,0.3221200050270891,-0.04712460987171651,-2.394421586078235,,,,,,,,,,
SH601881,har_x,,,,,,,,,,,,,,
SH601881,ewma,,,,,-1.6017729774056935,0.6448289063795947,True,,,,,,,
SH601881,garch,,,,,1.5805343387327586,1.5225815000574596,True,0.8918672475515705,0.02537779468788387,,,,,
SH601881,egarch,,,,,1.5049971251538863,1.506663900506737,True,0.7292298073133363,0.025435861217938067,,,,,
SH601888,naive,,,,,,,,,,,,,,
SH601888,har,0.0965179541105951,0.3419011994151963,0.3802464853491879,-0.7301258136535337,,,,,,,,,,
SH601888,har_x,,,,,,,,,,,,,,
SH601888,ewma,,,,,-1.2142146870091326,0.733107642470747,True,,,,,,,
SH601888,garch,,,,,-0.5321754715768825,0.9268418383458641,True,0.9917123636737134,0.022570698334302763,,,,,
SH601888,egarch,,,,,-0.6630807028181653,0.8903257224710945,True,0.9910649871284237,0.023434330445616807,,,,,
SH601898,naive,,,,,,,,,,,,,,
SH601898,har,0.11574797193479193,0.4376704242327821,0.32035172005342094,-0.5204841484883245,,,,,,,,,,
SH601898,har_x,,,,,,,,,,,,,,
SH601898,ewma,,,,,-0.9990704388917856,0.8069939138275919,True,,,,,,,
SH601898,garch,,,,,-0.12217390340495815,1.0501429154731052,True,0.9816339959243193,0.019631692891525283,,,,,
SH601898,egarch,,,,,-0.21301472383266423,1.0267271998762062,True,0.9854997047459464,0.019660715123062743,,,,,
SH601899,naive,,,,,,,,,,,,,,
SH601899,har,0.14098033779436006,0.3392281644530613,0.35687278035836734,-0.6831979934451312,,,,,,,,,,
SH601899,har_x,,,,,,,,,,,,,,
SH601899,ewma,,,,,-1.154109532688704,0.7789052808205065,True,,,,,,,
SH601899,garch,,,,,-0.5647175753331422,0.9470865567762073,True,0.992360364599415,0.020950156380056748,,,,,
SH601899,egarch,,,,,-0.5245487093319787,0.9583309695040081,True,0.9737500224109359,0.021473210493488434,,,,,
SH601901,naive,,,,,,,,,,,,,,
SH601901,har,0.09311388959573497,0.47848364488113465,0.26847302620238905,-0.6453454028127401,,,,,,,,,,
SH601901,har_x,,,,,,,,,,,,,,
SH601901,ewma,,,,,-0.9584409306088217,0.8120534006267859,True,,,,,,,
SH601901,garch,,,,,0.09865217220063546,1.1124902409095039,True,0.9836806908243615,0.022972900383631787,,,,,
SH601901,egarch,,,,,0.09552518601604733,1.1153087842276743,True,0.9806789728294817,0.023429732600659343,,,,,
SH601919,naive,,,,,,,,,,,,,,
SH601919,har,0.07487906199597902,0.40762878954254206,0.36838849032511406,-0.5941635987487067,,,,,,,,,,
SH601919,har_x,,,,,,,,,,,,,,
SH601919,ewma,,,,,-1.4295369247507306,0.6910021136266317,True,,,,,,,
SH601919,garch,,,,,4.76864543935562,2.7017943615989193,True,0.9588826366718409,0.0385632410529365,,,,,
SH601919,egarch,,,,,0.5030786988634288,1.3780602119356022,True,0.972994628152161,0.0380474955882775,,,,,
SH601933,naive,,,,,,,,,,,,,,
SH601933,har,0.15761069890837937,0.22915201690416534,0.2575263761796363,-1.4392246461636051,,,,,,,,,,
SH601933,har_x,,,,,,,,,,,,,,
SH601933,ewma,,,,,-1.824473305022061,0.57768190647908,True,,,,,,,
SH601933,garch,,,,,-0.529373433925384,0.9279599241508907,True,0.9546218087912108,0.021302671383014414,,,,,
SH601933,egarch,,,,,-0.3571565951826825,0.9759421864249777,True,0.9603789989776738,0.0218201471023002,,,,,
SH601939,naive,,,,,,,,,,,,,,
SH601939,har,0.11566740464667571,0.38435563791304767,0.3563893211673521,-0.6513179446747408,,,,,,,,,,
SH601939,har_x,,,,,,,,,,,,,,
SH601939,ewma,,,,,-1.3191316278362082,0.7432703972340811,True,,,,,,,
SH601939,garch,,,,,-0.7131187536385114,0.8966060446753314,True,0.9894267828917569,0.012628138045985891,,,,,
SH601939,egarch,,,,,-0.5416119223934635,0.9392230612059294,True,0.9790758834530703,0.012973594444125571,,,,,
SH601985,naive,,,,,,,,,,,,,,
SH601985,har,0.09341045618158139,0.3706130837975526,0.22818979623960892,-1.460006237596046,,,,,,,,,,
SH601985,har_x,,,,,,,,,,,,,,
SH601985,ewma,,,,,-2.096612807369477,0.5775755123016869,True,,,,,,,
SH601985,garch,,,,,-0.2831206031266499,0.9814312159662181,True,0.9710199455158546,0.010392221459205247,,,,,
SH601985,egarch,,,,,-0.852956821747517,0.8551891134806029,True,0.9782924840190881,0.010707606899638858,,,,,
SH601988,naive,,,,,,,,,,,,,,
SH601988,har,0.15165013446631637,0.33959292051487533,0.35885328655651816,-0.6946517953389271,,,,,,,,,,
SH601988,har_x,,,,,,,,,,,,,,
SH601988,ewma,,,,,-1.4579857888808418,0.7145581815681823,True,,,,,,,
SH601988,garch,,,,,-0.9160653039484399,0.8498380428830765,True,0.9919297556260755,0.010683435832949513,,,,,
SH601988,egarch,,,,,-0.8797341415448123,0.8597055021047355,True,0.9883868254800119,0.010922218407967255,,,,,
SH601989,naive,,,,,,,,,,,,,,
SH601989,har,0.12621430786740062,0.22282343415340888,0.47691649331274105,-0.7031771627893135,,,,,,,,,,
SH601989,har_x,,,,,,,,,,,,,,
SH601989,ewma,,,,,-0.9830875077438423,0.7989814366033906,True,,,,,,,
SH601989,garch,,,,,-0.2629588910043014,1.0011481333670207,True,0.9838457228142072,0.02169825950679543,,,,,
SH601989,egarch,,,,,-0.22041072389529248,1.0157186694128568,True,0.9806455401428972,0.022081984700508716,,,,,
SH601992,naive,,,,,,,,,,,,,,
SH601992,har,0.11650074518754934,0.3131839935821472,0.3670615301621254,-0.7967869853320413,,,,,,,,,,
SH601992,har_x,,,,,,,,,,,,,,
SH601992,ewma,,,,,-1.6456169142131158,0.62326428925527,True,,,,,,,
SH601992,garch,,,,,1.5548769817925183,1.5640171903809685,True,0.8914262202508527,0.028447872712395378,,,,,
SH601992,egarch,,,,,3.420590752288889,2.0998573728835574,True,0.9063485090001228,0.02857470515204979,,,,,
SH601997,naive,,,,,,,,,,,,,,
SH601997,har,0.12753303910603717,0.5172238096559225,-0.06472306813348405,-1.9279472903523556,,,,,,,,,,
SH601997,har_x,,,,,,,,,,,,,,
SH601997,ewma,,,,,-2.5660525246606447,0.4661644431377121,True,,,,,,,
SH601997,garch,,,,,-0.5170552301506636,0.9543739847480746,True,0.9351843962147741,0.013425687169072428,,,,,
SH601997,egarch,,,,,-0.945311973639314,0.8519305064278935,True,0.9388803753455538,0.013757851346850139,,,,,
SH601998,naive,,,,,,,,,,,,,,
SH601998,har,0.1448257722716284,0.36649098446666833,0.3251110005413176,-0.688550238446977,,,,,,,,,,
SH601998,har_x,,,,,,,,,,,,,,
SH601998,ewma,,,,,-1.0848564365245512,0.7818479261271255,True,,,,,,,
SH601998,garch,,,,,-0.285674160559634,0.9978697049310583,True,0.9879638511162545,0.017616195721459484,,,,,
SH601998,egarch,,,,,-0.2971567025312517,0.9959346486070402,True,0.986392499333667,0.01781853589817845,,,,,
SH603160,naive,,,,,,,,,,,,,,
SH603160,har,0.03621131882130066,0.32935118290441867,0.07879783743100806,-2.1812386204956704,,,,,,,,,,
SH603160,har_x,,,,,,,,,,,,,,
SH603160,ewma,,,,,-3.4902165143467303,0.12382121979271882,True,,,,,,,
SH603160,garch,,,,,-2.550762930736357,0.4004320749318732,True,0.885004475138231,0.031781006516171995,,,,,
SH603160,egarch,,,,,-1.5936165906735913,0.670576442927101,False,0.9810125369204034,0.034093532278713895,,,,,
SH603288,naive,,,,,,,,,,,,,,
SH603288,har,0.1827052843795401,0.44255595561849564,0.03621438546307603,-1.3172294890097802,,,,,,,,,,
SH603288,har_x,,,,,,,,,,,,,,
SH603288,ewma,,,,,-3.155586265850296,0.21737716209491512,True,,,,,,,
SH603288,garch,,,,,-4.770481820122452,-0.2938535037763309,True,0.9927272981149021,0.057849161849999275,,,,,
SH603288,egarch,,,,,,,False,1.0,inf,non-finite forecast,,,,
SH603993,naive,,,,,,,,,,,,,,
SH603993,har,0.12267508317628455,0.36146071391225204,0.3456129146961837,-0.6591010523804819,,,,,,,,,,
SH603993,har_x,,,,,,,,,,,,,,
SH603993,ewma,,,,,-0.9375267516719987,0.8162758594558709,True,,,,,,,
SH603993,garch,,,,,0.13981249269240698,1.139007196761084,True,0.9721089052939137,0.027069822040916576,,,,,
SH603993,egarch,,,,,0.40095518847850564,1.219318320809226,True,0.9471535960462124,0.02785120160976471,,,,,
SZ000001,naive,,,,,,,,,,,,,,
SZ000001,har,0.12994463662242114,0.3957915463612367,0.3801462840895521,-0.39644549136532065,,,,,,,,,,
SZ000001,har_x,,,,,,,,,,,,,,
SZ000001,ewma,,,,,-0.7301223795144693,0.8823456738012733,True,,,,,,,
SZ000001,garch,,,,,-0.29985428485571136,1.0077368218835883,True,0.9994058741669115,0.021559361561765526,,,,,
SZ000001,egarch,,,,,-0.2441675050561807,1.024135229338272,True,0.9917007984176167,0.021764319769704,,,,,
SZ000002,naive,,,,,,,,,,,,,,
SZ000002,har,0.08615606648993782,0.3148771366631937,0.3700036361737137,-0.907206261953113,,,,,,,,,,
SZ000002,har_x,,,,,,,,,,,,,,
SZ000002,ewma,,,,,-1.1324838430733646,0.7570716507669849,True,,,,,,,
SZ000002,garch,,,,,-0.20073540251380728,1.0205911225649404,True,0.9834015026632701,0.02360611924083291,,,,,
SZ000002,egarch,,,,,-0.01282570056531753,1.074564168130598,True,0.9771051767285464,0.02399354419779254,,,,,
SZ000063,naive,,,,,,,,,,,,,,
SZ000063,har,0.1837899755333983,0.17545287808640367,0.39475658714425815,-0.9674427394935733,,,,,,,,,,
SZ000063,har_x,,,,,,,,,,,,,,
SZ000063,ewma,,,,,-1.4877059687357395,0.667308776473225,True,,,,,,,
SZ000063,garch,,,,,-0.8248668666499457,0.8611094079600372,True,0.9882049227434484,0.02711846187637278,,,,,
SZ000063,egarch,,,,,-0.694483510886075,0.8986806071893795,True,0.9774750429585002,0.027182539495054215,,,,,
SZ000069,naive,,,,,,,,,,,,,,
SZ000069,har,0.09959973134564147,0.3134274462872781,0.43621836879559733,-0.5913132330131282,,,,,,,,,,
SZ000069,har_x,,,,,,,,,,,,,,
SZ000069,ewma,,,,,-1.0516438376940422,0.76222789006704,True,,,,,,,
SZ000069,garch,,,,,-0.49636594577613585,0.921894179352895,True,0.9925584903035234,0.022874350443993018,,,,,
SZ000069,egarch,,,,,-0.48115920604921714,0.9266215052822149,True,0.9905782406545969,0.02316901051391637,,,,,
SZ000100,naive,,,,,,,,,,,,,,
SZ000100,har,0.11412743317985768,0.4070565934147733,0.26834937443365997,-0.8571659816987482,,,,,,,,,,
SZ000100,har_x,,,,,,,,,,,,,,
SZ000100,ewma,,,,,-1.1796500755417836,0.7604628719875053,True,,,,,,,
SZ000100,garch,,,,,-0.15699061154905528,1.0474930330362473,True,0.9749306755724644,0.02334782136776794,,,,,
SZ000100,egarch,,,,,0.01510368000416752,1.0972190261156587,True,0.9637009111334024,0.023909028799530493,,,,,
SZ000157,naive,,,,,,,,,,,,,,
SZ000157,har,0.06528590520406044,0.3303117864942215,0.4906042843911439,-0.47462387985596,,,,,,,,,,
SZ000157,har_x,,,,,,,,,,,,,,
SZ000157,ewma,,,,,-1.0060440074508332,0.8077208752948086,True,,,,,,,
SZ000157,garch,,,,,-0.5479693445043572,0.9383661416362433,True,0.9965419113780665,0.02159265851136083,,,,,
SZ000157,egarch,,,,,-0.47663206291563287,0.9581187863632593,True,0.9914751548897245,0.021912794159958917,,,,,
SZ000166,naive,,,,,,,,,,,,,,
SZ000166,har,0.10374991222109171,0.22374031128866892,0.5681466091539815,-0.42071999885942624,,,,,,,,,,
SZ000166,har_x,,,,,,,,,,,,,,
SZ000166,ewma,,,,,-0.9830639504436166,0.8137683902359394,True,,,,,,,
SZ000166,garch,,,,,-0.6506230286076271,0.9193132336374602,True,0.9999999999999999,0.026521871704175425,,,,,
SZ000166,egarch,,,,,-0.45259690503363276,0.973753347139294,True,0.9903885269177141,0.02673008782544636,,,,,
SZ000333,naive,,,,,,,,,,,,,,
SZ000333,har,0.13674710326178868,0.3495322431262178,0.2496491467764043,-1.0722010945459814,,,,,,,,,,
SZ000333,har_x,,,,,,,,,,,,,,
SZ000333,ewma,,,,,-1.6562785547071106,0.6266249033395203,True,,,,,,,
SZ000333,garch,,,,,-0.7670557062623629,0.869170335343212,True,0.9760505102652107,0.021294908607518877,,,,,
SZ000333,egarch,,,,,-0.5204764345418992,0.9360377344432298,True,0.9586858284435152,0.021493877493441328,,,,,
SZ000338,naive,,,,,,,,,,,,,,
SZ000338,har,0.10164586425325962,0.38720324669252915,0.32167662294606203,-0.7691482806197752,,,,,,,,,,
SZ000338,har_x,,,,,,,,,,,,,,
SZ000338,ewma,,,,,-1.1126310331065619,0.7782452037384031,True,,,,,,,
SZ000338,garch,,,,,-0.4610939423906112,0.9620336622759522,True,0.989779527711467,0.022956597642804354,,,,,
SZ000338,egarch,,,,,-0.4439765359511833,0.9679275674116784,True,0.9876766585456561,0.022929435890670972,,,,,
SZ000413,naive,,,,,,,,,,,,,,
SZ000413,har,0.0699664081518423,0.21941721020976723,0.43930723646593206,-1.0750635296751476,,,,,,,,,,
SZ000413,har_x,,,,,,,,,,,,,,
SZ000413,ewma,,,,,-1.3301871945591965,0.7293223236182911,True,,,,,,,
SZ000413,garch,,,,,0.27653591947945516,1.195601260400883,True,0.9501974302901297,0.02735555031660364,,,,,
SZ000413,egarch,,,,,0.46738325909053063,1.2532082319088156,True,0.9555150217895467,0.028302513161992143,,,,,
SZ000415,naive,,,,,,,,,,,,,,
SZ000415,har,0.02704083097149798,0.38726459696084337,0.1923955029142278,-1.7364800846950152,,,,,,,,,,
SZ000415,har_x,,,,,,,,,,,,,,
SZ000415,ewma,,,,,-2.3386685486124947,0.5138971341372937,True,,,,,,,
SZ000415,garch,,,,,-0.44429171729821243,1.0273944509558317,True,0.751635735265557,0.018244021153692013,,,,,
SZ000415,egarch,,,,,0.3048876505815859,1.2171644927005973,True,0.682092973199966,0.01846492969819365,,,,,
SZ000423,naive,,,,,,,,,,,,,,
SZ000423,har,0.08914572230708795,0.25300488447720965,0.478314707056183,-0.7378885960824578,,,,,,,,,,
SZ000423,har_x,,,,,,,,,,,,,,
SZ000423,ewma,,,,,-0.9023747609484032,0.8246023595462777,True,,,,,,,
SZ000423,garch,,,,,0.2615572437300952,1.1365620026552514,True,0.9887896416101516,0.020246851674613906,,,,,
SZ000423,egarch,,,,,0.1771826496611897,1.1149331047962245,True,0.9930481087111419,0.020052499540446807,,,,,
SZ000425,naive,,,,,,,,,,,,,,
SZ000425,har,0.08612157671435945,0.4039456287862274,0.35429209502863124,-0.6270023065852272,,,,,,,,,,
SZ000425,har_x,,,,,,,,,,,,,,
SZ000425,ewma,,,,,-0.9363987612654814,0.81880820415019,True,,,,,,,
SZ000425,garch,,,,,-0.17490976076125073,1.0354151477743243,True,0.9919800291609201,0.023477645252742055,,,,,
SZ000425,egarch,,,,,-0.17618668834737686,1.0364088878573425,True,0.9887594653172833,0.02362579414468802,,,,,
SZ000538,naive,,,,,,,,,,,,,,
SZ000538,har,0.1008488661967946,0.32477734649669426,0.32045144918712687,-1.0447006021217256,,,,,,,,,,
SZ000538,har_x,,,,,,,,,,,,,,
SZ000538,ewma,,,,,-1.407498484638675,0.6853184666527022,True,,,,,,,
SZ000538,garch,,,,,0.2600135327001739,1.1221114187604957,True,0.9678275670216715,0.019413546881995352,,,,,
SZ000538,egarch,,,,,0.06713452967464964,1.0739085855350456,True,0.9800725361201107,0.019878955898730014,,,,,
SZ000568,naive,,,,,,,,,,,,,,
SZ000568,har,0.10343985085844963,0.3437543639984118,0.31958060844002495,-0.9218242541172138,,,,,,,,,,
SZ000568,har_x,,,,,,,,,,,,,,
SZ000568,ewma,,,,,-1.3374644792221775,0.6925481489304939,True,,,,,,,
SZ000568,garch,,,,,-0.31829841605772285,0.9735215159414832,True,0.9731523730714269,0.0233630680100256,,,,,
SZ000568,egarch,,,,,-0.19067103434189872,1.0091562467835125,True,0.975521288636224,0.0236684007949681,,,,,
SZ000596,naive,,,,,,,,,,,,,,
SZ000596,har,0.022812084950808106,0.3673092931931566,0.2819535164059807,-1.2491422690365341,,,,,,,,,,
SZ000596,har_x,,,,,,,,,,,,,,
SZ000596,ewma,,,,,-0.8180574545768514,0.8341821833831528,True,,,,,,,
SZ000596,garch,,,,,4.0737999263866085,2.217227494411837,True,0.9644170765546782,0.02953731026763501,,,,,
SZ000596,egarch,,,,,-0.011899203432161462,1.0636369721852321,True,0.9598280595255598,0.027867845159127158,,,,,
SZ000625,naive,,,,,,,,,,,,,,
SZ000625,har,0.16340046741466474,0.19111270388754453,0.488047664729626,-0.6366717934616768,,,,,,,,,,
SZ000625,har_x,,,,,,,,,,,,,,
SZ000625,ewma,,,,,-0.7641171130886758,0.8666347210078515,True,,,,,,,
SZ000625,garch,,,,,-0.2512299109022512,1.0147149595608114,True,0.9965044816798095,0.02477804406526745,,,,,
SZ000625,egarch,,,,,-0.20657491492510777,1.0274264618871445,True,0.9952710196446881,0.025547628524107337,,,,,
SZ000627,naive,,,,,,,,,,,,,,
SZ000627,har,0.09157060681209947,0.5883065070709979,-0.00857189652414287,-1.3553045162779591,,,,,,,,,,
SZ000627,har_x,,,,,,,,,,,,,,
SZ000627,ewma,,,,,-1.5638401368906292,0.6501477065655775,True,,,,,,,
SZ000627,garch,,,,,0.015849332917686487,1.0724992349946978,True,0.9379763637930862,0.01943260745916802,,,,,
SZ000627,egarch,,,,,0.7836549344009759,1.2731152799087886,True,0.9126085236682695,0.019757687788295168,,,,,
SZ000629,naive,,,,,,,,,,,,,,
SZ000629,har,0.18381447316096225,0.39717263280701204,0.3004880994724058,-0.4909425774110632,,,,,,,,,,
SZ000629,har_x,,,,,,,,,,,,,,
SZ000629,ewma,,,,,-0.7164562003339542,0.9130520608055128,True,,,,,,,
SZ000629,garch,,,,,1.3107247134156546,1.5183077914233716,True,0.9654380070533487,0.025050906649947018,,,,,
SZ000629,egarch,,,,,2.2524082092045945,1.7906461836839247,True,0.9448863511083596,0.026425409071565077,,,,,
SZ000630,naive,,,,,,,,,,,,,,
SZ000630,har,0.11979414201114798,0.27265867578716874,0.4870357447858923,-0.48925799047897267,,,,,,,,,,
SZ000630,har_x,,,,,,,,,,,,,,
SZ000630,ewma,,,,,-0.7134426751375126,0.8848268933295479,True,,,,,,,
SZ000630,garch,,,,,0.044699885602208556,1.1031550333083526,True,0.992095838850267,0.023062630742799087,,,,,
SZ000630,egarch,,,,,0.07306255889472596,1.1129999880776336,True,0.98846957291148,0.023528000679507416,,,,,
SZ000651,naive,,,,,,,,,,,,,,
SZ000651,har,0.10681976348605052,0.33810238817967914,0.35855211546844523,-0.7852300289635613,,,,,,,,,,
SZ000651,har_x,,,,,,,,,,,,,,
SZ000651,ewma,,,,,-1.3215622442352288,0.7062839557058382,True,,,,,,,
SZ000651,garch,,,,,-0.637625298028076,0.8964878672212946,True,0.9908547005512675,0.02277391362769192,,,,,
SZ000651,egarch,,,,,-0.44864714783718523,0.9482811457598953,True,0.9877638837938358,0.023150271608152508,,,,,
SZ000656,naive,,,,,,,,,,,,,,
SZ000656,har,0.08788397527158914,0.3205364498312959,0.316935692607138,-1.079335312369804,,,,,,,,,,
SZ000656,har_x,,,,,,,,,,,,,,
SZ000656,ewma,,,,,-1.5691864665825146,0.6381784847962156,True,,,,,,,
SZ000656,garch,,,,,0.6697668005820729,1.2601338961643267,True,0.9453227584253205,0.024841327200969772,,,,,
SZ000656,egarch,,,,,0.7970905705170133,1.2965489676215698,True,0.944373374264085,0.02501881186272297,,,,,
SZ000671,naive,,,,,,,,,,,,,,
SZ000671,har,0.11841990433521521,0.49557568683330855,0.20112696027580945,-0.7308812807467291,,,,,,,,,,
SZ000671,har_x,,,,,,,,,,,,,,
SZ000671,ewma,,,,,-1.0295354946800448,0.7667350033683538,True,,,,,,,
SZ000671,garch,,,,,-0.6240835184477642,0.8921126151555754,True,0.9989780778860551,0.023850322087913357,,,,,
SZ000671,egarch,,,,,-0.562749413847619,0.905989888630927,True,0.9905014874519079,0.025396313927924085,,,,,
SZ000703,naive,,,,,,,,,,,,,,
SZ000703,har,0.0890444357924475,0.4476439237483288,-0.19811352625812784,-2.5944398911322533,,,,,,,,,,
SZ000703,har_x,,,,,,,,,,,,,,
SZ000703,ewma,,,,,-3.3315838675143556,0.16034379273119242,True,,,,,,,
SZ000703,garch,,,,,-2.909271716924752,0.3316811868961127,True,1.0,0.029133315259804865,,,,,
SZ000703,egarch,,,,,-3.8677027480398634,0.00649105470354124,False,0.9690983572678389,0.03476175404642175,,,,,
SZ000709,naive,,,,,,,,,,,,,,
SZ000709,har,0.2053083160184115,0.15053227584683912,0.4263186011823493,-0.8991020500214861,,,,,,,,,,
SZ000709,har_x,,,,,,,,,,,,,,
SZ000709,ewma,,,,,-1.351859213131452,0.7148207045506807,True,,,,,,,
SZ000709,garch,,,,,-0.6137830043959488,0.9189785900185068,True,0.9812080582017083,0.018962363001979232,,,,,
SZ000709,egarch,,,,,-0.5503521501890516,0.9373761397899907,True,0.9760682717031015,0.019530052379713933,,,,,
SZ000725,naive,,,,,,,,,,,,,,
SZ000725,har,0.12440777480314216,0.19912795387756935,0.5051241996704449,-0.6993968306104296,,,,,,,,,,
SZ000725,har_x,,,,,,,,,,,,,,
SZ000725,ewma,,,,,-1.7830167845545766,0.6096586830579395,True,,,,,,,
SZ000725,garch,,,,,-1.3132343684806234,0.7628471457257144,True,0.9999999999923727,0.02638943858547292,,,,,
SZ000725,egarch,,,,,-1.0923511038821156,0.8206702698026324,True,1.0,0.026661425609017443,,,,,
SZ000728,naive,,,,,,,,,,,,,,
SZ000728,har,0.06046176794267826,0.3545389175350263,0.42608010741417013,-0.6238949058775438,,,,,,,,,,
SZ000728,har_x,,,,,,,,,,,,,,
SZ000728,ewma,,,,,-0.9130767372111612,0.8190817219324664,True,,,,,,,
SZ000728,garch,,,,,0.024482845184402486,1.0876410146517255,True,0.9886166730310734,0.024581412202250276,,,,,
SZ000728,egarch,,,,,-0.06579334027251584,1.0648062331874202,True,0.990399666532995,0.02474900291282246,,,,,
SZ000768,naive,,,,,,,,,,,,,,
SZ000768,har,0.11431122027441439,0.3057816474702334,0.3817296485508963,-0.7670487939990026,,,,,,,,,,
SZ000768,har_x,,,,,,,,,,,,,,
SZ000768,ewma,,,,,-1.0558029984410162,0.7724061671243511,True,,,,,,,
SZ000768,garch,,,,,-0.1895291900410337,1.022833843524318,True,0.9783496284979265,0.02545844744008323,,,,,
SZ000768,egarch,,,,,-0.219627917226908,1.0161040752103134,True,0.978652202963231,0.02582095163529408,,,,,
SZ000776,naive,,,,,,,,,,,,,,
SZ000776,har,0.07090795443309425,0.44653918746666366,0.3347397799342368,-0.6064328866378104,,,,,,,,,,
SZ000776,har_x,,,,,,,,,,,,,,
SZ000776,ewma,,,,,-0.9330789224302528,0.8181605767523129,True,,,,,,,
SZ000776,garch,,,,,-0.32286304878262395,0.9901318680715122,True,0.993532215289773,0.022237718244990882,,,,,
SZ000776,egarch,,,,,-0.35966013734778934,0.9833071065757846,True,0.9861228732596006,0.022714592676562867,,,,,
SZ000783,naive,,,,,,,,,,,,,,
SZ000783,har,0.0735060679250753,0.395188895521582,0.4032533067019239,-0.5111440150024634,,,,,,,,,,
SZ000783,har_x,,,,,,,,,,,,,,
SZ000783,ewma,,,,,-0.8045240503461726,0.8589584358293769,True,,,,,,,
SZ000783,garch,,,,,0.14110465932892227,1.132369993403289,True,0.991887132075205,0.02496598680782802,,,,,
SZ000783,egarch,,,,,0.19472830147322018,1.1503777630886338,True,0.9823734211863595,0.025348141846948065,,,,,
SZ000858,naive,,,,,,,,,,,,,,
SZ000858,har,0.0795783526343916,0.3938903126339469,0.32507204108273363,-0.8202216910473674,,,,,,,,,,
SZ000858,har_x,,,,,,,,,,,,,,
SZ000858,ewma,,,,,-1.2760057478675868,0.7274458314777059,True,,,,,,,
SZ000858,garch,,,,,-0.4485395167493783,0.9534503171771673,True,0.9874572133010926,0.021885867927835027,,,,,
SZ000858,egarch,,,,,-0.33086039822384083,0.9858470635077308,True,0.9853932592073251,0.022126815107835957,,,,,
SZ000876,naive,,,,,,,,,,,,,,
SZ000876,har,0.17742428711718503,0.17903152956332233,0.5394610366185972,-0.4267470128501196,,,,,,,,,,
SZ000876,har_x,,,,,,,,,,,,,,
SZ000876,ewma,,,,,-0.8474291934533481,0.8418386574191984,True,,,,,,,
SZ000876,garch,,,,,-0.5631605085411099,0.9288723606316672,True,0.9999999995439268,0.0239784555124119,,,,,
SZ000876,egarch,,,,,-0.4805147549952511,0.9509077153086161,True,0.9932246298761718,0.02454135240969239,,,,,
SZ000895,naive,,,,,,,,,,,,,,
SZ000895,har,0.19645273821381043,0.15217659503271902,0.3811006771616745,-1.1009165750720604,,,,,,,,,,
SZ000895,har_x,,,,,,,,,,,,,,
SZ000895,ewma,,,,,-1.660317336871375,0.6220077775526247,True,,,,,,,
SZ000895,garch,,,,,-0.8407367774984373,0.8451260185289223,True,0.9774248213422883,0.021435460581337447,,,,,
SZ000895,egarch,,,,,-0.5364416156940512,0.9273566317186238,True,0.9658228564748829,0.0216203197971764,,,,,
SZ000898,naive,,,,,,,,,,,,,,
SZ000898,har,0.10477298617550661,0.4763601068646839,0.2807010540563546,-0.5572239764616196,,,,,,,,,,
SZ000898,har_x,,,,,,,,,,,,,,
SZ000898,ewma,,,,,-1.4302483302313933,0.6972964411897578,True,,,,,,,
SZ000898,garch,,,,,-0.3796768501209849,1.0693821433398896,True,1.0000000000016098,0.027475309614828327,,,,,
SZ000898,egarch,,,,,-1.1489161393097511,0.8338831559950126,True,0.9581809615349423,0.026849237545338654,,,,,
SZ000938,naive,,,,,,,,,,,,,,
SZ000938,har,0.13071466319710762,0.16395396470858276,0.39690103098835594,-1.22058564808663,,,,,,,,,,
SZ000938,har_x,,,,,,,,,,,,,,
SZ000938,ewma,,,,,-1.4029996593613105,0.6995322167051425,True,,,,,,,
SZ000938,garch,,,,,0.8068589404839754,1.3248952187436154,True,0.9988241256472552,0.032384670378459254,,,,,
SZ000938,egarch,,,,,-3.799412694576435,0.08221335277086694,True,0.9999999990338554,2.6277904257571736,,,,,
SZ000961,naive,,,,,,,,,,,,,,
SZ000961,har,0.1296553842801095,0.49225363580862463,0.14335634501120667,-0.9056790674249647,,,,,,,,,,
SZ000961,har_x,,,,,,,,,,,,,,
SZ000961,ewma,,,,,-2.2353627860656338,0.4470471656459941,True,,,,,,,
SZ000961,garch,,,,,-1.1955316007956154,0.7508125238670226,True,0.9672958147426985,0.028131880604988488,,,,,
SZ000961,egarch,,,,,-0.0815681799011208,1.0612104122648016,True,0.9554946252568582,0.028575807355403743,,,,,
SZ000963,naive,,,,,,,,,,,,,,
SZ000963,har,0.09742605079552591,0.24520714733952423,0.508726977384072,-0.6011140337032456,,,,,,,,,,
SZ000963,har_x,,,,,,,,,,,,,,
SZ000963,ewma,,,,,-1.1379939083621629,0.7382211259256043,True,,,,,,,
SZ000963,garch,,,,,-0.8202680891003636,0.8315246397491967,True,0.9999002449720032,0.02221326980071508,,,,,
SZ000963,egarch,,,,,-0.5843322024381876,0.8923429065195294,True,0.9942933238619619,0.022109595071374766,,,,,
SZ001979,naive,,,,,,,,,,,,,,
SZ001979,har,0.09359428146142565,0.4327875731307711,0.2695123129171445,-0.8033617289811451,,,,,,,,,,
SZ001979,har_x,,,,,,,,,,,,,,
SZ001979,ewma,,,,,-2.3278005429615787,0.44488465107603825,True,,,,,,,
SZ001979,garch,,,,,-2.085390981495509,0.5259259280466086,True,0.999999990210539,0.02496477059031342,,,,,
SZ001979,egarch,,,,,-1.9783468017208186,0.552114894159033,True,0.994872123019078,0.02493090771157379,,,,,
SZ002001,naive,,,,,,,,,,,,,,
SZ002001,har,0.11034884795513702,0.3628126188062909,0.3755908453960153,-0.5926012444160389,,,,,,,,,,
SZ002001,har_x,,,,,,,,,,,,,,
SZ002001,ewma,,,,,-1.1399739713080577,0.7503653752413053,True,,,,,,,
SZ002001,garch,,,,,-0.7121583802656125,0.8884525858448349,True,1.0,0.026580821536016784,,,,,
SZ002001,egarch,,,,,-1.0570106495735578,0.8006520392323356,True,1.0,0.02684175735503835,,,,,
SZ002007,naive,,,,,,,,,,,,,,
SZ002007,har,0.060390260037259204,0.3669418775896966,0.4217345028903265,-0.6107752207702126,,,,,,,,,,
SZ002007,har_x,,,,,,,,,,,,,,
SZ002007,ewma,,,,,-1.1025825827922031,0.7622624677946281,True,,,,,,,
SZ002007,garch,,,,,-0.3016233586036088,0.985999127102164,True,0.9886486377058903,0.022681927279367336,,,,,
SZ002007,egarch,,,,,0.018056551096306155,1.0724957028257505,True,0.9794503778749589,0.02293186593399513,,,,,
SZ002008,naive,,,,,,,,,,,,,,
SZ002008,har,0.07218501066142854,0.3852595059661915,0.41023686624544176,-0.5142553276182168,,,,,,,,,,
SZ002008,har_x,,,,,,,,,,,,,,
SZ002008,ewma,,,,,-1.0971303929040115,0.7607255426237302,True,,,,,,,
SZ002008,garch,,,,,-0.4380340876312561,0.9536217962598958,True,0.9890747601661598,0.027016665710572717,,,,,
SZ002008,egarch,,,,,-0.4302349381012457,0.9566629097240186,True,0.9875230061952252,0.027655127916486888,,,,,
SZ002024,naive,,,,,,,,,,,,,,
SZ002024,har,0.16297755962623758,0.21142604390673206,0.4270016839585963,-0.7886056080555557,,,,,,,,,,
SZ002024,har_x,,,,,,,,,,,,,,
SZ002024,ewma,,,,,-1.0548575928969337,0.7813257563204729,True,,,,,,,
SZ002024,garch,,,,,-0.5136201603734643,0.9382459799127848,True,0.9941830509018859,0.023935063149086683,,,,,
SZ002024,egarch,,,,,-0.34709978345363823,0.9846765880910764,True,0.9874014243788697,0.024185994214047588,,,,,
SZ002027,naive,,,,,,,,,,,,,,
SZ002027,har,0.05250100981829125,0.39084030496030603,0.18589035769875287,-1.444860539353418,,,,,,,,,,
SZ002027,har_x,,,,,,,,,,,,,,
SZ002027,ewma,,,,,-2.031520543287262,0.5000144409699109,True,,,,,,,
SZ002027,garch,,,,,-0.280617982611253,0.9828324719052349,True,0.9999999999995277,0.02787277082850229,,,,,
SZ002027,egarch,,,,,0.16485878399790974,1.1050695719093462,True,0.8967857042707891,0.02449829005917544,,,,,
SZ002044,naive,,,,,,,,,,,,,,
SZ002044,har,0.17024892483604592,0.17919790686042605,0.2211729044826758,-1.6347592765956382,,,,,,,,,,
SZ002044,har_x,,,,,,,,,,,,,,
SZ002044,ewma,,,,,-1.9202993522014669,0.5035286511921968,True,,,,,,,
SZ002044,garch,,,,,-0.7011503858108417,0.8495618215595369,True,0.9554415860525483,0.02508201242863801,,,,,
SZ002044,egarch,,,,,-0.6508389670355447,0.8634871115278471,True,0.8801381669554876,0.024884718040938197,,,,,
SZ002081,naive,,,,,,,,,,,,,,
SZ002081,har,0.06614804121776992,0.330794514062617,0.407543616075539,-0.7640511477152825,,,,,,,,,,
SZ002081,har_x,,,,,,,,,,,,,,
SZ002081,ewma,,,,,-1.1191579708449169,0.7554980436824864,True,,,,,,,
SZ002081,garch,,,,,-0.4450227271234748,0.9494429292423098,True,0.9918112160070486,0.02445500785932991,,,,,
SZ002081,egarch,,,,,-0.45056431322371154,0.9486881062163722,True,0.9899439628951454,0.024800754014764143,,,,,
SZ002142,naive,,,,,,,,,,,,,,
SZ002142,har,0.11812429714522232,0.3390451549631299,0.37525728400757513,-0.6902163547048342,,,,,,,,,,
SZ002142,har_x,,,,,,,,,,,,,,
SZ002142,ewma,,,,,-1.0132239000705516,0.7978698913533556,True,,,,,,,
SZ002142,garch,,,,,-0.22024704875858597,1.0161039649562944,True,0.9903639430415251,0.020587589112325593,,,,,
SZ002142,egarch,,,,,-0.14669684483329223,1.0372959902325898,True,0.9848949411032082,0.020807043817792845,,,,,
SZ002146,naive,,,,,,,,,,,,,,
SZ002146,har,0.13282888923424355,0.2644694432027437,0.3306420834875241,-1.0541182498281423,,,,,,,,,,
SZ002146,har_x,,,,,,,,,,,,,,
SZ002146,ewma,,,,,-1.0830974057000837,0.7701573251484536,True,,,,,,,
SZ002146,garch,,,,,-0.22701930678945006,1.0207529920025995,True,0.981266850774223,0.026047131509220257,,,,,
SZ002146,egarch,,,,,-0.113999851324445,1.0552017598758585,True,0.9733394970069081,0.026570433318995557,,,,,
SZ002153,naive,,,,,,,,,,,,,,
SZ002153,har,0.1149100645922827,0.12463004851710707,0.6927907223362719,-0.2592833728579422,,,,,,,,,,
SZ002153,har_x,,,,,,,,,,,,,,
SZ002153,ewma,,,,,-0.7750140982748357,0.8386841224537085,True,,,,,,,
SZ002153,garch,,,,,0.007380605819989317,1.0780125752326646,True,0.9924705260544479,0.03039228829486213,,,,,
SZ002153,egarch,,,,,-0.13206801327181128,1.0366873301827768,True,0.992073395791629,0.030890835794154588,,,,,
SZ002202,naive,,,,,,,,,,,,,,
SZ002202,har,0.08983375669126786,0.34350639447826326,0.4355117521241405,-0.5173944445789611,,,,,,,,,,
SZ002202,har_x,,,,,,,,,,,,,,
SZ002202,ewma,,,,,-0.8166989000553299,0.8480565770000316,True,,,,,,,
SZ002202,garch,,,,,0.27029698374213235,1.1584858351940535,True,0.9825935173171767,0.02534421476262534,,,,,
SZ002202,egarch,,,,,0.36434758997794836,1.1853952022369996,True,0.9809043906651312,0.025501024102939272,,,,,
SZ002230,naive,,,,,,,,,,,,,,
SZ002230,har,0.08728899772040663,0.14864439899583384,0.6052863418909534,-0.6080061143815165,,,,,,,,,,
SZ002230,har_x,,,,,,,,,,,,,,
SZ002230,ewma,,,,,-1.1515899483111793,0.7577913965293757,True,,,,,,,
SZ002230,garch,,,,,-0.5863368350928696,0.9313440407631756,True,0.9925663277086352,0.02843232923231639,,,,,
SZ002230,egarch,,,,,-0.5640070979499533,0.9385223514117889,True,0.9897352320514231,0.02863374959019109,,,,,
SZ002236,naive,,,,,,,,,,,,,,
SZ002236,har,0.057049138654792955,0.10608377431085643,0.6531822496732,-0.7090373704769226,,,,,,,,,,
SZ002236,har_x,,,,,,,,,,,,,,
SZ002236,ewma,,,,,-1.3332019994226387,0.6931906688240381,True,,,,,,,
SZ002236,garch,,,,,-0.4648038747547877,0.9457124169105747,True,0.9883492652521803,0.027722194238871723,,,,,
SZ002236,egarch,,,,,-0.42795591719048154,0.9563993527183895,True,0.9765148880274017,0.027888212147632322,,,,,
SZ002241,naive,,,,,,,,,,,,,,
SZ002241,har,0.06264353673675126,0.3091525612441384,0.47906483146947637,-0.5805884559440577,,,,,,,,,,
SZ002241,har_x,,,,,,,,,,,,,,
SZ002241,ewma,,,,,-1.2375969369843653,0.7170757181332986,True,,,,,,,
SZ002241,garch,,,,,-0.8626095944556913,0.8297644046474036,True,0.996699054399389,0.027666277569465735,,,,,
SZ002241,egarch,,,,,-0.7186709671391434,0.8696702081153774,True,0.995542908690049,0.027901924240262305,,,,,
SZ002252,naive,,,,,,,,,,,,,,
SZ002252,har,0.4595286592467898,-0.019107376492064954,0.4357423355999713,-0.5757389644034917,,,,,,,,,,
SZ002252,har_x,,,,,,,,,,,,,,
SZ002252,ewma,,,,,-1.3885153052928263,0.7250096340664125,True,,,,,,,
SZ002252,garch,,,,,-0.5948128631912348,0.9567356926878243,True,0.9860715211815879,0.0197706927461372,,,,,
SZ002252,egarch,,,,,-0.1845495317044527,1.072716076422421,True,0.9348046902731414,0.020587942614743993,,,,,
SZ002294,naive,,,,,,,,,,,,,,
SZ002294,har,0.1482943484715977,0.31795354305325946,0.3208217814405037,-0.8657366024562654,,,,,,,,,,
SZ002294,har_x,,,,,,,,,,,,,,
SZ002294,ewma,,,,,-2.3984615250102834,0.4486128982421166,True,,,,,,,
SZ002294,garch,,,,,-1.8126472512313156,0.6841809199047865,True,0.9999999999999999,0.03135046100669009,,,,,
SZ002294,egarch,,,,,-2.3361361563926946,0.5060092750310606,True,0.9736600851008057,0.02963213403749926,,,,,
SZ002304,naive,,,,,,,,,,,,,,
SZ002304,har,0.10482002011649484,0.4037552322939159,0.24761006807855393,-0.9804047228453395,,,,,,,,,,
SZ002304,har_x,,,,,,,,,,,,,,
SZ002304,ewma,,,,,-1.1846995798927917,0.7466021755586374,True,,,,,,,
SZ002304,garch,,,,,-0.1719259957095421,1.0258308920554633,True,0.983961667479804,0.023193257608574165,,,,,
SZ002304,egarch,,,,,-0.052092090040450595,1.0581904154798396,True,0.9757523662266915,0.023145291632524843,,,,,
SZ002352,naive,,,,,,,,,,,,,,
SZ002352,har,0.16810461993296227,0.1200172217368785,0.3113615277980667,-1.7533268625648033,,,,,,,,,,
SZ002352,har_x,,,,,,,,,,,,,,
SZ002352,ewma,,,,,-2.1160176591835422,0.5467239515258906,True,,,,,,,
SZ002352,garch,,,,,0.0007397289093608203,1.082228807879351,True,0.6859181997542355,0.016750286707629302,,,,,
SZ002352,egarch,,,,,1.9188888143522689,1.5600012072535046,True,0.5589975486427511,0.016869927072275224,,,,,
SZ002410,naive,,,,,,,,,,,,,,
SZ002410,har,0.007912997355625298,0.3119697936972609,0.30432121845165133,-1.3894339230661055,,,,,,,,,,
SZ002410,har_x,,,,,,,,,,,,,,
SZ002410,ewma,,,,,-1.497641989156449,0.652530759030887,True,,,,,,,
SZ002410,garch,,,,,-1.2053602319492478,0.7476973841589655,True,0.9930924851905669,0.03337959373215828,,,,,
SZ002410,egarch,,,,,-1.1779196403563215,0.7575756009712092,True,0.9860986450028664,0.03209231777877839,,,,,
SZ002411,naive,,,,,,,,,,,,,,
SZ002411,har,0.35156044290521965,-0.13312324143254262,-0.23565747236927664,-4.544327717504153,,,,,,,,,,
SZ002411,har_x,,,,,,,,,,,,,,
SZ002411,ewma,,,,,-2.6892601071401754,0.3979018455165755,True,,,,,,,
SZ002411,garch,,,,,-2.432318818655129,0.4753687026757766,True,0.9999999996687389,0.0166547962041982,,,,,
SZ002411,egarch,,,,,-2.9472713755897813,0.36314439081634226,True,0.9519204946235563,0.017266592016423783,,,,,
SZ002415,naive,,,,,,,,,,,,,,
SZ002415,har,0.06600948220608736,0.349548792687029,0.3672346780638408,-0.8583074474279091,,,,,,,,,,
SZ002415,har_x,,,,,,,,,,,,,,
SZ002415,ewma,,,,,-1.5577610048993802,0.6333889310850734,True,,,,,,,
SZ002415,garch,,,,,-0.6810095079725005,0.8758978255916937,True,0.9869483326356636,0.02392648699397891,,,,,
SZ002415,egarch,,,,,-0.5471911052565547,0.9123601350978652,True,0.985192477318654,0.02422556240766207,,,,,
SZ002422,naive,,,,,,,,,,,,,,
SZ002422,har,0.07646324029646674,0.2657874744939683,0.37919580602654673,-1.1249187351771148,,,,,,,,,,
SZ002422,har_x,,,,,,,,,,,,,,
SZ002422,ewma,,,,,-1.8869943599508112,0.564236371482028,True,,,,,,,
SZ002422,garch,,,,,1.423307055864939,1.4792071558320816,True,0.9081601613759988,0.024093160089115658,,,,,
SZ002422,egarch,,,,,0.6936646309715361,1.2831985165848685,True,0.8746894378776192,0.024283160836229924,,,,,
SZ002456,naive,,,,,,,,,,,,,,
SZ002456,har,0.07865933740943636,0.3129311314727876,0.46568355084673996,-0.5416245003430841,,,,,,,,,,
SZ002456,har_x,,,,,,,,,,,,,,
SZ002456,ewma,,,,,-1.1135185475185896,0.752288815481446,True,,,,,,,
SZ002456,garch,,,,,-0.40033289613929507,0.9636849102560338,True,0.9911717755899897,0.030875169858305917,,,,,
SZ002456,egarch,,,,,-0.5548767778996676,0.9200278424056356,True,0.9878923563957435,0.030943797594801772,,,,,
SZ002466,naive,,,,,,,,,,,,,,
SZ002466,har,0.07130658972699588,0.23510015080327445,0.270779933965027,-1.5740993514848716,,,,,,,,,,
SZ002466,har_x,,,,,,,,,,,,,,
SZ002466,ewma,,,,,-1.8870207272703028,0.5191168807788067,True,,,,,,,
SZ002466,garch,,,,,1.5067262763552216,1.4979328722402745,True,0.9737501450077423,0.031153705823557004,,,,,
SZ002466,egarch,,,,,-4.00968924077011,-0.07856935359630898,True,0.6271229480171626,0.030277537245708922,,,,,
SZ002475,naive,,,,,,,,,,,,,,
SZ002475,har,0.08757921766076722,0.27961952879631496,0.4743582973397743,-0.6083139035283792,,,,,,,,,,
SZ002475,har_x,,,,,,,,,,,,,,
SZ002475,ewma,,,,,-1.0444196211165286,0.7516836341490352,True,,,,,,,
SZ002475,garch,,,,,-0.12774973514312557,1.0107036424979452,True,0.9867656057448044,0.026707395581534545,,,,,
SZ002475,egarch,,,,,-0.28400446489131964,0.9677981097269073,True,0.9814902801127006,0.02634104436071235,,,,,
SZ002508,naive,,,,,,,,,,,,,,
SZ002508,har,0.043470940617304055,0.29650824084912314,0.14245807951197378,-2.0842658206638496,,,,,,,,,,
SZ002508,har_x,,,,,,,,,,,,,,
SZ002508,ewma,,,,,-2.601371905773119,0.3796957519634648,True,,,,,,,
SZ002508,garch,,,,,-1.3109110909674715,0.7352834500306152,True,0.9961355310050908,0.030503118579973502,,,,,
SZ002508,egarch,,,,,-4.118301461652369,-0.010405017961363042,False,0.9979980468996356,1.223006902806797e-07,,,,,
SZ002555,naive,,,,,,,,,,,,,,
SZ002555,har,0.06106361743732276,0.11713959112210669,0.34203735012519115,-1.8135563444559575,,,,,,,,,,
SZ002555,har_x,,,,,,,,,,,,,,
SZ002555,ewma,,,,,-2.776306487570727,0.2829151027147998,True,,,,,,,
SZ002555,garch,,,,,0.2632011165811626,1.1512262342303692,True,1.0000000000333142,0.03299018942456714,,,,,
SZ002555,egarch,,,,,-0.5161671417016482,0.9254079488347753,True,0.3715164040669003,0.028116276762208476,,,,,
SZ002558,naive,,,,,,,,,,,,,,
SZ002558,har,0.15023028693664062,0.15092740521946477,0.3261330256495019,-1.5168616623376714,,,,,,,,,,
SZ002558,har_x,,,,,,,,,,,,,,
SZ002558,ewma,,,,,-2.1420430711478473,0.4880516327759858,True,,,,,,,
SZ002558,garch,,,,,-0.9025419134424043,0.8190710813156137,True,0.8986704764870355,0.01877177510136504,,,,,
SZ002558,egarch,,,,,-1.3777798640078456,0.6969151936463278,True,0.9422615716258258,0.01924115957028798,,,,,
SZ002594,naive,,,,,,,,,,,,,,
SZ002594,har,0.09551190147442382,0.425432227248273,0.36741630403546083,-0.4446120155963165,,,,,,,,,,
SZ002594,har_x,,,,,,,,,,,,,,
SZ002594,ewma,,,,,-0.725378124413876,0.8736559618836227,True,,,,,,,
SZ002594,garch,,,,,-0.19204762099975115,1.036561653852073,True,0.9974700703717773,0.025747715060084442,,,,,
SZ002594,egarch,,,,,0.04558815230810687,1.103756908844159,True,0.9818419316363914,0.02638752833124761,,,,,
SZ002602,naive,,,,,,,,,,,,,,
SZ002602,har,0.11089189804464708,0.35695328092682405,-0.4058750434636033,-3.994783187893477,,,,,,,,,,
SZ002602,har_x,,,,,,,,,,,,,,
SZ002602,ewma,,,,,-3.167145776500252,0.25690828328081516,True,,,,,,,
SZ002602,garch,,,,,2.1931592163620004,1.53906962967283,True,0.8401383310714333,0.015853499998749177,,,,,
SZ002602,egarch,,,,,0.8115968786800841,1.2114348509934356,True,0.822435360695233,0.01569274658822975,,,,,
SZ002673,naive,,,,,,,,,,,,,,
SZ002673,har,0.09940807622865475,0.3158333527027476,0.47348899823543195,-0.43922184953616733,,,,,,,,,,
SZ002673,har_x,,,,,,,,,,,,,,
SZ002673,ewma,,,,,-0.6683853361553748,0.8875016991505884,True,,,,,,,
SZ002673,garch,,,,,0.07827287115213487,1.10974166450505,True,0.992211517970025,0.02437819553949285,,,,,
SZ002673,egarch,,,,,0.10884827456187586,1.1215715895348886,True,0.9885580360232994,0.024777454740324743,,,,,
SZ002714,naive,,,,,,,,,,,,,,
SZ002714,har,0.1257281600292931,0.15917666084526363,0.4453421674259798,-1.035949156781745,,,,,,,,,,
SZ002714,har_x,,,,,,,,,,,,,,
SZ002714,ewma,,,,,-1.6270918453538523,0.606293096036863,True,,,,,,,
SZ002714,garch,,,,,1.0369662807858357,1.3493329728784713,True,0.9908627918217494,0.029159588339745773,,,,,
SZ002714,egarch,,,,,-2.9403307161945196,0.24590752531034007,True,0.9909849257906513,0.011758426075545558,,,,,
SZ002736,naive,,,,,,,,,,,,,,
SZ002736,har,0.12500666531485405,0.43078099987388524,0.26999210169842985,-0.7435963475046018,,,,,,,,,,
SZ002736,har_x,,,,,,,,,,,,,,
SZ002736,ewma,,,,,-1.22874029327635,0.7596113949714528,True,,,,,,,
SZ002736,garch,,,,,-0.23221135225213657,1.0290626483282692,True,0.9779095215440765,0.019036498462149717,,,,,
SZ002736,egarch,,,,,-0.37300867401121923,0.9966742356065917,True,0.979863370915849,0.019719309111396036,,,,,
SZ002739,naive,,,,,,,,,,,,,,
SZ002739,har,0.20978210336375494,-0.11362395519597203,0.3949691911879575,-2.1965484007077944,,,,,,,,,,
SZ002739,har_x,,,,,,,,,,,,,,
SZ002739,ewma,,,,,-2.541681651988192,0.4496422164318416,True,,,,,,,
SZ002739,garch,,,,,-1.164624748848481,0.8092715222155819,True,0.9335229149326115,0.02068043487618655,,,,,
SZ002739,egarch,,,,,-1.6260125308090703,0.6924397010193899,True,0.9245575683038487,0.020059014439390038,,,,,
SZ300003,naive,,,,,,,,,,,,,,
SZ300003,har,0.0723127820671795,0.2704405143634278,0.5102334297788764,-0.564436343109308,,,,,,,,,,
SZ300003,har_x,,,,,,,,,,,,,,
SZ300003,ewma,,,,,-1.0895497160259555,0.7586994330063508,True,,,,,,,
SZ300003,garch,,,,,1.3698486357694974,1.4735784725723406,True,0.9494759737303862,0.028067534261614947,,,,,
SZ300003,egarch,,,,,2.3445239469528283,1.7537969956771895,True,0.9340888353201593,0.028589710915404822,,,,,
SZ300015,naive,,,,,,,,,,,,,,
SZ300015,har,0.1264696943116123,0.25967778597278574,0.5196418663919442,-0.3754266141006513,,,,,,,,,,
SZ300015,har_x,,,,,,,,,,,,,,
SZ300015,ewma,,,,,-1.0588254486481639,0.7823757057081743,True,,,,,,,
SZ300015,garch,,,,,-0.12999738026952448,1.0788723616758866,True,0.9816997397489146,0.026340318260991008,,,,,
SZ300015,egarch,,,,,0.17500525581339854,1.1647767014478065,True,0.9294117188387216,0.025930043803332078,,,,,
SZ300017,naive,,,,,,,,,,,,,,
SZ300017,har,0.06432023404807917,0.14912467314563002,0.6681803690345968,-0.4621789271188339,,,,,,,,,,
SZ300017,har_x,,,,,,,,,,,,,,
SZ300017,ewma,,,,,-0.7693540066300777,0.878755893973833,True,,,,,,,
SZ300017,garch,,,,,0.6573695059490259,1.303617090793738,True,0.9884459171373909,0.030755013411358632,,,,,
SZ300017,egarch,,,,,0.7133931251993573,1.32257455161763,True,0.9866237827908678,0.030629485799622408,,,,,
SZ300024,naive,,,,,,,,,,,,,,
SZ300024,har,0.0794609865587928,0.4946582687660077,0.3318953263450774,-0.385559597725194,,,,,,,,,,
SZ300024,har_x,,,,,,,,,,,,,,
SZ300024,ewma,,,,,-1.272560699381801,0.7510484456839364,True,,,,,,,
SZ300024,garch,,,,,-0.5699105130940161,0.9752793832486562,True,0.9923305880026189,0.02386160193001301,,,,,
SZ300024,egarch,,,,,-0.39195299264305855,1.0174876958516559,True,0.9943255278154096,0.024412535408617212,,,,,
SZ300033,naive,,,,,,,,,,,,,,
SZ300033,har,0.05782921907419463,0.5627219346258513,-0.016032438876945793,-1.6151690460750288,,,,,,,,,,
SZ300033,har_x,,,,,,,,,,,,,,
SZ300033,ewma,,,,,-1.3525986488515536,0.7199023113645724,True,,,,,,,
SZ300033,garch,,,,,1.9058271635006379,1.611625779822154,True,0.9389831503891805,0.02585829191109411,,,,,
SZ300033,egarch,,,,,0.48739030721014925,1.2366874360441853,True,0.9464570838596795,0.026361500776129136,,,,,
SZ300059,naive,,,,,,,,,,,,,,
SZ300059,har,0.045968892830601384,0.41559915391364954,0.3718764383653742,-0.6566703158121618,,,,,,,,,,
SZ300059,har_x,,,,,,,,,,,,,,
SZ300059,ewma,,,,,-1.1045795571411732,0.7739764219564077,True,,,,,,,
SZ300059,garch,,,,,-0.04829453869779027,1.0770199389760695,True,0.9862099604427031,0.0278776246932174,,,,,
SZ300059,egarch,,,,,-0.30163910039642516,1.0061018939465063,True,0.9870499319672484,0.027141118562296153,,,,,
SZ300070,naive,,,,,,,,,,,,,,
SZ300070,har,0.06710711709416863,0.31328067329900755,0.3323561925798186,-1.1415162400476142,,,,,,,,,,
SZ300070,har_x,,,,,,,,,,,,,,
SZ300070,ewma,,,,,-1.5662220388445782,0.650374497369767,True,,,,,,,
SZ300070,garch,,,,,-0.590253124434756,0.9317988806920448,True,0.9754127241550229,0.025040475432087442,,,,,
SZ300070,egarch,,,,,-0.6476855683114456,0.9182040681405464,True,0.96921518052264,0.0259324130447862,,,,,
SZ300124,naive,,,,,,,,,,,,,,
SZ300124,har,0.05994704213432506,0.40376958844076766,0.4229698213453851,-0.44495002193731725,,,,,,,,,,
SZ300124,har_x,,,,,,,,,,,,,,
SZ300124,ewma,,,,,-1.1802096791513506,0.729923329662868,True,,,,,,,
SZ300124,garch,,,,,-0.8289584212639171,0.8313485062038957,True,0.9937227484551029,0.023088589973016826,,,,,
SZ300124,egarch,,,,,-0.8105062249784869,0.8368086798174242,True,0.9930030944421538,0.023900777509561447,,,,,
SZ300144,naive,,,,,,,,,,,,,,
SZ300144,har,0.06701237162725233,0.346652326730666,0.4340636803318799,-0.6390457332505843,,,,,,,,,,
SZ300144,har_x,,,,,,,,,,,,,,
SZ300144,ewma,,,,,-1.2954769210925208,0.7169831495733796,True,,,,,,,
SZ300144,garch,,,,,-0.3927338629600881,0.9513307151672367,True,0.9854367932564334,0.019205486810960962,,,,,
SZ300144,egarch,,,,,-0.3343528678707818,0.9661645508754995,True,0.9864173446335474,0.019748798516287268,,,,,
__pooled__,har_pooled,,,,,,,,,,,0.1151253969319162,0.3259816010061318,0.4318344986625514,-0.5193770247499683
