stock,model,n,mse,mae,r2,qlike,r2_offset22
SH600000,naive,175,0.33559467210373944,0.34965848541459177,-0.20213946232671187,-5.7801495720897975,0.20252281736015865
SH600009,naive,175,0.3501910834888914,0.3566293787532898,-0.1435302994633152,-3.4268933404260187,-0.3825297368809417
SH600010,naive,175,0.356328644653512,0.3911973775420737,-0.31033239310771443,-5.054466814011421,-0.3790197955539183
SH600011,naive,175,0.34140098643051153,0.3897626042598355,0.04957301206788156,-5.235684620149572,0.24110191461929908
SH600015,naive,175,0.32211117733385475,0.37109859516045923,-0.11667569704646596,-7.093405180374393,0.19139095729525368
SH600016,naive,175,0.3312539945132511,0.36528621470651856,-0.21694609978231694,-6.837183503716954,0.16290895220801271
SH600018,naive,175,0.3107569108494845,0.3942007520742615,-0.004631069538986843,-6.538887547977521,0.12376436081796505
SH600019,naive,175,0.34181818789448815,0.36609276617650827,-0.30650505525519356,-5.197938929240715,-0.1414674054072913
SH600023,naive,102,0.3732680082842913,0.37273227810912435,-0.591503370511085,-6.157404919431375,-0.9745545704589775
SH600027,naive,175,0.2968291867045924,0.3237825362614513,-0.00741311565575975,-4.988625716215096,-0.16473312393909856
SH600028,naive,175,0.36364990345674914,0.4022723469379293,-0.35463193847725605,-7.134400334106383,0.045245255737774936
SH600029,naive,175,0.37360329818361737,0.4154087561281811,-0.27781304367238957,-5.266456036367789,-0.18112788015357828
SH600030,naive,175,0.4054670086904778,0.42040094598230393,-0.029257629769125826,-4.687184770509108,0.3133415651682093
SH600031,naive,175,0.4026075148366602,0.3612658822336905,-0.39004227804965996,-0.8527726069546481,-0.13557520042157623
SH600036,naive,175,0.355798174328259,0.35816836521869816,-0.31410554747220365,-4.88193787878852,-0.05881954198546202
SH600038,naive,175,0.3643015721497208,0.3786682393859291,0.1961847087595161,-4.348961307797035,0.45177157067259865
SH600048,naive,175,0.35166650196389015,0.360580497894477,-0.2825585751243378,-4.014559049853168,-0.10658426978128199
SH600050,naive,175,0.36793467964654686,0.4036945334197244,-0.1221106083101835,-4.525044151064961,0.3084862385924162
SH600061,naive,175,0.4103021253540608,0.3913255026771659,-0.19121824215356265,-3.6784020345836232,0.44843753794412256
SH600066,naive,175,0.410002777963596,0.3711897321075089,-0.15848836965401714,6.105987273730189,0.18582461822131346
SH600068,naive,175,0.4191634420674531,0.4072487518420186,-0.13168478877793177,-3.4426444942053664,0.22396929005731203
SH600085,naive,175,0.40737644371886134,0.41216675151864696,-0.17504593825836556,-3.0628966601656606,0.1053049697642805
SH600089,naive,175,0.28201988845216985,0.3530657570334998,0.4436640875760851,-4.914265762476061,0.5486953646727157
SH600100,naive,102,0.5458822330096602,0.4721261217187979,-0.2537828285581727,-0.622869763305493,0.04146074637153652
SH600104,naive,175,0.3207814337156846,0.3467873179659281,-0.12214004595756078,-3.4458165191695467,0.14416780019326703
SH600109,naive,170,0.3699972603192119,0.39461446917555904,0.1036211632462164,-4.18257202962531,-0.06180615228371944
SH600111,naive,175,0.4015559818308037,0.39695170531805873,-0.09057413958531324,-1.9477979791372584,0.2385059425057282
SH600115,naive,175,0.41764278314562864,0.4378894096147437,-0.32062681980541385,-4.021646496745223,-0.06760891351706566
SH600118,naive,175,0.3781004564454794,0.3465342631806375,-0.2847503420715758,0.24426051833494772,0.14070042506411373
SH600153,naive,102,0.5686931438567322,0.5020306101821392,-0.5065195152750155,-1.6842825644119117,-0.7985364657883456
SH600170,naive,175,0.2967869361490324,0.3800612020752416,0.07380773968632215,-6.686520763711052,0.33668418385448196
SH600176,naive,175,0.40189813111767136,0.3576317951627522,-0.2516490852305342,1.136512536114234,0.10596602104735187
SH600177,naive,175,0.39791443505364715,0.42218877195497717,-0.34569702770543675,-4.373581034549836,0.06034339031015634
SH600188,naive,175,0.40037172445531155,0.4064132815701362,-0.3946848540300174,-4.4451646295405975,0.026952518344816268
SH600196,naive,175,0.42766695510328784,0.41482512386088144,0.10280145058605283,-1.2305044240339453,0.37481658450505373
SH600208,naive,175,0.370524758199186,0.37696609682890647,-0.07498580637761831,-2.1865574234467813,0.44250372311112496
SH600219,naive,175,0.28052605033342415,0.3086795550899541,0.06415947404861888,-5.057628014618572,0.5053561814842435
SH600221,naive,175,0.3871301174743154,0.43719695402580006,-0.1135412718860227,-3.5288405475780382,-0.3304113662569166
SH600233,naive,175,0.41346634585052267,0.40475102546218744,-0.3225568344264018,1.362116056162103,-0.6097295274893186
SH600271,naive,175,0.3880116292005953,0.3511911295521901,-0.4040916701806174,-1.5503841908896898,3.0315795696678194e-05
SH600276,naive,175,0.33521024334414073,0.3116289907602408,-0.4782693546711634,-1.1319573938070808,-0.13210624424588646
SH600297,naive,175,0.3851038679309158,0.3668080716019728,-0.14101117670720065,2.6279987118018684,0.12032417242373183
SH600299,naive,175,0.3260080624555727,0.31430466484262964,-0.11256368691970464,-1.9480327287135872,0.275738339958844
SH600309,naive,175,0.3384840030307408,0.3373271861248559,-0.3055693763521854,-4.083154470338669,-0.056148399421864115
SH600332,naive,175,0.4629632507627887,0.3761016858110036,-0.4097493344099974,4.264896955421951,0.10396623296209906
SH600340,naive,175,0.30122909053615443,0.33680969735303995,0.010844358823496658,-5.68040290786199,0.08908741430294764
SH600352,naive,175,0.33758376969628184,0.3591249371778806,0.028215403363954006,-4.553828676661237,0.33933411497890176
SH600362,naive,175,0.3797558627181292,0.3696589626091533,-0.3534921961068167,-4.117753863934063,0.07802396607994222
SH600369,naive,175,0.38360908736526805,0.38726381995502973,-0.006244742149417837,-3.4660551587665642,0.5056740236299819
SH600372,naive,175,0.39055356806475644,0.3971479214706851,0.0705476416432802,-4.012430720496907,0.3780220371848704
SH600383,naive,175,0.36777702223900105,0.3569573846010451,-0.32748576928150297,-2.784551035699782,-0.0838947493305553
SH600398,naive,175,0.3543211996021494,0.38080702460099164,-0.13395074628783532,-5.487234264037949,-0.04598410309698342
SH600406,naive,175,0.3470020063167353,0.3223246337637972,-0.23399403796626683,1.2826459095356195,0.352157827770875
SH600436,naive,175,0.37986188192639037,0.37600955831763744,-0.3101191666244625,-0.018331135199652116,-0.11857051258347173
SH600482,naive,175,0.3693294357094362,0.4328141673237134,0.09181829511400597,-4.814302502279546,0.17636133804540055
SH600489,naive,175,0.37222730514326874,0.37920307443116313,-0.5875488124794797,-4.559855737764602,-0.11685371388034138
SH600498,naive,175,0.3378573505153342,0.36556097185566355,0.24682599536074334,-3.1559154809077707,0.5640260831697319
SH600516,naive,175,0.38181019564124996,0.39854493086478376,-0.27685435310808537,-2.7874775780508085,0.07998525149940983
SH600519,naive,175,0.3495587959908237,0.34850571418756754,-0.3515580183673952,-4.582254140069892,-0.06784687155075675
SH600522,naive,175,0.2811297771916034,0.3496665247949509,0.19315449389496175,-5.570458106485423,0.3797922020825961
SH600535,naive,102,0.5287040146602231,0.4556488301486496,-0.5681868631017155,0.511146335258238,-0.9367905937932712
SH600547,naive,175,0.3680740855748819,0.37635097769178005,-0.23019559589301708,-4.226296764923481,0.3074117052695986
SH600570,naive,175,0.38441453748080107,0.36178192395649833,-0.40265426769133783,0.5500590843950126,-0.19738737270914108
SH600583,naive,175,0.3634340932429932,0.3397348363205512,-0.3378509490538435,-3.32807747526518,0.3374288344684223
SH600585,naive,175,0.38392591084762345,0.3447683856917886,-0.3246237280977453,-3.2555444694423112,0.2876958673529788
SH600588,naive,175,0.3594618737269615,0.33675887532107507,-0.050894812423254665,-0.25904658983774687,0.3237962432810737
SH600606,naive,170,0.39289790296234745,0.40941151453541874,0.1883842552067757,-4.268335627209835,0.3139756895235597
SH600637,naive,175,0.43401419454539464,0.4044678582039301,-0.5809194361795993,3.7938557505330475,-0.2201864286783919
SH600660,naive,175,0.40471700194052174,0.38389399389628986,-0.12226149924016849,-2.055163436126268,0.38769649258943173
SH600663,naive,102,0.4450809489411141,0.4451002925597331,0.019202316374438144,-5.034907123819577,-0.536139492076978
SH600674,naive,175,0.29511403407369863,0.3363451348012393,-0.4220384627313154,-5.699062819062724,-0.22420165578565565
SH600690,naive,173,0.34267403070022784,0.3296534671620553,-0.18661639625347437,-3.46975727653175,0.14683491547943117
SH600703,naive,175,0.38419254849769346,0.39243252721542765,-0.3416016166390867,1.3752540435827183,-0.001795646993581368
SH600705,naive,175,0.33979804803862756,0.36755557063775596,0.21491648569913324,-4.98476382093023,0.5908911533487824
SH600741,naive,175,0.3709290954739161,0.36629202249310344,-0.3916899419587525,-1.5234140801624192,-0.4849925575623031
SH600795,naive,175,0.29927989028048846,0.36170830596358017,-0.26366801960810005,-6.367126496670346,-0.25865638951737346
SH600809,naive,175,0.2912950096234387,0.3498367536590317,-0.03393151874264699,-4.626155778197819,-0.13432164661772306
SH600837,naive,175,0.3660124762843018,0.37855960541723505,-0.04141184789316954,-4.594935005571857,0.3765077191778806
SH600867,naive,175,0.4640718125239941,0.41904384097177705,-0.503638267665717,2.461231038899392,-0.6334650380420848
SH600886,naive,175,0.3226724429115141,0.35484545714703114,-0.3798137098005119,-5.205589461273185,0.132164373952675
SH600887,naive,175,0.32299041042889315,0.3094768677048402,-0.21101420247816294,-3.319028060220917,0.30365167850108365
SH600893,naive,174,0.4174358922964805,0.3863224375233939,0.10515731303124898,-3.3383077409017505,0.3364488517014155
SH600900,naive,175,0.35017228095422664,0.3774222750288349,-0.1883577563876322,-5.425013371807859,0.1360336852465055
SH600919,naive,175,0.3387338374456737,0.3818661094744951,0.002054338530458333,-6.183630910086105,0.31796635121808003
SH600926,naive,175,0.30659604852469335,0.356123619769103,0.1852408410537434,-4.434986376457642,0.4677981759157488
SH600958,naive,175,0.36574273149277337,0.38026656620098687,0.06280403549252334,-4.535543909596806,0.476681119746621
SH600977,naive,175,0.406003281029792,0.3889587025127526,-0.6749025105652302,-1.3115282470232446,-0.21436298136098464
SH600998,naive,175,0.3915428519142699,0.36339723980111366,-0.44821207993249934,0.21152867016010468,0.05630798714684404
SH600999,naive,169,0.3306508706690134,0.36654162963458264,-0.007188259572457056,-5.500442117901481,0.3736462432121993
SH601006,naive,175,0.33469327190320247,0.3635030818018064,-0.47484502782177107,-6.564544260832522,-0.1833406182691244
SH601009,naive,175,0.36501175242666656,0.38565976300548627,-0.18358119955581986,-4.833208221452224,0.022112131455582995
SH601018,naive,175,0.3048092492527951,0.3637404277549857,0.1412205959346573,-6.0480436575688366,0.2216441982891899
SH601021,naive,175,0.30243668825173475,0.3402989589010025,-0.557062643047328,-4.781883377722108,-0.7131269252498806
SH601088,naive,175,0.3055428112767486,0.3523528679628696,-0.21434725779617514,-6.101019719744132,0.0012219187398304632
SH601111,naive,174,0.4254379343106637,0.4253784818693435,-0.5516223525888795,-3.938974665665054,-0.4022118065809255
SH601117,naive,175,0.4048221269946609,0.36616570590344405,-0.16363498821502453,0.8967532112318518,0.33644083731481356
SH601155,naive,175,0.3335120158317032,0.3041532177168836,-0.2168583808731117,-1.5959513631595128,0.15097168907092606
SH601166,naive,175,0.34957387353226377,0.3795789801345309,-0.3964593117581452,-5.34243146171211,-0.17503294073084064
SH601169,naive,175,0.2868411497158447,0.3394402278747903,-0.19947378401918447,-7.033813512270612,0.07392460360799136
SH601186,naive,175,0.33398696950129136,0.3643764258699717,0.06118580770235549,-4.965221032267086,0.3847051052041386
SH601198,naive,175,0.3857135979462266,0.37897115880571985,0.016498502381203206,-4.6035204682464075,0.508035831907915
SH601211,naive,175,0.36570161941353285,0.36538624319666585,-0.03842969748072145,-3.967365892728524,0.4690628871976571
SH601216,naive,175,0.7219030998550129,0.5631497252018307,-0.016109589385630896,3.814367275630999,-0.09183698973221999
SH601225,naive,175,0.4042631681054027,0.3967437145641301,-0.411981657139437,-1.159874146769849,-0.07224202797412382
SH601229,naive,175,0.3326722839400062,0.3920028659549979,0.0018734952603779442,-6.966194658018235,0.3163734468610653
SH601238,naive,175,0.3990154695181528,0.4039095972676726,-0.3092343023688964,-1.458714102491221,0.0048122890898030235
SH601288,naive,175,0.304716415811536,0.36187035055902056,-0.26808169682230654,-7.5804609431428265,0.2147913006787907
SH601318,naive,175,0.3194551086104482,0.3462444622017061,-0.16345502965358083,-4.987547862672306,0.0487347027664774
SH601328,naive,175,0.285286994871294,0.3601978902334956,0.060040511294028764,-7.690764187095294,0.39708745228996867
SH601336,naive,175,0.40626976306140394,0.3980152782260511,-0.0405700437416896,-3.151270631168179,0.33800630239518714
SH601377,naive,175,0.4322839377033854,0.4284559390545748,0.009327585218294465,-3.8911803200537047,0.22906820779342707
SH601390,naive,175,0.36086996156967655,0.37572022494171126,-0.11511136097824637,-4.856749544794518,-0.07672817379654351
SH601398,naive,175,0.3098041265506948,0.36465458134485235,-0.2503267137346534,-7.38413693497753,0.26408549151851723
SH601555,naive,169,0.363352916604242,0.3817807108522758,0.12839464838019765,-4.138398791626645,0.5243249389465536
SH601600,naive,175,0.35306885896775975,0.35590753436983813,-0.029681746891518257,-5.1948628885889265,0.3959933899687105
SH601601,naive,175,0.3618059030994234,0.36256835929613607,-0.36572264619148487,-3.4993537110580277,-0.0051049630478194885
SH601607,naive,175,0.4288025793836754,0.4097461820040127,-0.022427356280052768,-0.7007722142529006,0.3869186533592659
SH601618,naive,175,0.4155461272671083,0.4331318427561633,-0.16426235384602927,-5.180871918833298,-0.051554659340167674
SH601628,naive,175,0.3828768121202759,0.3474569927807208,0.024292876699457233,1.6367747243547917,0.49527957715683757
SH601633,naive,175,0.37865364623438724,0.3963917945552798,0.17178308579201818,-3.160750070927906,0.4338124222857802
SH601668,naive,175,0.3566773240749997,0.3878079912117328,-0.27193843862966394,-5.6333648886150005,0.25909253662208687
SH601669,naive,175,0.4078249569461937,0.39317662093714495,-0.029258849922897623,-4.7898279584834516,0.3126316071969478
SH601688,naive,175,0.3716385955325697,0.3647890414822173,-0.11368612011171297,-4.351412850436214,0.42979649418342325
SH601727,naive,175,0.3521620238570898,0.4167023873969861,0.12538706872361338,-5.620725486554689,0.09807184744185948
SH601766,naive,175,0.32108241779912383,0.35335894678090124,-0.06433253889494761,-5.135739059591102,0.22675689713204128
SH601788,naive,175,0.44330024323873407,0.4319414131942407,0.18413525737570968,-3.506961581369455,0.5128792774793605
SH601800,naive,175,0.42846688573963704,0.4132601622608212,-0.12313487645491938,-3.844379633171606,0.26859234850305824
SH601808,naive,175,0.35106814915136964,0.367189021988127,-0.37100319020392547,-3.0865959286834297,0.04785299592538128
SH601818,naive,175,0.3279268242729532,0.36286080832200673,-0.2276016436795958,-5.850554820978218,0.22574246746296955
SH601857,naive,175,0.3326933055437562,0.3840363044196808,-0.4001023431921873,-7.025241842723731,-0.0900578813877011
SH601877,naive,175,0.34541075312416636,0.35633554786319427,-0.13478015360738138,-3.9515391255306787,0.26942931659875624
SH601881,naive,175,0.4160008766794641,0.3884636609731623,-0.08082505394406758,-3.746977114718477,0.3897746929076984
SH601888,naive,175,0.3430048430965148,0.35426835050977695,0.2810283259529699,-1.1917514795905961,0.4341626645809521
SH601898,naive,175,0.35957834054801213,0.3937101546516083,-0.3331450496564954,-5.705867157444466,-0.011888682961722408
SH601899,naive,175,0.43092011925669943,0.3644646720263017,-0.4600345324328725,-0.2432766285831401,0.16327580522754903
SH601901,naive,175,0.42960913075806834,0.38292271965285724,-0.06933987576549416,-2.987169664315795,0.5850186572727298
SH601919,naive,175,0.3676988553299735,0.37428204904039114,-0.08097940804953097,-3.689642174068119,0.182424534048494
SH601933,naive,175,0.4133698681703258,0.3663984495467231,-0.2449165703070768,-1.67624552427787,0.14003602765784795
SH601939,naive,175,0.3277594569242606,0.37377270004704183,-0.14748271152496795,-7.057671605859748,0.12335128037993948
SH601985,naive,175,0.3029412530549865,0.35459141800639465,-0.005626545520410975,-6.505395061321395,0.1940664286112912
SH601988,naive,175,0.2977199158304355,0.36821425176856615,-0.23286158581715788,-7.829449433321702,0.038237883716377374
SH601989,naive,175,0.3710523019467229,0.4118809551074232,0.21435969544740374,-5.548907199208102,0.38993086871208604
SH601992,naive,175,0.3824014586955097,0.39692740913978997,-0.18465895961307122,-5.029105488241633,0.3144971438908276
SH601997,naive,175,0.3426663742232928,0.37224061328539565,-0.050431325254686854,-5.535658984675025,0.2705750526778651
SH601998,naive,175,0.3175413822280127,0.37384378364293475,-0.012612883455081159,-6.749720816846851,0.3004327302588268
SH603160,naive,175,0.3737907196506762,0.37069656315375926,-0.4114357213503983,1.470209418135904,0.1193592078979493
SH603993,naive,175,0.37649251649173093,0.3600918626516337,-0.2764595758545847,-2.5176026664322,0.3994948262035316
SZ000001,naive,175,0.10958187670868075,0.25297938160431693,-0.21849435988249488,-7.091211502279573,-0.10379597620865022
SZ000002,naive,175,0.10870751518384704,0.251591937086517,0.009156696014804178,-7.090685038318183,0.050449397533089746
SZ000063,naive,175,0.09860975453951608,0.25308199110319973,0.3273501699007971,-6.598045269896658,0.35777744442509063
SZ000069,naive,175,0.09066725608282301,0.22682348368695346,0.045203462687671836,-7.147936069532925,0.03271118694812225
SZ000100,naive,174,0.06358220244194726,0.20679731919718877,-0.0770779201988181,-6.0178588726544096,-0.02436685160106644
SZ000157,naive,175,0.11409012664876379,0.2562573161353854,-0.3724152895011523,-6.781206304424201,-0.2783727158970817
SZ000166,naive,175,0.13395222242989893,0.28745472891278784,0.3922940783410789,-7.165228204567289,0.44742784492211984
SZ000333,naive,175,0.0961389273317127,0.2458493133605072,-0.3421554272805454,-7.101899181495394,-0.23842202272514368
SZ000338,naive,175,0.08320852826729272,0.22867862648559883,-0.4070351162594197,-6.794529150045889,-0.3242713179582215
SZ000413,naive,102,0.22498089387414333,0.3735986132906119,-0.27618240433804964,-5.750955218915942,-0.1775771025938062
SZ000415,naive,102,0.13510742158462052,0.28831407297680783,-0.11726061839910562,-6.9179890086927145,-0.01930119364937588
SZ000423,naive,102,0.1707754529783179,0.3196703976861134,-0.3493990597441681,-6.7206700622564695,-0.1496395665502639
SZ000425,naive,175,0.12403737598435567,0.2810290236015952,-0.3491857877579869,-6.65018882466956,-0.12543039407396028
SZ000538,naive,175,0.1267040140014376,0.27442984981197494,-0.03530030529647776,-6.88681977588832,0.0512047217745244
SZ000568,naive,175,0.10420196070886974,0.24599595824359305,-0.08672809842687834,-6.518353261349487,0.030143936532431526
SZ000596,naive,175,0.12012227047887943,0.2667689549270702,-0.028451354639019488,-6.208546500534713,0.09795757609915468
SZ000625,naive,175,0.12056951449653155,0.2643830044218893,-0.2487455317568672,-6.113677536320393,0.017550908329437287
SZ000627,naive,175,0.1332984331183271,0.2830477920801494,-0.13917916766602745,-6.893950391830133,-0.18013461220431992
SZ000629,naive,102,0.1495810015129353,0.2959440292667104,-0.3797362815055447,-6.979232318996924,-0.08612949794837954
SZ000630,naive,102,0.09589834051322306,0.22709069802195905,-0.17329259210571246,-7.94846593380186,0.3401982028379874
SZ000651,naive,175,0.1136912281225887,0.263692829411813,-0.3774665093816545,-7.326761262490618,-0.2855458867785621
SZ000656,naive,175,0.093115203957611,0.22078967303607827,0.05650543483988002,-6.422577119526572,0.0672317611557125
SZ000671,naive,175,0.08484121882020783,0.22975473507596317,-0.027969970386073628,-6.454759384423791,0.014657098857230544
SZ000703,naive,175,0.09878156548986378,0.2565524949870052,0.17804793226961846,-6.957264143218105,0.22250224893142068
SZ000709,naive,175,0.16557615222263622,0.3022432762405841,-0.08307664434574158,-7.5488782136775265,-0.12723119621056211
SZ000725,naive,175,0.12357232045799815,0.2738955443267563,-0.2455787385427728,-6.3459477858091144,-0.13902689293768145
SZ000728,naive,175,0.14704194877621815,0.2819647489635047,0.35059194537826743,-6.549144367812361,0.36819586471043686
SZ000768,naive,175,0.10277483243344067,0.2496047312309504,0.46036395669676033,-6.526912407378895,0.41890920180295366
SZ000776,naive,175,0.12175028427165821,0.2809588274917294,0.39247631713429065,-7.238466396210821,0.5096582066035875
SZ000783,naive,175,0.13481584045996123,0.2811133694118052,0.42847402845934723,-6.808198943177449,0.505757267045285
SZ000858,naive,175,0.12393474184834119,0.26655967019262644,-0.3323977268017164,-6.714697160034547,-0.2603622086299242
SZ000876,naive,175,0.12222163910581114,0.2682339434401344,-0.1702987536281062,-6.0629178440343825,0.08429107999740593
SZ000895,naive,175,0.08257095958796173,0.23065138274130254,-0.4235465688155766,-6.288681911327672,-0.44598563945878955
SZ000898,naive,102,0.09018997031594539,0.25614384567700976,0.034175396352525755,-7.830705463146047,0.04785380659168548
SZ000938,naive,175,0.08492662487313987,0.24076281062174665,0.13599807178177814,-6.224167937061325,0.08567111839098662
SZ000961,naive,175,0.08473650114696633,0.2326499347140326,-0.24347433713622024,-6.367039543276414,-0.24935945033047124
SZ000963,naive,175,0.1438551156482414,0.29740778713605637,-0.2376772395136395,-6.541735879392867,-0.12490298226175045
SZ001979,naive,169,0.12354968789827804,0.2792484785115843,0.10641938996265199,-7.33443849672685,0.116388445380468
SZ002001,naive,175,0.06907298422340866,0.2104470224401321,0.019784482561100436,-6.668364133492757,0.06719765021156898
SZ002007,naive,175,0.11364827534110943,0.2596509149060782,0.00779215513079301,-5.834893591274985,0.12377277032186085
SZ002008,naive,175,0.08224018897598738,0.23816671569874492,-0.24029853567958215,-6.441584647807123,-0.22545625065430075
SZ002024,naive,175,0.16197622132811867,0.3184468205993976,0.3014273801191577,-7.26276225231947,0.39678316484425813
SZ002027,naive,175,0.0877825553683459,0.231830517700685,-1.1797581440544516,-6.273754284573181,-1.218365588637559
SZ002044,naive,175,0.08054278028689739,0.22311005895990044,-0.3013297586636532,-6.185751222713626,-0.41741312922229
SZ002081,naive,102,0.19217871941679274,0.34383203735484913,-0.5623909537218865,-6.663489357910575,-0.26401952641778137
SZ002142,naive,175,0.09232071666462072,0.2262103139498118,-0.13019706889020433,-6.7788935640692864,-0.13164972673687192
SZ002146,naive,175,0.09814690686287768,0.23843572229493487,0.09596648193530799,-7.281600754444192,0.12302744532190191
SZ002153,naive,175,0.1379760038362608,0.29246705912414295,-0.2851715422341117,-6.029765924324707,-0.24614663587413554
SZ002202,naive,175,0.08879023598941184,0.2448678255063915,-0.17964767215423705,-6.952533839963232,-0.12561004734506143
SZ002230,naive,175,0.10483570335703758,0.2591926925991129,0.023404670034949282,-6.741610947303317,0.08397722928567164
SZ002236,naive,175,0.10346093725100701,0.26388121459529545,-0.09341654612847217,-6.451191082385823,-0.011168625303301427
SZ002241,naive,175,0.0655258218158958,0.21271525089421872,-0.35611923090874065,-5.785485271844009,-0.3406486741646546
SZ002252,naive,175,0.1525202582116225,0.299430458793435,0.08298321977656498,-6.389400107984441,0.10387149054661715
SZ002294,naive,102,0.18821579300681301,0.33186725896190467,-1.0221417089488116,-7.0664376493243175,-1.2344074009113428
SZ002304,naive,175,0.12561160885574563,0.2783032116559981,-0.25324093707374384,-6.682135727947578,-0.20436724701013786
SZ002352,naive,175,0.15423123729183133,0.26783845247691845,-0.4768666250099487,-6.309614962249834,-0.48740764493558597
SZ002410,naive,175,0.073335566532351,0.20827387744206485,-0.2636793308990666,-6.094704133532727,-0.1881067572390398
SZ002411,naive,102,0.2372278673412855,0.36990084556580605,-0.8376533047634271,-5.186263751003004,-0.4615593074076134
SZ002415,naive,175,0.07442345013453469,0.2188284309009385,0.0739737681485837,-6.863343753944329,0.1526132216974253
SZ002422,naive,175,0.09118200377272011,0.2567121857001667,-0.5142434170137575,-6.674611648584669,-0.755060851935045
SZ002456,naive,175,0.12337822891933745,0.27286534768347576,-0.457984326795831,-5.94948437113779,-0.04228125341386635
SZ002466,naive,175,0.13494771264021888,0.2711418092437127,-0.6207802938224924,-5.372458705469151,-0.4606970921847673
SZ002475,naive,175,0.058824886551675004,0.20152809353914602,-0.03889422505252349,-6.148321946597963,0.03316347383911522
SZ002508,naive,175,0.08036658506372474,0.2288870897428086,-0.41180343079307313,-6.497058265978625,-0.6617445442597418
SZ002555,naive,175,0.06450730388235917,0.19668249643856273,0.21638330815186513,-5.979172118234225,0.19997124055236504
SZ002558,naive,175,0.13970685264844657,0.3064994340848466,-0.00718724922294145,-6.723132940771011,0.026890549690378407
SZ002594,naive,175,0.10562348485219249,0.2568861589043115,-0.1478834456091902,-6.179940373000062,-0.012627263661079802
SZ002602,naive,175,0.055025113693731205,0.18471137563765821,0.2390908769950708,-6.22399849623936,0.2695587489308857
SZ002673,naive,175,0.12876950826063477,0.2817809538009109,0.39347519901994654,-6.892122524473822,0.46427898329734896
SZ002714,naive,175,0.07219499843711732,0.22176062219110415,0.2395893649141706,-6.347968514501821,0.2583812601757419
SZ002736,naive,175,0.11805550105944547,0.2688489356440447,0.4288931957261103,-7.001712676918864,0.506802979905036
SZ002739,naive,175,0.14657994093657956,0.2969326521787776,-0.3473277509138504,-6.22482008633709,0.03524341145248144
SZ300003,naive,175,0.08289682864475122,0.2168211494231579,-0.3147329853446732,-6.400955866332433,-0.2396042843030688
SZ300015,naive,174,0.07184223410201682,0.21361261401217435,-0.6174878668670429,-6.6120134673974595,-0.5236585159465126
SZ300017,naive,102,0.20122885050684075,0.3179178664604115,-0.07786319371686079,-5.571325363367668,0.2837306237212569
SZ300024,naive,102,0.18014816526074925,0.3260109041859296,0.021637280321973096,-6.682878126851349,0.2966136472200356
SZ300033,naive,175,0.12632656352282534,0.28045476193110797,0.034750334850269904,-6.034277692654856,0.18579328152433872
SZ300059,naive,175,0.11161104543222032,0.2672822274405086,0.41026661349959237,-6.263156364408093,0.4266554868440746
SZ300070,naive,98,0.09555827076587149,0.2660070584886161,0.2321131464228574,-6.309826144257246,0.29131052119044654
SZ300124,naive,175,0.07547465946715377,0.21033496685453332,-0.4526823163491529,-6.275742826105679,-0.38242276778684525
SZ300144,naive,175,0.07142518817719501,0.21570109630138412,-0.7393091452314002,-6.304074227304494,-0.7326728485569649
SH600000,har,175,0.25429403806402634,0.31829924535808746,0.08908894090940855,-7.754084543777829,0.26774165806214667
SH600009,har,175,0.261746752417415,0.3237806813691218,0.14527994489919227,-6.646689556276964,-0.15304083177865735
SH600010,har,175,0.25951163704668034,0.3479028055740005,0.045694166009772275,-7.204344753675232,-0.00833880415630417
SH600011,har,175,0.25812846987881094,0.3351956936962551,0.2813955615902136,-7.096007279939261,0.369475984217858
SH600015,har,175,0.2459880970046119,0.33198139052101483,0.14722322906834406,-8.320563179936757,0.2458367878954275
SH600016,har,175,0.24597786534695484,0.3333484957366671,0.09633752701876597,-8.407175175931476,0.22670493076164555
SH600018,har,175,0.2522407877752655,0.3537717336784149,0.1845428900959808,-7.386121867940936,0.2773098249496636
SH600019,har,175,0.2606068775899124,0.33010943598952264,0.0039026152973696826,-7.398486904568721,0.10992630217650812
SH600023,har,102,0.27102106284010263,0.322655097171627,-0.15555291484022993,-8.15671135541688,-0.639850787180414
SH600027,har,175,0.22254273279481293,0.28621348326109713,0.24470881620381735,-7.122405922884178,0.07567614373948772
SH600028,har,175,0.2620245600447664,0.34859327223339726,0.0239325397090121,-8.423452273599963,0.20737753603333442
SH600029,har,175,0.26087268150409004,0.3499206312433264,0.10775275061975742,-7.0767312107658356,0.16677477674244345
SH600030,har,175,0.31785826124573363,0.39311097919035354,0.19313277391191475,-6.811129441051757,0.3159489228422684
SH600031,har,175,0.2820704258359111,0.3117283614081491,0.02612394739213908,-6.069243887708615,0.10925225448677434
SH600036,har,175,0.24812210388698788,0.30144573102363253,0.08358542371961741,-7.255258112897455,0.12406247658091962
SH600038,har,175,0.2994726326904572,0.3838948884809147,0.33922689368547987,-6.47130019640827,0.4465815656352552
SH600048,har,175,0.2633894800553019,0.32064336225612217,0.039395465999899404,-6.56603506957228,0.1395388583938133
SH600050,har,175,0.28011788756524864,0.3744703418940523,0.1457090875033673,-7.479407602518195,0.3352425157518887
SH600061,har,175,0.3083120014828304,0.3708366135770796,0.10488672188987735,-6.323698869459097,0.362813383152622
SH600066,har,175,0.3018368864394068,0.3552893244579224,0.14714108960578665,-6.015081308677604,0.24309978424556766
SH600068,har,175,0.31634515819188314,0.37342713857664567,0.1459107173957892,-6.67344121586417,0.2904316960197203
SH600085,har,175,0.281261636360273,0.3416595804954178,0.1887224985912006,-6.718282022705112,0.3801600248403303
SH600089,har,175,0.26263864594011843,0.3803949446158692,0.48189714020237184,-6.476200058101057,0.4205819741151817
SH600100,har,102,0.4429246662912418,0.4842995258834945,-0.017309792038955107,-6.585230527783185,0.008567268090065139
SH600104,har,175,0.24799053494149556,0.3380763949251197,0.13249309022374578,-6.697956563657744,0.17896321742714205
SH600109,har,170,0.31766190629814633,0.3703266900851392,0.23041211223331692,-6.053894809937943,-0.2212440856895792
SH600111,har,175,0.31076939309842205,0.36947283284448695,0.15599049989855496,-6.421857817916077,0.2397709083549454
SH600115,har,175,0.28379848598710045,0.36207060663724033,0.10260177563262507,-6.950966389958573,0.23908573036865854
SH600118,har,175,0.27724642254031,0.35163448267020936,0.05794232690077317,-5.148221490800693,0.25262373439301755
SH600153,har,102,0.3591935030949031,0.38793816098010586,0.048463959838431325,-7.144516534891156,-0.08279362264566892
SH600170,har,175,0.2461619283697232,0.36080124167622557,0.23179478248516927,-7.884372461050011,0.34444745766523355
SH600176,har,175,0.2698298292148429,0.2959881131062581,0.15965705546964803,-6.319972207162123,0.3561848442408071
SH600177,har,175,0.28584674061541054,0.37328317897795305,0.03330194800903796,-7.481919074987202,0.17496099463868486
SH600188,har,175,0.2985696399540889,0.36673049923317536,-0.04005984759206438,-7.261165443020145,0.16870680172318842
SH600196,har,175,0.33543638554585314,0.39238505028930865,0.29629110937572345,-5.6536361451230235,0.34027028918763846
SH600208,har,175,0.33548476440051467,0.4210514840989697,0.02667405617030405,-6.50211015617904,0.196860269360418
SH600219,har,175,0.21864054346196293,0.2987671772651945,0.2706107652228974,-7.12667265463494,0.5289599601329289
SH600221,har,175,0.30597456567952436,0.38841141994557743,0.11989459963895455,-6.301507483738653,-0.2864861008976829
SH600233,har,175,0.2798962952618265,0.347443277429856,0.10469434345936657,-5.724637324908627,-0.24860930962265337
SH600271,har,175,0.2710709328933027,0.35167981692255557,0.01907981550004667,-6.872068017179424,0.0666409711700785
SH600276,har,175,0.2226920356869862,0.26826122794702867,0.017933316711209124,-6.777281514757347,0.10480983736522542
SH600297,har,175,0.28173166756317347,0.36031692894916173,0.16526680646166503,-5.7228208853298845,-0.14293898319403175
SH600299,har,175,0.24664517075615963,0.3058268827337369,0.15827707305610406,-6.442961841702202,0.22235675093398222
SH600309,har,175,0.23326859885316392,0.28865374029430835,0.10025780716256028,-6.5962969615421185,0.12881071255370757
SH600332,har,175,0.32847929935236125,0.3448110496495086,-0.00023808124399349317,-5.8489597802832405,0.1934509887660787
SH600340,har,175,0.2343539960452748,0.3146939761999833,0.23044425487645037,-7.301851005421957,0.17304924312157943
SH600352,har,175,0.27125723237320815,0.3408621194236819,0.21914610887967823,-6.939565213713211,0.2680138534406795
SH600362,har,175,0.2701352425219203,0.3230115964515458,0.037207905021273135,-6.94944369892879,0.2691540763781439
SH600369,har,175,0.3240874940576678,0.38834771549297575,0.1498863097020705,-6.443457418087233,0.37570655321629765
SH600372,har,175,0.3011287293426368,0.38928084662226775,0.28336384418828475,-6.505252035725641,0.4011908542362925
SH600383,har,175,0.27052608274244244,0.30909789014683037,0.023540070900112453,-6.056894052879836,0.13811527601423534
SH600398,har,175,0.25896995219446894,0.328874346501041,0.17120632102516253,-7.190147494245149,0.20984395605494288
SH600406,har,175,0.2514997912706459,0.29761589418183787,0.10562694933107064,-6.106913458385985,0.4063461104020908
SH600436,har,175,0.2589172175920634,0.3206388027422787,0.1070111914988845,-6.088801267346672,0.12543963332257269
SH600482,har,175,0.2833082303512664,0.3694601693514135,0.3033445840719019,-6.75971439262198,0.36279189896578656
SH600489,har,175,0.24616270086633887,0.32073903684868754,-0.04988349333126485,-6.708209508607793,0.11817044543154953
SH600498,har,175,0.27900647126292283,0.3586726607679335,0.3780202770168064,-6.261747332945519,0.48757940307785863
SH600516,har,175,0.294321607939399,0.36927438359917475,0.015726058126794618,-6.7037291013596745,0.17249992056713626
SH600519,har,175,0.23879594993734649,0.29548920700854986,0.07670301936858648,-7.367701917311594,0.11713844675524554
SH600522,har,175,0.22161612197724836,0.30724398597589736,0.3639593290898485,-6.371064615986647,0.4145664899173549
SH600535,har,102,0.3447538111393222,0.3605905432605912,-0.02257290022732583,-6.12962609915143,-0.11094803414464449
SH600547,har,175,0.25514990774177954,0.32846908646866135,0.1472252323708093,-6.809867423861173,0.3426835869804934
SH600570,har,175,0.27484015849395793,0.3377127643107047,-0.002838560088969544,-6.078017653071472,0.05133372689974813
SH600583,har,175,0.2626963764510513,0.3212268363965517,0.03297845996780202,-6.625271082441189,0.4118047410875396
SH600585,har,175,0.26905989258783675,0.3215815152580333,0.07168777117850678,-6.842904231921261,0.3298702138449344
SH600588,har,175,0.2810278061429881,0.3271680247326846,0.17840893511093125,-5.576590431564974,0.3301167235897756
SH600606,har,170,0.3019701219031119,0.35997822768539217,0.37621528762096246,-6.464622491489932,0.3919820972476472
SH600637,har,175,0.3072947274504935,0.36150585293295256,-0.11933714004643226,-5.703518445752293,0.07731942825558624
SH600660,har,175,0.275963190080532,0.3358287133971663,0.23476685696443222,-6.474080629072266,0.4337623275754784
SH600663,har,102,0.3663353387312182,0.40983111855153487,0.19272920462542364,-6.866400778378926,-0.4988583887237412
SH600674,har,175,0.20176128389836662,0.28624311711520467,0.02779172500525895,-7.899985358754981,0.06793033484809752
SH600690,har,173,0.24247394536721983,0.27920331037470425,0.16035785189478347,-6.615277544941348,0.31708733144990753
SH600703,har,175,0.2968739437757588,0.3511464540302673,-0.036684767742106716,-5.659036312837803,-0.12288946617072471
SH600705,har,175,0.29993817274013906,0.3629108642177321,0.3070103960660766,-6.388906646609401,0.5087017623947225
SH600741,har,175,0.25456177773835303,0.3139701891702886,0.04490893270862917,-6.071760085197392,-0.20810834052901672
SH600795,har,175,0.22119866710785852,0.31338014595817515,0.06601916573088784,-7.952956184582015,0.07775563573430555
SH600809,har,175,0.2147968857603306,0.2940699012680684,0.23759328866477214,-6.372751955960744,0.10697342938692667
SH600837,har,175,0.2932693295867672,0.3731566832247472,0.16556354156049446,-6.933163899041807,0.2956760299245512
SH600867,har,175,0.29849788177278586,0.339284496625421,0.03283753561845226,-6.273584795005978,-0.007503527470761995
SH600886,har,175,0.21135758931000465,0.28943082129825387,0.09619149138092076,-7.644536934460034,0.2941334146691088
SH600887,har,175,0.2108331017724538,0.25920107745660226,0.20950631240126227,-7.005198322431975,0.410238913711105
SH600893,har,174,0.29596621355935626,0.3656946914483792,0.36554760460004043,-5.963559630577916,0.3579233267362544
SH600900,har,175,0.2516860456397329,0.33699018586747687,0.14586881721342004,-7.78930591347994,0.29787953494991537
SH600919,har,175,0.24354995207193736,0.3323237908241297,0.2824761179630153,-7.941277633951487,0.4319374747481193
SH600926,har,175,0.2575626290260904,0.352216014354529,0.3155439803902672,-6.72239707087025,0.2854768996570104
SH600958,har,175,0.3028915171588986,0.36540821270608903,0.2238568722712243,-6.651783450894808,0.3720792083705454
SH600977,har,175,0.288599816986023,0.3323252962611961,-0.19057303377576984,-6.065696107069859,0.045653359610200894
SH600998,har,175,0.2513698352488845,0.3229478356440933,0.07025034384286444,-6.4203793422724305,0.22455327951909132
SH600999,har,169,0.26306124500245964,0.3327174501971146,0.19869499518054412,-6.462807768666419,0.3925748075932898
SH601006,har,175,0.24285608152712979,0.3177240220102629,-0.0701592006311822,-8.340931044776994,0.04718913521822943
SH601009,har,175,0.26123335934970776,0.3319080906740029,0.1529289378559331,-7.432005420974379,0.22461820314922654
SH601018,har,175,0.25435472859763375,0.33461566205295196,0.28337278877939154,-6.819490058499873,0.30145010947431516
SH601021,har,175,0.19541027201664032,0.28025360220402135,-0.006048691987956989,-6.592439732554617,-0.2392440638318727
SH601088,har,175,0.2237730311601038,0.29552011892635077,0.11063799661160933,-7.5603144420142465,0.18398512806344447
SH601111,har,174,0.29564314067520925,0.3628143388057292,-0.0782454230474463,-6.796495661946371,-0.01438544588075219
SH601117,har,175,0.30907864702075477,0.3429346473130776,0.11157344472859043,-6.186814187704051,0.41196492751326996
SH601155,har,175,0.24789220056329214,0.2884082285753146,0.0955357303805846,-6.573889317121683,0.25100866677825107
SH601166,har,175,0.2564013409291209,0.33271481429659716,-0.024258582226967418,-7.6531362987272065,0.020287598210369184
SH601169,har,175,0.21805228081442452,0.30911340951381466,0.08817826646703009,-8.380538592582035,0.15518418032964987
SH601186,har,175,0.2601352666009218,0.3462139179609126,0.26877781918634847,-7.284985547993886,0.40732559147025127
SH601198,har,175,0.32171269855347684,0.3811541002415402,0.1796894832978123,-6.717904779906798,0.36732795114383354
SH601211,har,175,0.26830951228143785,0.34424573794415947,0.23812050349563485,-7.161778456692343,0.44941891147031254
SH601216,har,175,0.4923504106435632,0.48854116437074563,0.30699567061929167,-5.3481201872330635,0.26584172817283347
SH601225,har,175,0.29600395650681044,0.34810252965596955,-0.0338615783057048,-6.426446321136154,0.13710780320838323
SH601229,har,175,0.2503847236871666,0.3304818929188056,0.2487632990215164,-8.254789642383685,0.4280678711172935
SH601238,har,175,0.2828418687129184,0.3486779988744601,0.07195007473707482,-6.331260448566245,0.19407030011494797
SH601288,har,175,0.230137533397661,0.31363885416942366,0.04227938269692044,-8.81349009343685,0.30400268430955635
SH601318,har,175,0.2290559837316009,0.30238663942367544,0.16577844848381362,-7.552661687605313,0.12252669862512788
SH601328,har,175,0.23791740415373552,0.33986985098232986,0.21611315768709294,-8.795592223393797,0.36447920239284615
SH601336,har,175,0.27629924090065755,0.34105602970675275,0.2923206713113461,-6.710846716373276,0.4602370904497759
SH601377,har,175,0.34712111527701683,0.39614111237190003,0.20449666642678055,-6.4077409772189045,0.3150645461903988
SH601390,har,175,0.26372300312346014,0.3260287583310339,0.1850789806524502,-7.096208511686286,0.178281038071892
SH601398,har,175,0.23649955419479682,0.3338519358903576,0.045520427089263626,-8.644736292217345,0.28869567636246785
SH601555,har,169,0.318927964533695,0.3835477060785143,0.2349605357054294,-6.452125907013523,0.3917852432957609
SH601600,har,175,0.27259755084346055,0.3489040605190574,0.20500289045181752,-7.348322141264762,0.4177579057959585
SH601601,har,175,0.24428592368360724,0.3127878462353802,0.07788453625968794,-7.1408523598257805,0.10199167744755067
SH601607,har,175,0.3283766504880892,0.3905518856604564,0.21702600039113085,-6.339527291746988,0.4059524812077858
SH601618,har,175,0.3097701831244474,0.36044350521472357,0.13209692284303154,-6.884617754616332,0.20212657339954532
SH601628,har,175,0.2840245672033914,0.32354515642791876,0.27620376935846547,-6.121522588359654,0.5236926580536478
SH601633,har,175,0.3019069006492782,0.37687467369315253,0.3396487684181363,-6.056926968290254,0.3849456471636551
SH601668,har,175,0.2587421075164672,0.33801285631431527,0.07730598491020946,-7.533896793880407,0.3816154373070586
SH601669,har,175,0.29550057800122037,0.35858335419278703,0.2542227250079374,-7.164724161617113,0.32567357364716065
SH601688,har,175,0.2871685277706567,0.3603024515006553,0.13944459118195285,-7.126377845725893,0.34903165737710096
SH601727,har,175,0.27669896813790046,0.355212827857504,0.3128035415242615,-6.784793060657806,0.26856176320269876
SH601766,har,175,0.23603440270153492,0.34427464245613615,0.21758688371704848,-7.85024353120039,0.27160123477480635
SH601788,har,175,0.3661673494890983,0.40889064127679847,0.3260932406313677,-6.058008112553978,0.4782500052611952
SH601800,har,175,0.3145710917887423,0.3775324735766537,0.17541874046451122,-6.971354348290281,0.3564194154472523
SH601808,har,175,0.25076960483054467,0.3061103544584065,0.0206860717500863,-6.210947824269461,0.3430072308254072
SH601818,har,175,0.24201744021510788,0.3060032458681356,0.09400212054656532,-7.536731874952715,0.3521109804301634
SH601857,har,175,0.24632231803945348,0.32841614889126136,-0.036619760364283716,-8.146787071527392,0.14306455192107015
SH601877,har,175,0.2729716604540044,0.3436842372362352,0.10320446025863805,-6.73879451524163,0.2760110245683687
SH601881,har,175,0.2955595275743907,0.35226015186938003,0.23209742997629723,-6.646094486218587,0.4349901369638436
SH601888,har,175,0.264324651037148,0.32357482891360345,0.44594969816621133,-5.799079080449297,0.40420724957523313
SH601898,har,175,0.26358063253538944,0.34138765342540384,0.02276868257874587,-7.570726396429835,0.19020656370760247
SH601899,har,175,0.28486330245516767,0.3082848002734955,0.03483211847981349,-5.947200019237987,0.32683019744166686
SH601901,har,175,0.336629390106278,0.36519119537614475,0.1620959508936115,-6.372946672815401,0.5524934999091831
SH601919,har,175,0.26477807203809417,0.3042404527819093,0.22159223661607208,-6.666929398886696,0.4249548042546475
SH601933,har,175,0.27179029476135946,0.30480108873741907,0.18146854028159587,-6.719552097903086,0.38166577410120384
SH601939,har,175,0.2524884779068735,0.3248042254478839,0.11604026325824135,-8.253471630545336,0.19185989657537872
SH601985,har,175,0.2214497352187793,0.3104789275844975,0.26488806001588194,-7.807914855031758,0.34309024409654854
SH601988,har,175,0.2237774111288572,0.32280973399401636,0.0733351741523719,-8.832794425467684,0.16394239274373756
SH601989,har,175,0.336652755953342,0.42468196379295414,0.2871948985951024,-6.885264143280308,0.3071077078443717
SH601992,har,175,0.30281307503003146,0.3821366497921047,0.0619015323684895,-7.246966826226658,0.27533020511198947
SH601997,har,175,0.24502590857183562,0.3153426574720888,0.24888197610213203,-7.6360723001738595,0.42336908722639666
SH601998,har,175,0.25209333980041304,0.34000739019027826,0.1960954445558929,-8.115841577434143,0.3443406364972995
SH603160,har,175,0.24700097988462758,0.3232878143168651,0.06732300217747289,-5.98293845296787,0.19775953891146247
SH603993,har,175,0.2820239577211613,0.3244273834406143,0.04382646218814956,-6.030627614386601,0.46366731903087066
SZ000001,har,175,0.08678881647756677,0.21389546498465828,0.03495279917564398,-7.147965555613139,0.09645350164442279
SZ000002,har,175,0.0843864348458837,0.23470982708519558,0.23083759413671956,-7.2194237955538965,0.23625129264955513
SZ000063,har,175,0.08649328259763782,0.2477768436045436,0.410000642272069,-6.623935227580076,0.4246457806824968
SZ000069,har,175,0.08103497450878282,0.21465569349480754,0.1466388594411563,-7.186459211841201,0.12950071168612654
SZ000100,har,174,0.06087235720299682,0.1987124800606254,-0.031173337439290405,-6.001143152170147,0.04629456363544626
SZ000157,har,175,0.08736937637305286,0.22419896360225453,-0.05098549270352404,-6.831582938740633,-0.030061028048906646
SZ000166,har,175,0.15570033896008473,0.3133102049887399,0.2936286067231014,-7.10284536540248,0.3125963040023122
SZ000333,har,175,0.0680271572710159,0.21384515709568283,0.050301258108132685,-7.184814306583149,0.08597998730215528
SZ000338,har,175,0.058176700277098335,0.19099250697486347,0.016246748469983863,-6.837519940656586,0.06594686372207281
SZ000413,har,102,0.18090434039168515,0.32033576484963805,-0.026162409175061407,-6.019712290703306,-0.10734540857815356
SZ000415,har,102,0.11613904835751916,0.27129916402215265,0.03959691135889476,-6.940674645089668,0.08958443865109422
SZ000423,har,102,0.11998850924514971,0.25461729586556137,0.051898977682311886,-6.811810680130626,0.18059362022992864
SZ000425,har,175,0.09839198432136856,0.24430535404509182,-0.07023440170517836,-6.700098454396085,0.0646718326183422
SZ000538,har,175,0.09398337379041675,0.23373958298667788,0.2320605124877302,-6.970347653594207,0.24189601536503036
SZ000568,har,175,0.08383653688030385,0.223088461088661,0.12566405005398007,-6.557871063766701,0.18350917783529797
SZ000596,har,175,0.09537883251176443,0.23755794676357442,0.18339464356145807,-6.311006211554763,0.1963902177760266
SZ000625,har,175,0.10525108714892915,0.2527348635426175,-0.09009168145533852,-6.10951267714414,0.05977682393883965
SZ000627,har,175,0.09870970605025724,0.24541115150702483,0.15641888544127325,-6.9998018177224735,0.12107745041241935
SZ000629,har,102,0.13040728957259357,0.2686792545423539,-0.20287781854801556,-6.840239219304368,0.1094994889169304
SZ000630,har,102,0.08658296615971121,0.22053605618942618,-0.05932127974332646,-7.999210850784427,0.26901791337406455
SZ000651,har,175,0.08464354438629992,0.23525442381796255,-0.02552896606736832,-7.402192384983843,-0.003908694566195026
SZ000656,har,175,0.07179748936369125,0.20061230541162395,0.2725082679556621,-6.4935996693684945,0.2660663458031638
SZ000671,har,175,0.06770072743025723,0.20199868750015326,0.17971104447381048,-6.49350155025178,0.21545026659970823
SZ000703,har,175,0.09504964115066104,0.24900548993306307,0.20910092188371598,-7.004978822593068,0.2552167402775629
SZ000709,har,175,0.12287124850703288,0.2896970373517461,0.19626722971174715,-7.723682629676283,0.18838160163165796
SZ000725,har,175,0.10452344757158781,0.24704722724279893,-0.053570763192165805,-6.3793595432181,0.025896984504111487
SZ000728,har,175,0.15331119007972255,0.29858272237678507,0.32290395679577744,-6.58670606430484,0.3189075028368228
SZ000768,har,175,0.10265308190168237,0.24601826415437655,0.4610032277485585,-6.500983161297968,0.4058600096880156
SZ000776,har,175,0.11882402949756507,0.2717312008891425,0.4070780824442899,-7.253038025770649,0.4872814508506168
SZ000783,har,175,0.14225738414447614,0.30616855252461256,0.3969270272349793,-6.795906772443224,0.44802043820927406
SZ000858,har,175,0.0926929669146486,0.22714185096537562,0.0034763734069330754,-6.765557777157735,0.023641326328543877
SZ000876,har,175,0.10267809088065968,0.23747627732202264,0.016834967509152587,-5.965397157677573,0.19741502640293396
SZ000895,har,175,0.06712485477914425,0.20829840005076652,-0.15725137723875937,-6.307799347648392,-0.22013895229867542
SZ000898,har,102,0.07641297832407963,0.23006285672788845,0.18171018080123147,-7.894998509197494,0.17098744922459497
SZ000938,har,175,0.07785912765325628,0.22368861525309858,0.20789933048336617,-6.2055039569899115,0.26575878895404803
SZ000961,har,175,0.06283310314436158,0.197529947750292,0.07794928720108041,-6.399756268562978,0.10251617056730367
SZ000963,har,175,0.11463901430902847,0.2619382783252479,0.013687499876564257,-6.586806144959321,0.08904065821758034
SZ001979,har,169,0.10571008774570123,0.2601209105783316,0.23544537989705572,-7.408468140801578,0.24008406570721597
SZ002001,har,175,0.05595055493951774,0.1876300099268959,0.20600502819383615,-6.696396718583173,0.2600744843785395
SZ002007,har,175,0.09955301728251216,0.23870683736715095,0.1308510011996803,-5.848086008670834,0.18176977406959816
SZ002008,har,175,0.06155302241394105,0.2006682981688693,0.0716932376097208,-6.47779503659203,0.08541047502029586
SZ002024,har,175,0.1447664437799762,0.315295090931798,0.37564987580893316,-7.3595309789671335,0.4257535008653974
SZ002027,har,175,0.05606695197949036,0.18909596151711078,-0.3922173338060897,-6.338889597291295,-0.3969273635742272
SZ002044,har,175,0.05643382157268726,0.18552369103097796,0.08819870451380785,-6.227158060082931,-0.024802651656364638
SZ002081,har,102,0.13719161114963607,0.2885876725375531,-0.11535206831018296,-6.904775216305457,0.048269051912039895
SZ002142,har,175,0.06763623392727233,0.18773304282213038,0.17199220178205443,-6.8310635447243095,0.14037814592930264
SZ002146,har,175,0.09135967351587956,0.24414025115498322,0.15848385142495702,-7.3657547341660266,0.19098480216248082
SZ002153,har,175,0.12416152101485403,0.2732630666436324,-0.1564971372714703,-6.072168338166928,-0.2232816296273672
SZ002202,har,175,0.06900304130060052,0.2198407840167586,0.08324067241444344,-6.997078344125545,0.10556210668455768
SZ002230,har,175,0.08495168091662504,0.23833688880935897,0.20863396534566359,-6.810589811854843,0.22540451892935875
SZ002236,har,175,0.07565598153310892,0.22412227834644236,0.2004373416684252,-6.502937318237821,0.2313738253007792
SZ002241,har,175,0.05425335218127872,0.19220154768101444,-0.12282474596066129,-5.795790082736057,-0.045059845919700026
SZ002252,har,175,0.1257688836453128,0.26199304112794375,0.24382388224981433,-6.459308188753494,0.2788916338539935
SZ002294,har,102,0.1069251030307101,0.26178801078915404,-0.1487756001656102,-7.297416805727018,-0.36440472090175957
SZ002304,har,175,0.09174555973495802,0.23889651243967697,0.08464438675697583,-6.756750540506887,0.09668762790374186
SZ002352,har,175,0.14786397425175782,0.27971260967423384,-0.41589584865061235,-6.2287369943192115,-0.4514814325632899
SZ002410,har,175,0.05236474856541585,0.1719265363390576,0.09767860863730349,-6.148126573066879,0.1494936082520103
SZ002411,har,102,0.8330861063341081,0.8499416204492516,-5.4533878486329845,-2.111913300224978,-7.214533818790718
SZ002415,har,175,0.05974033750951849,0.18934466348302323,0.2566708539651458,-6.890399554459935,0.30081936208797755
SZ002422,har,175,0.06554870503750085,0.20923466265570453,-0.08855575650891612,-6.715153717432882,-0.09704968266602831
SZ002456,har,175,0.09007854335051267,0.22832993466734258,-0.06447552000045009,-6.030010688764291,0.14167011299792154
SZ002466,har,175,0.10154127159079408,0.25170396467096995,-0.21955451325662279,-5.523109137120263,-0.311070089421166
SZ002475,har,175,0.04919459839614518,0.18136655665296758,0.1311843137574551,-6.158409694340302,0.2324039844332434
SZ002508,har,175,0.061216984201141814,0.2028191330536002,-0.07540152725722638,-6.526292193028774,-0.27478067612749024
SZ002555,har,175,0.059865852663425013,0.18281440603688603,0.2727663598476642,-5.966512704997864,0.3353718813321662
SZ002558,har,175,0.10065589670027662,0.25259013311389245,0.2743424263466333,-6.813866222572367,0.3015742675539863
SZ002594,har,175,0.089405884795604,0.2341615975639512,0.02836442822795271,-6.205316809717757,0.15526944058596948
SZ002602,har,175,0.37827605674747805,0.5666576117214669,-4.230951528706758,-4.97824691194385,-4.176101845451671
SZ002673,har,175,0.1515945092222977,0.31042762102929955,0.28596582546839544,-6.837664984811441,0.33505584220663687
SZ002714,har,175,0.06183035505788881,0.19725102930995506,0.348757385207184,-6.354825654656017,0.3839170616001294
SZ002736,har,175,0.1145587284263783,0.2523848264245862,0.4458092278112039,-6.961497879932683,0.5264516250897877
SZ002739,har,175,0.1822074945998097,0.32678740323645084,-0.6748077010416194,-5.814865621919091,-0.5279310410322493
SZ300003,har,175,0.06496108968120816,0.20060640315347747,-0.030274484127994716,-6.4350965278025924,0.02797513127714124
SZ300015,har,174,0.05741441702861297,0.188715024162901,-0.29265360533128204,-6.640661506540325,-0.20267569654377326
SZ300017,har,102,0.17984754020885954,0.3291829999371805,0.03666376077095901,-5.860925684043685,0.18423875575162296
SZ300024,har,102,0.15743601820072284,0.3189752495473326,0.14498418166405524,-6.7295010097098,0.3629600177196801
SZ300033,har,175,0.12184808506086098,0.2747944214538469,0.068969977301086,-5.997954184327789,0.13302634101307775
SZ300059,har,175,0.11478048176318587,0.27728063382349094,0.3935198621944733,-6.263862152567791,0.34915772786384636
SZ300070,har,98,0.09213366382895699,0.2533826236163982,0.25963259214377077,-6.292495110924681,0.34363137328056603
SZ300124,har,175,0.053705660435691444,0.1727200913115381,-0.03368817764237897,-6.318275636353023,0.050085911113124215
SZ300144,har,175,0.05852133272497311,0.19067798114055243,-0.42508114850405554,-6.308548135626154,-0.3048649711073397
SH600000,har_x,175,0.2541720103018936,0.3182452083054264,0.08952605866053254,-7.771466397923788,0.2622723595274862
SH600009,har_x,175,0.26152314822305067,0.3237542295957113,0.1460101124659824,-6.661820597391913,-0.15760757724655305
SH600010,har_x,175,0.2568158802385189,0.34593090362062007,0.05560731086263515,-7.253567011365433,0.004999229983526865
SH600011,har_x,175,0.2564344490040839,0.3338376456793343,0.28611155018267376,-7.124716338174421,0.379972749572688
SH600015,har_x,175,0.24555206140191696,0.33161613526682804,0.14873485112569285,-8.33315628820186,0.24778894154273756
SH600016,har_x,175,0.24562314029889065,0.33302860546464746,0.09764070002463765,-8.430819084557921,0.22529303908986797
SH600018,har_x,175,0.24749737044461,0.353122335489165,0.19987765582376316,-7.499538850094571,0.27762541632430393
SH600019,har_x,175,0.2591897961706666,0.32954815107620733,0.009319015312117762,-7.477035444717181,0.11311972499533385
SH600023,har_x,102,0.2664870539816579,0.3191711966642036,-0.13622125442467636,-8.235059122747387,-0.6224764153488753
SH600027,har_x,175,0.22134212795067595,0.284727033718704,0.24878356734312213,-7.163540972467672,0.08347258989302209
SH600028,har_x,175,0.2630783787641611,0.34946769043775205,0.02000696051570683,-8.448430070065383,0.2031614864140785
SH600029,har_x,175,0.2584133349835465,0.3476763058797296,0.11616430661548727,-7.1365132223852585,0.17077083046035857
SH600030,har_x,175,0.3117114121345164,0.39090239102619484,0.20873624154592263,-6.881315287167833,0.324439698966271
SH600031,har_x,175,0.2806139583355623,0.3097512537353845,0.031152545536690557,-6.098619901922313,0.11968716235453736
SH600036,har_x,175,0.24643309479111614,0.3014621302047141,0.08982361262209426,-7.291250083074054,0.1354398937418978
SH600038,har_x,175,0.29130791478611495,0.3769991209993967,0.3572419822876175,-6.554767563491029,0.47036439818430087
SH600048,har_x,175,0.263139687049194,0.32006759929180556,0.040306483000951854,-6.59061884657234,0.1407956804030971
SH600050,har_x,175,0.27617289538334194,0.37180078784257187,0.15774034691406136,-7.568939871741126,0.3384067493411793
SH600061,har_x,175,0.2968551924481102,0.36495499628865996,0.1381489427649254,-6.494741238329136,0.3733100118206233
SH600066,har_x,175,0.2987679130803962,0.35490702089812237,0.1558126648591317,-6.122853441500301,0.24216183565334437
SH600068,har_x,175,0.31270774962418363,0.3731874852778086,0.15573123019225976,-6.758343197357655,0.2923698999108345
SH600085,har_x,175,0.2803924918523729,0.34058726604574596,0.1912294789026897,-6.725446181805273,0.3862341406008615
SH600089,har_x,175,0.26184392547605656,0.3796894575042154,0.48346487195676113,-6.485490699611816,0.424220828338968
SH600100,har_x,102,0.4444194505756207,0.4843232307334719,-0.020743013995676574,-6.5630488616925815,0.01178565491547967
SH600104,har_x,175,0.24706926626981068,0.33794028903231077,0.1357158218438681,-6.753695954894062,0.17886830814137722
SH600109,har_x,170,0.31072960053884763,0.3670124687437209,0.24720675597522113,-6.136394787717532,-0.1887720689193848
SH600111,har_x,175,0.3052787585336018,0.367622573356209,0.17090235363064354,-6.5293736152199084,0.2494062780813402
SH600115,har_x,175,0.2813486954804498,0.3603145051276077,0.11034824983629743,-7.033388533892903,0.2356454872697985
SH600118,har_x,175,0.26128497597332584,0.3391567556515384,0.11217784443934298,-5.305145612314459,0.28013867572227724
SH600153,har_x,102,0.3600618184498728,0.3893311578410791,0.04616371401727848,-7.161205225835188,-0.09444598743600086
SH600170,har_x,175,0.24553173529381306,0.36118022753390994,0.23376144569812873,-7.9153417524519165,0.3411915096845145
SH600176,har_x,175,0.2710806944621057,0.2963192122609933,0.15576143063026626,-6.32330376727605,0.3492655868134993
SH600177,har_x,175,0.2848425196108478,0.37163612383362193,0.03669809829149073,-7.501501084870016,0.17874082747128506
SH600188,har_x,175,0.2981948737913958,0.3666218148579498,-0.038754359069811395,-7.310729150530595,0.17430425647934633
SH600196,har_x,175,0.3311244177276005,0.38648823884921213,0.3053371467781727,-5.694858999964332,0.36787970878005194
SH600208,har_x,175,0.3306748699212527,0.41488290073245593,0.04062877358381922,-6.579779017064401,0.22609935100281042
SH600219,har_x,175,0.2170950183770807,0.2979226875906724,0.2757666678800237,-7.164472773626003,0.5301529316815206
SH600221,har_x,175,0.29640921368898016,0.3812486518606438,0.14740838309522286,-6.402654534207399,-0.23621354939801065
SH600233,har_x,175,0.2801250845027017,0.3490887398186225,0.10396251418910218,-5.774894947960295,-0.2722839480746304
SH600271,har_x,175,0.2706271482197089,0.35041176477639935,0.020685732221745634,-6.880111650916312,0.0737922050255585
SH600276,har_x,175,0.22168991344248082,0.26699111187736735,0.022352652435880693,-6.8013187314356065,0.11870249820221623
SH600297,har_x,175,0.2824681231138946,0.36129984144196636,0.163084787311778,-5.743165219583215,-0.16959757402940623
SH600299,har_x,175,0.24660032483043628,0.30583347228457813,0.15843011819274977,-6.452634765873081,0.22283641291619638
SH600309,har_x,175,0.23296136303508053,0.28818761152075983,0.10144284891288413,-6.608460677152647,0.13605363254027025
SH600332,har_x,175,0.32459255378123064,0.3430898539047562,0.011597279279535133,-6.022373086934556,0.19556865597989137
SH600340,har_x,175,0.23294530956856346,0.3126550527207639,0.23507000391220234,-7.318177853622158,0.17243394790348943
SH600352,har_x,175,0.2688954509326708,0.3389349213088734,0.22594484457304387,-7.002197490553774,0.2729593201620094
SH600362,har_x,175,0.2670403659624265,0.32086597899787234,0.04823838982065598,-7.006941345961366,0.2732481537035153
SH600369,har_x,175,0.31257524895829847,0.38426253842468133,0.18008407217203382,-6.616142655686086,0.38541480721105614
SH600372,har_x,175,0.2978681741186783,0.38423531316464066,0.2911234218500054,-6.5561796222286155,0.4181711033226114
SH600383,har_x,175,0.2699345884256099,0.3092507819936362,0.025675060963998964,-6.086925633049076,0.13742930278867438
SH600398,har_x,175,0.2573267614760259,0.3263276684740282,0.17646510131706705,-7.291097347216627,0.21138252594319318
SH600406,har_x,175,0.24710645985126128,0.2972303771593582,0.12125033098201721,-6.293181998828013,0.3972646763034281
SH600436,har_x,175,0.2602737032020887,0.32215065089923417,0.10233275999127467,-6.046652476368295,0.1271368572277124
SH600482,har_x,175,0.27588578617036214,0.37175389236993006,0.32159638682270697,-6.929971767833088,0.3701757795431382
SH600489,har_x,175,0.252064242891415,0.322853161657473,-0.07505355985849405,-6.731997195495316,0.11883495398721688
SH600498,har_x,175,0.2787190912003068,0.357371645427264,0.37866092370477655,-6.235847236084784,0.49881107994905305
SH600516,har_x,175,0.29167153223883174,0.37065999182563847,0.024588473884582962,-6.78731226001289,0.14068948102980283
SH600519,har_x,175,0.23863021678744617,0.2945672641604748,0.07734382134589668,-7.376683520674415,0.12323099699137141
SH600522,har_x,175,0.22894395083634084,0.30954474506190377,0.34292838087963473,-6.323664758701078,0.38451764111970976
SH600535,har_x,102,0.34357532977645827,0.3613758837650937,-0.01907741137078456,-6.1521147711470485,-0.11063539036146386
SH600547,har_x,175,0.2672595007996292,0.33133014559344054,0.10675194551999523,-6.840043064326213,0.3430227116307374
SH600570,har_x,175,0.2722302520912729,0.3370549248791643,0.006684483389020612,-6.120956758224818,0.04828342510451922
SH600583,har_x,175,0.26227575663288843,0.32196931313475113,0.03452681944585412,-6.67176684248296,0.40874033435301005
SH600585,har_x,175,0.2692905319574869,0.3220847197711586,0.07089201769315956,-6.8415246208487845,0.32806356163561
SH600588,har_x,175,0.2803367898457623,0.32813118286728143,0.1804291366820333,-5.626106940513879,0.30711229171775845
SH600606,har_x,170,0.29766586978689974,0.36597100463317817,0.3851066529368322,-6.678381488855259,0.4178033983959841
SH600637,har_x,175,0.2985020639326739,0.3580817486578696,-0.08730940264565823,-6.001690476933857,0.07965203988294967
SH600660,har_x,175,0.2751963176762502,0.3356215156031839,0.2368933586187455,-6.485293391410866,0.43408890565052705
SH600663,har_x,102,0.35340161797998326,0.4085116120684488,0.22123045452985257,-7.2582500805479695,-0.4871548662363536
SH600674,har_x,175,0.2001703052508621,0.2851649116079663,0.035458025380423974,-7.919338402182816,0.07190271567476647
SH600690,har_x,173,0.24191664477581676,0.2772998342936518,0.16228768012848216,-6.636794515537791,0.3225993904807122
SH600703,har_x,175,0.29337217055284315,0.3491331347978955,-0.02445656437028787,-5.7023241495585575,-0.10165343921908243
SH600705,har_x,175,0.2858017965117891,0.35537893146067584,0.3396716664674021,-6.732686907911674,0.5245211659785403
SH600741,har_x,175,0.2557489145043929,0.3156118278221694,0.04045491085597208,-6.0996182944916955,-0.22484882831965014
SH600795,har_x,175,0.21869253756018536,0.31052289660747734,0.07660095176208892,-7.995040097761865,0.08160100168010098
SH600809,har_x,175,0.21269180686935543,0.29272280014218593,0.24506512080371823,-6.399425601002372,0.1128282636122605
SH600837,har_x,175,0.28753348417089747,0.368568496098121,0.18188368844294844,-6.9572101398896145,0.3188310061830525
SH600867,har_x,175,0.2969536877559293,0.3375888879714205,0.03784087595023744,-6.30611969718176,-0.024967462863320966
SH600886,har_x,175,0.2101542791942984,0.28802267000820375,0.10133709284540171,-7.6537531376486,0.2988503264334731
SH600887,har_x,175,0.2099957641487495,0.25687930764051015,0.21264581042297992,-7.023614152224167,0.4097928229562231
SH600893,har_x,174,0.28438691124363047,0.3557728678004982,0.3903697490026792,-6.141964940828877,0.42117095983197306
SH600900,har_x,175,0.2511937294697393,0.3361484602896881,0.1475395597907957,-7.800363696002685,0.3057990939341112
SH600919,har_x,175,0.24518601207094504,0.33399218005817166,0.2776561124087269,-7.913602916996759,0.4351625969697801
SH600926,har_x,175,0.25765838243373324,0.3522490920403767,0.3152895219057148,-6.721348420491327,0.28431822063057877
SH600958,har_x,175,0.2975492717026869,0.3623813228339598,0.23754608726268878,-6.724469130595551,0.3758546062948689
SH600977,har_x,175,0.289516566432692,0.33571769940549134,-0.19435493904976342,-6.022980108827451,0.028294523115586
SH600998,har_x,175,0.25015674863075704,0.3214708767933257,0.07473722614907319,-6.440875888098512,0.22560884611102783
SH600999,har_x,169,0.2572322760375855,0.3315219250120845,0.21645048783947696,-6.528435976175923,0.39939199462854247
SH601006,har_x,175,0.2429861372015699,0.3181695387451837,-0.07073229839229711,-8.353685132677436,0.04471940607664027
SH601009,har_x,175,0.2610739494700409,0.3311788989465834,0.15344583775119047,-7.450739784613022,0.22814010458942646
SH601018,har_x,175,0.23996505785283967,0.3273782961976198,0.3239147109723822,-7.091127319099475,0.3333550332242027
SH601021,har_x,175,0.19563430460145045,0.28025424263781606,-0.007202099567737319,-6.568098406462048,-0.23102842502660836
SH601088,har_x,175,0.22243020773489353,0.29538685155298733,0.11597490484157125,-7.590861602357389,0.1883127903345806
SH601111,har_x,174,0.294346511563297,0.3627430939828387,-0.0735164636604082,-6.871772643292236,-0.02082685250104399
SH601117,har_x,175,0.3089132851171887,0.34283608199770776,0.11204876681173803,-6.192839781579027,0.41157560549025596
SH601155,har_x,175,0.24877444999079473,0.2898301738994854,0.09231673808371099,-6.619140408565511,0.24283996565791688
SH601166,har_x,175,0.256190923550505,0.33315791095652025,-0.023418017957232973,-7.6614970175284025,0.019309198309683917
SH601169,har_x,175,0.21705123349546113,0.3076678501720696,0.09236431165911207,-8.411148019939851,0.15872739028145522
SH601186,har_x,175,0.257442943354213,0.34278083627904,0.27634575298339803,-7.3299265938695966,0.4138504309137181
SH601198,har_x,175,0.31841458446835347,0.38137519580011064,0.18809909125383972,-6.766475862724837,0.3716918661498987
SH601211,har_x,175,0.2696523225609782,0.34556444948393283,0.23430752045609216,-7.154242205329657,0.4479845158745078
SH601216,har_x,175,0.4597128177380968,0.47060352549894235,0.35293448308923314,-5.839392281363242,0.32980912317407796
SH601225,har_x,175,0.29601294435885894,0.3486814170977567,-0.03389297043645212,-6.526283686195781,0.1389650013017717
SH601229,har_x,175,0.24452359877989402,0.3261523625864692,0.26634860564295215,-8.285551207623264,0.4439091427728008
SH601238,har_x,175,0.28351382820995824,0.34909508341355927,0.06974526692751937,-6.273110767193658,0.19626980526123994
SH601288,har_x,175,0.22843913166800295,0.31370183976946214,0.04934730564257084,-8.866362643411215,0.30451503344925923
SH601318,har_x,175,0.22865030984022597,0.301563333169864,0.16725591219185176,-7.554866481226823,0.12498049056549687
SH601328,har_x,175,0.23917693291312703,0.34232928470212337,0.2119632804407704,-8.830567597534564,0.3522246890549302
SH601336,har_x,175,0.27609206624634103,0.3407760225336853,0.29285130331674025,-6.7376204194249985,0.46407735962200436
SH601377,har_x,175,0.3426492118109292,0.3962349520669266,0.21474500326981982,-6.530560469824467,0.3196511442658354
SH601390,har_x,175,0.2586564036242613,0.3216555720005053,0.2007350985474069,-7.215133279223116,0.2002287152423996
SH601398,har_x,175,0.2355117790960441,0.3324258935809929,0.04950695111295289,-8.664330703109812,0.28943685054356494
SH601555,har_x,169,0.31404734083265834,0.3799863640473586,0.24666810028705455,-6.520068299229465,0.4006241389533325
SH601600,har_x,175,0.268150820508524,0.345654532810708,0.21797123060115664,-7.400265610846342,0.4284904703636958
SH601601,har_x,175,0.24432892215113988,0.3131710254858574,0.07772222829191344,-7.144758411785502,0.10407162048387719
SH601607,har_x,175,0.3262997783540588,0.3876369701203645,0.22197804822717804,-6.3887396084221955,0.4120377572091669
SH601618,har_x,175,0.297114137741261,0.3538486690160041,0.1675561804833734,-7.104534413030785,0.22755207492767693
SH601628,har_x,175,0.28103811796886047,0.3203048707596036,0.2838143106586053,-6.227323687310913,0.5371046623975246
SH601633,har_x,175,0.30240699847569275,0.3757013797177666,0.3385549205634698,-6.092852631183404,0.3747169428530289
SH601668,har_x,175,0.25738576830095256,0.33886680997307417,0.08214279360980337,-7.598440437687889,0.38376235977920903
SH601669,har_x,175,0.2816623265905376,0.34306667217215775,0.2891473721863651,-7.246729999883131,0.3926637443149842
SH601688,har_x,175,0.28435934327128626,0.3590885139232573,0.14786284973580022,-7.150064580905524,0.3658358671395491
SH601727,har_x,175,0.2653467137261556,0.35180435980215047,0.3409974631711926,-6.972879615835399,0.2901155290663683
SH601766,har_x,175,0.23223690254999774,0.34135970656575476,0.23017493822792534,-7.890005772435572,0.27604679281917455
SH601788,har_x,175,0.3628645189352603,0.4105362493843828,0.3321718815543945,-6.1106364559126565,0.47654554604673527
SH601800,har_x,175,0.3103591502478869,0.3745073316182733,0.1864594500258998,-7.076573333737142,0.36765494145335764
SH601808,har_x,175,0.25092245570404503,0.30563828234942336,0.02008915335774264,-6.237345723946806,0.34495921080234737
SH601818,har_x,175,0.2383731038307121,0.30506901964664607,0.10764477800688266,-7.604250237866924,0.3581654677454562
SH601857,har_x,175,0.24586071047063962,0.32773991190109647,-0.03467713684898577,-8.184509525934672,0.1521627044279411
SH601877,har_x,175,0.27328126352531673,0.3433723961049263,0.1021873193108146,-6.730291930016241,0.27811402394274876
SH601881,har_x,175,0.29708885485176184,0.352433038185157,0.22812403633766687,-6.621062476903602,0.43979753082920015
SH601888,har_x,175,0.2543467116581926,0.3174711287338709,0.466864434279161,-5.9448182965313165,0.4271870955588766
SH601898,har_x,175,0.261274103955503,0.3399109830548792,0.03132019086336757,-7.612640895181375,0.20017813366630055
SH601899,har_x,175,0.2836004231007376,0.311748543580477,0.03911097988676049,-6.120963334467611,0.28910447828359
SH601901,har_x,175,0.3294452765468757,0.3630472496558815,0.1799779244157773,-6.526342401256079,0.5568523927000982
SH601919,har_x,175,0.26094746308570543,0.30327714896082236,0.23285365159683524,-6.740282801253904,0.42456383623329597
SH601933,har_x,175,0.2725932544614435,0.3077514046600472,0.17905032378132701,-6.754417195474616,0.36039127265058124
SH601939,har_x,175,0.25144575493606763,0.32321643482352386,0.11969082636674122,-8.283370499319359,0.1972921321192932
SH601985,har_x,175,0.2213235760851115,0.31093508579377255,0.2653068506972329,-7.805810689995369,0.3340940689287337
SH601988,har_x,175,0.2222954441326908,0.3221281319402932,0.07947201647924873,-8.862843404536468,0.16801789235510334
SH601989,har_x,175,0.3260729298649047,0.4194307792529235,0.30959588558972506,-7.041655770470347,0.33238170862488214
SH601992,har_x,175,0.30112710875257825,0.38236670710212745,0.06712456436999881,-7.276347076196111,0.27601844243450335
SH601997,har_x,175,0.24524897521413339,0.31785371454107736,0.24819817341148265,-7.642753456820121,0.4316407107018144
SH601998,har_x,175,0.25248646538018105,0.34121091023422023,0.19484179999436912,-8.151644483318243,0.3406039974659163
SH603160,har_x,175,0.2495062894018594,0.32386863172316893,0.057862940277153996,-6.013890196575173,0.19681612938909454
SH603993,har_x,175,0.2619517648325229,0.3188903888722065,0.11187919019414028,-6.343352985264223,0.47906466207116594
SZ000001,har_x,175,0.08688778089708846,0.21412281770966482,0.033852365503233006,-7.1472354006388406,0.09477068999870575
SZ000002,har_x,175,0.08414136495592124,0.23498193113110802,0.2330713482526796,-7.221603757488951,0.24023263874156564
SZ000063,har_x,175,0.08661790592181759,0.2481925567301051,0.40915054525856986,-6.623623852376482,0.42342725859285435
SZ000069,har_x,175,0.08049762607250419,0.21581599715002062,0.15229755529735767,-7.194155919325636,0.13517472706716505
SZ000100,har_x,174,0.06182588633962252,0.20126563896463784,-0.04732605219093,-6.000318872279006,0.025346133008732008
SZ000157,har_x,175,0.08343170389734987,0.22234211056260497,-0.003618362265149777,-6.862391486973855,-0.01247470613553614
SZ000166,har_x,175,0.15062659008963936,0.3093132364242909,0.31664686784373,-7.1279426900549305,0.32288737905945286
SZ000333,har_x,175,0.06679858102368605,0.211715237081913,0.06745289817680444,-7.1891192445347105,0.10541591065307065
SZ000338,har_x,175,0.05852695897840353,0.19094903085069875,0.010323962635715778,-6.836768591962159,0.05793997713885146
SZ000413,har_x,102,0.16535850972342106,0.3146515260615206,0.06201981473749807,-6.126636414314092,-0.06274338448713457
SZ000415,har_x,102,0.11266672037025707,0.2607452079551909,0.06831106539152976,-6.954892496656193,0.0788804477629278
SZ000423,har_x,102,0.11876854370340721,0.2533927753634002,0.06153865555309246,-6.817636737376783,0.20445405903181002
SZ000425,har_x,175,0.09660156623072824,0.244774631503903,-0.0507595730669026,-6.71401744484023,0.06973181473775825
SZ000538,har_x,175,0.09479321045861651,0.23691835672104783,0.22544332552301438,-6.968339392688576,0.23485886308839565
SZ000568,har_x,175,0.08273880643987788,0.22291772400146265,0.13711234244688764,-6.569052645584797,0.18180621164817135
SZ000596,har_x,175,0.09424871618888109,0.23718966559690471,0.19307036529511779,-6.315150765720326,0.19678103404519942
SZ000625,har_x,175,0.10288935125131232,0.25025972288902715,-0.06563104427309585,-6.141720323660787,0.05370682274851635
SZ000627,har_x,175,0.09823148686983893,0.24455591427988818,0.1605057851531947,-7.001285802493211,0.1227189858773775
SZ000629,har_x,102,0.11865014764966549,0.26612204994291866,-0.09442985313931418,-7.066321884799671,0.11124926278352565
SZ000630,har_x,102,0.0789069270318989,0.2161854926640103,0.03459316963271808,-8.038809972731151,0.28154439793009745
SZ000651,har_x,175,0.08452963942683199,0.23514742782744005,-0.024148910019857084,-7.403538068533853,-0.002306907449352247
SZ000656,har_x,175,0.07325082580043606,0.2046049948572419,0.25778226220001643,-6.492419612608836,0.2561917958342562
SZ000671,har_x,175,0.07026413049814371,0.207837154839459,0.14865183277899685,-6.48608438248164,0.19605565792875035
SZ000703,har_x,175,0.09508908683705361,0.24969187374462568,0.2087726980563992,-7.00385749704194,0.2636643491168268
SZ000709,har_x,175,0.11951707299811286,0.2866553203616666,0.21820776345396753,-7.735375792174844,0.2044762619213385
SZ000725,har_x,175,0.10098862856504773,0.2453532989260763,-0.017940652963396975,-6.411428141074238,0.03294711459248634
SZ000728,har_x,175,0.1470865477690338,0.293944722890352,0.3503949747491133,-6.618818006048098,0.3403129921516429
SZ000768,har_x,175,0.09943805172017191,0.24342465058558624,0.47788426880862933,-6.511232211018453,0.42312982004619826
SZ000776,har_x,175,0.11384298243956853,0.26842210011480755,0.4319330885028334,-7.2796993647689385,0.4947094054582073
SZ000783,har_x,175,0.1363507534715863,0.30252970698832243,0.42196705830505055,-6.831971260692168,0.45731270915389666
SZ000858,har_x,175,0.08919397619941159,0.22436179193170813,0.041093325728397856,-6.797607923816707,0.032585446630221004
SZ000876,har_x,175,0.09875635710687959,0.2363335734883094,0.05438642059957233,-6.050762762646765,0.2018378060703968
SZ000895,har_x,175,0.0677139142187372,0.20970221036608297,-0.1674069276676926,-6.3067594037057795,-0.24432131906408983
SZ000898,har_x,102,0.0761965067294898,0.23004783863737602,0.18402832761193844,-7.8962142291498045,0.1690137587500269
SZ000938,har_x,175,0.07816597790332871,0.2238694207087465,0.20477758617605546,-6.203985581715816,0.2641145858325038
SZ000961,har_x,175,0.06433088395986702,0.19779846497283238,0.05596995147767403,-6.39603325417468,0.10387233558546671
SZ000963,har_x,175,0.1145962207793521,0.2618552773691607,0.014055679884902639,-6.5867860859650245,0.09008068993552654
SZ001979,har_x,169,0.10556726279935953,0.26015830339076784,0.23647836998267735,-7.409698692449043,0.24001623021997776
SZ002001,har_x,175,0.05602825790805379,0.18755646632137882,0.2049023444692738,-6.6959147623643105,0.2586010746899269
SZ002007,har_x,175,0.09916330944497527,0.23903196424149234,0.13425335088295132,-5.849965989190603,0.19218596927685871
SZ002008,har_x,175,0.06135776165985715,0.20029011818626816,0.07463804635081761,-6.479161504609723,0.08349237308560875
SZ002024,har_x,175,0.14373043846025008,0.3144469584676962,0.3801179696098467,-7.36457329835552,0.42666838141555796
SZ002027,har_x,175,0.05382828123831534,0.18511659639779948,-0.3366281480110691,-6.346712448835992,-0.3667998445428633
SZ002044,har_x,175,0.06049451534503401,0.19309650129337538,0.022590072331605482,-6.219218484633524,-0.11257798322881807
SZ002081,har_x,102,0.13148682472542908,0.2864055464615683,-0.06897280878995526,-6.942490197183702,0.05002934806740833
SZ002142,har_x,175,0.06792031414957718,0.18881711521344496,0.16851447060558444,-6.8300229826719985,0.13496959763479466
SZ002146,har_x,175,0.0907285834692334,0.24278028379087654,0.16429683701279862,-7.367711554899072,0.19281050527863408
SZ002153,har_x,175,0.12073433645606749,0.2719090575759046,-0.1245747743788359,-6.109451985278704,-0.2243545740543642
SZ002202,har_x,175,0.06882806355418136,0.21942159406553668,0.08556538851573603,-6.997476829620342,0.10721903875884886
SZ002230,har_x,175,0.08237957986375122,0.23447355494520525,0.23259433186202128,-6.817578230601034,0.23829964306411344
SZ002236,har_x,175,0.07567918681507516,0.2235189742937947,0.20019209897167767,-6.502965615967915,0.2297808278983242
SZ002241,har_x,175,0.053900671368438596,0.1905758972205766,-0.11552568095986193,-5.795702873540639,-0.036853607723846604
SZ002252,har_x,175,0.13346508316453332,0.273527056846096,0.197551051441461,-6.431320092644957,0.2326613675471736
SZ002294,har_x,102,0.10602216669810197,0.2608458709370267,-0.13907468618000185,-7.3002785277131546,-0.35692486087492514
SZ002304,har_x,175,0.09134792646864855,0.23845168906598319,0.08861161790560046,-6.758301379568311,0.10167463936273646
SZ002352,har_x,175,0.1530399494241523,0.2818055580676286,-0.46545925174725866,-6.1249473904249525,-0.5250547868048707
SZ002410,har_x,175,0.05971068501941078,0.18523980687181052,-0.02890264657010455,-6.12362109341868,0.024179335268122548
SZ002411,har_x,102,0.5659030047199596,0.6664833931925026,-3.3836904089480218,-3.721659247138414,-5.050348507570081
SZ002415,har_x,175,0.05935688127485225,0.1884306222227156,0.26144207233013705,-6.891820029575673,0.30458156067044284
SZ002422,har_x,175,0.06632563025667716,0.21110986617558175,-0.10145801627480311,-6.711808805579216,-0.1105836855163691
SZ002456,har_x,175,0.08969654318646159,0.2292756359120471,-0.059961350386424916,-6.035009423200723,0.1314985257609954
SZ002466,har_x,175,0.1045913048911083,0.2521355774260611,-0.25618673007552695,-5.50308629407998,-0.3456045778504424
SZ002475,har_x,175,0.04822596999028757,0.17887874938057188,0.14829106085136268,-6.160156066733379,0.24903272120332753
SZ002508,har_x,175,0.06735011460647101,0.2122506850416375,-0.1831425061837204,-6.510203994366392,-0.3844686253780747
SZ002555,har_x,175,0.06227359159577089,0.1865368869964497,0.24351782048164672,-5.957789363346289,0.3217049609082834
SZ002558,har_x,175,0.10312601588627757,0.2559570075345203,0.25653462020800755,-6.811361470812328,0.2823562231563874
SZ002594,har_x,175,0.0866952048785603,0.22990054677421512,0.05782326124670778,-6.21904900460859,0.16287699589768978
SZ002602,har_x,175,0.35553840666996894,0.5439211496290957,-3.916526274159006,-5.068973928291785,-3.8615380899745126
SZ002673,har_x,175,0.14574926705525681,0.30833329552353317,0.3134978428685775,-6.8772554195352535,0.3431641720039059
SZ002714,har_x,175,0.06669821359451808,0.20320191320187225,0.2974855314572272,-6.3506118899619795,0.30773747197966883
SZ002736,har_x,175,0.11104493749973496,0.2525294800109192,0.46280758781131437,-7.0021043101599805,0.5234005175766353
SZ002739,har_x,175,0.1798659341636414,0.33323054693240783,-0.6532846376815618,-5.934640526651285,-0.5324059527830933
SZ300003,har_x,175,0.06506121182560591,0.20042199524502435,-0.031862408394280894,-6.434469107218473,0.022315966997467185
SZ300015,har_x,174,0.05744010743870796,0.18919844603719982,-0.2932320105986417,-6.640935909821953,-0.20933585212216843
SZ300017,har_x,102,0.1734363875761719,0.33034958669253217,0.07100448991923813,-5.9463374671242715,0.18054910083084674
SZ300024,har_x,102,0.15342625543218952,0.3176508129198529,0.1667607143409644,-6.784272265820748,0.3616226819930163
SZ300033,har_x,175,0.11608253703190154,0.2691917049995369,0.11302400005895374,-6.038946918774173,0.14773503552789147
SZ300059,har_x,175,0.11713493557036396,0.2813761238791109,0.3810793370503097,-6.271166168081245,0.317098505323933
SZ300070,har_x,98,0.08984443255450522,0.2466660264739931,0.27802838966459587,-6.2970025870999065,0.36640548398838035
SZ300124,har_x,175,0.05603747056526566,0.17787794431328297,-0.07856919286299702,-6.309657049410758,0.015717014589213818
SZ300144,har_x,175,0.05770799673455136,0.18903132841893222,-0.40527521221758933,-6.311517757824869,-0.299898017520172
SH600000,ewma,175,0.2959938890181799,0.37583066841987406,-0.06028481431407773,-8.06243488392071,-0.13433945125831137
SH600009,ewma,175,0.25322004196515946,0.30516067960591453,0.17312346295728143,-7.057412345846901,-0.25996921803555906
SH600010,ewma,175,0.2690010305711404,0.3456030363617782,0.010798684233005562,-7.323217318370719,-0.14450829880061833
SH600011,ewma,175,0.29657492347985,0.3745974994979587,0.17436439136790693,-7.385292099461567,0.21004820202815122
SH600015,ewma,175,0.3245829103473781,0.42438782299752226,-0.12524455270877088,-8.229896922036714,-0.35446436376778734
SH600016,ewma,175,0.32106015517004893,0.45063856792550994,-0.17949642902816954,-8.550911312741297,-0.4476762287443836
SH600018,ewma,175,0.3136242750408567,0.40634917441070495,-0.013900833311774718,-7.7442967995466185,-0.02201844370404782
SH600019,ewma,175,0.3248478162564842,0.40478970416400395,-0.24164052457827245,-7.817326971847217,-0.43355856729920417
SH600023,ewma,102,0.36002398681484576,0.4620567524963441,-0.5350348161749463,-8.481045137835489,-4.8547070967102135
SH600027,ewma,175,0.2737132977480935,0.3276778107019676,0.07104025334529762,-7.348359328157142,-0.3350685698090863
SH600028,ewma,175,0.36848997882891515,0.46524499846891054,-0.3726616990284042,-8.539195195712493,-0.4523483509323938
SH600029,ewma,175,0.3610042778818838,0.4433095243867456,-0.23472136713388103,-7.270638088017705,-0.33278432313086004
SH600030,ewma,175,0.2949187862012232,0.38543945457440837,0.251363478769297,-7.039411551941446,0.26355436606828775
SH600031,ewma,175,0.26399353659168784,0.29709456725328753,0.08853619599431883,-6.609139315013543,0.03877546705329604
SH600036,ewma,175,0.2791759147828032,0.33530593028210726,-0.031108771227808862,-7.511440575478025,-0.20217126108411354
SH600038,ewma,175,0.29788832395693055,0.3806296126087467,0.3427226007683227,-6.784481811417149,0.4554223823345819
SH600048,ewma,175,0.24348352284057326,0.2890569624543987,0.11199423778860362,-7.002852208383947,0.18511320796331598
SH600050,ewma,175,0.32202028852597714,0.43416157104540193,0.01791703300915981,-7.739500337072476,0.021191783494540872
SH600061,ewma,175,0.2747304707486061,0.3772368996673015,0.20238300459991432,-6.7979060076430455,0.23364549591611516
SH600066,ewma,175,0.3090849315308873,0.3824863224587937,0.12666128704709867,-6.835085038610079,-0.04289509727552132
SH600068,ewma,175,0.3267422358205283,0.43557586677568116,0.11784000936350914,-7.236185232101522,0.09652180797360732
SH600085,ewma,175,0.2635397354525218,0.3412009731634364,0.23983995518680434,-7.125260038173527,0.2588581810800197
SH600089,ewma,175,0.25935901878059076,0.37932782065686493,0.4883668057930507,-6.6749849689717795,0.2886652189820086
SH600100,ewma,102,0.4498878315339953,0.4675127226241214,-0.03330279654771884,-7.010096311699538,-0.3296826974098659
SH600104,ewma,175,0.27923976122011174,0.3739139206691827,0.023178758012411094,-7.190127035392,-0.2100448272607316
SH600109,ewma,170,0.26345657526272714,0.33909707574722914,0.36173338617319295,-6.52453646236723,0.07626320805436049
SH600111,ewma,175,0.27410922362803464,0.3460681946988799,0.2555547813094229,-6.90539548297823,0.296414935882648
SH600115,ewma,175,0.33727012757278885,0.4184648357838107,-0.06648071980812431,-7.190898148544092,-0.0727510866991199
SH600118,ewma,175,0.18057380179670524,0.3084294191649901,0.38642694111390385,-5.924749392465487,0.2692182654997155
SH600153,ewma,102,0.36735438860404535,0.4137559624946824,0.026845036849366566,-7.381137985578808,-0.5402967630862674
SH600170,ewma,175,0.2672231882941732,0.3882835489307737,0.16606825089455768,-8.026010380673235,0.13170123218381313
SH600176,ewma,175,0.3153039611706917,0.3268094867456903,0.018034959577080012,-6.394099771229096,0.040865803647461174
SH600177,ewma,175,0.3026174324054899,0.3937264410100651,-0.023414441511817374,-7.826735338345061,-0.03309172407622274
SH600188,ewma,175,0.3368584120275737,0.4052458010020196,-0.17343782417856346,-7.478146093585687,-0.13162084980013367
SH600196,ewma,175,0.32879543116664933,0.38281180833631695,0.31022310614247595,-6.120997046849653,0.3169426537584842
SH600208,ewma,175,0.36288984021847553,0.41595461031426256,-0.05283498303720102,-6.902436392915344,0.23980602615481328
SH600219,ewma,175,0.21180810734217986,0.3029060434636535,0.29340390904774794,-7.3820302470202455,0.43366455550990834
SH600221,ewma,175,0.26657716909863455,0.35960229533892696,0.23321729171958994,-6.7072614159750366,-0.08982026466580106
SH600233,ewma,175,0.29519139214113077,0.3723407677231248,0.0557698418307605,-6.127907195591186,-0.760980319233612
SH600271,ewma,175,0.26082463346348855,0.3388589484248157,0.05615794047588529,-7.145478071676098,-0.004452636331197635
SH600276,ewma,175,0.2370338997773659,0.27511006272778904,-0.045313969416324706,-7.12246128575841,-0.35929849421223725
SH600297,ewma,175,0.30649854013869626,0.37584061511473554,0.0918858804985323,-5.880718245888883,-0.42884879442816626
SH600299,ewma,175,0.3050125512485231,0.358128716020905,-0.040912565222484876,-6.64498440551729,-0.07840784137648305
SH600309,ewma,175,0.2139328236850346,0.2800525351505632,0.1748379814145411,-6.762110897249128,0.04102091516368733
SH600332,ewma,175,0.2633463589660809,0.3402941690351897,0.19809541327514657,-7.130178406157096,0.09133721349497703
SH600340,ewma,175,0.28535032264900156,0.3649451614853394,0.0629859790187891,-7.342222160559785,-0.22612756875579199
SH600352,ewma,175,0.32611651409715886,0.38077070896770576,0.06122558737529438,-7.1585364128675515,-0.006431107775092926
SH600362,ewma,175,0.29928943078260234,0.33966106442485716,-0.06670086945352915,-7.198084614143634,0.15308371720376213
SH600369,ewma,175,0.31069023881516417,0.3995980691261466,0.18502864102585004,-6.831941485690274,0.2847525667018582
SH600372,ewma,175,0.315682312669847,0.3774868072512784,0.2487287430085826,-6.725327828904668,0.44882312795787305
SH600383,ewma,175,0.23029702695931997,0.28437030606483704,0.1687462578951835,-6.619895505122022,0.15373480829378583
SH600398,ewma,175,0.2823967919798231,0.3318249588616475,0.09623230736863742,-7.5055454992856045,0.18883634230613233
SH600406,ewma,175,0.256570717165921,0.31477871289718823,0.08759393451320674,-6.809952592865037,0.2459597740101136
SH600436,ewma,175,0.2299529150817812,0.31525945551741386,0.2069072054768889,-6.680144794134259,-0.011246400124115485
SH600482,ewma,175,0.34901627981743355,0.40493545926265645,0.1417683796887097,-6.926922594513522,0.30232010352647276
SH600489,ewma,175,0.25281901179616534,0.32977103849144995,-0.07827264793149746,-6.994178546155311,-0.026363948328373077
SH600498,ewma,175,0.3370996072998021,0.4006176825554786,0.2485152067727786,-6.388950669304257,0.27102113210092293
SH600516,ewma,175,0.3871078686359236,0.4407630992376191,-0.2945708963062874,-6.922747142576749,-0.5751317065946173
SH600519,ewma,175,0.286737034398935,0.3182819023772324,-0.10865966598346355,-7.516148257838343,-0.025845853678429176
SH600522,ewma,175,0.2186613599304097,0.3179865925397665,0.3724395281741195,-6.397725418498898,0.2536497357702969
SH600535,ewma,102,0.3273179584463161,0.3595547241703568,0.029143512703112884,-7.034388066342956,-0.2994936354135247
SH600547,ewma,175,0.33272062306222416,0.3749105532545308,-0.11203548740639979,-6.972459037072914,0.07392135929345589
SH600570,ewma,175,0.26310524864198603,0.3396322042602253,0.0399798553973687,-6.495489753202575,-0.5429919525158455
SH600583,ewma,175,0.2787913260510673,0.3642191444841999,-0.026269266092280086,-7.028711102892994,0.011524513572932715
SH600585,ewma,175,0.24565100762274272,0.3133804945071493,0.15245326159465344,-7.07187322153547,0.2556917783324436
SH600588,ewma,175,0.2860759919033619,0.3306608098424765,0.1636504513454029,-6.04027084712925,0.0461113956562873
SH600606,ewma,170,0.2664328103982374,0.34204462523250595,0.4496253041354604,-7.058216651008365,0.5409713555065642
SH600637,ewma,175,0.2458062993358687,0.32930070887816953,0.10463767996691475,-7.107810476182848,0.0268108120911853
SH600660,ewma,175,0.26687082681486984,0.35762483059486644,0.2599795591272581,-6.781072450064073,0.10483731922602879
SH600663,ewma,102,0.35465727119930357,0.371223018198795,0.21846344827654907,-7.624347853712282,-0.0545825515119398
SH600674,ewma,175,0.23561989601649116,0.30684322894330995,-0.13535961030077281,-8.051126352240424,-0.2842202657452728
SH600690,ewma,173,0.27876144229871264,0.2953839928399453,0.03470100316913416,-6.832893169773066,0.14132280072419035
SH600703,ewma,175,0.2607520598967381,0.3160943297044145,0.08945296709330619,-6.036958569017354,0.1585108612815912
SH600705,ewma,175,0.29175704350654025,0.3639535061686245,0.3259124166242794,-7.094479309785791,0.438056633360674
SH600741,ewma,175,0.23190237804479266,0.31956796074480104,0.12992479970083903,-6.432325655742749,-0.30462658769736084
SH600795,ewma,175,0.2529618050240763,0.34593165987634156,-0.06809629905863734,-8.138466148944152,-0.2833014621061436
SH600809,ewma,175,0.24762701931931125,0.3037868628087854,0.12106499696818296,-6.507707028335063,0.02079797190822663
SH600837,ewma,175,0.25274671330788506,0.33860783445724485,0.280862159599069,-7.110029559951387,0.34950968600916754
SH600867,ewma,175,0.31570813570879025,0.34162187467470795,-0.022925378042852662,-6.550911684055713,-0.23240773423201566
SH600886,ewma,175,0.23003760442968615,0.2943688007828514,0.01631190597583676,-7.736651812920855,0.18618612473855622
SH600887,ewma,175,0.25729042722462264,0.300825098735817,0.03532008545718868,-7.109100955251941,0.10622805410126746
SH600893,ewma,174,0.2754119612891968,0.33633733163250334,0.40960903455728936,-6.37798210083434,0.47304391830735026
SH600900,ewma,175,0.26128388518065815,0.330565173463433,0.11329722978810541,-8.034505098260771,0.23100037596936274
SH600919,ewma,175,0.2788131019330533,0.3612433335959323,0.17858715405253855,-7.985386560893117,0.18376426022524128
SH600926,ewma,175,0.28170659785373287,0.37995228110378726,0.2513829456010329,-6.8137865347128495,0.08010061433534255
SH600958,ewma,175,0.2678913712222941,0.3378315122188,0.31354285289229544,-6.962955733013653,0.4211287040339501
SH600977,ewma,175,0.2476630013717737,0.31426220021491474,-0.021694656554426928,-6.926169585798666,-0.12567563208585164
SH600998,ewma,175,0.2551055736598655,0.3406677655409327,0.05643284859860154,-6.601567072684528,-0.028386201561780844
SH600999,ewma,169,0.21186505260979963,0.3387760930650857,0.3546425776211072,-6.7916011723218634,0.3580207376291358
SH601006,ewma,175,0.3340870866009949,0.4379027470332283,-0.47217383764870413,-8.517249256818616,-1.2145630849329194
SH601009,ewma,175,0.3007326671309303,0.351126730070028,0.02484912186503163,-7.656309019684798,0.04721852576984331
SH601018,ewma,175,0.30736762252587696,0.39546769209517135,0.13401255260847922,-7.220538290151594,-0.07878760142816166
SH601021,ewma,175,0.17586153729128748,0.29002700503634954,0.09459585856456476,-6.794547650736654,-0.6050916196227387
SH601088,ewma,175,0.24297638455910475,0.3291581185436668,0.03431632030338916,-7.755982958072995,-0.02188679206228561
SH601111,ewma,174,0.3792331445972823,0.4399906445133979,-0.3831080318522617,-7.140339661966833,-0.5927480759352859
SH601117,ewma,175,0.27706781815459297,0.3682202326178151,0.2035864993186639,-7.3796911211350045,0.1539800172743192
SH601155,ewma,175,0.31197900359444686,0.3553877956358691,-0.13829261663518677,-6.964493673142024,-0.39942701450617646
SH601166,ewma,175,0.3091206164825014,0.3933399644726871,-0.23485876956867657,-7.933612054795372,-0.4139971979641448
SH601169,ewma,175,0.3118119771481234,0.4276828631898741,-0.3038934354532863,-8.473142025363487,-0.5963517004575298
SH601186,ewma,175,0.2875007290720705,0.3740432354666042,0.19185540336556095,-7.50730021932121,0.3309769093726046
SH601198,ewma,175,0.3481817059635158,0.3861210347179807,0.1121981929547492,-6.853475416026853,0.3059836057449087
SH601211,ewma,175,0.27831234220272383,0.3634041935517143,0.20971692227614258,-7.331819463642544,0.2957263282288253
SH601216,ewma,175,0.4022696795755396,0.4385185063802219,0.4337881648965294,-6.448524447913151,0.42156514781016496
SH601225,ewma,175,0.25896411833294497,0.32723735443857044,0.09550853554863281,-7.299012345355965,0.18436540023489822
SH601229,ewma,175,0.3033670915379206,0.3665868312813456,0.0897987318222877,-8.244665960982106,0.20020264881884853
SH601238,ewma,175,0.2817550611691776,0.34143769461399504,0.07551606609589856,-6.944888900062293,0.0805567893111776
SH601288,ewma,175,0.31652167294540373,0.44720312163523934,-0.31720944223067127,-8.93775877428984,-0.4740872501127851
SH601318,ewma,175,0.25782575226528404,0.35792064000802004,0.0609989943436704,-7.8056817757628725,-0.1546855973685506
SH601328,ewma,175,0.3517961110743771,0.46218694515149567,-0.15909276847128195,-8.840230704044776,-0.19611449114871893
SH601336,ewma,175,0.32051910554367596,0.3932808424904703,0.17906127898270097,-6.989033407039619,0.3219710440439342
SH601377,ewma,175,0.3264187729480641,0.40082288135914174,0.25194057464974506,-6.882316326375941,0.2775349143098601
SH601390,ewma,175,0.2527159966596606,0.3128199824224833,0.21909133763765187,-7.559416437446593,0.2636897132269207
SH601398,ewma,175,0.37870791787622815,0.49952688441000076,-0.5284129094581147,-8.610524179023939,-0.7808514102618487
SH601555,ewma,169,0.37833423386486603,0.45567336664098856,0.0924576964473297,-6.682547521314677,-0.06585842695453659
SH601600,ewma,175,0.2681901243139758,0.3487293964864219,0.2178566059039363,-7.48573655985942,0.36880211109713135
SH601601,ewma,175,0.3060910721838733,0.3905708893006566,-0.155413732881172,-7.273541502291087,-0.4029001731702351
SH601607,ewma,175,0.32044414832975293,0.39995788100809837,0.2359400825360909,-6.9498290609754605,0.24820225836481613
SH601618,ewma,175,0.264645988661947,0.3284084113126437,0.2585242853258175,-7.4599580836871535,0.20010789578344268
SH601628,ewma,175,0.30047948915291506,0.35449170514127915,0.2342707401144245,-6.770189998348109,0.3671672413886018
SH601633,ewma,175,0.3634138429811772,0.41399104074558374,0.20511661618062416,-6.103301598206456,0.12104485097703033
SH601668,ewma,175,0.28909484755522574,0.38184645472738615,-0.03093419232324046,-7.805940492710753,0.14911375847089858
SH601669,ewma,175,0.29702649502531664,0.37201689731706505,0.25037165220194846,-7.311401556511973,0.29030808763850724
SH601688,ewma,175,0.3058686872216578,0.37354893106407905,0.08340598734800153,-7.181201362557986,0.14057508314762013
SH601727,ewma,175,0.3043212459546648,0.37274662538814773,0.24420215996344108,-7.147441765994244,0.26304555385293615
SH601766,ewma,175,0.27574132416477076,0.3827207067289778,0.08596532429828341,-7.986425067273901,0.0646438729683797
SH601788,ewma,175,0.31477824657612063,0.39545690728637867,0.42067148158940537,-6.481967411521751,0.5059843080417628
SH601800,ewma,175,0.38884068835212865,0.4569262844133175,-0.019263221985356127,-7.301866043244212,0.04610194395847944
SH601808,ewma,175,0.2525578909228128,0.3123289007954844,0.01370239651944083,-6.668226208468137,0.13628883032905248
SH601818,ewma,175,0.28871693474294235,0.36634305682295204,-0.08081851624787406,-7.73894458607995,-0.012927756027820037
SH601857,ewma,175,0.36530384174498554,0.4339339581163735,-0.5373401156008355,-8.361961981173604,-0.44466631328152406
SH601877,ewma,175,0.31429270496421463,0.36940178563745235,-0.032547831215790524,-6.840213076237034,-0.06834957008411924
SH601881,ewma,175,0.3431079384791166,0.37923880968857443,0.10856039757563452,-6.643410366114767,0.27124335972662894
SH601888,ewma,175,0.2912032785929685,0.3374483433481284,0.38960946787839223,-6.209154613640577,0.4042219342621475
SH601898,ewma,175,0.2813471104976667,0.3662050345755462,-0.04310094713572421,-7.814211353901696,0.05522117607061483
SH601899,ewma,175,0.24296552895333998,0.2907816652055681,0.17678927808107847,-6.5120989078897376,0.20737617954566856
SH601901,ewma,175,0.3525922938036215,0.40540333294297254,0.12236269516309828,-6.7719681360392805,0.34432106923083217
SH601919,ewma,175,0.2586216131235668,0.2989614873417638,0.23969130115391213,-6.993484818310657,0.4079204153845407
SH601933,ewma,175,0.3045164803970449,0.32360896101137804,0.08290941946047425,-6.898624582212245,0.1853902210561893
SH601939,ewma,175,0.35588455387482104,0.46272221883001075,-0.2459484058899346,-8.288544870087838,-0.6275789919847339
SH601985,ewma,175,0.24884257182964267,0.3379716884570598,0.1739563583239122,-7.925740075265933,0.24513216864678555
SH601988,ewma,175,0.30530631114408624,0.4442545635221279,-0.26427693581460376,-8.865126466704039,-0.5075205214488014
SH601989,ewma,175,0.32588904697762516,0.4085330894233714,0.3099852264098908,-7.328631928823774,0.4346415339030294
SH601992,ewma,175,0.3157044683615539,0.41077610800171094,0.021964695662422873,-7.5172373653431555,0.15354870180615765
SH601997,ewma,175,0.2845291073343948,0.34745502544128176,0.12778635496915636,-7.832345949135124,0.19611463423864905
SH601998,ewma,175,0.36077698233207134,0.454821425831416,-0.15048759251534616,-8.130736524615864,-0.1484659284942471
SH603160,ewma,175,0.26524706117992675,0.3526005333133681,-0.0015742966610752251,-6.097857884938211,-0.18668940295187797
SH603993,ewma,175,0.2570383407040098,0.3355061045492538,0.12853765484974045,-6.6773852468606245,0.24817469288492833
SZ000001,ewma,175,0.10523097293027746,0.2397496048716439,-0.1701145376563269,-7.11526156943004,-0.02408571746403987
SZ000002,ewma,175,0.10886910099297135,0.28194561405450264,0.007683879561230622,-7.202506554057883,0.013618462633774753
SZ000063,ewma,175,0.11973204318440397,0.3013342307908094,0.18326803589044838,-6.57816696469498,0.22159700177056507
SZ000069,ewma,175,0.12250147985199424,0.27349150195860944,-0.29003560746864765,-7.1872259318481815,-0.23911357794807908
SZ000100,ewma,174,0.07511616052902352,0.22413676191944779,-0.272462337708278,-5.962121527588165,-0.10455200470763071
SZ000157,ewma,175,0.06337173636095834,0.19427376642159702,0.23768741030705376,-6.941144775287789,0.16205047861765076
SZ000166,ewma,175,0.1369080504905853,0.29369828683588034,0.3788842656235276,-7.175458013057191,0.33473727094586947
SZ000333,ewma,175,0.08764680563592703,0.24172925788471777,-0.22360046167541214,-7.163907712168784,-0.17383543840689208
SZ000338,ewma,175,0.05759575022724798,0.191248527738257,0.026070466518526958,-6.8418805695280716,0.06850953467338616
SZ000413,ewma,102,0.16209021928642578,0.32582914632872784,0.08055887677132989,-6.273915997999487,0.2358895570466918
SZ000415,ewma,102,0.12740765836305495,0.2856173570553762,-0.05358800798617547,-6.909030869447849,-0.019568338390360873
SZ000423,ewma,102,0.18221378088766993,0.3200229776510792,-0.43978013417109296,-6.765161845546245,-0.1669159611899822
SZ000425,ewma,175,0.08593038217169083,0.23545259624623474,0.06531358437250312,-6.751247950262622,0.04065155188221892
SZ000538,ewma,175,0.11962667556222084,0.27583310490849255,0.022528728018318955,-6.932409597675048,0.06604290796249257
SZ000568,ewma,175,0.08041488405450165,0.22358483777486657,0.16134865947558075,-6.61966267000348,0.07918463739113024
SZ000596,ewma,175,0.12895915556734194,0.2811342533776171,-0.10411015132831936,-6.2071518447136205,-0.2269701606241925
SZ000625,ewma,175,0.10037360329923695,0.24836340151631003,-0.039575295211661254,-6.164808985611186,-0.06804303186938054
SZ000627,ewma,175,0.10505330495908445,0.2550429974423679,0.10220597718788038,-6.997053285615153,0.05496464901647624
SZ000629,ewma,102,0.06455734139419293,0.210605254937882,0.4045225980693474,-7.323668154615663,0.25441574275532175
SZ000630,ewma,102,0.07854845793874439,0.2410049213749467,0.038978950755166775,-8.038809147985313,0.10141229816764141
SZ000651,ewma,175,0.12361637297775648,0.3022018411335155,-0.4977181318200521,-7.374994349903859,-0.5150111476414845
SZ000656,ewma,175,0.07593173975601779,0.21508450786171343,0.23061776446767224,-6.477425363592029,0.1660609309680594
SZ000671,ewma,175,0.061406056253022194,0.1905166310371515,0.25597978546590894,-6.517296050905417,0.28077920378803045
SZ000703,ewma,175,0.16178864450712743,0.30994819394189865,-0.3462280156065627,-6.9257915908594665,-0.34102944755551645
SZ000709,ewma,175,0.12286521557471806,0.30551129298680774,0.19630669268995615,-7.7642292581989,0.14337672868185014
SZ000725,ewma,175,0.09568659213832303,0.255170981655511,0.03550257622927888,-6.460575256490194,-0.09070205421035826
SZ000728,ewma,175,0.15389223280142703,0.3110982415065146,0.3203377923325432,-6.655040901479829,0.25434933264282944
SZ000768,ewma,175,0.11330995295408124,0.27322798894724615,0.40504758576360345,-6.472413615878387,0.3712935493995385
SZ000776,ewma,175,0.15844442127569958,0.3163586512563999,0.20937565839140582,-7.174160897988916,0.21718158271355592
SZ000783,ewma,175,0.1722408813810359,0.3576002153652247,0.26981772516894653,-6.771187901493834,0.2495008156266183
SZ000858,ewma,175,0.08913474241259178,0.2313501705416752,0.04173013637351253,-6.836843685826108,-0.0870741337727492
SZ000876,ewma,175,0.09077979953729787,0.24662554285971033,0.1307636926621959,-6.2087700649238675,-0.013135742338883594
SZ000895,ewma,175,0.1017012947894361,0.25935992851460726,-0.7533589286603211,-6.192395367613154,-0.9892578264302379
SZ000898,ewma,102,0.12036771877955244,0.27152143737307793,-0.2889914906830655,-7.8653277929294765,-0.40719016062956914
SZ000938,ewma,175,0.08991116751538265,0.23622401715587502,0.08528777379670183,-6.162642610118894,0.08913351703271122
SZ000961,ewma,175,0.07929973021132436,0.2236067386719824,-0.16369189339767676,-6.343871961859305,-0.10692975292617835
SZ000963,ewma,175,0.1487998080653682,0.30430789037388206,-0.2802195796556344,-6.6277365932623304,-0.38361469987620533
SZ001979,ewma,169,0.15421887302372314,0.33220228851889555,-0.11539735130105111,-7.371479222518443,-0.10144735514453895
SZ002001,ewma,175,0.06406277407990342,0.19273435416553752,0.09088443261406576,-6.670246054838286,0.16895939542264626
SZ002007,ewma,175,0.1529921119470502,0.3136576436602364,-0.3356997562994368,-5.7400309604608255,-0.4781923002331059
SZ002008,ewma,175,0.07114963360103431,0.22010357684200102,-0.07303725183885557,-6.4574953476288215,-0.021918997623754377
SZ002024,ewma,175,0.20065236897333152,0.3613425937257793,0.1346245150697042,-7.284755152183703,0.18203409803936177
SZ002027,ewma,175,0.05038442901971918,0.18068145959116658,-0.2511126957790657,-6.3587156940399625,-0.2858789835797835
SZ002044,ewma,175,0.06339069788077217,0.20390725060006787,-0.024203550968373344,-6.212336538750462,-0.13344282765599846
SZ002081,ewma,102,0.11276095749377339,0.2634294450833484,0.08326634470280869,-7.018648711620291,0.056291568617036436
SZ002142,ewma,175,0.07878045351735267,0.20532076195720597,0.035563838021265726,-6.792066464593306,-0.027026643798517824
SZ002146,ewma,175,0.12037989615332922,0.27845193719698225,-0.10882211678663256,-7.330327945204418,-0.05603732414149998
SZ002153,ewma,175,0.08325713440978083,0.22820774112821093,0.22450500915804406,-6.251723449181858,0.04646386632447841
SZ002202,ewma,175,0.08805332077978585,0.25185474424974036,-0.16985717771615483,-6.958966637877694,-0.08755130417848256
SZ002230,ewma,175,0.08840404117554193,0.23961525074491638,0.17647355817280674,-6.793227656207106,0.22490355600812761
SZ002236,ewma,175,0.09067273881889308,0.24227622687607955,0.041734247324362705,-6.488306487634847,0.08725120275575438
SZ002241,ewma,175,0.06213011007849874,0.2047006644371841,-0.2858417454520139,-5.769990672390157,-0.11759660866382537
SZ002252,ewma,175,0.15511092141482927,0.27649452367690014,0.06740704873473702,-6.258722216882304,0.23196957731444567
SZ002294,ewma,102,0.12573863159241896,0.28090863955818,-0.35090327600710647,-7.3096053116858055,-0.8328360464364126
SZ002304,ewma,175,0.10528255581534365,0.26323281924559155,-0.050415722794117546,-6.753679540872958,0.0011203250928969455
SZ002352,ewma,175,0.18095234211010178,0.3300419131969388,-0.7327389669715485,-6.1088641383730256,-0.5911797283868958
SZ002410,ewma,175,0.091559627283367,0.23620689758304275,-0.5777066164992772,-6.006028891218211,-0.4448413268330258
SZ002411,ewma,102,0.2558259721850026,0.40329790228739126,-0.9817209862353731,-5.233406926786313,-0.50315832794789
SZ002415,ewma,175,0.08803005392628298,0.24193379278256982,-0.09532867637381881,-6.860948503555336,-0.07732946867919033
SZ002422,ewma,175,0.08007838868992505,0.21882200708975916,-0.3298476442899365,-6.653251335218267,-0.2346453464341549
SZ002456,ewma,175,0.08390343217117768,0.22182638038276745,0.00849695978427989,-6.069630279551709,0.02075269460744744
SZ002466,ewma,175,0.08362945877123917,0.2403654201380178,-0.004425907690918107,-5.615563432799823,-0.19154325828981156
SZ002475,ewma,175,0.09499073570781764,0.2503152115959384,-0.6776118501078909,-6.1140696564465,-0.7000063124088833
SZ002508,ewma,175,0.07067941096499465,0.22254292533158435,-0.24162840573219047,-6.495332594623352,-0.5289901495510165
SZ002555,ewma,175,0.10229367736149686,0.24933560558006557,-0.24263499211160977,-5.82101188402084,-0.1195674956474102
SZ002558,ewma,175,0.1115011719228288,0.2698442130476872,0.19615568953741713,-6.799350813168791,0.22403522633662676
SZ002594,ewma,175,0.08949662481194418,0.2292844951546918,0.027378293726170733,-6.22421453186927,0.05652257298907026
SZ002602,ewma,175,0.22236291074467063,0.40656129309356936,-2.074922631606061,-5.617759962830728,-1.946690720225353
SZ002673,ewma,175,0.14387675374237738,0.30465409843097163,0.3223176774689237,-6.866590341955307,0.2940671140304528
SZ002714,ewma,175,0.16513788980184282,0.31107583164811037,-0.7393532845676032,-6.215109731109544,-0.8056206866349573
SZ002736,ewma,175,0.1312945285299749,0.28480623839212554,0.36484790683625923,-6.9286239061488795,0.3861531148922325
SZ002739,ewma,175,0.21176858913303395,0.38164269234271614,-0.9465262101194287,-5.840476400012745,-1.030870007710977
SZ300003,ewma,175,0.061956610547069635,0.19405537794762645,0.01737616651823881,-6.437101757329003,0.07423769178500139
SZ300015,ewma,174,0.08912612687283221,0.2349503020078442,-1.00662508118761,-6.600785153688515,-1.012562546681858
SZ300017,ewma,102,0.11112615868822893,0.28454913611553007,0.40476330303785524,-6.240730589204247,0.34986514381383604
SZ300024,ewma,102,0.1234404225701178,0.30322122133779966,0.3296101163778067,-6.998588715598442,0.2929227276822364
SZ300033,ewma,175,0.12051042528111953,0.2836578934906832,0.07919091277556667,-6.043250645311487,-0.01839775613654404
SZ300059,ewma,175,0.1415194235713758,0.30030727584441846,0.25223593601211913,-6.300913396308302,0.05902351988231158
SZ300070,ewma,98,0.10396790067118797,0.26581400246303266,0.16453506871189016,-6.236428701601567,0.2933082803545156
SZ300124,ewma,175,0.07985576263069447,0.22218998582014207,-0.5370066596016936,-6.223599550683193,-0.11724370086600344
SZ300144,ewma,175,0.16395235049440285,0.29325392187925914,-2.992482622371967,-6.197679956050973,-3.315679028111637
SH600000,garch,175,0.2833108292610131,0.3543054238984977,-0.014852607236532256,-8.086003513394763,0.01952554472157575
SH600009,garch,175,0.2531852318657134,0.30769985936082384,0.17323713347980674,-7.054670807626124,-0.2721524757206786
SH600010,garch,175,0.28060342416426987,0.340855835232819,-0.03186696274984113,-7.3545213787872346,-0.10995800951636148
SH600011,garch,175,0.30761755729055484,0.3801007146012346,0.1436227778146557,-7.3786975562150365,0.2063679644292833
SH600015,garch,175,0.32840277224704867,0.4299439756482044,-0.1384870206812958,-8.411018943130026,-0.20883810440225425
SH600016,garch,175,0.3262323297947125,0.4463698899323445,-0.19849773268377158,-8.614721978659643,-0.313680002961906
SH600018,garch,175,0.4208765573806788,0.4760703750247806,-0.3606315780054663,-7.664384159190494,-0.36609812992775814
SH600019,garch,175,0.304547323098617,0.375720341045619,-0.1640475296054189,-7.845420842806889,-0.22041068519477713
SH600023,garch,102,0.3467811068823623,0.44149646906018214,-0.47857112901167653,-8.503905791242913,-4.122875807532497
SH600027,garch,175,0.2891477910082313,0.3361436083940966,0.018656890656514324,-7.321090836643777,-0.4274410783268736
SH600028,garch,175,0.422731896179079,0.5038414071156129,-0.5747182180823536,-8.504510455440501,-0.6033283950368724
SH600029,garch,175,0.3480006177187332,0.4348934737680632,-0.19024572504843462,-7.282265591208415,-0.2794616332963724
SH600030,garch,175,0.28955131737309125,0.3803106714258185,0.26498852871292866,-7.034799424045334,0.27547776628377596
SH600031,garch,175,0.2640118483462341,0.297606166695752,0.08847297285002442,-6.599109444530672,0.00480438724026333
SH600036,garch,175,0.2704628013577718,0.32547561339064063,0.0010722558648840197,-7.513914852715139,-0.15456753984261917
SH600038,garch,175,0.3099860517379532,0.3712004822209309,0.3160294999884714,-6.834931929812616,0.4853224622135015
SH600048,garch,175,0.2438025446451659,0.2860117875829792,0.11083073728785375,-7.004909422411281,0.22382370203081092
SH600050,garch,175,0.32288196594204904,0.43290468589245,0.01528912804938698,-7.753683358082646,0.07580441603611743
SH600061,garch,175,0.2876241988057894,0.40181689160693135,0.16494901846633037,-6.779715946901734,0.12518593893269958
SH600066,garch,175,0.31370552371028554,0.3867843551784092,0.1136055162366324,-6.828379781950194,-0.04937784215586283
SH600068,garch,175,0.3273781123411566,0.433437003581011,0.1161232284763527,-7.246061472190912,0.09541630462587414
SH600085,garch,175,0.2732216950464029,0.3483804963892041,0.21191308933438668,-7.169392546189906,0.2400789336434963
SH600089,garch,175,0.2869732685291921,0.38122628108923207,0.4338926376267318,-6.662093112330565,0.2887710640540848
SH600100,garch,102,0.4407675257352279,0.46010239832979927,-0.012355269571709293,-7.018824167150558,-0.2509959855426418
SH600104,garch,175,0.28132836309539444,0.3704199728596979,0.01587252530071981,-7.190194691240423,-0.16130379761254554
SH600109,garch,170,0.2681743300577355,0.3410258995780788,0.3503038540961426,-6.508857279724261,0.046808982501975516
SH600111,garch,175,0.27219099011210673,0.3357334388040618,0.2607644555785469,-6.922241286617071,0.37668192277845125
SH600115,garch,175,0.3265383405082627,0.41031295760611003,-0.03254577254264701,-7.19190375727936,-0.028988857832697557
SH600118,garch,175,0.17667296323193746,0.2869478701780087,0.3996816293720601,-5.9722360226474045,0.30842647583760074
SH600153,garch,102,0.3839837435933169,0.41616319050959877,-0.017207626855833213,-7.385379748920519,-0.5482779389302024
SH600170,garch,175,0.2714516525516348,0.38213831778705837,0.15287235043111103,-8.051443412828121,0.1721661846556921
SH600176,garch,175,0.3295234008243563,0.3337272914407993,-0.02624926883051404,-6.38534624625753,-6.416666342246025e-05
SH600177,garch,175,0.295491085880627,0.38919161047900275,0.0006859742864033791,-7.836625598697075,0.004693642859163183
SH600188,garch,175,0.35826483432710615,0.43793513841753484,-0.24800655902302582,-7.491040496728375,-0.20557325484148525
SH600196,garch,175,0.33337729252828296,0.3862438241466569,0.3006108615717429,-6.112264814294208,0.29679689918555585
SH600208,garch,175,0.32310630871278445,0.38505675192537175,0.06258707918624773,-6.960694211781952,0.37551840279336535
SH600219,garch,175,0.23847113210435697,0.35131364489345357,0.2044555240858773,-7.318031409488182,0.22494315398610976
SH600221,garch,175,0.29358743858379577,0.3667944394063774,0.15552493848002014,-6.608016214868768,-0.15550171648399358
SH600233,garch,175,0.3458154899098095,0.4172530765704993,-0.10616170873573116,-6.026947979301492,-1.340944107296548
SH600271,garch,175,0.2530140514399535,0.3272251298639926,0.08442197261611395,-7.152832310521329,0.07436782467406866
SH600276,garch,175,0.2355115035786709,0.27030230520898474,-0.03860023768859744,-7.122247493437342,-0.408425660458303
SH600297,garch,175,0.3077334352829897,0.37965636604600833,0.08822705159797972,-5.872428897826082,-0.44355555028822446
SH600299,garch,175,0.32491229943576,0.362936372904825,-0.10882419000011789,-6.641074818063878,-0.06091212981256855
SH600309,garch,175,0.21383291204849622,0.2751222532045957,0.17522335139314504,-6.754339536778569,0.02916451773332185
SH600332,garch,175,0.268819929785888,0.3346321255132388,0.18142807994500565,-7.15137694048257,0.1387552546244234
SH600340,garch,175,0.2951824877854866,0.3565245810527146,0.030699782514916563,-7.340802405308243,-0.15237242799216832
SH600352,garch,175,0.32339805860806653,0.3779831712268989,0.0690510618443938,-7.158815938977223,0.008217144686485267
SH600362,garch,175,0.29799317257908653,0.32796680873549855,-0.06208086082472142,-7.225578354011557,0.2611576915281212
SH600369,garch,175,0.30013043646534876,0.3866297971745147,0.21272805155238206,-6.845977430704786,0.32772858231274105
SH600372,garch,175,0.3122893280901792,0.3648667179177434,0.2568034804513021,-6.795870097845901,0.5246774317287719
SH600383,garch,175,0.23150182052650978,0.28184199290118883,0.16439757317956516,-6.617724716759793,0.19184453239067367
SH600398,garch,175,0.41473667909670997,0.41270999460600094,-0.32730123769822517,-7.423487739854102,-0.2804386926218083
SH600406,garch,175,0.258795254360937,0.3169174568805019,0.07968312827602819,-6.800610852684317,0.26334027590391007
SH600436,garch,175,0.24620571280014203,0.3188886107411536,0.1508523528706961,-6.68783205059139,-0.024283999358984287
SH600482,garch,175,0.3311319559759137,0.38575101254049166,0.1857459621576657,-7.002796469738197,0.40963113069539026
SH600489,garch,175,0.27877966384574704,0.32602725552997025,-0.18899478401080327,-6.974578777397522,0.042612888527779114
SH600498,garch,175,0.33183158500598886,0.39203542312784373,0.2602590313233123,-6.4465389391973416,0.3573093925112799
SH600516,garch,175,0.3870802800560181,0.4304898205354537,-0.29447863423798615,-6.930460910564284,-0.5280707267679121
SH600519,garch,175,0.28186610183127603,0.3121254857290595,-0.08982635941457606,-7.516367068652649,0.0035196515283117957
SH600522,garch,175,0.3510959808847047,0.42653807207315125,-0.007649268669591258,-6.070048562715129,-0.20107655283629766
SH600535,garch,102,0.32533818423604133,0.35502718637323294,0.03501571306923967,-7.018386401086056,-0.21124397105935122
SH600547,garch,175,0.3397120528969959,0.3541515685398257,-0.13540259345598193,-6.9799527017064795,0.19889378333320107
SH600570,garch,175,0.2678446758762195,0.3386115673449889,0.022686602441652548,-6.4926871870584,-0.5764617430264145
SH600583,garch,175,0.2697735836877736,0.35651026283936954,0.006926285462618309,-7.0274684039194915,0.12631582344609849
SH600585,garch,175,0.24767025795564498,0.31423501453237135,0.14548643068181832,-7.060896741025575,0.22338052116623408
SH600588,garch,175,0.28852538100961606,0.33168109033601584,0.15648960761340902,-6.03667471105482,0.004703597296526474
SH600606,garch,170,0.2788655430394864,0.3564724128953319,0.4239428011585754,-7.114916957512549,0.5857054294370974
SH600637,garch,175,0.24418104681031286,0.3264188803713941,0.110557747417802,-7.100840505569695,0.045228918956863984
SH600660,garch,175,0.27495038662205046,0.35932567348192473,0.23757531404012033,-6.771745702004552,0.10482857271687862
SH600663,garch,102,0.4411814397858484,0.41121303014597627,0.02779542636007204,-7.557322236926155,-0.09192011149877644
SH600674,garch,175,0.23611555646044927,0.30734371176383973,-0.13774800303843193,-8.05146185643318,-0.26347989687794304
SH600690,garch,173,0.27226388480708263,0.2932007415836961,0.05720083555915434,-6.831129937908624,0.1378826886025344
SH600703,garch,175,0.2619034308922752,0.3181810208692272,0.0854323758689215,-6.038173648641586,0.14557040401384613
SH600705,garch,175,0.27295113888784295,0.3273606639414992,0.3693623592383565,-7.1940013068897155,0.6085983938602503
SH600741,garch,175,0.2347557184230846,0.32509041333768485,0.1192193437150254,-6.4197171316785155,-0.37322391208001093
SH600795,garch,175,0.2662195317680415,0.3467258586387337,-0.12407521993885573,-8.144043669486111,-0.21691763992244084
SH600809,garch,175,0.29447189305818106,0.3211530887008308,-0.04520764708689051,-6.483777656245001,-0.0013388918353842705
SH600837,garch,175,0.24735875599177495,0.33132836994517423,0.29619246375127317,-7.109750720453727,0.37296081430655714
SH600867,garch,175,0.310857917643676,0.3442532586006054,-0.007210194977618878,-6.469875930798958,-0.5366828839694973
SH600886,garch,175,0.2269369361933946,0.29258203551162304,0.029571000875215248,-7.740806383703327,0.21039568333515346
SH600887,garch,175,0.31275942541686885,0.3436192978414812,-0.17265433867152447,-7.070435401993213,-0.15450873333025728
SH600893,garch,174,0.27823003776773847,0.3153065449704688,0.40356802281230353,-6.433188678743457,0.5534291833775122
SH600900,garch,175,0.2602454418444987,0.3314335278814106,0.11682132995311922,-8.029607225996715,0.2351542405509527
SH600919,garch,175,0.2928789909222602,0.3743103205201384,0.13714755948076063,-7.998895864572247,0.20687398499314003
SH600926,garch,175,0.2957267383901019,0.38364115635851265,0.21412532937705764,-6.7904303371866135,0.08485155466948346
SH600958,garch,175,0.2589533909320957,0.3268586594725797,0.3364459438836932,-6.9629879435885735,0.4400189036104063
SH600977,garch,175,0.2918880742288171,0.3431294929293357,-0.20413822048404162,-6.856817702485199,-0.2767792162056817
SH600998,garch,175,0.3029301117292182,0.3664637428471113,-0.12045730125501652,-6.595883578294114,-0.2397335756285064
SH600999,garch,169,0.21269023333076265,0.340243141731164,0.35212901298872656,-6.784737262775524,0.34793648665022925
SH601006,garch,175,0.3488553054332323,0.44485117246099287,-0.5372508378245797,-8.52472228453847,-1.2035356410241578
SH601009,garch,175,0.2982541172888045,0.34796702061758494,0.03288602745998637,-7.694842257235877,0.12258837470172479
SH601018,garch,175,0.2995090512512895,0.36913017009846205,0.15615354463066733,-7.23610859589988,0.07391127183971069
SH601021,garch,175,0.18084858742041826,0.29700418814084606,0.068920569300021,-6.778458935913247,-0.7004242324175343
SH601088,garch,175,0.24749949024642542,0.32071485135875677,0.016339720018903492,-7.764020174992718,0.06450642968961384
SH601111,garch,174,0.35612893124630063,0.4245841369452204,-0.29884423922067227,-7.1620398809064465,-0.4911216088550847
SH601117,garch,175,0.2847089225805532,0.36799641168624264,0.18162263947567348,-7.395422992633215,0.19870879590290202
SH601155,garch,175,0.30638452438238195,0.3423989863263582,-0.11788049175613335,-6.979932030344591,-0.17599570736784398
SH601166,garch,175,0.2972402697558884,0.3804975794775222,-0.18739978573313865,-7.941248842419565,-0.3351698031889214
SH601169,garch,175,0.30728817830304656,0.4240614016593451,-0.2849764211956689,-8.508933465575952,-0.5062491782353746
SH601186,garch,175,0.2748895988784264,0.34777458244129655,0.22730441511708277,-7.529722839691383,0.4384334432175868
SH601198,garch,175,0.3374759331787316,0.3751557331463763,0.13949602124772453,-6.8594410218586255,0.3355218153780204
SH601211,garch,175,0.2696921735010867,0.3538609641228174,0.23419436153777085,-7.34141677836139,0.3326051930580808
SH601216,garch,175,0.425111990227063,0.4316266307118508,0.40163663250748716,-6.534046235543645,0.44736274038951485
SH601225,garch,175,0.3002811951100983,0.3477057528026533,-0.048800813258409015,-7.301834900220916,0.03149094833417243
SH601229,garch,175,0.31545732639345925,0.376459617343972,0.05352404216399265,-8.339936538993882,0.26165578676058776
SH601238,garch,175,0.3135213426955438,0.38760415468564996,-0.02871424227597763,-6.753650311206485,-0.23457575444045875
SH601288,garch,175,0.30414362425505903,0.4322859437658799,-0.26569801661614356,-8.976142899941832,-0.3163295378463349
SH601318,garch,175,0.2543664414130712,0.3489378120440593,0.07359779931394916,-7.809098139946824,-0.09038551436497544
SH601328,garch,175,0.36257591684258694,0.4667986534664369,-0.1946099175190592,-8.90368214861751,-0.07141991872229303
SH601336,garch,175,0.3177732744929142,0.38555723111348184,0.18609411725023062,-6.9953922175029035,0.35394630342569056
SH601377,garch,175,0.3208021239785024,0.3917700386942094,0.26481234413352095,-6.89776094024259,0.3124113084113159
SH601390,garch,175,0.2566407791442469,0.2965243939394288,0.20696350766007832,-7.5659282793485705,0.3576060411949151
SH601398,garch,175,0.34659432614057756,0.4659957514396097,-0.3988068836504435,-8.67709757383621,-0.4768588124387474
SH601555,garch,169,0.3769730225041084,0.4577426866924638,0.09572294918786095,-6.674968844585052,-0.08751327565228895
SH601600,garch,175,0.2861656689616918,0.36028468908747596,0.16543314871119408,-7.555582197776062,0.4165169488566355
SH601601,garch,175,0.2973744125211865,0.3848583250519362,-0.12251062268176782,-7.2788792233767525,-0.35977714236025493
SH601607,garch,175,0.33939777732110143,0.41292576518739904,0.19074747010033832,-6.921811963413406,0.19840342986843917
SH601618,garch,175,0.2517735560479053,0.3054462247565038,0.29458980901030407,-7.505299517186376,0.37910542300433625
SH601628,garch,175,0.29857086920900766,0.3568770594098298,0.2391345866989989,-6.7677528120664014,0.358361909209733
SH601633,garch,175,0.3616416495596822,0.4118474882965815,0.20899287772340014,-6.095216993260568,0.11363541236109764
SH601668,garch,175,0.2744072262314416,0.3580802271626207,0.021442981308996134,-7.8384519036930955,0.31892623549786137
SH601669,garch,175,0.27871915344650505,0.33490743632349906,0.29657528201325334,-7.374807593689139,0.465994277740843
SH601688,garch,175,0.3068424954615466,0.3756944521474622,0.0804877847354325,-7.169697159412068,0.10879687009232364
SH601727,garch,175,0.31582562037356793,0.37425213389099066,0.21563044026801725,-7.132082599841514,0.34291717176872194
SH601766,garch,175,0.29608085276258356,0.39052825806282393,0.0185433138972656,-7.990192665258094,0.1049981377316529
SH601788,garch,175,0.5437374659461093,0.58594318485136,-0.0007128001290133135,-5.656023663682015,-0.10030111068200465
SH601800,garch,175,0.35449574409949125,0.42112256736421905,0.07076474984600023,-7.336574508463125,0.20791323297579856
SH601808,garch,175,0.25637111283756575,0.3097988394433689,-0.0011891264589871664,-6.659677347451182,0.1550131625105785
SH601818,garch,175,0.2537223076737555,0.3353528022557007,0.050184678764713775,-7.777765209144634,0.20691269741357043
SH601857,garch,175,0.36883324907638926,0.4007976800471596,-0.5521932292416452,-8.380124266763593,-0.2110356110460916
SH601877,garch,175,0.30477641476454037,0.3627319701523486,-0.0012839022359165675,-6.847910506728199,-0.031152134671986298
SH601881,garch,175,0.3378330187097968,0.3660092198798789,0.12226533370397485,-6.702185422162288,0.3825927911936685
SH601888,garch,175,0.2846691988117948,0.33038884727371964,0.4033055376954163,-6.229550432564229,0.45675935601796713
SH601898,garch,175,0.27730406003321173,0.3514056580396004,-0.02811124362915307,-7.849093170085615,0.13545108084538604
SH601899,garch,175,0.255444221462022,0.30181999941772986,0.13450923320010622,-6.511321819124626,0.17181183626110286
SH601901,garch,175,0.33150052030958066,0.37543445739515957,0.1748622181783408,-6.835501423747308,0.45766330246910636
SH601919,garch,175,0.3406024626284562,0.3901416028062064,-0.0013200832564790321,-6.902431072628798,0.10037907798411372
SH601933,garch,175,0.3089956127024418,0.32506495483831177,0.06941993593264062,-6.902794369664661,0.18811589295998432
SH601939,garch,175,0.34787819779516344,0.4386529314484826,-0.21791823013258682,-8.348008249685194,-0.38302867040935906
SH601985,garch,175,0.2482823251257752,0.33588613637410636,0.17581612140262093,-7.90834107887243,0.22665290577529296
SH601988,garch,175,0.30964689181035215,0.4375683129686123,-0.2822513301330132,-8.909258931607836,-0.3692106852911492
SH601989,garch,175,0.35117584908194327,0.4134509663870829,0.25644471257351487,-7.4050256334251765,0.4680069246302221
SH601992,garch,175,0.4621262806499658,0.5110134561405815,-0.431642130007061,-7.392023142343401,-0.41294081102216573
SH601997,garch,175,0.2742817592177133,0.34155282004280624,0.15919922845856838,-7.860414508033937,0.3016331492419847
SH601998,garch,175,0.37067868110189134,0.46729431700092083,-0.18206328092502688,-8.18589785526747,-0.10747492723433694
SH603160,garch,175,0.2626831243100949,0.34956287717113843,0.008107142430697545,-6.1059028464914,-0.18523901498900042
SH603993,garch,175,0.24329696524118796,0.292694899630184,0.17512639041978062,-6.723180002584255,0.4978468784712231
SZ000001,garch,175,0.10384429427372835,0.23686994433619188,-0.15469538101543057,-7.10777195185127,-0.0036932037604313628
SZ000002,garch,175,0.10330021526874816,0.2748256067502485,0.05844295653188347,-7.213406100814284,0.07441143404398076
SZ000063,garch,175,0.11290408156576738,0.2902659296024567,0.22984382592407315,-6.588489345784029,0.27077626958619383
SZ000069,garch,175,0.11642999727089458,0.26262488395351885,-0.22609818622926903,-7.195210375536525,-0.16332372634248804
SZ000100,garch,174,0.07767328754946659,0.22563145908009682,-0.3157798848690221,-5.952180955144236,-0.12926952597424712
SZ000157,garch,175,0.06381260125146536,0.19322192243958372,0.23238414933164298,-6.932823858300053,0.1321177675547789
SZ000166,garch,175,0.1281823604328903,0.2826137149871626,0.41847042121267175,-7.192470769464982,0.38569966076369067
SZ000333,garch,175,0.08514286214636568,0.23573786941966482,-0.18864395199309558,-7.175390825449571,-0.10435921630104783
SZ000338,garch,175,0.058748988881228106,0.19480827800760858,0.006569493272547744,-6.8355159877446265,0.05888174379870481
SZ000413,garch,102,0.14721779949896915,0.308708002756011,0.16492124246314177,-6.25843326261381,0.18693976746179475
SZ000415,garch,102,0.14101004314282226,0.2944370523454812,-0.16607190156138496,-6.842990301007355,-0.1877670246452987
SZ000423,garch,102,0.16103268291265324,0.3005435261861678,-0.2724156025983646,-6.791306654106551,-0.05000177529171079
SZ000425,garch,175,0.08494298670981522,0.22825839840664172,0.07605373356936562,-6.741146820373244,0.03439792715044543
SZ000538,garch,175,0.11916543928925234,0.27322947596063124,0.026297496182306923,-6.930667048027705,0.07238077595685133
SZ000568,garch,175,0.08022153836140952,0.22319773609986945,0.16336507256381483,-6.622678327897679,0.10218114175086046
SZ000596,garch,175,0.11823002608207243,0.26672065542323015,-0.012250517729710309,-6.24454670205645,-0.1061648834439175
SZ000625,garch,175,0.09869204709189759,0.25140827097544594,-0.022159318966908037,-6.167119170275738,-0.07033106308013681
SZ000627,garch,175,0.11049250661809212,0.263167205449398,0.055722120823449295,-6.994504436837146,0.08479956485504125
SZ000629,garch,102,0.05981682545953661,0.19285963336981712,0.4482491526581325,-7.319833864747965,0.3059018815950797
SZ000630,garch,102,0.07333906022798367,0.2331343728661805,0.10271464952385634,-8.058951400196184,0.1102602919168314
SZ000651,garch,175,0.12125877450912481,0.2995265558915225,-0.46915380907733417,-7.377381225217165,-0.49726941614897346
SZ000656,garch,175,0.08426133728400992,0.22905847627158354,0.14621769161588127,-6.460880368005061,0.07986151453034818
SZ000671,garch,175,0.06927802401683418,0.19524753991589705,0.1605998913345611,-6.479060667947867,0.20615285070474354
SZ000703,garch,175,0.14328029708367548,0.2969719417434745,-0.1922218064567427,-6.946113452170123,-0.173553980080267
SZ000709,garch,175,0.1197587444423664,0.3038835472457782,0.21662692772754977,-7.7897198467635915,0.1875513684736997
SZ000725,garch,175,0.09459694042502065,0.24932074107798063,0.046485998742312185,-6.4538998140735515,-0.08779694867755117
SZ000728,garch,175,0.16344397780676062,0.3255032683389858,0.2781526866958055,-6.631632814054781,0.20506146405019654
SZ000768,garch,175,0.09894177768938224,0.25099233934310716,0.48049003666082135,-6.5230432774281795,0.4715739854082631
SZ000776,garch,175,0.14560242795237913,0.3008095784245407,0.27345612543748277,-7.196332315999286,0.28962114306336073
SZ000783,garch,175,0.17827475002098223,0.36484676850736103,0.24423829307232903,-6.737116104177861,0.20933172563593283
SZ000858,garch,175,0.08714539401172011,0.22586175325743577,0.06311722483319226,-6.832715922456212,-0.08749606658401943
SZ000876,garch,175,0.09243315624403495,0.24898575502575657,0.11493244291498905,-6.203091441603941,-0.04077676379604123
SZ000895,garch,175,0.11152009052605667,0.2695770298373737,-0.9226377289857208,-6.156100128848849,-1.1837298388937332
SZ000898,garch,102,0.14363698077074086,0.3202707865872612,-0.5381769118677029,-7.8306974611472695,-0.4804432831078418
SZ000938,garch,175,0.12598044343664253,0.2985430626310462,-0.28166339130558593,-6.1887780643249455,-0.3254619268771104
SZ000961,garch,175,0.0797014042878107,0.22581565447772514,-0.16958630016740361,-6.3403749518338675,-0.0986925047259315
SZ000963,garch,175,0.1517112637904715,0.3079446996475966,-0.3052686887441376,-6.6225405031642355,-0.41590842548290197
SZ001979,garch,169,0.15511150924643471,0.3347769271873774,-0.12185339691315122,-7.376592770215556,-0.08539466975816268
SZ002001,garch,175,0.0696053015524182,0.20941119250311016,0.012230361192764438,-6.661952898638461,0.04301868279173304
SZ002007,garch,175,0.16611579234776555,0.3258249546089445,-0.4502762301444021,-5.733784184048964,-0.6359418350110004
SZ002008,garch,175,0.07147487066158362,0.2196138385041708,-0.07794228738134246,-6.451838079809169,-0.0158902790695421
SZ002024,garch,175,0.19653414889326043,0.3546418962917626,0.1523856146125402,-7.296190543714343,0.17998111111247994
SZ002027,garch,175,0.03873481763498927,0.1522641869706183,0.038162721009396106,-6.394169988254701,0.02514453062234856
SZ002044,garch,175,0.07025501554630133,0.2106198756949779,-0.13511033639662462,-6.186659895055182,-0.28229376851727483
SZ002081,garch,102,0.11052437123755311,0.2585097304467571,0.10144953451977612,-7.018980775295529,0.07427914623491694
SZ002142,garch,175,0.08041604596080935,0.20416007445653808,0.015540793873883074,-6.780447683707119,-0.05683166497203529
SZ002146,garch,175,0.11248779264703238,0.27399074998045797,-0.03612776170424303,-7.355522735031534,0.05977818711288074
SZ002153,garch,175,0.08446838566351979,0.22808450909369035,0.2132228615488987,-6.232920396092283,0.027339548855168316
SZ002202,garch,175,0.08099644484022903,0.24319709478752335,-0.07610106611203471,-6.976529506121613,-0.003921730120913791
SZ002230,garch,175,0.08513436898456496,0.2361749861319685,0.20693213754962314,-6.799954278646136,0.25281528189328073
SZ002236,garch,175,0.0901891733041259,0.24150769932686972,0.04684476100259061,-6.484729929003416,0.09951668249671763
SZ002241,garch,175,0.06449253628130881,0.2098060761240197,-0.33473440358966844,-5.764425092523683,-0.17315089090551306
SZ002252,garch,175,0.18266343561762927,0.31100440268537477,-0.09825040659329742,-6.144874379327872,-0.026871885442693033
SZ002294,garch,102,0.12339929697443162,0.2751658783744635,-0.32577007104779265,-7.346889049115305,-0.5869299785151241
SZ002304,garch,175,0.10734305383804735,0.2616553084637324,-0.07097353983296562,-6.74355858714281,-0.012137853793351194
SZ002352,garch,175,0.2592093111980231,0.43003668093473524,-1.4821014686916039,-5.853504352229576,-1.7701050011891568
SZ002410,garch,175,0.08671641829528966,0.22950338476540846,-0.49425102485592287,-6.023696530541657,-0.39869499299909705
SZ002411,garch,102,0.2483515265282046,0.39859330012622773,-0.9238212128384766,-5.309564386658887,-1.0226940102767559
SZ002415,garch,175,0.08733339815313729,0.24067534991637105,-0.08666042034245436,-6.859819156272933,-0.06274892978124114
SZ002422,garch,175,0.07571298305664129,0.21415958140187108,-0.25735212467762913,-6.669570755440288,-0.23501967819638825
SZ002456,garch,175,0.08469130635827932,0.22354977748811536,-0.0008135014400598717,-6.064824747032316,-0.004167591401867288
SZ002466,garch,175,0.16374375160723542,0.33955785082176937,-0.9666331547918099,-5.341410494383654,-1.6725990532199635
SZ002475,garch,175,0.1071246846231116,0.26267052813263875,-0.8919070267608458,-6.098632813118821,-0.9170920439586885
SZ002508,garch,175,0.056328839715400744,0.18751311384130295,0.010468727771146824,-6.563313107646746,-0.0031938705528933298
SZ002555,garch,175,0.09065423156449155,0.2430633549897403,-0.10124225886347227,-5.931922785086162,-0.19919902467185202
SZ002558,garch,175,0.09222107717297788,0.24518013116436338,0.33515148843873843,-6.85362801342844,0.3458347460020331
SZ002594,garch,175,0.08867256605430567,0.23391072499048285,0.03633391005928277,-6.229470842796648,0.05017374556973586
SZ002602,garch,175,0.1419570194794636,0.3062347160579404,-0.9630380374628502,-5.896882259574956,-0.9128358127154199
SZ002673,garch,175,0.1419877721538045,0.3058425290929532,0.3312150802589162,-6.876926204006766,0.2937469223591782
SZ002714,garch,175,0.09539436327818791,0.23591153428274803,-0.004763348352412544,-6.278530096597768,-0.018161516971376468
SZ002736,garch,175,0.11222749322494001,0.25854631801444977,0.4570868410859451,-6.988888745998627,0.49615412525884717
SZ002739,garch,175,0.2398668941788664,0.41357275353944095,-1.2047991081708238,-5.733666627828032,-1.3936234595436723
SZ300003,garch,175,0.06446781729289161,0.1935021515805486,-0.022451247819900155,-6.425843914278695,0.03760705733639769
SZ300015,garch,174,0.13545554012283756,0.2757160102543935,-2.0497060035395114,-6.5095465436712905,-1.9915812571433582
SZ300017,garch,102,0.11955512571487939,0.29956928066047217,0.3596143430542533,-6.202514908605474,0.29879728855355747
SZ300024,garch,102,0.10195004358773707,0.2781919257783118,0.44632174426300353,-7.029438171896722,0.39383580266819596
SZ300033,garch,175,0.10838732080671676,0.25117214463156007,0.17182244020865578,-6.06098834171081,0.061233892883925556
SZ300059,garch,175,0.14405737285408496,0.3103143289520309,0.2388258526331647,-6.261505428066865,0.044421677468646226
SZ300070,garch,98,0.0903781861374427,0.2466130035027389,0.2737392542909389,-6.27279819241805,0.387569817064099
SZ300124,garch,175,0.08254603142012741,0.22925382496924904,-0.5887870309770169,-6.217165698815821,-0.20899064799784806
SZ300144,garch,175,0.24304790215233824,0.3405622975063184,-4.91857648164855,-6.124377751836894,-5.603478081971091
SH600000,egarch,175,0.28777545260218024,0.35935072151618197,-0.03084541150007225,-8.097184431505445,-0.040978834391276475
SH600009,egarch,175,0.2565935417289628,0.3059208648731674,0.1621074794641899,-7.062384316784105,-0.30671194998761475
SH600010,egarch,175,0.29488224144910963,0.345573843807041,-0.08437466064144661,-7.321901027501166,-0.15886200628620695
SH600011,egarch,175,0.28641964272975384,0.3661860189341022,0.2026357007036913,-7.405135330813875,0.2499726107648198
SH600015,egarch,175,0.29343201552559145,0.378476618833179,-0.01725250016137947,-8.349122094062576,-0.08217458718152626
SH600016,egarch,175,0.3029561909655814,0.4232535069659171,-0.11298689557605557,-8.622488222037854,-0.24623839685799775
SH600018,egarch,175,0.39816723900474055,0.48338502428502383,-0.28721571495625997,-7.616241218615638,-0.4103073972557367
SH600019,egarch,175,0.31358686523798485,0.3813472595661363,-0.19859866796064884,-7.846126237785577,-0.2611277168502013
SH600023,egarch,102,0.2748888550414531,0.35952134078672043,-0.17204402628902438,-8.583994167741972,-1.9909979825582473
SH600027,egarch,175,0.2737209500852678,0.31414559288315413,0.07101428196114756,-7.368591893358104,-0.1476863944235165
SH600028,egarch,175,0.3557642147734053,0.43951718059274997,-0.32525696643462854,-8.56010802127702,-0.33672257648976034
SH600029,egarch,175,0.31528445763712837,0.3980395725031313,-0.07834859701343966,-7.3266690525198115,-0.1368063664523156
SH600030,egarch,175,0.2978854266040716,0.38429558080351034,0.24383281115894162,-7.039539177536514,0.2603081787312286
SH600031,egarch,175,0.26414928013322747,0.2948443386959414,0.08799847600823996,-6.610833624150551,0.06252124491805511
SH600036,egarch,175,0.2715157691269935,0.324409047620732,-0.0028167769820555133,-7.523483003254867,-0.12254919813120813
SH600038,egarch,175,0.32422271011859,0.395799606463559,0.2846169435314827,-6.74462105889037,0.3915639190655267
SH600048,egarch,175,0.25162943938827603,0.2954790665468274,0.08228536571191025,-7.009709600652443,0.1794733362517451
SH600050,egarch,175,0.3076900283690598,0.41620547060526536,0.06162081477109893,-7.7477497490987295,0.08744109934764688
SH600061,egarch,175,0.28219720935098935,0.36728809598787143,0.1807050393081775,-6.760910953082388,0.2439555581510474
SH600066,egarch,175,0.3125587802649011,0.37666471256121775,0.11684571122031817,-6.823943953340281,-0.007848824830551049
SH600068,egarch,175,0.32251893956021277,0.4265655097934091,0.1292423399501843,-7.209002687904493,0.10668004145460608
SH600085,egarch,175,0.26367033529059136,0.33471398102023486,0.23946325002471913,-7.128033824726395,0.2906505824502599
SH600089,egarch,175,0.2835009152471514,0.38851976907250996,0.44074249081270644,-6.62015009590577,0.22282885747754055
SH600100,egarch,102,0.41145588839020586,0.4313135241581666,0.05496772677769324,-7.0484301514629895,-0.0772596570387305
SH600104,egarch,175,0.27027602877515805,0.3673757678503893,0.05453519601202028,-7.182621178797117,-0.20863835438655887
SH600109,egarch,170,0.2745045349136122,0.3541234942004719,0.33496789820223005,-6.4615629133704555,-0.09327441800135072
SH600111,egarch,175,0.28543426957308216,0.33826701396808506,0.2247974204528529,-6.927396279501289,0.36540454177423665
SH600115,egarch,175,0.33487878791261566,0.4099953513813658,-0.058919072826694396,-7.192753110490318,-0.06616890825773436
SH600118,egarch,175,0.17838410481700456,0.29056171618252413,0.39386732870335706,-5.9518422423662765,0.3134745134939201
SH600153,egarch,102,0.3675513049016826,0.39874463770129925,0.026323387787001717,-7.399556890262094,-0.39787139760777324
SH600170,egarch,175,0.25618818626394113,0.37146072367183136,0.20050552635406238,-8.039961053094563,0.20594741808004724
SH600176,egarch,175,0.3353479246600343,0.3359676042496771,-0.04438884044423541,-6.392225572658838,-0.004679410363265912
SH600177,egarch,175,0.2740367492687574,0.36929313446188117,0.07324186687696099,-7.840246837221732,0.09518681889268132
SH600188,egarch,175,0.32306708771900067,0.3933329995304063,-0.12539609206985713,-7.505729989905044,-0.048437131927875354
SH600196,egarch,175,0.3399748756607276,0.3912764247123611,0.2867698529424051,-6.118817360179149,0.2804498349381265
SH600208,egarch,175,0.33931418864948676,0.38601527566049626,0.01556393026603109,-6.944440248113669,0.35766127452185636
SH600219,egarch,175,0.23813814630861316,0.35569165856446344,0.20556637137386657,-7.273703947866639,0.2010620830011235
SH600221,egarch,175,0.2867865203444582,0.3537475265128704,0.17508710325199062,-6.677246166694179,-0.08162864270756187
SH600233,egarch,175,0.31041755031022467,0.3785432198421927,0.007065854793632531,-6.1348091193755705,-0.9692287100009727
SH600271,egarch,175,0.2668009514001295,0.3449265056351281,0.034531531364187296,-7.137548202288568,-0.05872892811890362
SH600276,egarch,175,0.23457521575762455,0.260908660836065,-0.03447123023585186,-7.12928784401428,-0.20113859752784324
SH600297,egarch,175,0.3390333019432298,0.3996589655696175,-0.004510260755335116,-5.730286273043497,-0.7819714042914956
SH600299,egarch,175,0.30754638594859035,0.35374829851838757,-0.04955975159793247,-6.649007260901499,-0.05738408085192859
SH600309,egarch,175,0.21580618895271442,0.2787096916749438,0.16761220914079955,-6.756341339454911,-0.007828168902986876
SH600332,egarch,175,0.27733120511914816,0.3436911807974718,0.15551076422658883,-7.121735518308301,0.10869216983235708
SH600340,egarch,175,0.27882648542963084,0.3487618146236959,0.08440851286560991,-7.346352711369127,-0.14410811522989886
SH600352,egarch,175,0.3291509428447774,0.3795168978142251,0.052490537348516275,-7.164199296551664,-0.000436449995984578
SH600362,egarch,175,0.27353359320916054,0.3221425117535769,0.02509580462632033,-7.22564458530914,0.19754831289917074
SH600369,egarch,175,0.29557623115448456,0.3831306292810926,0.22467418447691978,-6.864387011067486,0.32807579976869794
SH600372,egarch,175,0.32615314957414315,0.37291462488465316,0.223809897425144,-6.749495337683326,0.4840203885590454
SH600383,egarch,175,0.24182532313758023,0.29177291353855234,0.12713504187212887,-6.6187761454797975,0.14511007141932752
SH600398,egarch,175,0.4377347330094359,0.4515572063014272,-0.4009029878243422,-7.377246758021177,-0.5630317438574894
SH600406,egarch,175,0.2536721468822015,0.31076450759403335,0.09790170906097462,-6.806401982215425,0.2673087830931037
SH600436,egarch,175,0.21176102590110338,0.2949377090334711,0.26964985965384236,-6.777099286105686,0.15526781081444374
SH600482,egarch,175,0.3795424194049477,0.4276635390374033,0.066704550993541,-6.816576552998615,0.11576671937895155
SH600489,egarch,175,0.2789529038830484,0.32744218573054973,-0.18973365247018692,-6.9842992183730646,0.024216411830090934
SH600498,egarch,175,0.2943607210874497,0.35949240713653363,0.34379156536991984,-6.508173589935248,0.41579784410229814
SH600516,egarch,175,0.3383913854854639,0.4119677483318435,-0.13165263406787386,-6.956319895363403,-0.22732171004157697
SH600519,egarch,175,0.2834815383700355,0.31498265315805984,-0.09607239365020526,-7.510488152183096,-0.039900465227027615
SH600522,egarch,175,0.37269548820476484,0.43414460844119535,-0.06964008867225413,-6.1715055499670095,-0.03940596588922052
SH600535,egarch,102,0.32660593629540086,0.3612823954102514,0.031255438756899845,-7.032860822430779,-0.34657062604577704
SH600547,egarch,175,0.33926304330843404,0.35311502058842287,-0.13390189117888518,-6.998079574324409,0.2132030138567942
SH600570,egarch,175,0.2505120352930368,0.3355214318035911,0.08593005427280387,-6.4890057801451,-0.29048571883466634
SH600583,egarch,175,0.2694136485644489,0.3606904659847591,0.008251256221528003,-7.0140665515385185,0.08661136362556765
SH600585,egarch,175,0.2460929580760908,0.3005496652062539,0.15092844120455284,-7.064175971292942,0.2698962810156048
SH600588,egarch,175,0.2703086619304865,0.3164548638960958,0.2097465925090315,-6.050331806771056,0.15674048511185823
SH600606,egarch,170,0.2903814695547135,0.36863609220322224,0.4001541598724555,-7.074220147929763,0.5153312129656834
SH600637,egarch,175,0.24310486895564581,0.32250135469332236,0.11447778162085676,-7.123126453885993,0.045636288354607424
SH600660,egarch,175,0.2551047554787417,0.34280593649524777,0.2926063299190387,-6.7802134883689025,0.22530368076513685
SH600663,egarch,102,0.39354545648522954,0.3921538989943451,0.1327679312260448,-7.594718301303011,-0.08655083075532555
SH600674,egarch,175,0.22659925817440504,0.3064621673057763,-0.09189270432973173,-8.052375622114967,-0.2383175273464948
SH600690,egarch,173,0.26341905497831863,0.28326399859316725,0.08782883522238127,-6.838382969576019,0.16525456865849608
SH600703,egarch,175,0.26840983937518204,0.3140229486124858,0.0627119764928401,-6.0441723044420685,0.21247808000961654
SH600705,egarch,175,0.286682478279289,0.3407271783078688,0.33763690275701463,-7.180813444002855,0.5684684489050533
SH600741,egarch,175,0.2395213112860615,0.3196769349839981,0.10133930212270514,-6.430352287097548,-0.3359248582401271
SH600795,egarch,175,0.2522157283378986,0.34056236261804235,-0.06494609325090916,-8.147777249956864,-0.11495843361730174
SH600809,egarch,175,0.2823753225120593,0.3495315919542656,-0.002271705367541177,-6.390077813663174,-0.3892750273200172
SH600837,egarch,175,0.25635539704936655,0.34756400617211947,0.27059440577321536,-7.104484505934995,0.3134437024394571
SH600867,egarch,175,0.31467262186286127,0.3415302050652393,-0.019570211442735186,-6.499268977090968,-0.3845013206593515
SH600886,egarch,175,0.2283251167342595,0.29445855706462454,0.02363485546198907,-7.743319520480054,0.18387235104897937
SH600887,egarch,175,0.31693673293024965,0.35938122465669464,-0.18831665731468594,-7.041032257190164,-0.30877757724031807
SH600893,egarch,174,0.26485856172603667,0.31061056168211715,0.43223198719751355,-6.443822514023087,0.5746924680609777
SH600900,egarch,175,0.2532490596919839,0.3222227464489672,0.14056451423640004,-8.036786737483103,0.28140347713782976
SH600919,egarch,175,0.2837178953468296,0.3551805647705321,0.16413711462160185,-8.069718823963234,0.2563364229567111
SH600926,egarch,175,0.28492604993790377,0.36782985644464217,0.24282746001996025,-6.870008936786431,0.15823521644910032
SH600958,egarch,175,0.27572716931803376,0.3455063660532152,0.29346404415138216,-6.952802915248828,0.39515071856367856
SH600977,egarch,175,0.2866770040483259,0.34189607931975247,-0.18264077222229758,-6.8442697075536465,-0.34861158289097105
SH600998,egarch,175,0.3100821729022675,0.37807838599655247,-0.14691085885819333,-6.562827863850853,-0.3321355184977026
SH600999,egarch,169,0.22601360557400146,0.34705958889383526,0.31154498526742513,-6.708827479929326,0.28262932612437563
SH601006,egarch,175,0.30307073929048445,0.3974173374269699,-0.3354985308760918,-8.574865696105054,-0.7630984224371702
SH601009,egarch,175,0.28758743833383477,0.33358913159135545,0.06747362796563405,-7.694727506337016,0.13824544293527363
SH601018,egarch,175,0.2925612200941317,0.3650829225963779,0.17572858808921443,-7.297568682240025,0.14316649919177626
SH601021,egarch,175,0.18170972248535663,0.28348304980391686,0.0644871083730928,-6.813785170306783,-0.5653275120460757
SH601088,egarch,175,0.24138223603032877,0.31643900890512033,0.04065209330472319,-7.7789281366418725,0.08680763881214715
SH601111,egarch,174,0.36045504705140424,0.4241379135487966,-0.31462209408912223,-7.165776353973667,-0.5617034061082171
SH601117,egarch,175,0.28679237813387787,0.3655533274242206,0.17563388140990832,-7.382092683193867,0.19863099177351884
SH601155,egarch,175,0.38770657085818067,0.4124425622485376,-0.41459368080586234,-6.906332979754001,-0.8155236185477652
SH601166,egarch,175,0.2998754978053396,0.37323707404550827,-0.19792685605186144,-7.953322207673375,-0.37059531386191424
SH601169,egarch,175,0.2831127410100057,0.38742149716380725,-0.18388282538862222,-8.524703447197226,-0.35733621197382504
SH601186,egarch,175,0.29901920471325344,0.3635560137702808,0.15947776772988242,-7.496976703051505,0.3385861226949044
SH601198,egarch,175,0.3633247641939212,0.41475808880535575,0.07358607109170645,-6.727825061437735,0.10774109999673376
SH601211,egarch,175,0.28344525587706726,0.3674273829976154,0.19514173389554157,-7.326446924366618,0.27621924083869076
SH601216,egarch,175,0.3985704821070562,0.3995497966939622,0.43899494406330675,-6.578205310592641,0.46813652816781803
SH601225,egarch,175,0.2584440597076003,0.32617264606015756,0.09732495934767738,-7.27632862554663,0.2254602371338028
SH601229,egarch,175,0.2958910288169438,0.3593811755238716,0.11222938418841155,-8.35501840585394,0.37662140205861583
SH601238,egarch,175,0.3225265462600012,0.34994394223840647,-0.05826177190093085,-6.9327205163227585,0.008162884066143072
SH601288,egarch,175,0.2958909379289472,0.41718971798305404,-0.23135434513429387,-8.967309622515364,-0.2981416952373066
SH601318,egarch,175,0.24812666263104038,0.35138578499951556,0.09632306434244509,-7.822761288854415,-0.1451747057713746
SH601328,egarch,175,0.3183795304583315,0.4174766129390764,-0.048992299137477824,-8.92069434082229,0.06684334365703071
SH601336,egarch,175,0.2893656907759121,0.36481083837828526,0.25885385306775643,-7.0212631986323375,0.3896126445800544
SH601377,egarch,175,0.33077852253092693,0.4114202508119292,0.24194926275866613,-6.837962958879324,0.21723028017857038
SH601390,egarch,175,0.2554523112480659,0.2951024360179022,0.21063594979802946,-7.555179441073126,0.3347085009389438
SH601398,egarch,175,0.3328003340891771,0.4460738919507735,-0.34313623477002175,-8.708190626319283,-0.36410326252413294
SH601555,egarch,169,0.35997844146122454,0.44653075500006895,0.13648928711613917,-6.644958873632716,0.0051948982532805665
SH601600,egarch,175,0.26823536680655047,0.33064667271454556,0.21772466175875105,-7.552953163914278,0.48127267483059233
SH601601,egarch,175,0.2968632125412278,0.38453626445168726,-0.12058097647262223,-7.289863711304089,-0.3730910978034889
SH601607,egarch,175,0.3439340157661333,0.41632320210750584,0.1799313637992146,-6.8807641268622115,0.1862669298126799
SH601618,egarch,175,0.26465675429117014,0.3197878842383419,0.2584941225689116,-7.467392343824927,0.30822112519624345
SH601628,egarch,175,0.2878235778619866,0.3415266755164395,0.26652253078839094,-6.789900157972009,0.4109012410156201
SH601633,egarch,175,0.3833554676520918,0.42368237860137137,0.1614989433720142,-6.066119161704946,0.06264187093967655
SH601668,egarch,175,0.2896284637972638,0.3658591314772846,-0.03283710838746057,-7.809622190797711,0.21206253695726462
SH601669,egarch,175,0.28729086387458846,0.3408290443470276,0.2749422047166983,-7.361477199779656,0.4177649175410352
SH601688,egarch,175,0.3114849025963145,0.37948221529180165,0.06657592398671364,-7.169112152513837,0.0886232134498246
SH601727,egarch,175,0.33401473590010766,0.4017481740609721,0.1704568140099868,-7.110072224708445,0.227047826386799
SH601766,egarch,175,0.2703091146957168,0.3656528988302604,0.10397215673600513,-8.003740031850072,0.15582177140577846
SH601788,egarch,175,10.604015736719873,1.5353261954843236,-18.515988772340357,6440598.01757588,-32.4437458349854
SH601800,egarch,175,0.3734301625011683,0.4282796652168567,0.02113219624596363,-7.295948685889987,0.1266185910603268
SH601808,egarch,175,0.25227562447229196,0.31522689932452663,0.014804712993000457,-6.652377018382418,0.09678325681392674
SH601818,egarch,175,0.26586941730884406,0.34345463926538244,0.004711693176993159,-7.792369586207001,0.130745413117891
SH601857,egarch,175,0.34600835046335965,0.38759115158505664,-0.4561372115859972,-8.425202873673733,-0.10744540150051107
SH601877,egarch,175,0.3080640206401668,0.393712838661992,-0.012084694819240571,-6.687502498057623,-0.27214894839224923
SH601881,egarch,175,0.35295866138662313,0.39788565039414836,0.08296692238183712,-6.679665468992206,0.2731456686413205
SH601888,egarch,175,0.2662331181083122,0.30727819532275835,0.441949364664703,-6.267194313433852,0.5097663793905828
SH601898,egarch,175,0.2607037557751176,0.34316027460742143,0.03343476998985928,-7.856429400042676,0.17130929668648898
SH601899,egarch,175,0.26159309598262437,0.29671224793736883,0.11367574519504031,-6.5278223721566375,0.22865077703942172
SH601901,egarch,175,0.34181478817619076,0.40497794166465656,0.1491889791118648,-6.812190380089327,0.34160405463143395
SH601919,egarch,175,0.305621060602068,0.30970658970930937,0.10151998466076606,-7.002083525837757,0.5064842673777552
SH601933,egarch,175,0.3116298407553992,0.33188040903017685,0.061486619052022795,-6.894719266818269,0.14846309021425907
SH601939,egarch,175,0.3186282254936658,0.40647139344479927,-0.11551435796511278,-8.36083202281094,-0.23993971982194506
SH601985,egarch,175,0.28970377820341986,0.3892033468664863,0.03831582275116274,-7.7899830188222845,-0.1605118590277852
SH601988,egarch,175,0.2928821326158391,0.4200129946108996,-0.21282827004400717,-8.902628983992406,-0.3631584711632687
SH601989,egarch,175,0.33465375606586223,0.40385279362721266,0.29142744174915536,-7.336657051579604,0.4537034274900662
SH601992,egarch,175,0.38718047837369635,0.4629651108835409,-0.19946410313748175,-7.441109180026126,-0.09041978327034661
SH601997,egarch,175,0.2908765173438768,0.35725001627372777,0.10832860010975975,-7.850480502775604,0.2450527818777175
SH601998,egarch,175,0.3308933795285562,0.4223815770949019,-0.055191285021272574,-8.182324979673991,-0.030611449138331137
SH603160,egarch,175,0.22874807456868074,0.2913668525058393,0.13624606855384092,-6.264034717518096,0.23111613729467362
SH603993,egarch,175,0.2421193225045814,0.3046565143147587,0.17911906831437574,-6.720376437091048,0.4382969112838786
SZ000001,egarch,175,0.09998728448606146,0.22968503335743215,-0.11180740707811831,-7.115434030530401,-0.04007956401621837
SZ000002,egarch,175,0.10481622620761667,0.27387159228217617,0.04462487518759217,-7.215973660519461,0.058442195472723224
SZ000063,egarch,175,0.12108316269642203,0.30073487707683344,0.17405160173090017,-6.563803764728745,0.19903579334846844
SZ000069,egarch,175,0.09922804925664386,0.24116978425723387,-0.04494833005594567,-7.216309141322177,-0.052066052977361554
SZ000100,egarch,174,0.07193393255814481,0.22012905144399145,-0.21855562556501806,-5.970015095730565,-0.05801172116641906
SZ000157,egarch,175,0.06501510399803583,0.19431291228410252,0.21791897865003673,-6.920727685895885,0.10120157301585286
SZ000166,egarch,175,0.14274317214729496,0.29303172097962704,0.35241185687914545,-7.134009802842937,0.2875875854865655
SZ000333,egarch,175,0.08573497430519562,0.2353509372556197,-0.19691018264065008,-7.1737615163926876,-0.10506723166607945
SZ000338,egarch,175,0.0575874263894398,0.19221517795177656,0.026211220505432564,-6.83949531513102,0.09186937045784294
SZ000413,egarch,102,0.1457754085140399,0.3113932754415525,0.17310306609911807,-6.26796435775224,0.18216144534129786
SZ000415,egarch,102,0.14009754137321045,0.3067073059260901,-0.15852603709702429,-6.880027008644838,-0.18914415599901968
SZ000423,egarch,102,0.1317582382133527,0.26783587753053634,-0.041100694847634234,-6.783927229902556,0.1595259338959869
SZ000425,egarch,175,0.08534771396010393,0.22614884303977473,0.07165141330360336,-6.740042347685327,0.037031432235291595
SZ000538,egarch,175,0.11495015454472308,0.27056737033202144,0.060740647942859716,-6.932024518239946,0.07490837862098665
SZ000568,egarch,175,0.08136840532223795,0.22239568140366942,0.1514043326409662,-6.613359626792327,0.0579631962773256
SZ000596,egarch,175,0.14697421453768442,0.3120607646292956,-0.258349758422727,-6.141407163956147,-0.489814344341734
SZ000625,egarch,175,0.10756614070647402,0.26468356937490567,-0.11406882690403441,-6.1326782772849775,-0.19335659007000583
SZ000627,egarch,175,0.1034810725992423,0.2510392738534044,0.11564240182666574,-6.990272501872467,0.07938268989828456
SZ000629,egarch,102,0.06358936495097905,0.20907400845413843,0.4134512200523295,-7.329106873831234,0.28808443985976706
SZ000630,egarch,102,0.0617458884486709,0.20532975981506602,0.24455425274202802,-8.058580065882003,0.28679109274175174
SZ000651,egarch,175,0.11103269202524012,0.2838827037260311,-0.3452560697676921,-7.391641301999181,-0.3684582838042554
SZ000656,egarch,175,0.0859768071588971,0.2279109593637447,0.12883560539515215,-6.4524323648038395,0.056167946652148304
SZ000671,egarch,175,0.07566417450936996,0.22257623154696013,0.0832227505534413,-6.495256034339654,0.13331366032693437
SZ000703,egarch,175,0.15901529099601883,0.30934893415632814,-0.32315120323070556,-6.933139022972607,-0.2896103261424705
SZ000709,egarch,175,0.10433677862405895,0.2739330066728355,0.31750601425957536,-7.795529251358145,0.3027202474139934
SZ000725,egarch,175,0.08907078050390008,0.24619675030482685,0.10218833789094539,-6.481968511966836,0.03632643666256996
SZ000728,egarch,175,0.1833874368203392,0.3529410889675503,0.19007276781396998,-6.578388576177478,0.09080765525161572
SZ000768,egarch,175,0.1009600372239465,0.2513670649018224,0.4698928353440823,-6.50597289653416,0.42400589257115173
SZ000776,egarch,175,0.15947559751293675,0.3155464725685093,0.204230175659455,-7.176937789410418,0.2136641698221846
SZ000783,egarch,175,0.1620394756574308,0.34052662446069754,0.31306463367296133,-6.770433062393065,0.29823104417442825
SZ000858,egarch,175,0.08932440755627687,0.2254028857890339,0.03969108418741307,-6.822809985021767,-0.12495847548288919
SZ000876,egarch,175,0.08112612542158863,0.2348926431812289,0.22319972009728595,-6.2407817715295515,0.13416685151426044
SZ000895,egarch,175,0.12533134535404225,0.2888326396825,-1.1607476470431934,-6.112363617649306,-1.5282880860560155
SZ000898,egarch,102,0.18214550380439548,0.3647245245667206,-0.9505562359293447,-7.784069667958484,-0.8475446310705832
SZ000938,egarch,175,0.13088342754020663,0.30604073447742075,-0.3315439526234356,-6.19372565258668,-0.3649794528700596
SZ000961,egarch,175,0.09571275558441387,0.2495571837317173,-0.40454649053055736,-6.30532550413558,-0.24553283566604067
SZ000963,egarch,175,0.1285797958616408,0.28144700770487785,-0.10625392835105862,-6.644334796729992,-0.12265725195482702
SZ001979,egarch,169,0.13221872527168108,0.3073283436207131,0.04372005145084645,-7.38734175403928,0.05782970323225811
SZ002001,egarch,175,0.07870150831727855,0.22286066721736705,-0.11685401413855523,-6.634841763773446,-0.07064480023527242
SZ002007,egarch,175,0.1281471915508046,0.27795483297681034,-0.1187908340274868,-5.787603030805227,-0.16084753848296285
SZ002008,egarch,175,0.06752250346115023,0.2111040488217777,-0.018334991821784774,-6.469019573736121,0.006069719900408832
SZ002024,egarch,175,0.1823923242117606,0.34114763099695433,0.21337661339401315,-7.311190780496584,0.24351399317011013
SZ002027,egarch,175,0.060788287746071167,0.20562036701265682,-0.5094544094965419,-6.327171120175773,-0.5622672041248498
SZ002044,egarch,175,0.0914249037076723,0.24206688061914994,-0.47715223455115163,-6.123166263918132,-0.7998711234272649
SZ002081,egarch,102,0.11942212585604224,0.2645505580725118,0.029111809684516432,-7.005987050044264,-0.0259017663233696
SZ002142,egarch,175,0.08075198015516613,0.21168769559839917,0.011428262521020138,-6.804246671086764,-0.05416443225440948
SZ002146,egarch,175,0.11634923804996224,0.27604128329922184,-0.0716956281200698,-7.351161717872059,-0.05382124765627472
SZ002153,egarch,175,0.08575539827330467,0.23150189722330197,0.2012350380534823,-6.230870839435346,0.05647660494559692
SZ002202,egarch,175,0.08072342359847755,0.23587006217702058,-0.07247376555705931,-6.969781196082904,-0.02157667541396946
SZ002230,egarch,175,0.09199615948450608,0.24262622374311896,0.1430112371039145,-6.795533866152239,0.1767898707219221
SZ002236,egarch,175,0.09995855239281597,0.2552555499694532,-0.056401942775663017,-6.458637673526115,-0.011069008480520504
SZ002241,egarch,175,0.05966255430121338,0.19890678426602035,-0.234773330738826,-5.784379307025111,-0.13419061793738463
SZ002252,egarch,175,0.17652819105778925,0.3121962204294701,-0.061362702113138656,-6.220441764729899,-0.06317519898645418
SZ002294,egarch,102,0.14655669205532695,0.3013240427095898,-0.5745671231739626,-7.3154699071735125,-1.196252278955214
SZ002304,egarch,175,0.10428958015543088,0.2529370210822502,-0.040508694631222086,-6.747228527462966,0.003888880400205741
SZ002352,egarch,175,0.2743660869663166,0.4480407436035942,-1.6272376724075666,-5.795450932606764,-1.9426424661818897
SZ002410,egarch,175,0.09403638224328012,0.24107474986336375,-0.6203847357057781,-6.002955358680029,-0.5112829386336855
SZ002411,egarch,102,0.3503661506557668,0.49910143492553,-1.7140635788102423,-4.837911564558925,-1.6849324100592318
SZ002415,egarch,175,0.08486219892717199,0.23573476104161314,-0.055912110458431696,-6.865689964851742,-0.04765508926673734
SZ002422,egarch,175,0.07260429001483222,0.2120540080494951,-0.20572660890360317,-6.677079657173903,-0.1626634945431411
SZ002456,egarch,175,0.09088068403956003,0.2312960238078812,-0.07395457122982751,-6.052909928889589,-0.10639519546944531
SZ002466,egarch,175,0.19171423811634164,0.37418674284244047,-1.302570774301162,-5.238280199962628,-2.183626993984517
SZ002475,egarch,175,0.07429230417764021,0.2220454629344275,-0.31206110713354507,-6.1259897678044375,-0.2808666473261452
SZ002508,egarch,175,0.06184065930459155,0.1991958613717385,-0.08635765597729561,-6.532196728080682,-0.21087125622078262
SZ002555,egarch,175,0.13255808161260899,0.28953613141573964,-0.6102785132741282,-5.7114271542983115,-0.4730515216643554
SZ002558,egarch,175,0.1067297608109208,0.2647743118493828,0.23055417709627224,-6.830106656839043,0.22254023511239684
SZ002594,egarch,175,0.08415026222892069,0.2215686856692013,0.0854809127778432,-6.248622766085183,0.10893701009277712
SZ002602,egarch,175,0.23673825325837233,0.4146027385314447,-2.2737105764321055,-5.539852174523015,-2.1658271457293137
SZ002673,egarch,175,0.1610272573132479,0.3267046892491106,0.24153608634895551,-6.821864426498035,0.18983235294724
SZ002714,egarch,175,16.122505391388653,3.8308813088800844,-168.8140429287344,10390.643217305316,-156.71360961545935
SZ002736,egarch,175,0.13961555606433124,0.291110116135222,0.324593997439624,-6.907351074064878,0.34759781578608473
SZ002739,egarch,175,0.3287204741274541,0.4863029298759303,-2.02151995870365,-5.254010971551789,-2.12496711353605
SZ300003,egarch,175,0.0625838493648272,0.19138189475421996,0.007428239958485294,-6.43328746030947,0.10202645068632554
SZ300015,egarch,174,0.21147734747582875,0.3093828046597995,-3.761294633093489,-6.438079332780884,-3.821959921719756
SZ300017,egarch,102,0.12364447784795551,0.3056181609961957,0.3377101173963104,-6.201833600145763,0.2741334979107579
SZ300024,egarch,102,0.14598454594521215,0.32903890769080946,0.20717573118110144,-6.932990583943624,0.2203325279582975
SZ300033,egarch,175,0.13910406123030084,0.2872572852790494,-0.0628813511518882,-5.928638362094576,-0.20727961847731247
SZ300059,egarch,175,0.182709309281651,0.34872768324092973,0.03459573117919401,-6.1053453970411695,-0.24794226611733428
SZ300070,egarch,98,0.09423985337890588,0.25590323426678613,0.24270768074065507,-6.270479601429267,0.3636711468633921
SZ300124,egarch,175,0.09584881233762145,0.2407526477759385,-0.8448294528116007,-6.171473556364297,-0.4206697836763187
SZ300144,egarch,175,0.1084612024668531,0.24952382942530255,-1.6411909603288168,-6.232401692068796,-1.5901983668832202
SH600000,har_pooled,175,0.2519328462588547,0.3266028152405311,0.09754700679384509,-7.935680862401964,0.20392011819906142
SH600009,har_pooled,175,0.2551654176734295,0.31798844084905514,0.16677094237313805,-6.7124940207500545,-0.12020167171384055
SH600010,har_pooled,175,0.26154083883997237,0.3502306871612278,0.038232153393614854,-7.147031952066395,-0.008254965465643194
SH600011,har_pooled,175,0.2579417256756814,0.3387614467583669,0.2819154392049501,-7.183591396896942,0.3522418587774857
SH600015,har_pooled,175,0.2491973098778122,0.3429552683041028,0.13609772249072805,-8.401468757354793,0.2016157490450372
SH600016,har_pooled,175,0.2549311989294127,0.3496958393927776,0.06344517080965084,-8.493101509156572,0.12686088850375377
SH600018,har_pooled,175,0.25647972918216305,0.36308446571076713,0.17083902031659803,-7.426187289730142,0.23674904523457607
SH600019,har_pooled,175,0.25675243930922775,0.33739545469742105,0.018635134739659054,-7.6342957214990115,0.10176392002070711
SH600023,har_pooled,102,0.2655166898629794,0.320810541724642,-0.13208391146673493,-8.367397779107822,-0.8892089673045207
SH600027,har_pooled,175,0.22038807156390158,0.2858098073257647,0.25202155390294156,-7.23641356245658,0.07615306444807457
SH600028,har_pooled,175,0.26365381682671973,0.35635201136526673,0.017863396690314226,-8.490384763998799,0.14590975345909873
SH600029,har_pooled,175,0.2634964686685171,0.34674594519390983,0.0987787681125758,-6.998433964484539,0.1697145069311785
SH600030,har_pooled,175,0.3162495268599316,0.388231409888377,0.19721646532297787,-6.751366995105259,0.3340352606234904
SH600031,har_pooled,175,0.2815061431359598,0.3154081410381066,0.02807218924257382,-6.099962368157066,0.08091228691008201
SH600036,har_pooled,175,0.24325900451027702,0.30289652147694673,0.10154680275398076,-7.328648253862824,0.1149196276194282
SH600038,har_pooled,175,0.30426846551639364,0.38613298923098544,0.3286451008675876,-6.36441428692844,0.4264023344208906
SH600048,har_pooled,175,0.25601477723503757,0.32374065950581427,0.06629165397430825,-6.716991489696858,0.1352397217732304
SH600050,har_pooled,175,0.28382810144822657,0.3764014710812957,0.13439384437056812,-7.465273667440724,0.3206160242566416
SH600061,har_pooled,175,0.31586519324519857,0.3749663445754228,0.08295775965003327,-6.385559998928745,0.3380267349331435
SH600066,har_pooled,175,0.2975495788403785,0.34380923883150194,0.15925514408920416,-5.53269623076321,0.2833679723057063
SH600068,har_pooled,175,0.3157924092660794,0.3708308125728074,0.14740306498283096,-6.658981703582097,0.29524294810777596
SH600085,har_pooled,175,0.27620508103046365,0.3369459555427358,0.20330774251848982,-6.778542997901651,0.3946479786816437
SH600089,har_pooled,175,0.26911614742131695,0.38954684697309133,0.46911908147556314,-6.459842824695935,0.38900336276831615
SH600100,har_pooled,102,0.4320074797585663,0.4697559451658552,0.007764812304492774,-6.3408073259086395,0.10599629698238089
SH600104,har_pooled,175,0.2512237980669204,0.347118737461205,0.12118266620658502,-6.682876916320499,0.1335620120563854
SH600109,har_pooled,170,0.3181049151366437,0.3704437333052217,0.22933885091516204,-5.962741248723538,-0.23166420225259632
SH600111,har_pooled,175,0.3105168135749995,0.36735793081482776,0.1566764732345206,-6.354153821554774,0.22929707801561883
SH600115,har_pooled,175,0.2864056344175782,0.36153798952750615,0.09435772047484214,-6.841384791719661,0.24711741994332048
SH600118,har_pooled,175,0.2797086160466424,0.3484166091318219,0.04957602134471761,-4.99987302527388,0.2604900180904267
SH600153,har_pooled,102,0.3777659655215908,0.40062004984332883,-0.0007361710137980815,-6.9169569250022915,-0.15033650657905917
SH600170,har_pooled,175,0.2482482767657265,0.3640252445217999,0.22528384988897932,-7.915904055881799,0.32586760775340917
SH600176,har_pooled,175,0.28286653602008066,0.31115432272932686,0.11905626416510495,-5.846209537579148,0.3143259737640359
SH600177,har_pooled,175,0.27985646765749944,0.3684744124745286,0.05356030459144856,-7.542936954556945,0.20999946041141837
SH600188,har_pooled,175,0.284919336285099,0.3519071661981157,0.0074906426578422725,-7.246913078463474,0.20177601040750304
SH600196,har_pooled,175,0.3271501153289343,0.3850428174358352,0.3136747990201012,-5.609996579268441,0.3666726520456145
SH600208,har_pooled,175,0.3192546681534719,0.39114150626003874,0.07376166021196007,-6.3442596371157975,0.3197037689501926
SH600219,har_pooled,175,0.21798678530816099,0.30377510630328153,0.27279171552598636,-7.198939439261657,0.5124143633291863
SH600221,har_pooled,175,0.2985330822285507,0.38159969013110445,0.1412992865198861,-6.294973908949518,-0.17219779837829163
SH600233,har_pooled,175,0.29469663461004403,0.35525121917419894,0.05735242517929551,-5.484604118330262,-0.13087657997532331
SH600271,har_pooled,175,0.2743782354677847,0.3402352966572609,0.007111730921848691,-6.637695034911437,0.12803224671795566
SH600276,har_pooled,175,0.2267929665864123,0.2657759744497635,-0.000151692904746481,-6.54807431639083,0.12046472898537719
SH600297,har_pooled,175,0.28594190733453506,0.35095174093534304,0.15279242997318354,-5.162583281170023,0.03713578591143618
SH600299,har_pooled,175,0.24002559483684072,0.30518063523627764,0.18086761801124907,-6.2913155485719185,0.21772309161551529
SH600309,har_pooled,175,0.236499785290789,0.29302803049245485,0.0877947719098583,-6.512694615824762,0.08966716534273189
SH600332,har_pooled,175,0.319361820123248,0.3411285766470266,0.027525159690490852,-5.830907558177872,0.20111341068764055
SH600340,har_pooled,175,0.2369378751323759,0.31816895554872754,0.22195948811446564,-7.24166434523875,0.18439042053607124
SH600352,har_pooled,175,0.2714509068968353,0.341508872083941,0.21858858824119776,-6.857818942362103,0.24930956622413647
SH600362,har_pooled,175,0.26176542178987666,0.3225030191940931,0.06703887843284784,-7.028366022875448,0.2695247606593659
SH600369,har_pooled,175,0.32170727604230676,0.38418753865934996,0.15612985799644608,-6.493848673088942,0.39596145462773336
SH600372,har_pooled,175,0.3016639164414601,0.3809981085276085,0.28209018814763387,-6.4071783709598025,0.41118219776643117
SH600383,har_pooled,175,0.26078634280915164,0.3141850335913593,0.058695519381459116,-6.294201075922805,0.09147816539784925
SH600398,har_pooled,175,0.24317026826415988,0.33199924131399183,0.22177079022430435,-7.299294168494741,0.2412762383795546
SH600406,har_pooled,175,0.2545254013614558,0.30683021422387474,0.09486740112874126,-6.1175006743779,0.3714001067650101
SH600436,har_pooled,175,0.26497836727209495,0.32633333513420254,0.08610667660700122,-5.98566610242085,0.09108194348199838
SH600482,har_pooled,175,0.31269647290252345,0.4008532605224903,0.2310788461067278,-6.536546659947965,0.2862446361178259
SH600489,har_pooled,175,0.24139273569482994,0.32540761397115087,-0.02953960012686152,-6.730012114217504,0.07975134282321228
SH600498,har_pooled,175,0.28974163750476506,0.36955867806406106,0.35408873272302777,-6.068578034631981,0.44782315266718953
SH600516,har_pooled,175,0.30266009865128485,0.3730535428445572,-0.01215962508797963,-6.475473440534593,0.1544490913260389
SH600519,har_pooled,175,0.24921640795681688,0.3106430195557835,0.036412648327127206,-7.282652191793658,0.046261546985323254
SH600522,har_pooled,175,0.22898178873677802,0.3225232322213412,0.34281978569547045,-6.22731873470048,0.30335894680046704
SH600535,har_pooled,102,0.35582439734216054,0.3690137888530865,-0.05540932168193358,-5.878182665555828,-0.17791915266614633
SH600547,har_pooled,175,0.2612822682872627,0.3326641988990444,0.12672935061456247,-6.726800549173262,0.327884789614984
SH600570,har_pooled,175,0.27341795575668026,0.32962669015367363,0.00235078252028198,-5.833771629649513,0.08359888212077471
SH600583,har_pooled,175,0.2587373373747892,0.3245199186420311,0.04755222804293202,-6.702150711043349,0.3999144912212651
SH600585,har_pooled,175,0.2694809648928346,0.3174593612987568,0.0702349847145417,-6.762802882952338,0.34472887144666875
SH600588,har_pooled,175,0.28511066831184584,0.328462088927138,0.1664725964149648,-5.384584574093109,0.31736216245297155
SH600606,har_pooled,170,0.3116065245742853,0.38601161233118586,0.356309210056987,-6.3858885414512665,0.36991346556635174
SH600637,har_pooled,175,0.29692775726396964,0.35528613027572375,-0.08157490814676582,-5.869488850558199,0.1071564583373632
SH600660,har_pooled,175,0.2771765697088755,0.33193189678238816,0.23140221146072693,-6.397289060512959,0.45766037528524417
SH600663,har_pooled,102,0.3633053009601767,0.40993543233700663,0.19940631366414063,-6.9227029323002665,-0.4843696028333546
SH600674,har_pooled,175,0.2079597253751315,0.2917666215465587,-0.0020761266427162806,-7.842499225982127,0.0436701778169335
SH600690,har_pooled,173,0.24582667833824412,0.2900911766163769,0.1487479615638836,-6.588581347960007,0.27624906817775796
SH600703,har_pooled,175,0.3004827172467711,0.35092563955021433,-0.04928661632487108,-5.209874414378576,0.006986406933516265
SH600705,har_pooled,175,0.29172955330270345,0.3682544904702544,0.3259759311322691,-6.844322928774455,0.5001061072462335
SH600741,har_pooled,175,0.2598222881786391,0.316504940627471,0.02517200843214029,-5.927889547251441,-0.22669554328685138
SH600795,har_pooled,175,0.22185152410489162,0.31367001847079456,0.06326256719112322,-8.00747507202959,0.0479627914148365
SH600809,har_pooled,175,0.22931933456196377,0.3111646396382842,0.18604685961765144,-6.107587206136079,-0.039300281294917694
SH600837,har_pooled,175,0.28213605770213346,0.3583740217971674,0.19724093508592055,-6.909674582745805,0.37072045424230493
SH600867,har_pooled,175,0.30955325465255135,0.3407599273802225,-0.0029829587031451332,-5.855798686997275,-0.06562787158135452
SH600886,har_pooled,175,0.22259364617022276,0.29087448171603586,0.04814380202779378,-7.50761644613345,0.3197886898416217
SH600887,har_pooled,175,0.22064837824156408,0.26842496845391134,0.17270509842850545,-6.801949302995449,0.3921198012090199
SH600893,har_pooled,174,0.30685864505807553,0.3667212954555628,0.3421978810860541,-5.741233376771095,0.36450324648027677
SH600900,har_pooled,175,0.25420962299001804,0.3303529351454113,0.1373047106831048,-7.811769874434649,0.30381998165687696
SH600919,har_pooled,175,0.25453472520210624,0.3335463604152877,0.25011381613293215,-7.925339735215562,0.38133491294591326
SH600926,har_pooled,175,0.23179519440299057,0.309767828121272,0.3840192704755162,-6.853904972277903,0.5234094829500222
SH600958,har_pooled,175,0.3035979695104103,0.3696955225020537,0.22204662633618877,-6.679764528855646,0.38645722762271006
SH600977,har_pooled,175,0.284287047459264,0.33484432109740186,-0.17278138320206948,-6.242724619109757,-0.043439726521540045
SH600998,har_pooled,175,0.2687223135597116,0.3177217063386374,0.006068176849789553,-5.751642133171177,0.3014379860342634
SH600999,har_pooled,169,0.2651691394254522,0.3354500839046829,0.19227418488308212,-6.4377549195667845,0.36138974189179396
SH601006,har_pooled,175,0.2462935703087323,0.3322166230186804,-0.08530669137370839,-8.441698128727912,-0.037970780074418675
SH601009,har_pooled,175,0.2595200523917604,0.33406086862603196,0.15848447926251297,-7.5154977101548734,0.20951425533227808
SH601018,har_pooled,175,0.2552544032453846,0.3501902731901935,0.280838016426708,-7.045957695805867,0.2504902313663593
SH601021,har_pooled,175,0.19611958235102753,0.2798318001883941,-0.009700499678307217,-6.587667896517346,-0.22598558957748072
SH601088,har_pooled,175,0.21955813298895493,0.2999271550718485,0.12738965905340305,-7.620824409364967,0.1522989612976775
SH601111,har_pooled,174,0.2922163623118146,0.3613400452027634,-0.06574755796020071,-6.798454491515054,-0.007022649463270136
SH601117,har_pooled,175,0.3023451126204289,0.3486306373206669,0.1309285533061214,-6.508128226117588,0.4053799404700281
SH601155,har_pooled,175,0.25054838356941367,0.29616056151463505,0.08584432977520817,-6.567468251750414,0.19313502055950194
SH601166,har_pooled,175,0.25457565834127244,0.33774581558523475,-0.016965441511517465,-7.786438267794579,0.00264042916784335
SH601169,har_pooled,175,0.22293349846290053,0.32275016347867524,0.06776664627502216,-8.456669395391655,0.08010306599059991
SH601186,har_pooled,175,0.2660172497496716,0.3503546929913575,0.2522439727696828,-7.2563392266880085,0.39817301209641964
SH601198,har_pooled,175,0.33090024418754255,0.3869420878020982,0.1562628658836024,-6.691887225621946,0.36990999707492045
SH601211,har_pooled,175,0.28650376916511544,0.3561199695230764,0.18645691857111946,-7.118203460321738,0.40627962086643843
SH601216,har_pooled,175,0.5097225127127429,0.4913534834536516,0.2825436915325905,-4.828947438142313,0.24179329886521284
SH601225,har_pooled,175,0.27990884046111375,0.3474278101615677,0.022354298922391047,-6.686874277376193,0.14200662932433727
SH601229,har_pooled,175,0.2637684529695696,0.3471009609440351,0.2086076997307883,-8.207856836764336,0.34852558346449103
SH601238,har_pooled,175,0.28558407437938393,0.35634832182464354,0.06295245435152319,-6.441498506066077,0.14060590764757397
SH601288,har_pooled,175,0.24539957467062148,0.33506009958512645,-0.021233819054434333,-8.907235709795911,0.14802820334214184
SH601318,har_pooled,175,0.22768145636035095,0.3017847230329729,0.17078447512221495,-7.551246939282594,0.15843225175522102
SH601328,har_pooled,175,0.2548913118105649,0.3613674942677417,0.16018777079851898,-8.85287444818345,0.26104973517834096
SH601336,har_pooled,175,0.27531542786014634,0.34116344379299907,0.29484049058335937,-6.673870363573649,0.4598063531845321
SH601377,har_pooled,175,0.3477106611863223,0.3958725857058544,0.20314559409062294,-6.394477173281908,0.2804544523383524
SH601390,har_pooled,175,0.2615226338266146,0.33151696302807815,0.191878263115827,-7.251214606897451,0.15915350887428936
SH601398,har_pooled,175,0.2508934758883245,0.3530652871794994,-0.012571455059625203,-8.688398648992125,0.18712867219168727
SH601555,har_pooled,169,0.32235661932818094,0.38482351827626393,0.2267359316602504,-6.4100015139011655,0.3633638356410024
SH601600,har_pooled,175,0.27422069097331125,0.3517329017857436,0.2002692026118853,-7.3024318640323065,0.4015661991499666
SH601601,har_pooled,175,0.2481386711371842,0.3136983703406763,0.06334142239025842,-7.037498158807414,0.12923203532049743
SH601607,har_pooled,175,0.33167904654651564,0.3937967649469061,0.20915184050090896,-6.2245169368526305,0.3970864789279195
SH601618,har_pooled,175,0.3090461074658808,0.36639979207471146,0.13412561225989472,-7.039874086762323,0.1676081902604014
SH601628,har_pooled,175,0.2819353609154484,0.3251254561241301,0.28152781456742393,-6.187922150506997,0.5211026663227141
SH601633,har_pooled,175,0.3114941851418387,0.38801070165294194,0.3186788101012755,-5.980525966570513,0.35131307647728016
SH601668,har_pooled,175,0.2599442279995942,0.34523303803034294,0.07301913192812359,-7.6163583266154635,0.3392102235900001
SH601669,har_pooled,175,0.30850911669570213,0.36636971495605475,0.22139208689270717,-7.061386488797572,0.32400971139229273
SH601688,har_pooled,175,0.28701273873016725,0.35386257015515105,0.13991144283338064,-7.032954617348757,0.39143497078816314
SH601727,har_pooled,175,0.2822166773114745,0.3637699755861734,0.2991000202263815,-6.718825811507255,0.24098912339649214
SH601766,har_pooled,175,0.24098675028565952,0.34158332113179507,0.20117071021919208,-7.733724278991948,0.28565242277648517
SH601788,har_pooled,175,0.36200487124260217,0.40693407624197886,0.33375400620741513,-6.069183727854537,0.47870672324799024
SH601800,har_pooled,175,0.3178672685270264,0.38186836301769705,0.1667785137003457,-7.060360142582932,0.33946704998946053
SH601808,har_pooled,175,0.24745278665099335,0.3050650748880549,0.03363902210027747,-6.270932802678432,0.3525469729970805
SH601818,har_pooled,175,0.25028090693665556,0.3202825760498063,0.06306764194038728,-7.688548056519045,0.28045366360307145
SH601857,har_pooled,175,0.24463310573220517,0.3357518150211042,-0.029510900431974907,-8.32077243374828,0.07571680425101801
SH601877,har_pooled,175,0.2661026429312817,0.3362649195255705,0.12577128740302923,-6.693550434953722,0.3417044266231204
SH601881,har_pooled,175,0.34056439922356635,0.3782462723812079,0.11516884747851097,-6.353410256561944,0.2680145075876592
SH601888,har_pooled,175,0.2679624613223585,0.3273793542498679,0.4383244922740387,-5.695225938789261,0.393935763458202
SH601898,har_pooled,175,0.2571528558249491,0.34449076660809463,0.04659981403332969,-7.668047487926789,0.17726192645237548
SH601899,har_pooled,175,0.2842301665975974,0.3059029779788769,0.03697729614607925,-6.061976908135235,0.34318370453089553
SH601901,har_pooled,175,0.34236930601076476,0.3797109012026593,0.14780872904295483,-6.46817180407893,0.4716847634448045
SH601919,har_pooled,175,0.2636709940728089,0.30441108473835404,0.22484687955616178,-6.626771013990167,0.41745425130075775
SH601933,har_pooled,175,0.2962990530608754,0.3169525083920522,0.10765725969704554,-6.358168135910468,0.3754005031500379
SH601939,har_pooled,175,0.26365986483553605,0.34045636121180306,0.07692934488935188,-8.296941617526782,0.09750498188230994
SH601985,har_pooled,175,0.2341313816347471,0.3301421909497752,0.222790788191083,-7.812227704099156,0.3154326950485674
SH601988,har_pooled,175,0.2391905149879765,0.3481755521006057,0.0095093343085203,-8.861354309276683,0.037994527670146105
SH601989,har_pooled,175,0.3300044882272554,0.41559673265905966,0.3012714777017853,-6.816910377939501,0.34196409621302903
SH601992,har_pooled,175,0.3006417720387508,0.3754384472313367,0.06862811116196499,-7.129781299385224,0.28934608215643076
SH601997,har_pooled,175,0.2675553783119161,0.3406877180333138,0.17981870483718787,-7.651140407388441,0.3119869510773108
SH601998,har_pooled,175,0.25881114580880504,0.3453927951796863,0.17467292360785125,-8.103714212625654,0.302405907222704
SH603160,har_pooled,175,0.27257389894547435,0.33391543124546064,-0.02924047456002765,-5.462292017460869,0.24145886776746883
SH603993,har_pooled,175,0.2839123210346868,0.324325480153504,0.03742415848048719,-6.005089973801151,0.43551035287939044
SZ000001,har_pooled,175,0.08590802961644915,0.21504740266702924,0.04474669808270115,-7.158418846973241,0.0971530202985661
SZ000002,har_pooled,175,0.08297742377879667,0.22447016585211818,0.2436803969429756,-7.201072013555236,0.253484205081423
SZ000063,har_pooled,175,0.08630248896952089,0.24209857260083972,0.41130210886770324,-6.618129203153772,0.43338406767938786
SZ000069,har_pooled,175,0.08041088031306758,0.21277865910401245,0.15321105543307312,-7.176108117619101,0.13677979794032902
SZ000100,har_pooled,174,0.05657595887528776,0.19333611593328678,0.041607340131287196,-6.019597885041416,0.10648264734641166
SZ000157,har_pooled,175,0.08937241633635724,0.22389750521467375,-0.07508050207785666,-6.802653176703591,0.0020751899924389416
SZ000166,har_pooled,175,0.1417090476179983,0.2981904214333603,0.3571034072602166,-7.140135392273213,0.39171111708090445
SZ000333,har_pooled,175,0.07119347105631077,0.21206078523210076,0.006097673261134862,-7.167594259319901,0.05531257768707898
SZ000338,har_pooled,175,0.05849537554423472,0.19209663819768796,0.010858030499827143,-6.837135998389136,0.06049173202566449
SZ000413,har_pooled,102,0.1884214799769449,0.3247677311499257,-0.06880265788448314,-5.870622632992979,-0.07959284541777878
SZ000415,har_pooled,102,0.1144230896997231,0.2716235596152173,0.05378690187659374,-6.98664386274821,0.09002715841055808
SZ000423,har_pooled,102,0.12176986808296407,0.25680758088078043,0.03782339539637969,-6.806488809792827,0.17528025681585535
SZ000425,har_pooled,175,0.10110095461582692,0.24464187440052448,-0.0997005540784981,-6.680495335523184,0.0401714694467693
SZ000538,har_pooled,175,0.09941212099061748,0.24179076941711383,0.18770214169703503,-6.951945554696886,0.2048647042484999
SZ000568,har_pooled,175,0.0898035585997311,0.23018709585584637,0.06343364553652375,-6.5255618494717496,0.12681621299218537
SZ000596,har_pooled,175,0.10705422895582335,0.25016809467696616,0.08343335211258207,-6.249109161400426,0.08919457093211147
SZ000625,har_pooled,175,0.10236225879641124,0.24932152483281775,-0.06017191680933354,-6.137916090780142,0.08445871512923464
SZ000627,har_pooled,175,0.0963907237332281,0.24204375080257842,0.17623709548280053,-7.000412720520607,0.12728751845867192
SZ000629,har_pooled,102,0.11989801734990341,0.26462137586377094,-0.1059402126274529,-7.063997024323679,0.09962161217976928
SZ000630,har_pooled,102,0.08610881148356675,0.2205056707323603,-0.053520113987430395,-7.997622981837293,0.2863418369762517
SZ000651,har_pooled,175,0.0831669639583973,0.22806323994510364,-0.007638930737191796,-7.393877074460188,0.024480658919006193
SZ000656,har_pooled,175,0.07548787054853237,0.20240739959429446,0.23511529190792868,-6.471127414763175,0.22768954537703878
SZ000671,har_pooled,175,0.06910421195165227,0.20321583460027828,0.16270586748604032,-6.4872341525416,0.19761297887742924
SZ000703,har_pooled,175,0.08132712886738545,0.2319372625633615,0.32328464928021394,-6.985197998775072,0.3638475250684756
SZ000709,har_pooled,175,0.1266792920807524,0.2870948551771788,0.1713578269989653,-7.691317700252549,0.16882787223380702
SZ000725,har_pooled,175,0.10353695100223093,0.24373403764392257,-0.04362711927674723,-6.3755203922486166,0.05425236591455718
SZ000728,har_pooled,175,0.15505742878887302,0.29349635000576674,0.31519172574570864,-6.5422177400588195,0.32292023936014347
SZ000768,har_pooled,175,0.10775272241543937,0.25016901442538314,0.4342267323366594,-6.4649877400391516,0.37739080336964836
SZ000776,har_pooled,175,0.12679540987859764,0.2790791833742631,0.36730156450366014,-7.220203149110844,0.4515142720721961
SZ000783,har_pooled,175,0.14593177090672674,0.309038895369505,0.3813501672981453,-6.761260914545846,0.43996502929889914
SZ000858,har_pooled,175,0.0977032597488319,0.2325684056922613,-0.05038828700480069,-6.726396859507512,-0.013723470010768235
SZ000876,har_pooled,175,0.09885986639684195,0.23712407074331843,0.05339529665525178,-6.076109920956115,0.21232411383755123
SZ000895,har_pooled,175,0.0637157023751619,0.20029594093642253,-0.09847663086938341,-6.323569768058031,-0.11759229660954995
SZ000898,har_pooled,102,0.07566920359712573,0.224981905841004,0.18967510116151975,-7.897054095509069,0.17566492591653715
SZ000938,har_pooled,175,0.07602794609626369,0.2241522092633265,0.22652887567632052,-6.219468824348038,0.2794433808398623
SZ000961,har_pooled,175,0.06160781578833365,0.1956705559778992,0.09592989015512121,-6.394088453839894,0.12680837775212161
SZ000963,har_pooled,175,0.11301150936742865,0.259722130018871,0.027689962106267285,-6.590745810741571,0.10469959615491098
SZ001979,har_pooled,169,0.10639366112068281,0.25417458240193525,0.23050139400917358,-7.379071561455753,0.236882928067236
SZ002001,har_pooled,175,0.057790400075591324,0.1904641630133921,0.17989576460344647,-6.686829605354731,0.254355010497072
SZ002007,har_pooled,175,0.09783623516021164,0.2381638376043724,0.1458393913407987,-5.8577532511996795,0.19403072118388243
SZ002008,har_pooled,175,0.06158870834664652,0.19989425502449842,0.0711550431985688,-6.470713980726526,0.09505063814124581
SZ002024,har_pooled,175,0.14603875629669494,0.316125289632042,0.37016263403465477,-7.324035163620501,0.43800127682384415
SZ002027,har_pooled,175,0.05697431754212418,0.18738606379766956,-0.4147484331399651,-6.335338826996181,-0.4096365616990205
SZ002044,har_pooled,175,0.06266776927240114,0.19178046110812205,-0.012523192926206628,-6.2060790866347295,-0.12320576072700828
SZ002081,har_pooled,102,0.14016591425228014,0.2855388338868844,-0.13953281150225139,-6.835590750520546,0.07487476488634892
SZ002142,har_pooled,175,0.06835723734570735,0.18946810082694387,0.16316562439384685,-6.830331266920972,0.1305320744438354
SZ002146,har_pooled,175,0.08309898542846608,0.22183752708145196,0.2345732479429039,-7.344339488841932,0.25402627236938335
SZ002153,har_pooled,175,0.11824243096478258,0.2640671413439647,-0.1013640280585062,-6.041764991711381,-0.10265492242064633
SZ002202,har_pooled,175,0.06864358381638214,0.21852204901086192,0.08801634599804775,-6.992010228537251,0.11530716277343578
SZ002230,har_pooled,175,0.08147852499796666,0.22908903344426124,0.2409880941566338,-6.8004234352676605,0.2803500579619552
SZ002236,har_pooled,175,0.07567139333563101,0.22054466604974,0.20027446357809386,-6.496430737740886,0.2412552910546828
SZ002241,har_pooled,175,0.057152673938243706,0.19519631777736093,-0.18282896845266383,-5.785477479597497,-0.08868330892971499
SZ002252,har_pooled,175,0.12501577043330558,0.2620624081833741,0.24835191977687088,-6.47672920592221,0.31200088529806913
SZ002294,har_pooled,102,0.10756510040604225,0.2586886851498237,-0.15565156612788256,-7.275610457671837,-0.35255450538023503
SZ002304,har_pooled,175,0.0967349333276654,0.24533473685603327,0.034864853689164255,-6.739087488233592,0.04031704466268904
SZ002352,har_pooled,175,0.11604693168192101,0.2297247138487684,-0.11122651510308534,-6.420343485801846,-0.09460819634965123
SZ002410,har_pooled,175,0.06263486033626545,0.18977053512194597,-0.07929047450355875,-6.110097495499462,0.08163111248891819
SZ002411,har_pooled,102,0.2082461066272887,0.33510312017557076,-0.6131500499357834,-5.33876532570409,0.05129971178172266
SZ002415,har_pooled,175,0.060936898809890123,0.19140365811211138,0.24178243976022296,-6.881301412439534,0.2976572875257554
SZ002422,har_pooled,175,0.06964843379463588,0.2172722386869204,-0.15663922720679335,-6.707246130130084,-0.18597766348883327
SZ002456,har_pooled,175,0.0951697393027615,0.23079742698022804,-0.12463916449463475,-5.986571311386392,0.11988986739564478
SZ002466,har_pooled,175,0.10282132560251737,0.24207680433849052,-0.23492851461343567,-5.447928455596637,-0.18534814945488565
SZ002475,har_pooled,175,0.05205021200896919,0.1849695262096531,0.08075190894970175,-6.146520182993028,0.19811868975911773
SZ002508,har_pooled,175,0.05850868556941614,0.1951868996013514,-0.027824722832219706,-6.542847967209779,-0.1669405238926518
SZ002555,har_pooled,175,0.05034575182021482,0.16884492487821334,0.3884138831486207,-5.9988729953926105,0.37780412079432246
SZ002558,har_pooled,175,0.10712965538058948,0.26700072570407885,0.22767122107823556,-6.799936570087496,0.2606087285083385
SZ002594,har_pooled,175,0.0918961027018965,0.23547123960441688,0.0013015083234176883,-6.191212444018635,0.13688470154734866
SZ002602,har_pooled,175,0.044642984188457815,0.16833121022747966,0.3826590866084417,-6.236916592509728,0.41070238694252414
SZ002673,har_pooled,175,0.14695244260797394,0.3028406579597938,0.3078306952455645,-6.8320755112513165,0.36117931160486016
SZ002714,har_pooled,175,0.062090336915225926,0.20317590123242094,0.34601906574561203,-6.352640646402534,0.3875829942057387
SZ002736,har_pooled,175,0.1224806224678725,0.26770400577052755,0.4074861717127338,-6.966030794122947,0.48078959815634614
SZ002739,har_pooled,175,0.11480236440718956,0.25451643747662234,-0.055235869574094876,-6.265294729341939,0.17201034644296354
SZ300003,har_pooled,175,0.06576715362484675,0.19754489554031454,-0.04305855406558168,-6.4263660075490145,0.03043097646762083
SZ300015,har_pooled,174,0.05689928931338517,0.18843080061529283,-0.28105579187680707,-6.638418311845022,-0.19101514125281094
SZ300017,har_pooled,102,0.1712851378308295,0.2965160091677093,0.0825274545197765,-5.68632794661265,0.34924373270016584
SZ300024,har_pooled,102,0.15933957147205555,0.32334991960647375,0.13464621595179016,-6.693045766768299,0.3395185093218428
SZ300033,har_pooled,175,0.11799957109472906,0.2735428883747869,0.09837611891960385,-6.043234390193115,0.20205125790789968
SZ300059,har_pooled,175,0.12368113204782312,0.2836544438415581,0.34649037139373895,-6.200085253592561,0.30985385173783986
SZ300070,har_pooled,98,0.09356899590079357,0.25799202201109595,0.24809855516667423,-6.301718422078751,0.35256144479260176
SZ300124,har_pooled,175,0.05482513295866069,0.1743289663144576,-0.05523498486532419,-6.311481226206238,0.035902561921815734
SZ300144,har_pooled,175,0.05521563439661574,0.1850578794579525,-0.3445824969691913,-6.321797446238878,-0.24704861590676686
