stock,model,har_beta_0,har_beta_1,har_beta_2,har_beta_3,calib_a,calib_b,converged,persistence,median_sigma,error,har_pooled_beta_0,har_pooled_beta_1,har_pooled_beta_2,har_pooled_beta_3
SH600000,naive,,,,,,,,,,,,,,
SH600000,har,0.1734357449123704,0.39045668607459666,0.327126029132329,-0.5050477962041314,,,,,,,,,,
SH600000,har_x,,,,,,,,,,,,,,
SH600000,ewma,,,,,-1.0964027481541267,0.7977902700957883,True,,,,,,,
SH600000,garch,,,,,-0.708287617635395,0.8992563888514897,True,1.0000000000246292,0.011862405710555754,,,,,
SH600000,egarch,,,,,-0.669128195072627,0.9209366164855763,True,0.9474175317758321,0.01277495210481571,,,,,
SH600009,naive,,,,,,,,,,,,,,
SH600009,har,0.11044786107536866,0.361747770409156,0.4429362673843827,-0.3637385301164336,,,,,,,,,,
SH600009,har_x,,,,,,,,,,,,,,
SH600009,ewma,,,,,-0.924573267347697,0.8164966528753658,True,,,,,,,
SH600009,garch,,,,,-0.6060725365811039,0.9058336266649706,True,1.0000000000000036,0.01981979887163143,,,,,
SH600009,egarch,,,,,-0.5281343006316201,0.9278079201174239,True,0.9886029350366462,0.02017344019495299,,,,,
SH600010,naive,,,,,,,,,,,,,,
SH600010,har,0.16684162977385117,0.3774166785380058,0.3281321744545197,-0.5334976565322128,,,,,,,,,,
SH600010,har_x,,,,,,,,,,,,,,
SH600010,ewma,,,,,-1.0559255919298536,0.7894696269180856,True,,,,,,,
SH600010,garch,,,,,-0.730136203171241,0.8834086907350011,True,0.997461747125165,0.017790955254454493,,,,,
SH600010,egarch,,,,,-0.7690172379001169,0.8758148831352247,True,0.9912721946603613,0.018573360722939906,,,,,
SH600011,naive,,,,,,,,,,,,,,
SH600011,har,0.14804710269079127,0.49468045254889936,0.26741628580818116,-0.3918540235463709,,,,,,,,,,
SH600011,har_x,,,,,,,,,,,,,,
SH600011,ewma,,,,,-1.0149426278569451,0.8333018241292307,True,,,,,,,
SH600011,garch,,,,,-0.47567868594001755,0.9861416210883692,True,1.000000000256108,0.01771270377919583,,,,,
SH600011,egarch,,,,,-0.4184558614137826,1.0074045482835645,True,0.9798048480918544,0.01878699327754113,,,,,
SH600015,naive,,,,,,,,,,,,,,
SH600015,har,0.15858852424198547,0.32721753248998103,0.3971542922171264,-0.5432938706256725,,,,,,,,,,
SH600015,har_x,,,,,,,,,,,,,,
SH600015,ewma,,,,,-0.989252697505013,0.8346113443812491,True,,,,,,,
SH600015,garch,,,,,-0.5476353447392782,0.946226389390688,True,0.9934058408319673,0.011155117776959888,,,,,
SH600015,egarch,,,,,-0.5321856967664667,0.9487950792716988,True,0.9903541028993225,0.011085917387333872,,,,,
SH600016,naive,,,,,,,,,,,,,,
SH600016,har,0.23009082634828096,0.30416737056102683,0.3136690755119286,-0.7147169875634609,,,,,,,,,,
SH600016,har_x,,,,,,,,,,,,,,
SH600016,ewma,,,,,-1.252014361077809,0.7726699341030883,True,,,,,,,
SH600016,garch,,,,,-0.7820858751005442,0.8950274596880354,True,0.9999999999998489,0.010812028510053171,,,,,
SH600016,egarch,,,,,-0.5931728596708447,0.9416913511717285,True,0.9845041563881592,0.011287922036238993,,,,,
SH600018,naive,,,,,,,,,,,,,,
SH600018,har,0.19212926716191284,0.45435173160118747,0.2065481367472226,-0.6263791876568859,,,,,,,,,,
SH600018,har_x,,,,,,,,,,,,,,
SH600018,ewma,,,,,-1.3217532334462399,0.7321225829447855,True,,,,,,,
SH600018,garch,,,,,-0.014290811627593925,1.0936712210495372,True,0.9736308788264003,0.01849395375045939,,,,,
SH600018,egarch,,,,,0.01667448360245255,1.1056043882680744,True,0.9632554992489172,0.019552817192335474,,,,,
SH600019,naive,,,,,,,,,,,,,,
SH600019,har,0.15627815512724083,0.5656022483125006,0.05735434279756516,-0.8898821249941486,,,,,,,,,,
SH600019,har_x,,,,,,,,,,,,,,
SH600019,ewma,,,,,-1.3640403616572783,0.7204849568432617,True,,,,,,,
SH600019,garch,,,,,-0.18055174301179186,1.050730627223838,True,0.95012856284736,0.02038313321124323,,,,,
SH600019,egarch,,,,,0.1356592303236007,1.1431449870392216,True,0.9369031889895989,0.021083610357082675,,,,,
SH600023,naive,,,,,,,,,,,,,,
SH600023,har,0.06383431630903526,0.4944721076813007,0.376836599158496,-0.3019606819339167,,,,,,,,,,
SH600023,har_x,,,,,,,,,,,,,,
SH600023,ewma,,,,,-1.1508616236549818,0.7789745067370683,True,,,,,,,
SH600023,garch,,,,,-0.918471643457897,0.8426036128083566,True,0.997567575686505,0.010558440084477367,,,,,
SH600023,egarch,,,,,-0.9661824312366246,0.8323673121465126,True,0.9973616750476845,0.010528341837873167,,,,,
SH600028,naive,,,,,,,,,,,,,,
SH600028,har,0.1757313412552785,0.41716449029690783,0.26254182929624287,-0.6589399898350444,,,,,,,,,,
SH600028,har_x,,,,,,,,,,,,,,
SH600028,ewma,,,,,-1.4395873415608393,0.7133024800174242,True,,,,,,,
SH600028,garch,,,,,-1.200895049677418,0.7743236842796357,True,1.0,0.011331605779379882,,,,,
SH600028,egarch,,,,,-1.1621374524695804,0.7851668324388382,True,0.9951356189044207,0.0116230977951268,,,,,
SH600029,naive,,,,,,,,,,,,,,
SH600029,har,0.10634305304936917,0.3901583524880829,0.37516921954140764,-0.4976362553254895,,,,,,,,,,
SH600029,har_x,,,,,,,,,,,,,,
SH600029,ewma,,,,,-1.2426540744443613,0.7170906785177918,True,,,,,,,
SH600029,garch,,,,,-0.9796735709122041,0.8017725104236715,True,0.9979608934119528,0.02173213287943624,,,,,
SH600029,egarch,,,,,-0.8856864604845796,0.8256393914149105,True,0.9956887567639353,0.02036731569478478,,,,,
SH600030,naive,,,,,,,,,,,,,,
SH600030,har,0.1147096189569315,0.33932808631241773,0.45891888353098864,-0.3762605162910257,,,,,,,,,,
SH600030,har_x,,,,,,,,,,,,,,
SH600030,ewma,,,,,-1.1954212016135295,0.7588366357677755,True,,,,,,,
SH600030,garch,,,,,-0.9171870296276595,0.8421373068742084,True,1.0000000000382498,0.02070497560331397,,,,,
SH600030,egarch,,,,,-1.0003495493238628,0.8216999425746896,True,0.9945113386344301,0.02019936615744471,,,,,
SH600031,naive,,,,,,,,,,,,,,
SH600031,har,0.1149932728534857,0.2199844962327751,0.5286034237905874,-0.5530164536602523,,,,,,,,,,
SH600031,har_x,,,,,,,,,,,,,,
SH600031,ewma,,,,,-1.6139491180702186,0.6413362941409275,True,,,,,,,
SH600031,garch,,,,,-1.1852273439544185,0.7651669449401632,True,0.99361584275288,0.021360085083894934,,,,,
SH600031,egarch,,,,,-1.0937674355443319,0.790835542050152,True,0.9905641433971246,0.021948549892558688,,,,,
SH600036,naive,,,,,,,,,,,,,,
SH600036,har,0.09094218569482017,0.25102714525860953,0.5014637067187164,-0.6872815936971274,,,,,,,,,,
SH600036,har_x,,,,,,,,,,,,,,
SH600036,ewma,,,,,-1.2623385815517818,0.7445970715705641,True,,,,,,,
SH600036,garch,,,,,-0.6205436346458761,0.912742689553203,True,0.993280923142045,0.016570958329292177,,,,,
SH600036,egarch,,,,,-0.4660043510404049,0.9521211707009937,True,0.9837496117810371,0.016755165875785103,,,,,
SH600038,naive,,,,,,,,,,,,,,
SH600038,har,0.08426377200203523,0.39242419320548305,0.37563241473375714,-0.5752185872716327,,,,,,,,,,
SH600038,har_x,,,,,,,,,,,,,,
SH600038,ewma,,,,,-0.9483807348659999,0.7967158728781271,True,,,,,,,
SH600038,garch,,,,,-0.32557643019706567,0.9740941955141191,True,0.9817695919170422,0.021982984689037123,,,,,
SH600038,egarch,,,,,-0.4427405327697269,0.9443219955355049,True,0.9826391348779445,0.02227599886240626,,,,,
SH600048,naive,,,,,,,,,,,,,,
SH600048,har,0.14717567147521338,0.5148721732653735,0.17224772540195593,-0.6795997421704746,,,,,,,,,,
SH600048,har_x,,,,,,,,,,,,,,
SH600048,ewma,,,,,-1.2841686981354459,0.7316221322627041,True,,,,,,,
SH600048,garch,,,,,-0.7080934597204182,0.9001539603799101,True,0.9948818603280506,0.02096250252170656,,,,,
SH600048,egarch,,,,,-0.8063128026185045,0.8733887786457618,True,0.9766633763199812,0.02212159497013992,,,,,
SH600050,naive,,,,,,,,,,,,,,
SH600050,har,0.14672750270187757,0.4448759499178692,0.2145582463510011,-0.7624440103473064,,,,,,,,,,
SH600050,har_x,,,,,,,,,,,,,,
SH600050,ewma,,,,,-0.7925928432465467,0.8730448292063374,True,,,,,,,
SH600050,garch,,,,,0.10268686739758101,1.1440701149158374,True,0.9744183708191015,0.02384506732057211,,,,,
SH600050,egarch,,,,,0.40109368943702745,1.2316764713758563,True,0.928236131779279,0.02497715515926534,,,,,
SH600061,naive,,,,,,,,,,,,,,
SH600061,har,0.09726031020225322,0.1403900316002459,0.18833253924323476,-2.6263608132681826,,,,,,,,,,
SH600061,har_x,,,,,,,,,,,,,,
SH600061,ewma,,,,,-3.081530533321975,0.3271323915267149,True,,,,,,,
SH600061,garch,,,,,-0.8806921024949715,0.8216782672405342,True,0.33554372904315194,0.010787860116043444,,,,,
SH600061,egarch,,,,,-0.7161352217063414,0.8548777160326378,True,0.5847513778858157,0.011701239309679345,,,,,
SH600066,naive,,,,,,,,,,,,,,
SH600066,har,0.0649308534639879,0.24691470985191424,0.5738759249783452,-0.48607722646615487,,,,,,,,,,
SH600066,har_x,,,,,,,,,,,,,,
SH600066,ewma,,,,,-0.8197936087130535,0.8410467088656056,True,,,,,,,
SH600066,garch,,,,,-0.020236476203897277,1.053319965145833,True,0.9909267543200937,0.01942186585401416,,,,,
SH600066,egarch,,,,,-0.22896003038988996,1.000640834452403,True,0.9922858062656174,0.019748401568499937,,,,,
SH600068,naive,,,,,,,,,,,,,,
SH600068,har,0.13636565261037642,0.3588907054523145,0.3242088290136286,-0.7178259058732737,,,,,,,,,,
SH600068,har_x,,,,,,,,,,,,,,
SH600068,ewma,,,,,-1.0721334405482252,0.7816624767601504,True,,,,,,,
SH600068,garch,,,,,-0.36468446874090166,0.9832060863089243,True,0.984672682329188,0.022814913331038862,,,,,
SH600068,egarch,,,,,-0.44178076545483147,0.9623973492154319,True,0.9902626942402797,0.022657535905782334,,,,,
SH600085,naive,,,,,,,,,,,,,,
SH600085,har,0.10258773560118288,0.4684980845644772,0.32042739456181335,-0.46343999535379826,,,,,,,,,,
SH600085,har_x,,,,,,,,,,,,,,
SH600085,ewma,,,,,-1.2354486433208116,0.7599304201727584,True,,,,,,,
SH600085,garch,,,,,-0.7839153144797568,0.8877854553150677,True,1.0000000000080453,0.016326239598374336,,,,,
SH600085,egarch,,,,,-0.7810030389719285,0.8860520127272375,True,0.9877014878783429,0.016417614443963488,,,,,
SH600089,naive,,,,,,,,,,,,,,
SH600089,har,0.0952652451047657,0.47487865687361225,0.26237995076243825,-0.7155435388369064,,,,,,,,,,
SH600089,har_x,,,,,,,,,,,,,,
SH600089,ewma,,,,,-1.4182899017358175,0.7140026984945507,True,,,,,,,
SH600089,garch,,,,,-0.9701740202623628,0.8393633880391155,True,0.9950226561366666,0.018162609125082586,,,,,
SH600089,egarch,,,,,-1.118185854756671,0.8016066239703541,True,1.0,0.01851664922548403,,,,,
SH600100,naive,,,,,,,,,,,,,,
SH600100,har,0.20034613343249952,0.07773511179247457,0.5470931395626686,-0.7137713802884744,,,,,,,,,,
SH600100,har_x,,,,,,,,,,,,,,
SH600100,ewma,,,,,-1.1465566368554776,0.7878452298017613,True,,,,,,,
SH600100,garch,,,,,-0.8837195441397397,0.8735649130607412,True,0.9995025165983225,0.02531958755463637,,,,,
SH600100,egarch,,,,,-0.7570045095335634,0.9103002469810306,True,0.9800607573071026,0.025588820693661696,,,,,
SH600104,naive,,,,,,,,,,,,,,
SH600104,har,0.08370777246721023,0.4239078993975801,0.23593926712246638,-1.1007309329460453,,,,,,,,,,
SH600104,har_x,,,,,,,,,,,,,,
SH600104,ewma,,,,,-1.8493936578799701,0.6039508379007631,True,,,,,,,
SH600104,garch,,,,,-1.1099656511434062,0.798816516111293,True,0.9815225916861232,0.018405050222423044,,,,,
SH600104,egarch,,,,,-0.8550377349320823,0.8683238246364636,True,0.9747324285911605,0.019276280557916133,,,,,
SH600109,naive,,,,,,,,,,,,,,
SH600109,har,0.08539933204799294,0.20507950479530312,0.6168502038312633,-0.38683676800039807,,,,,,,,,,
SH600109,har_x,,,,,,,,,,,,,,
SH600109,ewma,,,,,-1.1441301555414176,0.7639663268907096,True,,,,,,,
SH600109,garch,,,,,-0.8405248571113634,0.8462392720703213,True,0.9945158686812431,0.022048938563642234,,,,,
SH600109,egarch,,,,,-0.9666573712056247,0.8146720860541345,True,0.9965519380433865,0.021882813742417895,,,,,
SH600111,naive,,,,,,,,,,,,,,
SH600111,har,0.12524868133043635,0.4369882519100185,0.3234214644302114,-0.45397079328486717,,,,,,,,,,
SH600111,har_x,,,,,,,,,,,,,,
SH600111,ewma,,,,,-0.9047588742346095,0.8167369536651752,True,,,,,,,
SH600111,garch,,,,,-0.3453902390578233,0.9881112637995884,True,0.9964768492008667,0.024693743116377814,,,,,
SH600111,egarch,,,,,-0.29340761617922223,1.0000620622368213,True,0.9822487052828717,0.024454783909651688,,,,,
SH600115,naive,,,,,,,,,,,,,,
SH600115,har,0.14155172787585935,0.3109336502329547,0.4351732848020544,-0.45291768308857366,,,,,,,,,,
SH600115,har_x,,,,,,,,,,,,,,
SH600115,ewma,,,,,-1.1905622021617894,0.7448687947958037,True,,,,,,,
SH600115,garch,,,,,-0.8702894742792365,0.8435610905326771,True,0.9995317720184823,0.02103144510884738,,,,,
SH600115,egarch,,,,,-0.7617753469286304,0.8710942254067191,True,0.9872698376970609,0.02178500753091107,,,,,
SH600118,naive,,,,,,,,,,,,,,
SH600118,har,0.050033728641890214,0.24937575210080554,0.6116153759044816,-0.3775359965470837,,,,,,,,,,
SH600118,har_x,,,,,,,,,,,,,,
SH600118,ewma,,,,,-0.8011576864582225,0.8629454369417187,True,,,,,,,
SH600118,garch,,,,,-0.30290615401380094,1.003778302900392,True,0.9894886713594598,0.020194906891549565,,,,,
SH600118,egarch,,,,,-0.387990642236814,0.9838700190603467,True,0.9873397692779,0.020668836173870428,,,,,
SH600153,naive,,,,,,,,,,,,,,
SH600153,har,0.1972519934127216,0.10075209031204915,0.4504305774116046,-1.093233825262481,,,,,,,,,,
SH600153,har_x,,,,,,,,,,,,,,
SH600153,ewma,,,,,-2.4371495463077646,0.4660887700474207,True,,,,,,,
SH600153,garch,,,,,-1.8350669764968854,0.6242559579609833,True,0.9954971837731464,0.016129476106178122,,,,,
SH600153,egarch,,,,,-1.4841234317371523,0.7018441533014903,True,0.9940883410959862,0.016010348980641836,,,,,
SH600157,naive,,,,,,,,,,,,,,
SH600157,har,0.13868778087423023,0.13287477989087218,0.5450534619927141,-0.7861253624615224,,,,,,,,,,
SH600157,har_x,,,,,,,,,,,,,,
SH600157,ewma,,,,,-1.525126005948594,0.6907949077158567,True,,,,,,,
SH600157,garch,,,,,-1.3437683482734601,0.7367381869482541,True,0.995547303155532,0.0200968541202637,,,,,
SH600157,egarch,,,,,-1.3743689170339843,0.7298442518514965,True,0.9931111817955925,0.02061628572017822,,,,,
SH600170,naive,,,,,,,,,,,,,,
SH600170,har,0.12488024522899373,0.3563989075174873,0.4292064834696717,-0.4025040589013218,,,,,,,,,,
SH600170,har_x,,,,,,,,,,,,,,
SH600170,ewma,,,,,-1.0883986007729813,0.7944684965255396,True,,,,,,,
SH600170,garch,,,,,-0.8781528095203642,0.8530960779332065,True,1.0000000000001035,0.014694087744994418,,,,,
SH600170,egarch,,,,,-0.8184538427796197,0.8701532162725539,True,0.9932465044544857,0.014812710391924116,,,,,
SH600177,naive,,,,,,,,,,,,,,
SH600177,har,0.09001173193979205,0.3111675336505849,0.5270068080887008,-0.3395588320936286,,,,,,,,,,
SH600177,har_x,,,,,,,,,,,,,,
SH600177,ewma,,,,,-1.1607860631388616,0.7993567452965391,True,,,,,,,
SH600177,garch,,,,,-1.000508580731072,0.8398465372288239,True,0.9999999999999994,0.013069067317274363,,,,,
SH600177,egarch,,,,,-1.0588666285943147,0.8286215714469057,True,0.9967590059036113,0.013350040334264388,,,,,
SH600188,naive,,,,,,,,,,,,,,
SH600188,har,0.10194545657382992,0.4574010427206327,0.25438848330109187,-0.7009557658517951,,,,,,,,,,
SH600188,har_x,,,,,,,,,,,,,,
SH600188,ewma,,,,,-1.2864338927755612,0.6980873532734804,True,,,,,,,
SH600188,garch,,,,,-0.8948085609045624,0.8228077841380389,True,0.9953864151591054,0.024921043288850114,,,,,
SH600188,egarch,,,,,-0.7690618477540054,0.8587310374185427,True,0.9888979737982927,0.024681176830611266,,,,,
SH600196,naive,,,,,,,,,,,,,,
SH600196,har,0.020268703040775254,0.4121735445592947,0.4356292489969561,-0.5415294314905669,,,,,,,,,,
SH600196,har_x,,,,,,,,,,,,,,
SH600196,ewma,,,,,-1.4272326793011059,0.6855065631996643,True,,,,,,,
SH600196,garch,,,,,-1.0767783928127068,0.7897899365234771,True,0.9975565485544028,0.02130022366274165,,,,,
SH600196,egarch,,,,,-1.230726430650176,0.7486017403570187,True,0.9975953508755437,0.021535772423269192,,,,,
SH600208,naive,,,,,,,,,,,,,,
SH600208,har,0.11267362742668757,0.1255235292169168,0.5758993543201568,-0.7708352854710161,,,,,,,,,,
SH600208,har_x,,,,,,,,,,,,,,
SH600208,ewma,,,,,-1.3057271167483209,0.7284130654321062,True,,,,,,,
SH600208,garch,,,,,-0.8852808775946868,0.8526109828652696,True,0.9885897193220523,0.02109918180497682,,,,,
SH600208,egarch,,,,,-0.8374767157324506,0.8682885465654336,True,0.9622261732780522,0.021530302525506296,,,,,
SH600221,naive,,,,,,,,,,,,,,
SH600221,har,0.10649691838212867,0.11366462170664682,0.6816208553022948,-0.45021726295537146,,,,,,,,,,
SH600221,har_x,,,,,,,,,,,,,,
SH600221,ewma,,,,,-1.4298509611338872,0.7216987062032989,True,,,,,,,
SH600221,garch,,,,,-1.2208993766117349,0.7776826915929077,True,0.9949593620417045,0.01578401384134622,,,,,
SH600221,egarch,,,,,-1.133276199353976,0.8008596271684522,True,0.9929343567953018,0.01464381165554537,,,,,
SH600233,naive,,,,,,,,,,,,,,
SH600233,har,0.2473819217056533,0.2529681869527132,0.06395866006922676,-1.8751174954941958,,,,,,,,,,
SH600233,har_x,,,,,,,,,,,,,,
SH600233,ewma,,,,,-2.3683431412420535,0.48763118546506434,True,,,,,,,
SH600233,garch,,,,,-1.6420902652371614,0.7000554491980098,True,1.0000000000000004,0.02226228762826806,,,,,
SH600233,egarch,,,,,-1.405275243367462,0.7616927229644168,True,0.8419521994166109,0.022724245352086406,,,,,
SH600271,naive,,,,,,,,,,,,,,
SH600271,har,0.1368783121654144,0.08972075248846804,0.6490792913362332,-0.5243865607069683,,,,,,,,,,
SH600271,har_x,,,,,,,,,,,,,,
SH600271,ewma,,,,,-0.8947311302853383,0.8388698175053171,True,,,,,,,
SH600271,garch,,,,,-0.49996040326953334,0.9561305659661139,True,0.9955805619151027,0.020468919071900883,,,,,
SH600271,egarch,,,,,-0.5612087705666753,0.9435278409219632,True,0.9863706026723732,0.021748622496687395,,,,,
SH600276,naive,,,,,,,,,,,,,,
SH600276,har,0.0728662559856947,0.3006086838598292,0.5045714592013669,-0.5234838823755972,,,,,,,,,,
SH600276,har_x,,,,,,,,,,,,,,
SH600276,ewma,,,,,-1.310618944392235,0.7201877083682089,True,,,,,,,
SH600276,garch,,,,,-0.8979080061532894,0.8300583702752924,True,0.9924419489159708,0.01780501475068657,,,,,
SH600276,egarch,,,,,-0.9242261075927635,0.8242635982470531,True,0.993166703760984,0.018060279094155234,,,,,
SH600297,naive,,,,,,,,,,,,,,
SH600297,har,0.04518404064632033,0.36203973072059215,0.02319324985075992,-2.369218384029102,,,,,,,,,,
SH600297,har_x,,,,,,,,,,,,,,
SH600297,ewma,,,,,-3.095669884719323,0.26001661573067314,True,,,,,,,
SH600297,garch,,,,,-0.3435627957108314,0.9536138426011365,True,1.0000000002685672,0.023221407410326852,,,,,
SH600297,egarch,,,,,-4.306013631361087,-0.017998860680990516,False,0.9976592017177417,6.44352412027135e-08,,,,,
SH600309,naive,,,,,,,,,,,,,,
SH600309,har,0.0819602362480078,0.3633477446199741,0.3165361167043719,-0.9320770274119243,,,,,,,,,,
SH600309,har_x,,,,,,,,,,,,,,
SH600309,ewma,,,,,-1.400599164694655,0.6793629301426131,True,,,,,,,
SH600309,garch,,,,,-0.3860346021973562,0.9659859187903088,True,0.9817463598777721,0.024391439690213734,,,,,
SH600309,egarch,,,,,-0.34201743196624396,0.9807135854109521,True,0.9632853245943197,0.02429569972020855,,,,,
SH600332,naive,,,,,,,,,,,,,,
SH600332,har,0.049672104853036664,0.46086346118898047,0.35222017762756164,-0.5731683106875264,,,,,,,,,,
SH600332,har_x,,,,,,,,,,,,,,
SH600332,ewma,,,,,-1.4424694483546603,0.7023397090953468,True,,,,,,,
SH600332,garch,,,,,-0.5885823420356752,0.9423981365302043,True,0.9860978914086859,0.020604577436415507,,,,,
SH600332,egarch,,,,,-0.5461286606308612,0.9562904620887449,True,0.9793018466945916,0.021562401164077368,,,,,
SH600340,naive,,,,,,,,,,,,,,
SH600340,har,0.28027663226609467,0.04762025358134055,0.4723776478929776,-0.8285390625992352,,,,,,,,,,
SH600340,har_x,,,,,,,,,,,,,,
SH600340,ewma,,,,,-0.7712631155123623,0.876169090924866,True,,,,,,,
SH600340,garch,,,,,-0.011008676110877295,1.0893402236946705,True,0.9873698744009041,0.020224393346280886,,,,,
SH600340,egarch,,,,,-0.23703070579921043,1.0299084462099426,True,0.9862480602474926,0.02087852834893097,,,,,
SH600352,naive,,,,,,,,,,,,,,
SH600352,har,0.05856695484459157,0.47071276495537606,0.36267523210737995,-0.4502390984742319,,,,,,,,,,
SH600352,har_x,,,,,,,,,,,,,,
SH600352,ewma,,,,,-1.3330486082291388,0.7209670701924132,True,,,,,,,
SH600352,garch,,,,,-1.1458150109134952,0.7775759228876754,True,0.9999999980303067,0.022118792623847403,,,,,
SH600352,egarch,,,,,-1.2154007793842578,0.7625298817417288,True,0.998770151907839,0.02322378767478877,,,,,
SH600362,naive,,,,,,,,,,,,,,
SH600362,har,0.14318634259109103,0.48238318989391,0.195571323040208,-0.7064153562241217,,,,,,,,,,
SH600362,har_x,,,,,,,,,,,,,,
SH600362,ewma,,,,,-1.1253409641276317,0.7724539282555644,True,,,,,,,
SH600362,garch,,,,,0.17525902751108793,1.1463291246410425,True,0.9607313303669167,0.023351626452083756,,,,,
SH600362,egarch,,,,,0.00990963206278393,1.10013883473655,True,0.964120639961062,0.02368066850922286,,,,,
SH600369,naive,,,,,,,,,,,,,,
SH600369,har,0.10022705279372525,0.18962140277697478,0.6171340421991386,-0.40409581880751994,,,,,,,,,,
SH600369,har_x,,,,,,,,,,,,,,
SH600369,ewma,,,,,-0.9215216845720742,0.8329017131313493,True,,,,,,,
SH600369,garch,,,,,-0.46660974489270063,0.9580102190500076,True,0.994722677940653,0.020685350765029267,,,,,
SH600369,egarch,,,,,-0.5239109736860112,0.9468716495301414,True,0.9941709095974639,0.020265433493947452,,,,,
SH600372,naive,,,,,,,,,,,,,,
SH600372,har,0.1245642354372481,0.3049497384482416,0.49368336896455844,-0.30800883830760195,,,,,,,,,,
SH600372,har_x,,,,,,,,,,,,,,
SH600372,ewma,,,,,-0.8955412165689568,0.8186664449718509,True,,,,,,,
SH600372,garch,,,,,-0.5583996476869837,0.9217501132883601,True,0.9965749496060055,0.02058007683449973,,,,,
SH600372,egarch,,,,,-0.5066070219572772,0.9355868506254243,True,0.9849733061779462,0.020744392991192066,,,,,
SH600383,naive,,,,,,,,,,,,,,
SH600383,har,0.13598494088202337,0.546897341881257,0.13656427451303385,-0.7308962031801783,,,,,,,,,,
SH600383,har_x,,,,,,,,,,,,,,
SH600383,ewma,,,,,-1.4851334485428072,0.6760554758653687,True,,,,,,,
SH600383,garch,,,,,-0.8583888787900321,0.8575201251482251,True,0.9915915209574899,0.021831411817357246,,,,,
SH600383,egarch,,,,,-0.6469073857315865,0.9136142178326359,True,0.9658601843264156,0.023052557814755,,,,,
SH600398,naive,,,,,,,,,,,,,,
SH600398,har,0.16683276968674843,0.4408291029222231,0.2824639141629171,-0.44836797482339724,,,,,,,,,,
SH600398,har_x,,,,,,,,,,,,,,
SH600398,ewma,,,,,-0.7628473101091849,0.8481679847184226,True,,,,,,,
SH600398,garch,,,,,-0.5833797414589337,0.8996156910136945,True,1.0,0.018323014301996305,,,,,
SH600398,egarch,,,,,-0.4616391402402244,0.9349084112567078,True,0.9840460397285582,0.018626719588216874,,,,,
SH600406,naive,,,,,,,,,,,,,,
SH600406,har,0.10211087556832686,0.5963066988972551,0.17719007884891494,-0.48334135489455093,,,,,,,,,,
SH600406,har_x,,,,,,,,,,,,,,
SH600406,ewma,,,,,-0.9111898359453574,0.8067514271347906,True,,,,,,,
SH600406,garch,,,,,-0.14154416935320283,1.036686090491129,True,0.9839982363481774,0.022639014248308668,,,,,
SH600406,egarch,,,,,-0.12937996942285843,1.0432292997676968,True,0.9711332109089752,0.023064160649837576,,,,,
SH600415,naive,,,,,,,,,,,,,,
SH600415,har,0.11126511977475025,0.03867189134323832,0.7684621245956202,-0.35313548356190183,,,,,,,,,,
SH600415,har_x,,,,,,,,,,,,,,
SH600415,ewma,,,,,-1.200328909136085,0.7534787361254939,True,,,,,,,
SH600415,garch,,,,,-1.0373570892681483,0.7975340505485331,True,0.9962238787377169,0.018075418453811172,,,,,
SH600415,egarch,,,,,-1.067512488984681,0.7916582036978232,True,0.997113551939969,0.018015699507781813,,,,,
SH600436,naive,,,,,,,,,,,,,,
SH600436,har,0.1673661207064411,0.37721352298308675,0.21642570294859959,-1.008591206348811,,,,,,,,,,
SH600436,har_x,,,,,,,,,,,,,,
SH600436,ewma,,,,,-2.4057084359289718,0.461651114872331,True,,,,,,,
SH600436,garch,,,,,-1.077954605427993,0.824460611524112,True,0.9587695507357519,0.020954916917398644,,,,,
SH600436,egarch,,,,,-0.42156703392331124,0.9811938073556155,True,0.9155246169896297,0.02166053512802846,,,,,
SH600482,naive,,,,,,,,,,,,,,
SH600482,har,0.11580771540328097,0.41370958593164014,0.09811795618087533,-1.6006234188244015,,,,,,,,,,
SH600482,har_x,,,,,,,,,,,,,,
SH600482,ewma,,,,,-2.373757183819248,0.4743365730124035,True,,,,,,,
SH600482,garch,,,,,-0.8010901519736843,0.8892542991579145,True,0.9604610137498588,0.019305783751779833,,,,,
SH600482,egarch,,,,,-1.47223871709421,0.7212211848778154,True,0.9653590384294183,0.01956086088614288,,,,,
SH600489,naive,,,,,,,,,,,,,,
SH600489,har,0.14988959021057183,0.4145999525652664,0.2950668959261305,-0.5822863513735564,,,,,,,,,,
SH600489,har_x,,,,,,,,,,,,,,
SH600489,ewma,,,,,-0.9280658978739325,0.8470745839784932,True,,,,,,,
SH600489,garch,,,,,-0.6642294291088798,0.9292435034919657,True,0.9996963865742233,0.022805480957564166,,,,,
SH600489,egarch,,,,,-0.6120972501919483,0.9430060753043922,True,0.9776801599149871,0.022929787561807937,,,,,
SH600498,naive,,,,,,,,,,,,,,
SH600498,har,0.056257064472290605,0.4809646863856727,0.2520894565552998,-0.8502454808280289,,,,,,,,,,
SH600498,har_x,,,,,,,,,,,,,,
SH600498,ewma,,,,,-3.5503237284584173,0.12893967124670117,True,,,,,,,
SH600498,garch,,,,,-2.5964820555709456,0.40274698251348734,True,1.0000000005430774,0.02484623730944631,,,,,
SH600498,egarch,,,,,-1.1771266347216616,0.7920520607556909,True,0.9778101510921976,0.02529180866502447,,,,,
SH600516,naive,,,,,,,,,,,,,,
SH600516,har,0.12208704511793277,0.09607060407171775,0.2673253162903341,-1.7518526468430573,,,,,,,,,,
SH600516,har_x,,,,,,,,,,,,,,
SH600516,ewma,,,,,-0.3904615220221324,0.9803032840616643,True,,,,,,,
SH600516,garch,,,,,2.1481645793852393,1.8738372541437256,True,0.9638509548038712,0.03992879708307431,,,,,
SH600516,egarch,,,,,2.7392624241178383,2.073272278443879,True,0.9012945955412672,0.04110560640003563,,,,,
SH600518,naive,,,,,,,,,,,,,,
SH600518,har,0.15012006278108025,0.15121459101018545,0.5684046978915615,-0.5484393598871212,,,,,,,,,,
SH600518,har_x,,,,,,,,,,,,,,
SH600518,ewma,,,,,-1.5640739285777325,0.6649242562432661,True,,,,,,,
SH600518,garch,,,,,-1.2070781282357192,0.7603300176351376,True,0.9920344132837297,0.018736097070743682,,,,,
SH600518,egarch,,,,,-1.3003196083118371,0.7376040577458687,True,0.9970966826670317,0.018588379477097926,,,,,
SH600519,naive,,,,,,,,,,,,,,
SH600519,har,0.1443830979025746,0.2840211195436261,0.36500821854442334,-0.8964939786216467,,,,,,,,,,
SH600519,har_x,,,,,,,,,,,,,,
SH600519,ewma,,,,,-1.5216196036170757,0.7007623170260906,True,,,,,,,
SH600519,garch,,,,,-0.8301994674684862,0.8867375070574858,True,0.9938955981841272,0.019092655685256043,,,,,
SH600519,egarch,,,,,-0.6019220927425565,0.9456483881580111,True,0.9944288463971687,0.019273141544173214,,,,,
SH600522,naive,,,,,,,,,,,,,,
SH600522,har,0.07106683815136385,0.8478754472628525,-0.14204445751658623,-0.8934905920675712,,,,,,,,,,
SH600522,har_x,,,,,,,,,,,,,,
SH600522,ewma,,,,,-0.26710417660472263,0.9698898018285229,True,,,,,,,
SH600522,garch,,,,,1.592023035861448,1.5036256130164056,True,0.9634244423339855,0.022813622884890413,,,,,
SH600522,egarch,,,,,-4.596513333443465,-0.03989178166647412,True,0.9673696940836813,1e-10,,,,,
SH600535,naive,,,,,,,,,,,,,,
SH600535,har,0.12892237873540668,0.36722360853889136,0.3406543632772067,-0.7074939406021694,,,,,,,,,,
SH600535,har_x,,,,,,,,,,,,,,
SH600535,ewma,,,,,-1.5546304402300983,0.6701600974792631,True,,,,,,,
SH600535,garch,,,,,-0.9619455435091148,0.8270120060127529,True,0.9913412600363617,0.01729282934679939,,,,,
SH600535,egarch,,,,,-1.0239761066969706,0.8110304193503399,True,0.9937539365098936,0.017957312676866954,,,,,
SH600547,naive,,,,,,,,,,,,,,
SH600547,har,0.1337024866809813,0.44620754156433756,0.2933275755349077,-0.5155184755165916,,,,,,,,,,
SH600547,har_x,,,,,,,,,,,,,,
SH600547,ewma,,,,,-0.9832759044742068,0.8385756106924804,True,,,,,,,
SH600547,garch,,,,,-0.386007897557249,1.0203738864538983,True,0.987430765185642,0.02604290797234849,,,,,
SH600547,egarch,,,,,-0.33817732961247265,1.0357667252748357,True,0.9684697459980757,0.02687319285418562,,,,,
SH600549,naive,,,,,,,,,,,,,,
SH600549,har,0.0633602635676489,0.3481567480073604,0.4126842380811467,-0.6537732353764042,,,,,,,,,,
SH600549,har_x,,,,,,,,,,,,,,
SH600549,ewma,,,,,-1.208455137258777,0.717665956918241,True,,,,,,,
SH600549,garch,,,,,-0.21352215257280266,1.0227618071261542,True,0.9885181212533797,0.0314191494769467,,,,,
SH600549,egarch,,,,,-0.23599687122931035,1.0170057826700147,True,0.9810629549393465,0.031054413685326406,,,,,
SH600570,naive,,,,,,,,,,,,,,
SH600570,har,0.04570513431065337,0.2851530582810491,0.5744565352849763,-0.35737229336273046,,,,,,,,,,
SH600570,har_x,,,,,,,,,,,,,,
SH600570,ewma,,,,,-0.8669645638500272,0.8282184708597572,True,,,,,,,
SH600570,garch,,,,,-0.20849067926360831,1.0333725945339807,True,0.9905831976751787,0.030536924414533952,,,,,
SH600570,egarch,,,,,-0.4265992675498618,0.9672995991982916,True,0.9893230519954556,0.029454566862346515,,,,,
SH600583,naive,,,,,,,,,,,,,,
SH600583,har,0.14220305397285657,0.47167418362017727,0.28199508139171353,-0.44246316505292654,,,,,,,,,,
SH600583,har_x,,,,,,,,,,,,,,
SH600583,ewma,,,,,-0.9742009530746217,0.8233193275547271,True,,,,,,,
SH600583,garch,,,,,-0.4643930514365811,0.9661254897939654,True,0.991575686509488,0.018247233506109482,,,,,
SH600583,egarch,,,,,-0.40079740825196397,0.9852377556157362,True,0.9828036119797484,0.01901192829004557,,,,,
SH600585,naive,,,,,,,,,,,,,,
SH600585,har,0.11684157382012188,0.37459992072155296,0.2984433777721758,-0.8652515930767954,,,,,,,,,,
SH600585,har_x,,,,,,,,,,,,,,
SH600585,ewma,,,,,-1.7452333914716853,0.6117443041122712,True,,,,,,,
SH600585,garch,,,,,-1.0831383647609614,0.7951161553986074,True,0.9874653963333462,0.01920315584418984,,,,,
SH600585,egarch,,,,,-1.111706890178108,0.787061652588244,True,0.9814442035025446,0.019271231655662704,,,,,
SH600588,naive,,,,,,,,,,,,,,
SH600588,har,0.09147981784489903,0.25542286074517556,0.5458009862113428,-0.4137925788959838,,,,,,,,,,
SH600588,har_x,,,,,,,,,,,,,,
SH600588,ewma,,,,,-0.8203997380174608,0.832095632097937,True,,,,,,,
SH600588,garch,,,,,-0.1595754296575883,1.0313961463379153,True,0.9917983696976646,0.03046179805396419,,,,,
SH600588,egarch,,,,,-0.20591982880271156,1.0182629191574506,True,0.9865109065094324,0.03000642021276414,,,,,
SH600606,naive,,,,,,,,,,,,,,
SH600606,har,0.08422322002511547,0.3289770767250943,0.03450873827023702,-2.5000861086635204,,,,,,,,,,
SH600606,har_x,,,,,,,,,,,,,,
SH600606,ewma,,,,,-3.0941521817309434,0.3436302572476507,True,,,,,,,
SH600606,garch,,,,,-1.108415049097402,0.8328090125307811,True,0.9066766186640447,0.015542153161957553,,,,,
SH600606,egarch,,,,,-1.8625751317859998,0.645137194046517,True,0.9824356289539595,0.016012636562536157,,,,,
SH600637,naive,,,,,,,,,,,,,,
SH600637,har,0.06627076313242203,0.530335994017249,0.3469599246845143,-0.2502671857164161,,,,,,,,,,
SH600637,har_x,,,,,,,,,,,,,,
SH600637,ewma,,,,,-0.9527256418604989,0.8389850492040117,True,,,,,,,
SH600637,garch,,,,,-0.5332796719882142,0.9566690848437097,True,0.9946492278384899,0.01739869119340641,,,,,
SH600637,egarch,,,,,-0.4721955085609619,0.9778358179633231,True,0.9902989266953033,0.017816010722598377,,,,,
SH600660,naive,,,,,,,,,,,,,,
SH600660,har,0.1283677167806252,0.3031521838894937,0.3681366580093622,-0.8481149312643579,,,,,,,,,,
SH600660,har_x,,,,,,,,,,,,,,
SH600660,ewma,,,,,-1.4280548567977365,0.7029733211080742,True,,,,,,,
SH600660,garch,,,,,-0.6608826011687227,0.904323660804859,True,0.9800973142491531,0.01803171745674324,,,,,
SH600660,egarch,,,,,-0.7803294551562228,0.8742326582780124,True,0.9890081612831609,0.018453922263278754,,,,,
SH600663,naive,,,,,,,,,,,,,,
SH600663,har,0.20838269464182055,0.2707720044003287,0.4082778573437428,-0.4640976815976644,,,,,,,,,,
SH600663,har_x,,,,,,,,,,,,,,
SH600663,ewma,,,,,-1.0577681943624173,0.7912579673949096,True,,,,,,,
SH600663,garch,,,,,-0.24209182230849574,1.0299352000546622,True,0.9845864367202048,0.018784316523034042,,,,,
SH600663,egarch,,,,,-0.27882173930168486,1.0217874928061523,True,0.9697206749776758,0.019408894663109712,,,,,
SH600674,naive,,,,,,,,,,,,,,
SH600674,har,0.1409584793815408,0.4414557166160822,0.3256064742540797,-0.4153982028557425,,,,,,,,,,
SH600674,har_x,,,,,,,,,,,,,,
SH600674,ewma,,,,,-1.1131660022670113,0.7862130283497746,True,,,,,,,
SH600674,garch,,,,,-0.6502748613348017,0.898804552140015,True,0.9907809762931525,0.012268171008526762,,,,,
SH600674,egarch,,,,,-0.6910512252791091,0.889504311706942,True,0.9912721817192129,0.012399385282231406,,,,,
SH600688,naive,,,,,,,,,,,,,,
SH600688,har,0.09935651713902777,0.38912961519265155,0.44054751783885243,-0.3020304910994652,,,,,,,,,,
SH600688,har_x,,,,,,,,,,,,,,
SH600688,ewma,,,,,-0.9568391024559086,0.8063993054852463,True,,,,,,,
SH600688,garch,,,,,-0.6462951238198268,0.8895901329394363,True,0.9947731309657503,0.014539981776049342,,,,,
SH600688,egarch,,,,,-0.7134793055652381,0.8726753434312842,True,0.9968324298586576,0.0135938638665493,,,,,
SH600690,naive,,,,,,,,,,,,,,
SH600690,har,0.19914895396564622,0.4555884133488141,0.16859965114644773,-0.7292198085673096,,,,,,,,,,
SH600690,har_x,,,,,,,,,,,,,,
SH600690,ewma,,,,,-1.2045843069018,0.753145085225102,True,,,,,,,
SH600690,garch,,,,,-0.4793970038361293,0.9571709421750602,True,0.9915434548133147,0.021374004434016745,,,,,
SH600690,egarch,,,,,-0.6906383844191806,0.8940578435871271,True,0.9960724747523982,0.021401173674064407,,,,,
SH600703,naive,,,,,,,,,,,,,,
SH600703,har,0.10069683526089389,0.08672473985386975,0.6360160516730936,-0.6963916658708549,,,,,,,,,,
SH600703,har_x,,,,,,,,,,,,,,
SH600703,ewma,,,,,-1.3935552837920626,0.6748014426470677,True,,,,,,,
SH600703,garch,,,,,-0.9384230045449314,0.8064996949021663,True,0.9910689694832326,0.030193834707253262,,,,,
SH600703,egarch,,,,,-0.9244666991965073,0.8090474314541324,True,0.9969926846797854,0.030752194576204515,,,,,
SH600704,naive,,,,,,,,,,,,,,
SH600704,har,0.049924002306839015,0.2860572985418701,-0.25741650793651355,-3.9740096261747877,,,,,,,,,,
SH600704,har_x,,,,,,,,,,,,,,
SH600704,ewma,,,,,-2.7921242180455046,0.36360838774315046,True,,,,,,,
SH600704,garch,,,,,1.679414138246902,1.4348477712094523,True,0.979995311143367,0.015128515511284947,,,,,
SH600704,egarch,,,,,-6.245909378616451,-0.46231076351710154,True,0.07795751504589131,0.01562028441776051,,,,,
SH600705,naive,,,,,,,,,,,,,,
SH600705,har,0.09836502103433996,0.25491614984624267,0.543522398405835,-0.4382184231638923,,,,,,,,,,
SH600705,har_x,,,,,,,,,,,,,,
SH600705,ewma,,,,,-1.134428729564567,0.7755090881336804,True,,,,,,,
SH600705,garch,,,,,-0.7245961693395093,0.8969255287572827,True,0.9956143953310679,0.020001863432533375,,,,,
SH600705,egarch,,,,,-0.7541693206004302,0.8988579196096926,True,0.9675048735789438,0.020780832418768755,,,,,
SH600739,naive,,,,,,,,,,,,,,
SH600739,har,0.22016501457425983,0.07191246937576712,0.48116752808750624,-0.9825605777590893,,,,,,,,,,
SH600739,har_x,,,,,,,,,,,,,,
SH600739,ewma,,,,,-2.0368787489530376,0.5605221870408171,True,,,,,,,
SH600739,garch,,,,,-1.7504836828720196,0.6416346353150052,True,1.0,0.018529995849911832,,,,,
SH600739,egarch,,,,,-1.4819779562986366,0.7127144991660389,True,0.9898911821424492,0.018960709472737328,,,,,
SH600741,naive,,,,,,,,,,,,,,
SH600741,har,0.06273164103254325,0.5002394293112391,0.27412326892000977,-0.6716602218891594,,,,,,,,,,
SH600741,har_x,,,,,,,,,,,,,,
SH600741,ewma,,,,,-1.3091857103196975,0.7181272644400617,True,,,,,,,
SH600741,garch,,,,,-0.8197833720046622,0.8528216703274484,True,0.9880441887520546,0.02208851917696236,,,,,
SH600741,egarch,,,,,-0.9348936173633646,0.8240507340860795,True,0.9921314162678436,0.02321865928779085,,,,,
SH600795,naive,,,,,,,,,,,,,,
SH600795,har,0.11758748259392766,0.46028432396249397,0.31566010354759205,-0.478418781502625,,,,,,,,,,
SH600795,har_x,,,,,,,,,,,,,,
SH600795,ewma,,,,,-1.2081824113825363,0.7785381347589735,True,,,,,,,
SH600795,garch,,,,,-0.4720035935345255,0.9821633220535096,True,0.9984962851488189,0.013099446498622581,,,,,
SH600795,egarch,,,,,-0.3008332754459088,1.0253882289503027,True,0.9727315178349268,0.013934199585772253,,,,,
SH600809,naive,,,,,,,,,,,,,,
SH600809,har,0.09067504466814712,0.2785626218158402,0.31332296916531416,-1.2138234220452324,,,,,,,,,,
SH600809,har_x,,,,,,,,,,,,,,
SH600809,ewma,,,,,-2.188878744949863,0.45787691389477414,True,,,,,,,
SH600809,garch,,,,,-1.6136980238177694,0.6383773726693754,True,0.9914640845029459,0.02774597606910495,,,,,
SH600809,egarch,,,,,-1.4543618339363502,0.6842015328489329,True,0.962400144935935,0.02714784183950119,,,,,
SH600816,naive,,,,,,,,,,,,,,
SH600816,har,0.12478486777195107,0.3979131247242279,-0.049681227559458856,-2.2186498243584465,,,,,,,,,,
SH600816,har_x,,,,,,,,,,,,,,
SH600816,ewma,,,,,-2.642977603557846,0.39339357643099043,True,,,,,,,
SH600816,garch,,,,,-0.46020100779472184,0.9527290629898234,True,0.8471614220190241,0.020280168435948216,,,,,
SH600816,egarch,,,,,-1.2266418978438263,0.7494566977714358,True,0.9610397035562326,0.019887079023039232,,,,,
SH600837,naive,,,,,,,,,,,,,,
SH600837,har,0.09505499104398592,0.28812632735804067,0.5475338668307358,-0.30967414595932763,,,,,,,,,,
SH600837,har_x,,,,,,,,,,,,,,
SH600837,ewma,,,,,-1.1258340173687817,0.7699330455930481,True,,,,,,,
SH600837,garch,,,,,-0.8844319057220056,0.8368924092940534,True,0.9976646746173239,0.018511998831922755,,,,,
SH600837,egarch,,,,,-0.9363113898849558,0.8245474747717142,True,0.9957152530622835,0.018490542001988575,,,,,
SH600867,naive,,,,,,,,,,,,,,
SH600867,har,0.11658655195539168,0.04047715684001003,0.6965622390934064,-0.6134668791004964,,,,,,,,,,
SH600867,har_x,,,,,,,,,,,,,,
SH600867,ewma,,,,,-1.49056857269888,0.6751544067096454,True,,,,,,,
SH600867,garch,,,,,-1.057420059974927,0.7956996045396113,True,0.9920667090980679,0.024810756507415387,,,,,
SH600867,egarch,,,,,-1.077796682660912,0.7923553853891478,True,0.9893967392654424,0.02436529150893483,,,,,
SH600886,naive,,,,,,,,,,,,,,
SH600886,har,0.22012389225661672,-0.11121082853184627,0.6105101984365502,-1.2736773028280222,,,,,,,,,,
SH600886,har_x,,,,,,,,,,,,,,
SH600886,ewma,,,,,-2.2965620742612693,0.5200691487257071,True,,,,,,,
SH600886,garch,,,,,-1.894343639875301,0.6201156932706148,True,0.9809688137510374,0.014624763857085592,,,,,
SH600886,egarch,,,,,-1.7271490850194533,0.6623103774439103,True,0.9837128799681035,0.015670752423962965,,,,,
SH600887,naive,,,,,,,,,,,,,,
SH600887,har,0.20693369729030633,0.33064763666693114,0.22917671191373265,-0.9656649212243092,,,,,,,,,,
SH600887,har_x,,,,,,,,,,,,,,
SH600887,ewma,,,,,-1.6990125399544551,0.6277787354226967,True,,,,,,,
SH600887,garch,,,,,-0.5461633564065043,0.9402490673469148,True,0.9733098236640453,0.02001769495163838,,,,,
SH600887,egarch,,,,,-0.39544478465966854,0.9820350172424002,True,0.9748233289298628,0.02051181699553544,,,,,
SH600893,naive,,,,,,,,,,,,,,
SH600893,har,0.1370277117542308,0.2573870692308338,0.4474042484766226,-0.6378525811245435,,,,,,,,,,
SH600893,har_x,,,,,,,,,,,,,,
SH600893,ewma,,,,,-1.1991152113221852,0.750434539559826,True,,,,,,,
SH600893,garch,,,,,-0.42750212754440103,0.9795929219484398,True,0.9775082183804434,0.02063086168009494,,,,,
SH600893,egarch,,,,,-0.26080649212120444,1.0295016618846822,True,0.964719817583864,0.021881363979262623,,,,,
SH600900,naive,,,,,,,,,,,,,,
SH600900,har,0.1482796818667488,0.12767919971458733,0.6145002367364233,-0.5250321936217899,,,,,,,,,,
SH600900,har_x,,,,,,,,,,,,,,
SH600900,ewma,,,,,-1.3825917417571953,0.7251190334225825,True,,,,,,,
SH600900,garch,,,,,-0.7726888406549325,0.8616544560432173,True,0.9850939521759772,0.009996034850955177,,,,,
SH600900,egarch,,,,,-0.6823780498741462,0.8755086894455038,True,0.9901060190980117,0.009692927473435814,,,,,
SH600919,naive,,,,,,,,,,,,,,
SH600919,har,0.13460035571664236,0.35064043374739207,0.13912262126922206,-1.847511498594518,,,,,,,,,,
SH600919,har_x,,,,,,,,,,,,,,
SH600919,ewma,,,,,-1.8852533574899268,0.6595322702176384,True,,,,,,,
SH600919,garch,,,,,4.7106013865140755,2.0472546765264403,True,0.9265503043086535,0.00895299898475604,,,,,
SH600919,egarch,,,,,0.35209971006107776,1.1248871770720654,True,0.9384058849911613,0.010021364072797608,,,,,
SH600926,naive,,,,,,,,,,,,,,
SH600926,har,0.15683398562880663,0.2937552444723091,0.04663841127572279,-2.3739363761479075,,,,,,,,,,
SH600926,har_x,,,,,,,,,,,,,,
SH600926,ewma,,,,,-0.8865982072021514,0.8482434745583775,True,,,,,,,
SH600926,garch,,,,,3.918801483188791,1.90881104374574,True,0.8627391251235564,0.011113127258081557,,,,,
SH600926,egarch,,,,,2.2983878050806665,1.5547552213737597,True,0.8703775400743853,0.011764793052188612,,,,,
SH600958,naive,,,,,,,,,,,,,,
SH600958,har,0.11442999134265182,0.2456327238866744,0.5149843570340044,-0.5554380325275875,,,,,,,,,,
SH600958,har_x,,,,,,,,,,,,,,
SH600958,ewma,,,,,-1.3535198894434095,0.7286385921838633,True,,,,,,,
SH600958,garch,,,,,-0.9753991386372126,0.830374374151272,True,0.993898833398215,0.018396690560164998,,,,,
SH600958,egarch,,,,,-0.9488917319835378,0.8427312410241509,True,0.9878466065659041,0.019245769240718056,,,,,
SH600977,naive,,,,,,,,,,,,,,
SH600977,har,0.029583477114763865,0.47573953544637926,-0.013586435896810925,-2.332127169022291,,,,,,,,,,
SH600977,har_x,,,,,,,,,,,,,,
SH600977,ewma,,,,,-2.442785924106755,0.509958765605434,True,,,,,,,
SH600977,garch,,,,,-0.4979162696571101,0.93849865024024,True,0.9469471487169486,0.011418054073506038,,,,,
SH600977,egarch,,,,,-1.6440199263414619,0.6801248258707046,False,0.9878801975973452,0.013301524224986361,,,,,
SH600999,naive,,,,,,,,,,,,,,
SH600999,har,0.12454445526202526,0.33373284474622533,0.44577726005890456,-0.4020227360323308,,,,,,,,,,
SH600999,har_x,,,,,,,,,,,,,,
SH600999,ewma,,,,,-1.187742761683247,0.7477695081886707,True,,,,,,,
SH600999,garch,,,,,-0.8876999556621012,0.8350509248760158,True,0.9976946533527415,0.019864201480744727,,,,,
SH600999,egarch,,,,,-0.9087447222928756,0.8310761979877966,True,0.9961866791517865,0.019251241967073972,,,,,
SH601006,naive,,,,,,,,,,,,,,
SH601006,har,0.16202150962321493,0.4229603909736113,0.30462382218504414,-0.4945462815259575,,,,,,,,,,
SH601006,har_x,,,,,,,,,,,,,,
SH601006,ewma,,,,,-0.9832020252446019,0.8153605131467939,True,,,,,,,
SH601006,garch,,,,,-0.38501141214044504,0.966334189350535,True,0.98863671267408,0.012291026163641045,,,,,
SH601006,egarch,,,,,-0.3052893497221858,0.9863146335956604,True,0.9828474436549854,0.012407348920153327,,,,,
SH601009,naive,,,,,,,,,,,,,,
SH601009,har,0.15588161074588786,0.3137542380362374,0.40542784457686304,-0.5420853253191985,,,,,,,,,,
SH601009,har_x,,,,,,,,,,,,,,
SH601009,ewma,,,,,-1.1147963431139212,0.7893684568917791,True,,,,,,,
SH601009,garch,,,,,-0.7849680136718439,0.8770379989970403,True,0.9951284611731387,0.01603263870449296,,,,,
SH601009,egarch,,,,,-0.8604635993570133,0.8577411964754841,True,0.9986102649623535,0.016054784931975468,,,,,
SH601018,naive,,,,,,,,,,,,,,
SH601018,har,0.19516778519238095,0.3326740503433282,0.35135606277850223,-0.5184893833284724,,,,,,,,,,
SH601018,har_x,,,,,,,,,,,,,,
SH601018,ewma,,,,,-1.5688208172858789,0.6672590378800062,True,,,,,,,
SH601018,garch,,,,,-1.180871237269636,0.7735535580295853,True,0.9999999998421429,0.01653416833780091,,,,,
SH601018,egarch,,,,,-1.1419508895437684,0.7772118303550546,True,0.9986888167976766,0.016251710141120288,,,,,
SH601021,naive,,,,,,,,,,,,,,
SH601021,har,0.12944825453455144,0.30767935239650607,0.4148611778055399,-0.632682691769884,,,,,,,,,,
SH601021,har_x,,,,,,,,,,,,,,
SH601021,ewma,,,,,-1.3165355148321478,0.7355679913578442,True,,,,,,,
SH601021,garch,,,,,-0.834834308027885,0.8738573217872158,True,0.995276586415876,0.02013964988916437,,,,,
SH601021,egarch,,,,,-0.5979538440806712,0.9343988117093572,True,0.9874030807314131,0.021434540264570878,,,,,
SH601088,naive,,,,,,,,,,,,,,
SH601088,har,0.09397627953803815,0.5738206788612115,0.11302697214456701,-0.9297081741397885,,,,,,,,,,
SH601088,har_x,,,,,,,,,,,,,,
SH601088,ewma,,,,,-1.41801000281219,0.7209719031993554,True,,,,,,,
SH601088,garch,,,,,0.08234085070627452,1.1284439187595152,True,0.9485011000573704,0.017455768132412258,,,,,
SH601088,egarch,,,,,0.4551098834185215,1.234178498587102,True,0.9281665743637659,0.01817945861043163,,,,,
SH601111,naive,,,,,,,,,,,,,,
SH601111,har,0.1473532043883639,0.4403372479447272,0.26466593229194385,-0.5813469471898209,,,,,,,,,,
SH601111,har_x,,,,,,,,,,,,,,
SH601111,ewma,,,,,-1.1729565832792512,0.7336603818007245,True,,,,,,,
SH601111,garch,,,,,-0.704639048724923,0.8727471539657783,True,0.9936571198160218,0.02243446576693773,,,,,
SH601111,egarch,,,,,-0.801536339698546,0.8457541755930712,True,0.9927495517411457,0.02342731502662252,,,,,
SH601117,naive,,,,,,,,,,,,,,
SH601117,har,0.10426409029004734,0.5624149443923084,0.20547071854128793,-0.5257121230402749,,,,,,,,,,
SH601117,har_x,,,,,,,,,,,,,,
SH601117,ewma,,,,,-0.9330322672881745,0.8264871972490001,True,,,,,,,
SH601117,garch,,,,,-0.475497880693602,0.9557746696281227,True,0.9935405381132144,0.018550584187864146,,,,,
SH601117,egarch,,,,,-0.45034339944030066,0.963867796337281,True,0.991137907353507,0.019404362516804722,,,,,
SH601155,naive,,,,,,,,,,,,,,
SH601155,har,0.10424414385073924,0.41575549245736665,0.00151334741307299,-1.8922951041773703,,,,,,,,,,
SH601155,har_x,,,,,,,,,,,,,,
SH601155,ewma,,,,,-1.6497751871989708,0.5949895867283755,True,,,,,,,
SH601155,garch,,,,,-2.072645174495444,0.49458419254507846,True,1.0,0.02973085849223662,,,,,
SH601155,egarch,,,,,-0.135264386021603,1.0011836628803943,True,0.9525982333604989,0.02850992874014041,,,,,
SH601166,naive,,,,,,,,,,,,,,
SH601166,har,0.1930067572547478,0.23435687539035277,0.46574353178689076,-0.5077458663226807,,,,,,,,,,
SH601166,har_x,,,,,,,,,,,,,,
SH601166,ewma,,,,,-1.2281597013212395,0.774220941901163,True,,,,,,,
SH601166,garch,,,,,-0.909867661504436,0.8513151809382923,True,0.9944846116415036,0.012391291039256092,,,,,
SH601166,egarch,,,,,-0.9917859802278952,0.8337539540498414,True,0.9965610951202064,0.012831608820471612,,,,,
SH601169,naive,,,,,,,,,,,,,,
SH601169,har,0.16682953780828458,0.3417490262433166,0.34782652040825024,-0.6627035767120383,,,,,,,,,,
SH601169,har_x,,,,,,,,,,,,,,
SH601169,ewma,,,,,-1.5513669125519864,0.6939645646510086,True,,,,,,,
SH601169,garch,,,,,-1.2218459605373497,0.7761898064953315,True,0.997448043235354,0.0101524047826375,,,,,
SH601169,egarch,,,,,-1.2695426335469564,0.7653152484655724,True,0.995443374914046,0.010355736081414707,,,,,
SH601186,naive,,,,,,,,,,,,,,
SH601186,har,0.20979159113159312,0.37065729206591036,0.28217331838773485,-0.5691947145486282,,,,,,,,,,
SH601186,har_x,,,,,,,,,,,,,,
SH601186,ewma,,,,,-0.9460193698538532,0.8326456566539875,True,,,,,,,
SH601186,garch,,,,,-0.32550902457373804,1.01186239048035,True,0.986230332607414,0.019605841802178316,,,,,
SH601186,egarch,,,,,-0.27135952360290605,1.0295033500093373,True,0.9812163380133391,0.02014511979875439,,,,,
SH601198,naive,,,,,,,,,,,,,,
SH601198,har,0.07697498129142882,0.16691866944393347,0.558066571377328,-0.8849708635838185,,,,,,,,,,
SH601198,har_x,,,,,,,,,,,,,,
SH601198,ewma,,,,,-1.509833199923281,0.687072018145893,True,,,,,,,
SH601198,garch,,,,,0.10442422782654269,1.0686990979786664,True,0.9789670014133872,0.012553541385833568,,,,,
SH601198,egarch,,,,,0.05308630562761264,1.0571640068447103,True,0.9896513015975551,0.014478025178919192,,,,,
SH601211,naive,,,,,,,,,,,,,,
SH601211,har,0.08790553425431863,0.27915229081720866,0.3236744769577808,-1.4124384552753237,,,,,,,,,,
SH601211,har_x,,,,,,,,,,,,,,
SH601211,ewma,,,,,-2.6275103474525072,0.43697755318411946,True,,,,,,,
SH601211,garch,,,,,-1.5272420777273796,0.6881519604441766,True,0.9736453868338035,0.01273506825825239,,,,,
SH601211,egarch,,,,,-1.5202217268444222,0.687760866702849,True,0.9885080783399355,0.01268414403497817,,,,,
SH601216,naive,,,,,,,,,,,,,,
SH601216,har,0.08302410189712403,0.19824255284059172,0.5805499421523331,-0.5605790369777589,,,,,,,,,,
SH601216,har_x,,,,,,,,,,,,,,
SH601216,ewma,,,,,-1.032903238154437,0.803741464444317,True,,,,,,,
SH601216,garch,,,,,-0.4750483384448019,0.9674560446834896,True,0.9846239297155939,0.02395401096825054,,,,,
SH601216,egarch,,,,,-0.420067581244754,0.988907655221598,True,0.9705400442006998,0.025017183751756312,,,,,
SH601225,naive,,,,,,,,,,,,,,
SH601225,har,0.12090031379848644,0.5068186573757218,0.16657163143577963,-0.7707820026743802,,,,,,,,,,
SH601225,har_x,,,,,,,,,,,,,,
SH601225,ewma,,,,,-1.3451769230091881,0.6753391564385107,True,,,,,,,
SH601225,garch,,,,,-0.45718112738722533,0.9404392178105364,True,0.9795996895675915,0.024077736157542447,,,,,
SH601225,egarch,,,,,-0.5840593720360333,0.9051397922888985,True,0.9869846012988805,0.023643147944349508,,,,,
SH601229,naive,,,,,,,,,,,,,,
SH601229,har,-0.023664998905594852,0.3134489947326576,0.32937291156563864,-1.8800733981252356,,,,,,,,,,
SH601229,har_x,,,,,,,,,,,,,,
SH601229,ewma,,,,,-3.2902243353836456,0.36543505089307177,True,,,,,,,
SH601229,garch,,,,,-2.281295009495368,0.6306140768216624,True,1.0000000000000027,0.011900870272484156,,,,,
SH601229,egarch,,,,,-2.9588715743160017,0.4822995940430115,True,0.9386982354683446,0.013707551082143856,,,,,
SH601288,naive,,,,,,,,,,,,,,
SH601288,har,0.18390204461865803,0.33904292566939126,0.3265356705496617,-0.7294673414021219,,,,,,,,,,
SH601288,har_x,,,,,,,,,,,,,,
SH601288,ewma,,,,,-1.913692937088364,0.6356220136018251,True,,,,,,,
SH601288,garch,,,,,-1.6594824236130958,0.6999756037803156,True,0.9997653102074786,0.009517260239056356,,,,,
SH601288,egarch,,,,,-1.4884711026043131,0.7363144151700781,True,0.9965722399041005,0.00966488977162102,,,,,
SH601318,naive,,,,,,,,,,,,,,
SH601318,har,0.13890197986205097,0.24049224673518307,0.5160365586800301,-0.46539534224530227,,,,,,,,,,
SH601318,har_x,,,,,,,,,,,,,,
SH601318,ewma,,,,,-0.9061987226157021,0.8380863286453643,True,,,,,,,
SH601318,garch,,,,,-0.3887226032907703,0.9761084957488374,True,0.9958055494690381,0.016930531953694462,,,,,
SH601318,egarch,,,,,-0.5206029990675611,0.9453107871753372,True,0.9905813598650587,0.01777239245242627,,,,,
SH601328,naive,,,,,,,,,,,,,,
SH601328,har,0.233293404068598,0.2820320563266383,0.32663316245697455,-0.7388029332562679,,,,,,,,,,
SH601328,har_x,,,,,,,,,,,,,,
SH601328,ewma,,,,,-1.623316365829283,0.6861493397244762,True,,,,,,,
SH601328,garch,,,,,-1.0040065717137636,0.8388227231887013,True,0.9884846484313201,0.010007923344247409,,,,,
SH601328,egarch,,,,,-1.1591499251084552,0.8035554589492837,True,0.993958993712271,0.009878073158376997,,,,,
SH601333,naive,,,,,,,,,,,,,,
SH601333,har,0.11154425898287618,0.34679237958616327,0.38093483327141414,-0.6630092875415834,,,,,,,,,,
SH601333,har_x,,,,,,,,,,,,,,
SH601333,ewma,,,,,-1.2947455329690924,0.724508783261287,True,,,,,,,
SH601333,garch,,,,,-0.8150566073553657,0.8598813114640249,True,0.9910848616028801,0.018908324787806283,,,,,
SH601333,egarch,,,,,-0.6795834659534183,0.8973752282911973,True,0.9810722979674922,0.019257199412905966,,,,,
SH601336,naive,,,,,,,,,,,,,,
SH601336,har,0.10222719406891594,0.25989726180753847,0.5261026398537613,-0.44985405875017304,,,,,,,,,,
SH601336,har_x,,,,,,,,,,,,,,
SH601336,ewma,,,,,-0.9542062524432674,0.7968566397772986,True,,,,,,,
SH601336,garch,,,,,-0.3484340563747954,0.9725231810898248,True,0.9938557975728473,0.023263527811525343,,,,,
SH601336,egarch,,,,,-0.5661400638639892,0.9138384045602258,True,0.9963523311144095,0.023168089327359,,,,,
SH601377,naive,,,,,,,,,,,,,,
SH601377,har,0.0784522748819557,0.4101602313948031,0.4319663609684696,-0.34118121263787016,,,,,,,,,,
SH601377,har_x,,,,,,,,,,,,,,
SH601377,ewma,,,,,-1.031840868792346,0.7890661333939543,True,,,,,,,
SH601377,garch,,,,,-0.6557362381479003,0.8927230967913526,True,0.994715130077911,0.019239809334603487,,,,,
SH601377,egarch,,,,,-0.7634965076237452,0.8664778040740221,True,0.9950014451758274,0.01915388635642657,,,,,
SH601390,naive,,,,,,,,,,,,,,
SH601390,har,0.24838840040419094,0.3531845676621614,0.2831561040072766,-0.4884967547672536,,,,,,,,,,
SH601390,har_x,,,,,,,,,,,,,,
SH601390,ewma,,,,,-0.9900357082692709,0.8186436308063233,True,,,,,,,
SH601390,garch,,,,,-0.5803763445144274,0.9399870203605,True,0.9999999999995681,0.016485643234739982,,,,,
SH601390,egarch,,,,,-0.4416969945065419,0.9828913401589162,True,0.9751147973520591,0.017402621406729192,,,,,
SH601398,naive,,,,,,,,,,,,,,
SH601398,har,0.18208100139517241,0.3235721528802693,0.3242556936185207,-0.808071364876521,,,,,,,,,,
SH601398,har_x,,,,,,,,,,,,,,
SH601398,ewma,,,,,-2.0081766090624575,0.6067555134082853,True,,,,,,,
SH601398,garch,,,,,-1.7842584164269344,0.6635156017474247,True,0.9999999992866495,0.010645157926561906,,,,,
SH601398,egarch,,,,,-1.7148568245137268,0.6793243732601323,True,0.9981469013742733,0.01085475334874758,,,,,
SH601555,naive,,,,,,,,,,,,,,
SH601555,har,0.05098787196786952,0.180615217603804,0.7000637228363624,-0.29188597146499984,,,,,,,,,,
SH601555,har_x,,,,,,,,,,,,,,
SH601555,ewma,,,,,-1.0185882748050805,0.7958916875211581,True,,,,,,,
SH601555,garch,,,,,-0.8130722371387274,0.8541815895864457,True,0.9963317113527416,0.02459386173059721,,,,,
SH601555,egarch,,,,,-0.9268047718560264,0.8239078991139263,True,0.9986216185355258,0.02384483531787047,,,,,
SH601600,naive,,,,,,,,,,,,,,
SH601600,har,0.14215953984612806,0.48936163248831877,0.23646031535745388,-0.5125305170597951,,,,,,,,,,
SH601600,har_x,,,,,,,,,,,,,,
SH601600,ewma,,,,,-0.8791174163843257,0.8226358738992137,True,,,,,,,
SH601600,garch,,,,,-0.5113841525089835,0.9397893303101655,True,0.9970571182861707,0.02150856202799465,,,,,
SH601600,egarch,,,,,-0.3540651446256943,0.9840022357805894,True,0.9784961886955407,0.022054778465996797,,,,,
SH601601,naive,,,,,,,,,,,,,,
SH601601,har,0.17607844440048953,0.1288192978974965,0.5578617591772287,-0.5829748668009633,,,,,,,,,,
SH601601,har_x,,,,,,,,,,,,,,
SH601601,ewma,,,,,-1.0652372891754274,0.7784431993660742,True,,,,,,,
SH601601,garch,,,,,-0.6871210871637805,0.8810092655868457,True,0.9960486868004801,0.019335814110449358,,,,,
SH601601,egarch,,,,,-0.6438662581984026,0.8922931486087526,True,0.9931403290911006,0.020084351671371847,,,,,
SH601607,naive,,,,,,,,,,,,,,
SH601607,har,0.15965847662754637,0.36654516844505575,0.34497900096789985,-0.5367044035762197,,,,,,,,,,
SH601607,har_x,,,,,,,,,,,,,,
SH601607,ewma,,,,,-1.4026445338610518,0.6932617677800249,True,,,,,,,
SH601607,garch,,,,,-1.032770508439231,0.7928569210526338,True,0.9934347320652815,0.01705660462000626,,,,,
SH601607,egarch,,,,,-0.9480944762228075,0.8154984907799437,True,0.9931735296167807,0.017618836521036275,,,,,
SH601611,naive,,,,,,,,,,,,,,
SH601611,har,0.15817343612545706,0.19065692015222688,-0.05415169908169812,-3.0189224613262406,,,,,,,,,,
SH601611,har_x,,,,,,,,,,,,,,
SH601611,ewma,,,,,-3.9061726786098414,0.09379244808384135,True,,,,,,,
SH601611,garch,,,,,-1.2424344625214259,0.7850175319725033,True,0.7594987643236413,0.01851632791337288,,,,,
SH601611,egarch,,,,,-0.3979547062138968,0.9962937041611853,True,0.7113062848779963,0.018654442987997455,,,,,
SH601618,naive,,,,,,,,,,,,,,
SH601618,har,0.1783393642865076,0.37414111509010023,0.355626921026937,-0.3925800872537896,,,,,,,,,,
SH601618,har_x,,,,,,,,,,,,,,
SH601618,ewma,,,,,-0.7810344122298088,0.8720167767808191,True,,,,,,,
SH601618,garch,,,,,0.09240267347912558,1.119106023266805,True,0.9814886775912228,0.017814963273420314,,,,,
SH601618,egarch,,,,,0.27893038499566786,1.171228100286541,True,0.9726073227907626,0.01909663474898787,,,,,
SH601628,naive,,,,,,,,,,,,,,
SH601628,har,0.13751329036479254,0.35753878929925637,0.3205505668605719,-0.7674184634668721,,,,,,,,,,
SH601628,har_x,,,,,,,,,,,,,,
SH601628,ewma,,,,,-0.9939650296889476,0.7974341667967632,True,,,,,,,
SH601628,garch,,,,,-0.05175103476943466,1.0499220702457124,True,0.9874258467999563,0.020419439129918802,,,,,
SH601628,egarch,,,,,0.1516672943480225,1.104837268265519,True,0.9794976175385052,0.020837781568453596,,,,,
SH601633,naive,,,,,,,,,,,,,,
SH601633,har,0.15753097679040368,0.30690602986533033,0.2712630756595211,-1.0893500336253288,,,,,,,,,,
SH601633,har_x,,,,,,,,,,,,,,
SH601633,ewma,,,,,-1.5298220754006442,0.6734193457625749,True,,,,,,,
SH601633,garch,,,,,-0.00987977345160602,1.0896729242542365,True,0.9541436560780501,0.022766822076151626,,,,,
SH601633,egarch,,,,,-0.6361809910468967,0.9242665624662048,True,0.985986275656779,0.02373637458757513,,,,,
SH601668,naive,,,,,,,,,,,,,,
SH601668,har,0.16372049685664586,0.42779361705059465,0.2614269076125319,-0.6186399636637288,,,,,,,,,,
SH601668,har_x,,,,,,,,,,,,,,
SH601668,ewma,,,,,-0.9475603104239384,0.8343778920701361,True,,,,,,,
SH601668,garch,,,,,-0.2885680637508797,1.0145312727354376,True,0.9860036011751598,0.017211762109626973,,,,,
SH601668,egarch,,,,,-0.4224950000317714,0.9789231058217097,True,0.9900397506424164,0.017453822403827878,,,,,
SH601669,naive,,,,,,,,,,,,,,
SH601669,har,0.1753039797550816,0.15896243152399686,0.4835847833281274,-0.7563207639334977,,,,,,,,,,
SH601669,har_x,,,,,,,,,,,,,,
SH601669,ewma,,,,,-1.1147551305906969,0.7838133042465012,True,,,,,,,
SH601669,garch,,,,,-0.8686065134014387,0.8564063913834902,True,0.9972579848657182,0.01799063894541487,,,,,
SH601669,egarch,,,,,-0.924360752650081,0.8434989202898683,True,0.9883525223440845,0.018951195427600768,,,,,
SH601688,naive,,,,,,,,,,,,,,
SH601688,har,0.08954205137283218,0.3655828115759606,0.4461054294954139,-0.3981053620538454,,,,,,,,,,
SH601688,har_x,,,,,,,,,,,,,,
SH601688,ewma,,,,,-1.0444087870159346,0.7699269030493465,True,,,,,,,
SH601688,garch,,,,,-0.7243295249380842,0.867314207992306,True,0.9982395094003573,0.02318521672131907,,,,,
SH601688,egarch,,,,,-0.7876145106281027,0.8515892900226343,True,0.9958067502200063,0.023122991880510722,,,,,
SH601727,naive,,,,,,,,,,,,,,
SH601727,har,0.1111458636644469,0.32282375861259427,0.3674163177394681,-0.7984241757416434,,,,,,,,,,
SH601727,har_x,,,,,,,,,,,,,,
SH601727,ewma,,,,,-0.9955656157994507,0.8247545166272146,True,,,,,,,
SH601727,garch,,,,,-0.3916221288645916,1.0028962257908949,True,0.9821916509478616,0.022934363131267944,,,,,
SH601727,egarch,,,,,-0.6040424379428182,0.9440640068005481,True,0.9860556828057319,0.02307548930127576,,,,,
SH601766,naive,,,,,,,,,,,,,,
SH601766,har,0.08593398946622888,0.47628026994676986,0.28628072574399555,-0.6575347653838666,,,,,,,,,,
SH601766,har_x,,,,,,,,,,,,,,
SH601766,ewma,,,,,-1.3256483921195295,0.748782204720142,True,,,,,,,
SH601766,garch,,,,,-0.9717186023550316,0.8497528802403687,True,0.999999999918167,0.014441400861660991,,,,,
SH601766,egarch,,,,,-1.163734970182681,0.8115837694898472,True,0.9802146738045605,0.015553842252098288,,,,,
SH601788,naive,,,,,,,,,,,,,,
SH601788,har,0.0855017680394906,0.20202979165004775,0.6174068413417045,-0.43380486375832217,,,,,,,,,,
SH601788,har_x,,,,,,,,,,,,,,
SH601788,ewma,,,,,-1.2633649007305996,0.7456873333054722,True,,,,,,,
SH601788,garch,,,,,-0.7057319612760666,0.8806530520660406,True,0.9879499962019441,0.018007383897746296,,,,,
SH601788,egarch,,,,,-0.9093531091639631,0.8335347093900979,True,0.995915423123536,0.018585383838838718,,,,,
SH601800,naive,,,,,,,,,,,,,,
SH601800,har,0.19074393982269283,0.23514173623986656,0.4393492647551675,-0.541266938584938,,,,,,,,,,
SH601800,har_x,,,,,,,,,,,,,,
SH601800,ewma,,,,,-1.0072801391830406,0.7956662713867128,True,,,,,,,
SH601800,garch,,,,,-0.8258384171085206,0.8496650970362923,True,0.9972368698347147,0.021302072265536216,,,,,
SH601800,egarch,,,,,-0.9427114932714626,0.817522750999234,True,0.9990645850855252,0.02034836866305447,,,,,
SH601808,naive,,,,,,,,,,,,,,
SH601808,har,0.1436810124042128,0.4805092028353335,0.2661098728753796,-0.45176306787636095,,,,,,,,,,
SH601808,har_x,,,,,,,,,,,,,,
SH601808,ewma,,,,,-0.8063741518476029,0.8788186460626113,True,,,,,,,
SH601808,garch,,,,,-0.2666615354251706,1.0475613914446407,True,0.999034317818834,0.024790154057616507,,,,,
SH601808,egarch,,,,,-0.008241616914604935,1.1217183768399213,True,0.9811413219153919,0.025512758626292258,,,,,
SH601818,naive,,,,,,,,,,,,,,
SH601818,har,0.20201572429933606,0.29906342259206486,0.37025138661873574,-0.5923734113201077,,,,,,,,,,
SH601818,har_x,,,,,,,,,,,,,,
SH601818,ewma,,,,,-1.4742532546647364,0.7094550983455657,True,,,,,,,
SH601818,garch,,,,,-1.0584985479502667,0.8128245271339533,True,0.9914483850598266,0.012009187521996069,,,,,
SH601818,egarch,,,,,-1.263500623833268,0.7631939559262579,True,0.9985372428810568,0.012433750470518827,,,,,
SH601857,naive,,,,,,,,,,,,,,
SH601857,har,0.13596785924017665,0.4987384752418784,0.26144223458495136,-0.493594240310243,,,,,,,,,,
SH601857,har_x,,,,,,,,,,,,,,
SH601857,ewma,,,,,-1.0120585570647525,0.824765842810294,True,,,,,,,
SH601857,garch,,,,,-0.5967841059978944,0.9278793682077086,True,0.9953659254447503,0.01016607483559602,,,,,
SH601857,egarch,,,,,-0.6531742459983758,0.9160651635101734,True,0.9941341558940915,0.010424888788442426,,,,,
SH601877,naive,,,,,,,,,,,,,,
SH601877,har,0.11923553252081906,0.22897484599039608,0.6010180083020443,-0.18018058989575114,,,,,,,,,,
SH601877,har_x,,,,,,,,,,,,,,
SH601877,ewma,,,,,-0.8867115024570853,0.8217581042256976,True,,,,,,,
SH601877,garch,,,,,0.28747632053613614,1.1636146501939222,True,0.995049716585049,0.02064101925814993,,,,,
SH601877,egarch,,,,,-3.9151386489826048,0.11911604663270878,False,0.9940480948846345,12.607944986609294,,,,,
SH601881,naive,,,,,,,,,,,,,,
SH601881,har,0.13198605358947496,-0.15625930809104663,0.05007037703724115,-3.825553337065101,,,,,,,,,,
SH601881,har_x,,,,,,,,,,,,,,
SH601881,ewma,,,,,-2.4187500684163012,0.4118877833782334,True,,,,,,,
SH601881,garch,,,,,-2.8489694147036677,0.2932552053557239,True,0.4219907400078362,0.02349609583283901,,,,,
SH601881,egarch,,,,,,,False,0.8411397838917235,0.06487416584330352,non-finite forecast,,,,
SH601888,naive,,,,,,,,,,,,,,
SH601888,har,0.11377812698677739,0.38327627760774313,0.35357208444717836,-0.6247212796681357,,,,,,,,,,
SH601888,har_x,,,,,,,,,,,,,,
SH601888,ewma,,,,,-1.1358112049457456,0.7725228556374613,True,,,,,,,
SH601888,garch,,,,,-0.6755220565452293,0.9116072477429842,True,0.9944936309439634,0.021466972953569394,,,,,
SH601888,egarch,,,,,-0.8803545288060513,0.854358408081702,True,0.989179726497477,0.02385992598279927,,,,,
SH601898,naive,,,,,,,,,,,,,,
SH601898,har,0.14839906226480232,0.6714740628142952,0.023378023750449055,-0.6055383073649144,,,,,,,,,,
SH601898,har_x,,,,,,,,,,,,,,
SH601898,ewma,,,,,-0.9981788651194727,0.797848363370337,True,,,,,,,
SH601898,garch,,,,,-0.16385363556349755,1.0536189162224148,True,0.979702406878884,0.02164608573314662,,,,,
SH601898,egarch,,,,,-0.08491115310776111,1.079581290073971,True,0.9693837856338571,0.021727658936654976,,,,,
SH601899,naive,,,,,,,,,,,,,,
SH601899,har,0.1729798387624535,0.2713727288937835,0.30533753031192373,-1.0670436574024715,,,,,,,,,,
SH601899,har_x,,,,,,,,,,,,,,
SH601899,ewma,,,,,-1.6679613604974304,0.6609226488369077,True,,,,,,,
SH601899,garch,,,,,-1.1659715347433506,0.8021170952458625,True,0.9966004153072711,0.02103334177860506,,,,,
SH601899,egarch,,,,,-1.2592581393272857,0.7763775132022028,True,0.9763179168493067,0.021988487060959974,,,,,
SH601901,naive,,,,,,,,,,,,,,
SH601901,har,0.08718773637825881,0.45230830622183704,0.32273067719534043,-0.5684189875230403,,,,,,,,,,
SH601901,har_x,,,,,,,,,,,,,,
SH601901,ewma,,,,,-1.1150839474346979,0.7721015861504011,True,,,,,,,
SH601901,garch,,,,,-0.23613112349000018,1.0185548051214377,True,0.9871188534572665,0.02286093638968757,,,,,
SH601901,egarch,,,,,-0.4335225342602879,0.9690814356006854,True,0.9916234921933523,0.023525297077143424,,,,,
SH601919,naive,,,,,,,,,,,,,,
SH601919,har,0.08675097227776161,0.2549958733147556,0.4334415159703568,-0.9258009652675675,,,,,,,,,,
SH601919,har_x,,,,,,,,,,,,,,
SH601919,ewma,,,,,-1.4668068848428015,0.6921116680220686,True,,,,,,,
SH601919,garch,,,,,-0.09916823879296509,1.053853620116322,True,0.9489180392825671,0.02110540938719057,,,,,
SH601919,egarch,,,,,-0.21794715115223842,1.0271131255434782,True,0.9707809599324058,0.02224500573328462,,,,,
SH601933,naive,,,,,,,,,,,,,,
SH601933,har,0.21496197581277302,0.15055964510658051,0.3320061743247155,-1.219340147393027,,,,,,,,,,
SH601933,har_x,,,,,,,,,,,,,,
SH601933,ewma,,,,,-1.517419508186251,0.660786012434814,True,,,,,,,
SH601933,garch,,,,,-0.7543418162114252,0.885269042362736,True,0.9800333170908724,0.021592894647855822,,,,,
SH601933,egarch,,,,,-0.6523891184948097,0.9146862359147495,True,0.9738676467907361,0.022531851786305637,,,,,
SH601939,naive,,,,,,,,,,,,,,
SH601939,har,0.1814382707449628,0.3243642074734885,0.32219244916500894,-0.7920937925210585,,,,,,,,,,
SH601939,har_x,,,,,,,,,,,,,,
SH601939,ewma,,,,,-1.6229622177742675,0.6833123793326908,True,,,,,,,
SH601939,garch,,,,,-1.1390540812716403,0.802312902433712,True,0.9913289562209924,0.011694683408309564,,,,,
SH601939,egarch,,,,,-1.2997326887603606,0.7645086233935648,True,0.9987116130006136,0.011408682001211388,,,,,
SH601985,naive,,,,,,,,,,,,,,
SH601985,har,0.07359131167166905,0.34200760786607853,0.32488517304978387,-1.246966226901588,,,,,,,,,,
SH601985,har_x,,,,,,,,,,,,,,
SH601985,ewma,,,,,-2.0270147649782557,0.5894053636769809,True,,,,,,,
SH601985,garch,,,,,-0.7608106725601871,0.8579249210906514,True,0.9693594769144341,0.00859261860262999,,,,,
SH601985,egarch,,,,,-1.5709699589039932,0.6731580514142252,False,0.9874263206619981,0.0064995890290149416,,,,,
SH601988,naive,,,,,,,,,,,,,,
SH601988,har,0.2099459480592344,0.3163887461602865,0.3134894446958854,-0.7594417510217868,,,,,,,,,,
SH601988,har_x,,,,,,,,,,,,,,
SH601988,ewma,,,,,-1.5500155838563234,0.7067140956520771,True,,,,,,,
SH601988,garch,,,,,-1.1650493284486159,0.799713206743278,True,0.9972185663433116,0.00934378743104827,,,,,
SH601988,egarch,,,,,-1.189903769246656,0.7930891625619433,True,0.9969347754302806,0.009312783966874367,,,,,
SH601989,naive,,,,,,,,,,,,,,
SH601989,har,0.16442888629732588,0.36761731085880045,0.35700647936468705,-0.44578316254818157,,,,,,,,,,
SH601989,har_x,,,,,,,,,,,,,,
SH601989,ewma,,,,,-0.7831795179453436,0.8578574372662091,True,,,,,,,
SH601989,garch,,,,,-0.1422154819897912,1.0485230402522767,True,0.9890921089827932,0.02259479287843927,,,,,
SH601989,egarch,,,,,-0.17979937806659393,1.0419925201369602,True,0.9854345407898979,0.02317718979303712,,,,,
SH601991,naive,,,,,,,,,,,,,,
SH601991,har,0.10289444637049656,0.5115466036184689,0.25712582778524434,-0.5949260709598077,,,,,,,,,,
SH601991,har_x,,,,,,,,,,,,,,
SH601991,ewma,,,,,-1.2521109228815968,0.7710924085437948,True,,,,,,,
SH601991,garch,,,,,-0.3126157543166312,1.0087424337777022,True,0.9828160109570924,0.015466754122828174,,,,,
SH601991,egarch,,,,,-0.34185787881767826,1.0023931878311876,True,0.9761594143364075,0.016168366049113276,,,,,
SH601992,naive,,,,,,,,,,,,,,
SH601992,har,0.12863588895746533,0.3216234058426961,0.4173362098228002,-0.5344414489061702,,,,,,,,,,
SH601992,har_x,,,,,,,,,,,,,,
SH601992,ewma,,,,,-1.8740236848386802,0.5735338240757932,True,,,,,,,
SH601992,garch,,,,,0.8734238025929036,1.451889055489624,True,0.8740073718057532,0.03159576611296019,,,,,
SH601992,egarch,,,,,0.8880111968642126,1.4550999228286106,True,0.9119778351801155,0.030243501838360446,,,,,
SH601997,naive,,,,,,,,,,,,,,
SH601997,har,0.11904254992309717,0.3658817780818086,-0.01800835258906049,-2.5262949626680875,,,,,,,,,,
SH601997,har_x,,,,,,,,,,,,,,
SH601997,ewma,,,,,-1.386152260629672,0.7280838353878326,True,,,,,,,
SH601997,garch,,,,,16.347844117773494,4.588656313245611,True,0.870541757201743,0.010422538582936569,,,,,
SH601997,egarch,,,,,1.904292815201447,1.4444114557472727,True,0.855447543225798,0.010569338035929996,,,,,
SH601998,naive,,,,,,,,,,,,,,
SH601998,har,0.19140303608518164,0.33837607814279,0.32401784195583744,-0.6374974200016018,,,,,,,,,,
SH601998,har_x,,,,,,,,,,,,,,
SH601998,ewma,,,,,-0.9123450172116722,0.8310221342169377,True,,,,,,,
SH601998,garch,,,,,-0.6049409314657667,0.9123682243124346,True,0.9999999999996927,0.013571733429166056,,,,,
SH601998,egarch,,,,,-0.5512197099846268,0.9294780382427132,True,0.9797320855443574,0.014151894386389472,,,,,
SH603160,naive,,,,,,,,,,,,,,
SH603160,har,0.020669062810742694,0.33643977936643527,0.15486043821855944,-1.963086139259662,,,,,,,,,,
SH603160,har_x,,,,,,,,,,,,,,
SH603160,ewma,,,,,-1.7116521930863193,0.6449430194156377,True,,,,,,,
SH603160,garch,,,,,3.108455679650954,2.032575720322445,True,0.7315121617296768,0.029599023775452517,,,,,
SH603160,egarch,,,,,-3.3994828532054258,0.21489624783056438,False,0.9629483090124527,0.8766517517553862,,,,,
SH603288,naive,,,,,,,,,,,,,,
SH603288,har,0.19457981703185673,0.4216572248497648,0.14740543363766556,-0.9305493907215765,,,,,,,,,,
SH603288,har_x,,,,,,,,,,,,,,
SH603288,ewma,,,,,-1.6388045102731026,0.6286061354031468,True,,,,,,,
SH603288,garch,,,,,-0.5008108642223007,0.9545153791885941,True,0.9629938995394064,0.022721945688339105,,,,,
SH603288,egarch,,,,,-0.3974097162271635,0.9849458378101107,True,0.9487957906831652,0.0228408198789267,,,,,
SH603858,naive,,,,,,,,,,,,,,
SH603858,har,0.08682731284883126,0.16967242181516926,0.4015332280951199,-1.5406659157432017,,,,,,,,,,
SH603858,har_x,,,,,,,,,,,,,,
SH603858,ewma,,,,,-2.3953034417953876,0.5161878908739248,True,,,,,,,
SH603858,garch,,,,,-1.3008498727547377,0.7951597848144325,True,0.9664460479300613,0.016664535934794313,,,,,
SH603858,egarch,,,,,-0.9456994999561773,0.8784981037757046,True,0.887566076567534,0.015214027026997506,,,,,
SH603993,naive,,,,,,,,,,,,,,
SH603993,har,0.12760881823763437,0.39381155720416866,0.3075582153605197,-0.6492656136985414,,,,,,,,,,
SH603993,har_x,,,,,,,,,,,,,,
SH603993,ewma,,,,,-0.6292098050381804,0.9066234006486431,True,,,,,,,
SH603993,garch,,,,,0.6056094722096537,1.2859410382578644,True,0.9586776757450004,0.028491641552467698,,,,,
SH603993,egarch,,,,,0.9376153013235926,1.3906660457077629,True,0.9200549269737023,0.02964461208837144,,,,,
SZ000001,naive,,,,,,,,,,,,,,
SZ000001,har,0.2124910271697506,0.36609028067988875,0.32500758814126857,-0.4364942337745248,,,,,,,,,,
SZ000001,har_x,,,,,,,,,,,,,,
SZ000001,ewma,,,,,-0.8319120702310074,0.8683558115812974,True,,,,,,,
SZ000001,garch,,,,,-0.3197791182130045,1.0112231822488467,True,0.9999999999999999,0.01940755818464438,,,,,
SZ000001,egarch,,,,,-0.42841071233198597,0.9868810387093578,True,0.992166264139883,0.020452429994866364,,,,,
SZ000002,naive,,,,,,,,,,,,,,
SZ000002,har,0.12238821231403949,0.3261185448145538,0.19795792770263507,-1.4224964843054189,,,,,,,,,,
SZ000002,har_x,,,,,,,,,,,,,,
SZ000002,ewma,,,,,-1.6375853056980891,0.6470520567638671,True,,,,,,,
SZ000002,garch,,,,,1.0155562420265667,1.4094202787850845,True,0.552424557053451,0.024310129089571995,,,,,
SZ000002,egarch,,,,,-0.10104703843382329,1.0856579346841253,True,0.9298765435833295,0.024127932711302383,,,,,
SZ000063,naive,,,,,,,,,,,,,,
SZ000063,har,0.06571748660200855,0.28833218121645743,0.5186913432703274,-0.5102987277858216,,,,,,,,,,
SZ000063,har_x,,,,,,,,,,,,,,
SZ000063,ewma,,,,,-1.1741214561869473,0.7657867518403337,True,,,,,,,
SZ000063,garch,,,,,-0.3961848903239653,0.9947373405611539,True,0.9847363912512803,0.02578370670786043,,,,,
SZ000063,egarch,,,,,-0.41497470405229014,0.9907906231386514,True,0.98201867738588,0.026387332510393054,,,,,
SZ000069,naive,,,,,,,,,,,,,,
SZ000069,har,0.13172235684298123,0.3142074984973817,0.3967000170729209,-0.6514325423172072,,,,,,,,,,
SZ000069,har_x,,,,,,,,,,,,,,
SZ000069,ewma,,,,,-1.4230226524655554,0.6900382286066413,True,,,,,,,
SZ000069,garch,,,,,-0.9288048126858571,0.8279797385787476,True,0.9917018035442106,0.01884352590758103,,,,,
SZ000069,egarch,,,,,-1.0646722120747039,0.79077424502613,True,0.9982855697834845,0.018475792150256593,,,,,
SZ000100,naive,,,,,,,,,,,,,,
SZ000100,har,0.08377062535657011,0.6339967166093121,0.1286921052421101,-0.6206121254037226,,,,,,,,,,
SZ000100,har_x,,,,,,,,,,,,,,
SZ000100,ewma,,,,,-1.0910992978707867,0.7957498130630843,True,,,,,,,
SZ000100,garch,,,,,-0.4125653776361755,0.9864701711481638,True,0.9884552099018451,0.02653469091053731,,,,,
SZ000100,egarch,,,,,-0.33529849025578007,1.0114604916191436,True,0.9816034773738195,0.026782689267606172,,,,,
SZ000157,naive,,,,,,,,,,,,,,
SZ000157,har,0.04923316263177744,0.4161601232351952,0.41245782784141566,-0.5340248999948181,,,,,,,,,,
SZ000157,har_x,,,,,,,,,,,,,,
SZ000157,ewma,,,,,-1.2545585410865037,0.7588180175410995,True,,,,,,,
SZ000157,garch,,,,,-0.8845820952011572,0.8588283929489157,True,0.9938409759517499,0.01785316296689038,,,,,
SZ000157,egarch,,,,,-1.074714161943318,0.8103401417088386,True,0.9997035249687836,0.01892115841591949,,,,,
SZ000166,naive,,,,,,,,,,,,,,
SZ000166,har,0.12758751573083993,0.2775253404919107,0.5189894848262444,-0.33789472409236004,,,,,,,,,,
SZ000166,har_x,,,,,,,,,,,,,,
SZ000166,ewma,,,,,-1.0021541898812583,0.8173957738660077,True,,,,,,,
SZ000166,garch,,,,,-0.6624385522220032,0.907208687019022,True,0.9947539774842051,0.01629742783058103,,,,,
SZ000166,egarch,,,,,-0.7579004408134227,0.8847559035625135,True,0.9961626726795973,0.01626977054869825,,,,,
SZ000333,naive,,,,,,,,,,,,,,
SZ000333,har,0.1420607663696687,0.38672111790459684,0.23487422895666446,-0.9572132669893045,,,,,,,,,,
SZ000333,har_x,,,,,,,,,,,,,,
SZ000333,ewma,,,,,-1.6268999270055522,0.6367274145076176,True,,,,,,,
SZ000333,garch,,,,,-0.8781867264248442,0.8430546051351748,True,0.9762747145111773,0.02051672137671738,,,,,
SZ000333,egarch,,,,,-0.6105280500096891,0.9163423597617997,True,0.952282630713045,0.0207395013922514,,,,,
SZ000338,naive,,,,,,,,,,,,,,
SZ000338,har,0.12922444836287064,0.43570091717633574,0.22443113648597726,-0.864654366174893,,,,,,,,,,
SZ000338,har_x,,,,,,,,,,,,,,
SZ000338,ewma,,,,,-1.4183531077252371,0.7018599585220794,True,,,,,,,
SZ000338,garch,,,,,-0.6569363359533967,0.9143573404670237,True,0.9834941145359792,0.02166388051754123,,,,,
SZ000338,egarch,,,,,-0.729708186983948,0.8969156602305907,True,0.985726132151561,0.02186872536188425,,,,,
SZ000402,naive,,,,,,,,,,,,,,
SZ000402,har,0.16890314100779688,0.47132313623211813,0.15371753261451318,-0.8252199171138068,,,,,,,,,,
SZ000402,har_x,,,,,,,,,,,,,,
SZ000402,ewma,,,,,-1.4426636603533847,0.6951821649011275,True,,,,,,,
SZ000402,garch,,,,,-0.884909646403247,0.8548582947208065,True,0.9840017036460862,0.02120533178257506,,,,,
SZ000402,egarch,,,,,-0.8743047933150432,0.8595087256765124,True,0.9719326482486514,0.021661256339201237,,,,,
SZ000413,naive,,,,,,,,,,,,,,
SZ000413,har,0.04140156697254947,0.24728518365898616,0.4401558063920973,-1.0471785338016089,,,,,,,,,,
SZ000413,har_x,,,,,,,,,,,,,,
SZ000413,ewma,,,,,-1.3729801291142076,0.710444271007603,True,,,,,,,
SZ000413,garch,,,,,-0.30081107760255205,1.0271531621720071,True,0.9523530271724374,0.029860569958495974,,,,,
SZ000413,egarch,,,,,-0.20069980464926515,1.0592708111868558,True,0.9529830468803335,0.03085210938640772,,,,,
SZ000415,naive,,,,,,,,,,,,,,
SZ000415,har,0.06140399355069893,0.37146130490565793,0.1474056531858231,-1.8908067747694315,,,,,,,,,,
SZ000415,har_x,,,,,,,,,,,,,,
SZ000415,ewma,,,,,-2.466175887030696,0.4880615638673874,True,,,,,,,
SZ000415,garch,,,,,2.100036155038213,1.6332002934205685,True,0.7052444662171073,0.01663022213314034,,,,,
SZ000415,egarch,,,,,1.9540024312131272,1.5981433397196878,True,0.8088251277994023,0.01749353405273528,,,,,
SZ000423,naive,,,,,,,,,,,,,,
SZ000423,har,0.09659474209898655,0.4136129212327869,0.34586094512696797,-0.6148524660743697,,,,,,,,,,
SZ000423,har_x,,,,,,,,,,,,,,
SZ000423,ewma,,,,,-1.0632507571024568,0.8117192442630173,True,,,,,,,
SZ000423,garch,,,,,0.22521944665570628,1.1578851361856857,True,0.9754929900600189,0.01965245887449516,,,,,
SZ000423,egarch,,,,,-0.5844953925816514,0.945004520643414,True,0.9960374113217119,0.018248472148616357,,,,,
SZ000425,naive,,,,,,,,,,,,,,
SZ000425,har,0.06106654994983856,0.4277555371920359,0.379472139922763,-0.546486089504497,,,,,,,,,,
SZ000425,har_x,,,,,,,,,,,,,,
SZ000425,ewma,,,,,-1.1077430459651352,0.7774290850683413,True,,,,,,,
SZ000425,garch,,,,,-0.4787458158436281,0.9539247406786077,True,0.9914691564184918,0.02104367901780974,,,,,
SZ000425,egarch,,,,,-0.5981934758244626,0.9249268285201517,True,0.9921626864460931,0.021502708437326018,,,,,
SZ000503,naive,,,,,,,,,,,,,,
SZ000503,har,0.04562393629375438,0.10748919723171427,0.4690448344662745,-1.3948680130862359,,,,,,,,,,
SZ000503,har_x,,,,,,,,,,,,,,
SZ000503,ewma,,,,,-1.3486498664293733,0.709215120254811,True,,,,,,,
SZ000503,garch,,,,,-0.9170723255236507,0.8679284372154739,True,0.92427255729892,0.036183047166297416,,,,,
SZ000503,egarch,,,,,-1.0223549535528957,0.8379742033953307,True,0.8263213949428938,0.03631749128569516,,,,,
SZ000538,naive,,,,,,,,,,,,,,
SZ000538,har,0.08247672351808455,0.4690116347155384,0.16610887199791405,-1.187067082544856,,,,,,,,,,
SZ000538,har_x,,,,,,,,,,,,,,
SZ000538,ewma,,,,,-1.582331283236666,0.6634332725624181,True,,,,,,,
SZ000538,garch,,,,,-0.45200048842906454,0.9653828766414474,True,0.9656951569456963,0.018748083418898834,,,,,
SZ000538,egarch,,,,,-0.40831341067395405,0.979494856118582,True,0.9594804523881575,0.01942822701362914,,,,,
SZ000568,naive,,,,,,,,,,,,,,
SZ000568,har,0.12447596923758629,0.3754012583280897,0.24260141711676483,-1.0046373821704955,,,,,,,,,,
SZ000568,har_x,,,,,,,,,,,,,,
SZ000568,ewma,,,,,-1.5545317195214792,0.6289160753003142,True,,,,,,,
SZ000568,garch,,,,,-0.7401418946599686,0.8546466735662985,True,0.9729852272335079,0.023394119452743382,,,,,
SZ000568,egarch,,,,,-0.8059980430013569,0.837522449827924,True,0.9859279065196418,0.023812816939560146,,,,,
SZ000625,naive,,,,,,,,,,,,,,
SZ000625,har,0.12197534752140307,0.2858317135418578,0.4592107616479979,-0.5907963241202624,,,,,,,,,,
SZ000625,har_x,,,,,,,,,,,,,,
SZ000625,ewma,,,,,-0.991236802413439,0.8413192641324876,True,,,,,,,
SZ000625,garch,,,,,-0.5927310620466308,0.9444057431406284,True,0.9936015539889244,0.024242407039458395,,,,,
SZ000625,egarch,,,,,-0.7153672515359208,0.9117900310156812,True,0.9980816964589083,0.022462828266575193,,,,,
SZ000627,naive,,,,,,,,,,,,,,
SZ000627,har,0.10198222584073544,0.6506297069056957,-0.0034142501985920995,-1.0255511787304623,,,,,,,,,,
SZ000627,har_x,,,,,,,,,,,,,,
SZ000627,ewma,,,,,-0.8164805669023569,0.8435800544122402,True,,,,,,,
SZ000627,garch,,,,,0.23244484762194068,1.1388152178722588,True,0.9569018639664023,0.019442116086377262,,,,,
SZ000627,egarch,,,,,1.1819499826872815,1.3797555023155303,True,0.9200685131730365,0.019385708594251656,,,,,
SZ000630,naive,,,,,,,,,,,,,,
SZ000630,har,0.14437418830845453,0.07121190583915887,0.4215746746675549,-1.5718152860135615,,,,,,,,,,
SZ000630,har_x,,,,,,,,,,,,,,
SZ000630,ewma,,,,,-2.242734886651917,0.5248460028002244,True,,,,,,,
SZ000630,garch,,,,,-1.5785207505028063,0.6948467321061562,True,0.9847302130442575,0.01630359701033115,,,,,
SZ000630,egarch,,,,,-4.177720146480511,0.014840094254971454,False,0.9919302551112593,3.881228767204343e-06,,,,,
SZ000651,naive,,,,,,,,,,,,,,
SZ000651,har,0.15204110723849876,0.32337030440207337,0.1819006745260623,-1.3788046403698104,,,,,,,,,,
SZ000651,har_x,,,,,,,,,,,,,,
SZ000651,ewma,,,,,-2.269064038225724,0.47494865409595594,True,,,,,,,
SZ000651,garch,,,,,-1.0658860807732806,0.8131928670157393,True,0.9575674147832672,0.022183088780273114,,,,,
SZ000651,egarch,,,,,-0.7907294268346363,0.8901639650329795,True,0.928671383998451,0.022609967254402612,,,,,
SZ000671,naive,,,,,,,,,,,,,,
SZ000671,har,0.15399250513649987,0.513140323059621,0.11839059381572757,-0.8845211300880162,,,,,,,,,,
SZ000671,har_x,,,,,,,,,,,,,,
SZ000671,ewma,,,,,-1.1566138539443416,0.7422252885912656,True,,,,,,,
SZ000671,garch,,,,,-0.9203087450050529,0.8278276200522665,True,0.9999999999999636,0.022684701117426407,,,,,
SZ000671,egarch,,,,,-1.1317621173093826,0.7721562441108576,True,0.9792867510792069,0.023854294480491815,,,,,
SZ000709,naive,,,,,,,,,,,,,,
SZ000709,har,0.24747042987404017,0.02907790989588693,0.17474969813972321,-2.2468728991495177,,,,,,,,,,
SZ000709,har_x,,,,,,,,,,,,,,
SZ000709,ewma,,,,,-2.047570256561016,0.5498870932568037,True,,,,,,,
SZ000709,garch,,,,,-1.5609656327894939,0.6879313259950594,True,0.9844689281636125,0.019113195244250966,,,,,
SZ000709,egarch,,,,,-1.3752581169626716,0.737066786411697,True,0.974913117681005,0.019054522899865305,,,,,
SZ000725,naive,,,,,,,,,,,,,,
SZ000725,har,0.09905327775666233,0.21824649249904055,0.4715867142200594,-0.8742330672914078,,,,,,,,,,
SZ000725,har_x,,,,,,,,,,,,,,
SZ000725,ewma,,,,,-1.6384292709794215,0.6582553782979459,True,,,,,,,
SZ000725,garch,,,,,-1.2420273097965249,0.7777064691357648,True,0.9956517506596988,0.024859906759896463,,,,,
SZ000725,egarch,,,,,-1.0634496203593007,0.8254365227528747,True,0.9853991845138773,0.02588604221212016,,,,,
SZ000728,naive,,,,,,,,,,,,,,
SZ000728,har,0.08219528112846983,0.24995871290920654,0.4842683334848379,-0.7196599886380958,,,,,,,,,,
SZ000728,har_x,,,,,,,,,,,,,,
SZ000728,ewma,,,,,-1.0947532090305725,0.7715776731873887,True,,,,,,,
SZ000728,garch,,,,,-0.6991941002693361,0.8895991867810707,True,0.9953676116500171,0.025667272480471084,,,,,
SZ000728,egarch,,,,,-0.9451650761592938,0.8209066543169019,True,0.9958368065785485,0.024828056743318304,,,,,
SZ000768,naive,,,,,,,,,,,,,,
SZ000768,har,0.08765954958727779,0.33422735045220237,0.4353097485268384,-0.562720322665128,,,,,,,,,,
SZ000768,har_x,,,,,,,,,,,,,,
SZ000768,ewma,,,,,-1.0085835333624176,0.7881955151669152,True,,,,,,,
SZ000768,garch,,,,,-0.2327974994079328,1.013538855613317,True,0.9760874025749902,0.02303877054334895,,,,,
SZ000768,egarch,,,,,-0.281758169645571,1.0036858167567313,True,0.9768614453209873,0.023180160643626834,,,,,
SZ000776,naive,,,,,,,,,,,,,,
SZ000776,har,0.07766409344855295,0.4111468682471252,0.4265552182747689,-0.3619633776211305,,,,,,,,,,
SZ000776,har_x,,,,,,,,,,,,,,
SZ000776,ewma,,,,,-0.9518322418175844,0.8210096441475454,True,,,,,,,
SZ000776,garch,,,,,-0.3920707068991216,0.9769835503335116,True,0.992866604294601,0.019455047978496582,,,,,
SZ000776,egarch,,,,,-0.6415857601456593,0.9116204401166557,True,0.9936823729199401,0.019492657529497207,,,,,
SZ000783,naive,,,,,,,,,,,,,,
SZ000783,har,0.0941770592969872,0.2182214531775859,0.6054241605787792,-0.3509168571267338,,,,,,,,,,
SZ000783,har_x,,,,,,,,,,,,,,
SZ000783,ewma,,,,,-0.8465712102372877,0.8515925472146634,True,,,,,,,
SZ000783,garch,,,,,-0.5269607764978324,0.9437012168819284,True,0.9958607122768669,0.021658766255268205,,,,,
SZ000783,egarch,,,,,-0.6372209543104683,0.9160627164510041,True,0.9934204200098603,0.021455209226507177,,,,,
SZ000792,naive,,,,,,,,,,,,,,
SZ000792,har,0.11623883613942931,0.3490142954100255,0.3774595638008317,-0.6257724212592544,,,,,,,,,,
SZ000792,har_x,,,,,,,,,,,,,,
SZ000792,ewma,,,,,-0.8880619180793086,0.8428392767052545,True,,,,,,,
SZ000792,garch,,,,,-0.406089989258662,0.992817015611784,True,0.9965770670138061,0.027976968045897173,,,,,
SZ000792,egarch,,,,,-0.2656508266053492,1.0334518360719984,True,0.9853332925351455,0.02945963411555659,,,,,
SZ000826,naive,,,,,,,,,,,,,,
SZ000826,har,0.12523868934487847,0.01405425218922291,0.6412764574789633,-0.915590538086271,,,,,,,,,,
SZ000826,har_x,,,,,,,,,,,,,,
SZ000826,ewma,,,,,-1.6719910094440549,0.6366421385795055,True,,,,,,,
SZ000826,garch,,,,,-1.3719628480486155,0.7175836149488197,True,0.991826457250089,0.02012381092446352,,,,,
SZ000826,egarch,,,,,-1.419921155763704,0.7073544467721808,True,0.9931112114899554,0.02026966268678353,,,,,
SZ000839,naive,,,,,,,,,,,,,,
SZ000839,har,0.029528421474298523,0.502557029035639,0.21034010520336707,-0.9737428031128793,,,,,,,,,,
SZ000839,har_x,,,,,,,,,,,,,,
SZ000839,ewma,,,,,-1.7382126269225726,0.5829805681812353,True,,,,,,,
SZ000839,garch,,,,,-1.1100298901630983,0.77840449516445,True,0.9721666404388408,0.033067692778935204,,,,,
SZ000839,egarch,,,,,-0.23581753675727957,1.0345924387670413,True,0.9780447544283699,0.032728506256168785,,,,,
SZ000858,naive,,,,,,,,,,,,,,
SZ000858,har,0.07154143751484589,0.585729911752589,0.1077408033660119,-0.958849498716732,,,,,,,,,,
SZ000858,har_x,,,,,,,,,,,,,,
SZ000858,ewma,,,,,-1.6168640000576202,0.6386738557663649,True,,,,,,,
SZ000858,garch,,,,,-0.37515599393081217,0.9777899185644727,True,0.9694339648264647,0.021972327814410005,,,,,
SZ000858,egarch,,,,,-0.586335545529581,0.9212263429679862,True,0.9837576818419456,0.02297111320625555,,,,,
SZ000876,naive,,,,,,,,,,,,,,
SZ000876,har,0.12152816116925033,0.3296089520964627,0.4817904410570383,-0.3160046960761486,,,,,,,,,,
SZ000876,har_x,,,,,,,,,,,,,,
SZ000876,ewma,,,,,-1.342273274334555,0.7585326170375832,True,,,,,,,
SZ000876,garch,,,,,-0.9866147741258319,0.8467935217347913,True,0.9929929664905695,0.022907170397227217,,,,,
SZ000876,egarch,,,,,-1.0728211288479024,0.8256321730225172,True,0.9967673854877477,0.02441753119486991,,,,,
SZ000895,naive,,,,,,,,,,,,,,
SZ000895,har,0.09847312665577217,0.4483801108715184,0.27883963091215347,-0.7404019357973424,,,,,,,,,,
SZ000895,har_x,,,,,,,,,,,,,,
SZ000895,ewma,,,,,-1.5038183634255151,0.6840783125482766,True,,,,,,,
SZ000895,garch,,,,,-0.8225686377264279,0.8687752353207894,True,0.9903848086673716,0.01980178459175208,,,,,
SZ000895,egarch,,,,,-0.8032278603829904,0.8746909862132527,True,0.98981814637488,0.020392315535037665,,,,,
SZ000898,naive,,,,,,,,,,,,,,
SZ000898,har,0.23334493035275722,0.4128394377947218,0.11594603562145951,-0.9357840391342317,,,,,,,,,,
SZ000898,har_x,,,,,,,,,,,,,,
SZ000898,ewma,,,,,-1.596434179153461,0.6446304160172629,True,,,,,,,
SZ000898,garch,,,,,-0.816525376646084,0.876029785972908,True,0.9738370410948289,0.021026376980412768,,,,,
SZ000898,egarch,,,,,-0.6680762356894715,0.9195318719539887,True,0.9589940844204005,0.021216272488517544,,,,,
SZ000938,naive,,,,,,,,,,,,,,
SZ000938,har,0.12962497108703055,0.13892272041176645,0.2915421865620345,-1.8119607628293564,,,,,,,,,,
SZ000938,har_x,,,,,,,,,,,,,,
SZ000938,ewma,,,,,-2.0595875956067924,0.5371423348449444,True,,,,,,,
SZ000938,garch,,,,,2.0919126275217965,1.641280898542765,True,0.6833211995995785,0.022061640678477653,,,,,
SZ000938,egarch,,,,,-4.0454682678254095,0.03366538279007206,False,0.9999999999999429,26.570372684560088,,,,,
SZ000961,naive,,,,,,,,,,,,,,
SZ000961,har,0.12227037162267318,0.608079140100494,-0.5929678485995463,-4.032234163836014,,,,,,,,,,
SZ000961,har_x,,,,,,,,,,,,,,
SZ000961,ewma,,,,,-2.6737391021876493,0.4652345724071644,True,,,,,,,
SZ000961,garch,,,,,-1.6855406666622743,0.6946433373023279,True,0.9859572372858921,0.022447417258742986,,,,,
SZ000961,egarch,,,,,-3.9097612510356723,0.1858576552980067,True,0.9631428200635087,0.09697328269049174,,,,,
SZ000963,naive,,,,,,,,,,,,,,
SZ000963,har,0.07589302362484476,0.3279545726720653,0.4548456539570367,-0.5947473027041742,,,,,,,,,,
SZ000963,har_x,,,,,,,,,,,,,,
SZ000963,ewma,,,,,-1.2222434280832666,0.7351017509383087,True,,,,,,,
SZ000963,garch,,,,,-0.8090225812573448,0.8479499325886938,True,0.9953093213041087,0.020358041219984736,,,,,
SZ000963,egarch,,,,,-0.6536142949798014,0.8859250746933661,True,0.9924148243657575,0.02005791618563769,,,,,
SZ000983,naive,,,,,,,,,,,,,,
SZ000983,har,0.11146968887260678,0.5423056502852457,0.07651077225236522,-1.0187075395183123,,,,,,,,,,
SZ000983,har_x,,,,,,,,,,,,,,
SZ000983,ewma,,,,,-1.8316725100881857,0.5570367183748347,True,,,,,,,
SZ000983,garch,,,,,-0.6070246665232545,0.929628239579258,True,0.963712842949811,0.02907194509789365,,,,,
SZ000983,egarch,,,,,-0.466773615010516,0.971231231206979,True,0.9653899990944196,0.0292919040182147,,,,,
SZ001979,naive,,,,,,,,,,,,,,
SZ001979,har,0.08147717499508367,0.3537327047528711,0.29615758088048677,-1.1240135730770133,,,,,,,,,,
SZ001979,har_x,,,,,,,,,,,,,,
SZ001979,ewma,,,,,-2.5382935780334854,0.4237498481280684,True,,,,,,,
SZ001979,garch,,,,,-1.6164580369562878,0.6985853226567159,True,1.0000000002596476,0.020767620540815997,,,,,
SZ001979,egarch,,,,,-4.288706994326607,-0.049917035594302106,False,0.9992976831282305,0.22681613546737578,,,,,
SZ002007,naive,,,,,,,,,,,,,,
SZ002007,har,0.07969447967425042,0.42949283046874775,0.3900323185047734,-0.42247673872285985,,,,,,,,,,
SZ002007,har_x,,,,,,,,,,,,,,
SZ002007,ewma,,,,,-1.0186732439904924,0.7962782418270787,True,,,,,,,
SZ002007,garch,,,,,-0.44407329389540134,0.9603795156171748,True,0.9942209769036366,0.022225520137721312,,,,,
SZ002007,egarch,,,,,-0.18132903125192862,1.0314670660697673,True,0.9764013919034589,0.02264985189175797,,,,,
SZ002008,naive,,,,,,,,,,,,,,
SZ002008,har,0.0862755149368699,0.400399448146468,0.4085601927600013,-0.40223620437660723,,,,,,,,,,
SZ002008,har_x,,,,,,,,,,,,,,
SZ002008,ewma,,,,,-0.9912708987812766,0.7893241421310582,True,,,,,,,
SZ002008,garch,,,,,-0.44924083197118775,0.9542715145546904,True,0.9914911041073897,0.02731320261044095,,,,,
SZ002008,egarch,,,,,-0.4034848104581202,0.9680002038227066,True,0.985929288090125,0.028549580383890858,,,,,
SZ002024,naive,,,,,,,,,,,,,,
SZ002024,har,0.25243623756416644,0.08504870825709338,0.4497438666000937,-0.8808754923212277,,,,,,,,,,
SZ002024,har_x,,,,,,,,,,,,,,
SZ002024,ewma,,,,,-1.2400847156377717,0.7592181702543283,True,,,,,,,
SZ002024,garch,,,,,-0.8436367925563482,0.874073007589141,True,0.9941992360363153,0.019923870776178174,,,,,
SZ002024,egarch,,,,,-0.8487883985096148,0.8732163358332687,True,0.9917557325026046,0.01983243668934221,,,,,
SZ002027,naive,,,,,,,,,,,,,,
SZ002027,har,0.09394017317909237,0.32552356693908346,0.24455170636100904,-1.3409972785484656,,,,,,,,,,
SZ002027,har_x,,,,,,,,,,,,,,
SZ002027,ewma,,,,,-1.8576580084613932,0.5518880873490003,True,,,,,,,
SZ002027,garch,,,,,2.8593255257246897,1.7933188406032232,True,0.8610663448835812,0.022098076633958186,,,,,
SZ002027,egarch,,,,,5.938437227297239,2.6037255151180663,True,0.839882497984489,0.022534253427377485,,,,,
SZ002044,naive,,,,,,,,,,,,,,
SZ002044,har,0.13408527889944064,0.19097273697466746,0.29224641195311246,-1.5384216780966302,,,,,,,,,,
SZ002044,har_x,,,,,,,,,,,,,,
SZ002044,ewma,,,,,-1.8474037038011837,0.5273376732308278,True,,,,,,,
SZ002044,garch,,,,,-1.5865056063316465,0.6149856798417868,True,0.9965972373604827,0.02389515419647934,,,,,
SZ002044,egarch,,,,,-3.75292500977454,0.12711311029272626,False,0.9864591795003828,23.648670520357406,,,,,
SZ002065,naive,,,,,,,,,,,,,,
SZ002065,har,0.0777803044836699,-0.02068806454622967,0.806575937876481,-0.5654920407502685,,,,,,,,,,
SZ002065,har_x,,,,,,,,,,,,,,
SZ002065,ewma,,,,,-1.2458089532712977,0.7451650511609803,True,,,,,,,
SZ002065,garch,,,,,-0.4993956530549466,0.9548778839498456,True,0.9841518181515344,0.0221240832620203,,,,,
SZ002065,egarch,,,,,-0.5348157804698096,0.9465060951505553,True,0.9865691054362254,0.022164425325678,,,,,
SZ002081,naive,,,,,,,,,,,,,,
SZ002081,har,0.05392069837779284,0.3707880094424211,0.4370898354545346,-0.5483689461958744,,,,,,,,,,
SZ002081,har_x,,,,,,,,,,,,,,
SZ002081,ewma,,,,,-0.9533861988476724,0.8062901068900193,True,,,,,,,
SZ002081,garch,,,,,-0.4156251997394613,0.9619999745417666,True,0.990824596258597,0.022696992442340344,,,,,
SZ002081,egarch,,,,,-0.5246780885158633,0.9338120633800788,True,0.9898491360046683,0.023146528550575272,,,,,
SZ002142,naive,,,,,,,,,,,,,,
SZ002142,har,0.1628315201603568,0.29403163817478634,0.35509979361078386,-0.7775760734811514,,,,,,,,,,
SZ002142,har_x,,,,,,,,,,,,,,
SZ002142,ewma,,,,,-1.3115111337758696,0.7236069077835661,True,,,,,,,
SZ002142,garch,,,,,-0.8397345043554267,0.8505169659339712,True,0.9922428989902585,0.019202386998824924,,,,,
SZ002142,egarch,,,,,-0.9166061754270292,0.8303453449841243,True,0.9982570414017901,0.01945710942587841,,,,,
SZ002146,naive,,,,,,,,,,,,,,
SZ002146,har,0.16869802532555467,0.14039803139251492,0.42001872453633365,-1.0855746596553835,,,,,,,,,,
SZ002146,har_x,,,,,,,,,,,,,,
SZ002146,ewma,,,,,-1.1372830025444167,0.7792410240750566,True,,,,,,,
SZ002146,garch,,,,,-0.607185092236752,0.9310671834115901,True,0.9806194827455474,0.02097237769019903,,,,,
SZ002146,egarch,,,,,-0.6156461731285297,0.9324878476834695,True,0.9725869370383489,0.021608573583602856,,,,,
SZ002153,naive,,,,,,,,,,,,,,
SZ002153,har,0.14881790944040785,0.09867262000191997,0.6893667872747506,-0.24363255708485623,,,,,,,,,,
SZ002153,har_x,,,,,,,,,,,,,,
SZ002153,ewma,,,,,-0.7895091075122158,0.8366294648334108,True,,,,,,,
SZ002153,garch,,,,,-0.029909202766640962,1.0726626973216256,True,0.9913017407726432,0.028986593313959096,,,,,
SZ002153,egarch,,,,,-0.18229189282430167,1.0278141983836275,True,0.9914211620721208,0.029982100039020222,,,,,
SZ002202,naive,,,,,,,,,,,,,,
SZ002202,har,0.15065643814239607,0.4220731806797547,0.3242263954908201,-0.41397177883517045,,,,,,,,,,
SZ002202,har_x,,,,,,,,,,,,,,
SZ002202,ewma,,,,,-0.8271939493192298,0.8562899260048269,True,,,,,,,
SZ002202,garch,,,,,0.021059743584102376,1.1036432294467768,True,0.979177061633532,0.022817189030730104,,,,,
SZ002202,egarch,,,,,0.02899192172834653,1.106067874065854,True,0.9820697380571204,0.023747955358468457,,,,,
SZ002230,naive,,,,,,,,,,,,,,
SZ002230,har,0.08262969788401986,0.10739298008862376,0.6863041670943743,-0.4740853643326894,,,,,,,,,,
SZ002230,har_x,,,,,,,,,,,,,,
SZ002230,ewma,,,,,-0.9655744167323003,0.8141697512157279,True,,,,,,,
SZ002230,garch,,,,,-0.6023087128269214,0.9324900846357997,True,0.9974052202665626,0.028924851093393426,,,,,
SZ002230,egarch,,,,,-0.5936458369607216,0.9354924457018642,True,0.9912798249629856,0.028761801620352218,,,,,
SZ002236,naive,,,,,,,,,,,,,,
SZ002236,har,0.07173909914992722,-0.0030850942932744334,0.7933894437802065,-0.5318220586907345,,,,,,,,,,
SZ002236,har_x,,,,,,,,,,,,,,
SZ002236,ewma,,,,,-1.001177880933518,0.7761584802941943,True,,,,,,,
SZ002236,garch,,,,,-0.33313202029512967,0.9690214896426532,True,0.9912153479222856,0.026908183140679946,,,,,
SZ002236,egarch,,,,,-0.2525579018331495,0.9926448123818289,True,0.9817615279845967,0.027596389411101253,,,,,
SZ002241,naive,,,,,,,,,,,,,,
SZ002241,har,0.07786498730222115,0.36519829833717676,0.43588925766997333,-0.4716412517959613,,,,,,,,,,
SZ002241,har_x,,,,,,,,,,,,,,
SZ002241,ewma,,,,,-1.2241603504985346,0.7238406343375594,True,,,,,,,
SZ002241,garch,,,,,-1.071095640875097,0.7782102651623575,True,1.0000000007417897,0.031155742919855577,,,,,
SZ002241,egarch,,,,,-1.0145259223827434,0.7936093638617377,True,0.9999439177159234,0.03302760897398083,,,,,
SZ002294,naive,,,,,,,,,,,,,,
SZ002294,har,0.22503087304202124,0.36458910889463164,0.2549781406932849,-0.6246764294547045,,,,,,,,,,
SZ002294,har_x,,,,,,,,,,,,,,
SZ002294,ewma,,,,,-1.3137592763819295,0.7300533650677793,True,,,,,,,
SZ002294,garch,,,,,3.9305198291600987,2.402690564092142,True,0.4446712819127993,0.030606209235844083,,,,,
SZ002294,egarch,,,,,-1.1781234596157515,0.8792413159393516,True,0.7719382834352785,0.027878104561125917,,,,,
SZ002304,naive,,,,,,,,,,,,,,
SZ002304,har,0.15796961507356197,0.43867383230843654,0.21524563184957082,-0.7732723210422805,,,,,,,,,,
SZ002304,har_x,,,,,,,,,,,,,,
SZ002304,ewma,,,,,-0.869716769150134,0.8375371622504086,True,,,,,,,
SZ002304,garch,,,,,-0.11479732232634023,1.0479076041196558,True,0.9890902303545492,0.021840237620280943,,,,,
SZ002304,egarch,,,,,-0.11440109602091107,1.0464325458520494,True,0.9842766066633365,0.02225764872001219,,,,,
SZ002310,naive,,,,,,,,,,,,,,
SZ002310,har,0.09774295925166175,-0.0695304549654749,0.21246893069911502,-3.0676508816792314,,,,,,,,,,
SZ002310,har_x,,,,,,,,,,,,,,
SZ002310,ewma,,,,,-4.449415260523152,-0.11248239487229053,True,,,,,,,
SZ002310,garch,,,,,-3.60615024201786,0.11851418562302704,True,0.8906954896353189,0.02328699787605085,,,,,
SZ002310,egarch,,,,,-3.5379694468054455,0.1376391200748563,True,0.9213843344643428,0.024320904031809344,,,,,
SZ002352,naive,,,,,,,,,,,,,,
SZ002352,har,0.2097166185662315,0.25148368491949613,0.14033138135755616,-1.7502267241065719,,,,,,,,,,
SZ002352,har_x,,,,,,,,,,,,,,
SZ002352,ewma,,,,,-1.2301916849764876,0.7550941321374252,True,,,,,,,
SZ002352,garch,,,,,-1.7546366408987006,0.6579742905448135,True,0.8728044310632822,0.01680135002885712,,,,,
SZ002352,egarch,,,,,,,False,0.8891575507559581,inf,non-finite forecast,,,,
SZ002411,naive,,,,,,,,,,,,,,
SZ002411,har,0.024426968058184857,0.36210413138160374,0.33277166078301845,-1.3228644434793457,,,,,,,,,,
SZ002411,har_x,,,,,,,,,,,,,,
SZ002411,ewma,,,,,-2.309337499159822,0.48976998880399664,True,,,,,,,
SZ002411,garch,,,,,-1.7066068085286776,0.6179345921807932,True,0.9624983134227576,0.015288142385370934,,,,,
SZ002411,egarch,,,,,,,False,0.9745537266715606,0.016028612575436557,non-finite forecast,,,,
SZ002415,naive,,,,,,,,,,,,,,
SZ002415,har,0.06244893571951226,0.5677110179799348,0.2196246203944463,-0.6071616920379146,,,,,,,,,,
SZ002415,har_x,,,,,,,,,,,,,,
SZ002415,ewma,,,,,-1.2528684879589218,0.7270919294987636,True,,,,,,,
SZ002415,garch,,,,,-0.6319720538362964,0.8991221135808928,True,0.9901578908815717,0.023778452305595145,,,,,
SZ002415,egarch,,,,,-0.6736205466845961,0.8893923231682149,True,0.9917400265838835,0.024590977558124387,,,,,
SZ002450,naive,,,,,,,,,,,,,,
SZ002450,har,0.08245620285443181,0.16349243277404388,0.6633110598226266,-0.36721507300566814,,,,,,,,,,
SZ002450,har_x,,,,,,,,,,,,,,
SZ002450,ewma,,,,,-1.0732037363517983,0.7725208283243966,True,,,,,,,
SZ002450,garch,,,,,-0.31646039092989325,0.9874470402617669,True,0.9843919866664882,0.02395830333152324,,,,,
SZ002450,egarch,,,,,-0.3524686710889042,0.9790212886870219,True,0.9868670403400266,0.024278741381715936,,,,,
SZ002456,naive,,,,,,,,,,,,,,
SZ002456,har,0.06934194940245107,0.26974788733055366,0.5586629062520372,-0.3781002250969752,,,,,,,,,,
SZ002456,har_x,,,,,,,,,,,,,,
SZ002456,ewma,,,,,-1.0297158571888074,0.7633823188641335,True,,,,,,,
SZ002456,garch,,,,,-0.5530886233583342,0.9098087524826548,True,0.9922599098235007,0.03180936100419192,,,,,
SZ002456,egarch,,,,,-0.5779401662171414,0.902964698852038,True,0.9894765962476814,0.03252084019973952,,,,,
SZ002466,naive,,,,,,,,,,,,,,
SZ002466,har,0.06450414886323552,0.24892306988943216,0.39274152243264604,-1.07752384017135,,,,,,,,,,
SZ002466,har_x,,,,,,,,,,,,,,
SZ002466,ewma,,,,,-1.5605699633086683,0.597449106605388,True,,,,,,,
SZ002466,garch,,,,,1.8843355086012947,1.5953465506169862,True,0.9803424501064769,0.032778498846409515,,,,,
SZ002466,egarch,,,,,-3.6809306312945047,0.0037402355539828402,True,0.988955140966054,1e-10,,,,,
SZ002475,naive,,,,,,,,,,,,,,
SZ002475,har,0.06950129400121965,0.34286831181146254,0.45538790230635284,-0.5064025884666026,,,,,,,,,,
SZ002475,har_x,,,,,,,,,,,,,,
SZ002475,ewma,,,,,-0.9620200337740282,0.7700429627968715,True,,,,,,,
SZ002475,garch,,,,,-0.06447820645611896,1.02245860055754,True,0.9824902937929394,0.026343121906462527,,,,,
SZ002475,egarch,,,,,-0.21134352805346837,0.9819231584418157,True,0.9860545065743227,0.026688496429403824,,,,,
SZ002508,naive,,,,,,,,,,,,,,
SZ002508,har,-0.009228229807842867,0.6491141537137063,-0.04117993709111982,-1.6729028789007243,,,,,,,,,,
SZ002508,har_x,,,,,,,,,,,,,,
SZ002508,ewma,,,,,-1.1165604627115582,0.7511582084666445,True,,,,,,,
SZ002508,garch,,,,,0.6430141485289848,1.2071555138192174,True,1.0,0.027676977313743776,,,,,
SZ002508,egarch,,,,,-4.435148659015104,-0.017635462026289846,False,0.9462356522052457,1e-10,,,,,
SZ002555,naive,,,,,,,,,,,,,,
SZ002555,har,0.02500120950311246,-0.11727303375477907,0.666364745895639,-1.647671045889893,,,,,,,,,,
SZ002555,har_x,,,,,,,,,,,,,,
SZ002555,ewma,,,,,-4.140361544174424,-0.07099303534499826,True,,,,,,,
SZ002555,garch,,,,,2.8899913617823376,1.815808190669003,True,0.9548590576269519,0.023562489234958562,,,,,
SZ002555,egarch,,,,,-2.713874829922252,0.3218672979778389,True,0.8090259239344685,1e-10,,,,,
SZ002558,naive,,,,,,,,,,,,,,
SZ002558,har,0.1899260927864339,0.07664259746995258,0.47089769802871373,-1.080568315324507,,,,,,,,,,
SZ002558,har_x,,,,,,,,,,,,,,
SZ002558,ewma,,,,,-1.2137832508912911,0.7149265828020899,True,,,,,,,
SZ002558,garch,,,,,4.792596659440622,2.2393923235494926,True,0.8963133716391873,0.017640121785771994,,,,,
SZ002558,egarch,,,,,0.08029193280615127,1.0715899331313483,True,0.9489248192009492,0.017815622365020368,,,,,
SZ002594,naive,,,,,,,,,,,,,,
SZ002594,har,0.11016648136549882,0.520938720945565,0.29106834413447463,-0.319721792966886,,,,,,,,,,
SZ002594,har_x,,,,,,,,,,,,,,
SZ002594,ewma,,,,,-0.7073280109621264,0.8929752128388533,True,,,,,,,
SZ002594,garch,,,,,-0.29177215811358914,1.016421779463918,True,0.9963177140386916,0.02266048318298427,,,,,
SZ002594,egarch,,,,,-0.20836951302797554,1.0441658935605378,True,0.9817411888399674,0.024211208117247834,,,,,
SZ002602,naive,,,,,,,,,,,,,,
SZ002602,har,0.1014316000040479,0.2115316269502631,-0.2617771407855454,-4.072847706699795,,,,,,,,,,
SZ002602,har_x,,,,,,,,,,,,,,
SZ002602,ewma,,,,,-3.7157708701979817,0.13291479411990528,True,,,,,,,
SZ002602,garch,,,,,0.36214334293111367,1.0736920080030723,True,0.869206716974058,0.015535000881241701,,,,,
SZ002602,egarch,,,,,-4.404022158930025,-0.010104730306487366,True,0.9709022951831812,1e-10,,,,,
SZ002673,naive,,,,,,,,,,,,,,
SZ002673,har,0.10478294009323436,0.11038714859163865,0.7204927127873821,-0.2633526243394875,,,,,,,,,,
SZ002673,har_x,,,,,,,,,,,,,,
SZ002673,ewma,,,,,-0.5071202569919271,0.9418379452898588,True,,,,,,,
SZ002673,garch,,,,,0.037484733556053335,1.1012096322534124,True,0.9938131129809742,0.023009910412579392,,,,,
SZ002673,egarch,,,,,-0.15649255052065097,1.046554944248253,True,0.9950242797801636,0.022045518718515244,,,,,
SZ002714,naive,,,,,,,,,,,,,,
SZ002714,har,0.10596184667653122,0.1667204678943973,0.5452557975327438,-0.6996598528138198,,,,,,,,,,
SZ002714,har_x,,,,,,,,,,,,,,
SZ002714,ewma,,,,,-1.5369405303212729,0.6384773512752602,True,,,,,,,
SZ002714,garch,,,,,-0.751236683782244,0.8760797959508169,True,0.9817850000917266,0.029340003978167703,,,,,
SZ002714,egarch,,,,,-2.868313780884205,0.3439755490212595,True,0.9849983127227799,0.5538537836821208,,,,,
SZ002736,naive,,,,,,,,,,,,,,
SZ002736,har,0.12641078244944073,0.3109790403461028,0.41985199544382545,-0.6210766462735727,,,,,,,,,,
SZ002736,har_x,,,,,,,,,,,,,,
SZ002736,ewma,,,,,-1.1398303918502841,0.780816925180369,True,,,,,,,
SZ002736,garch,,,,,-0.38142372545368575,0.9717621807384275,True,0.987408162096275,0.018072150906655978,,,,,
SZ002736,egarch,,,,,-0.6587763411152127,0.9040203253116894,True,0.9940266908456987,0.01797882776827019,,,,,
SZ300003,naive,,,,,,,,,,,,,,
SZ300003,har,0.1312730552187984,0.42819652089925186,0.35976036199835193,-0.30752356654474544,,,,,,,,,,
SZ300003,har_x,,,,,,,,,,,,,,
SZ300003,ewma,,,,,-1.0398775942614225,0.775376776407015,True,,,,,,,
SZ300003,garch,,,,,-0.15512692012501533,1.1034101438650563,True,1.0000000000000435,0.029208566731399186,,,,,
SZ300003,egarch,,,,,-0.19233760226111396,1.1277340678917396,True,0.8431856587082549,0.03137788499624979,,,,,
SZ300015,naive,,,,,,,,,,,,,,
SZ300015,har,0.13695978926217658,0.24289240961772612,0.5423602502758192,-0.31761328241060083,,,,,,,,,,
SZ300015,har_x,,,,,,,,,,,,,,
SZ300015,ewma,,,,,-0.8975527012447045,0.8253682555526796,True,,,,,,,
SZ300015,garch,,,,,-0.22278728280394386,1.0655698573658499,True,1.0000000000208775,0.024627179877690752,,,,,
SZ300015,egarch,,,,,-0.4611294149233747,1.0177037064186276,True,0.9264339164392864,0.02459245971607387,,,,,
SZ300017,naive,,,,,,,,,,,,,,
SZ300017,har,0.049675470811484615,0.09822384803815691,0.7545660773786791,-0.38090354254750247,,,,,,,,,,
SZ300017,har_x,,,,,,,,,,,,,,
SZ300017,ewma,,,,,-0.8388293977084978,0.8627454810917242,True,,,,,,,
SZ300017,garch,,,,,0.4896351576377743,1.2617011815157635,True,0.9891765674864105,0.030658511935619925,,,,,
SZ300017,egarch,,,,,0.46569777268611884,1.2573340009833582,True,0.986951576023156,0.03071716874491246,,,,,
SZ300024,naive,,,,,,,,,,,,,,
SZ300024,har,0.07153261230653044,0.4418015095457197,0.41801764078245,-0.2802650925568908,,,,,,,,,,
SZ300024,har_x,,,,,,,,,,,,,,
SZ300024,ewma,,,,,-1.2231930010453538,0.7673274344540272,True,,,,,,,
SZ300024,garch,,,,,-0.7329058082705506,0.9337106603737821,True,1.000000000000185,0.02443698956171826,,,,,
SZ300024,egarch,,,,,-0.46160484420683584,1.0044112739699542,True,0.9938815395222506,0.024893112116312816,,,,,
SZ300033,naive,,,,,,,,,,,,,,
SZ300033,har,0.006860870264863726,0.5038243100188609,0.06679169358344368,-1.7863999344075658,,,,,,,,,,
SZ300033,har_x,,,,,,,,,,,,,,
SZ300033,ewma,,,,,-1.6267939781081353,0.6510538112878556,True,,,,,,,
SZ300033,garch,,,,,1.282873838657781,1.4012835764494336,True,0.9733643413094927,0.025721889851084152,,,,,
SZ300033,egarch,,,,,-0.7875224897074165,0.874275103666615,True,0.9711631461344167,0.023684853323610613,,,,,
SZ300059,naive,,,,,,,,,,,,,,
SZ300059,har,0.04096900523963814,0.36281902741809735,0.4526023189582704,-0.5725711993664051,,,,,,,,,,
SZ300059,har_x,,,,,,,,,,,,,,
SZ300059,ewma,,,,,-1.0373377826178565,0.7929804305259012,True,,,,,,,
SZ300059,garch,,,,,-0.14918267220751322,1.0446686115703752,True,0.9867775917583822,0.027116440921985164,,,,,
SZ300059,egarch,,,,,-0.401026884814796,0.9738113717687871,True,0.9885089906122356,0.02549317409482664,,,,,
SZ300070,naive,,,,,,,,,,,,,,
SZ300070,har,0.06748451843731,0.3305989033384722,0.3345887971585834,-1.0696469535250317,,,,,,,,,,
SZ300070,har_x,,,,,,,,,,,,,,
SZ300070,ewma,,,,,-1.4879676508630055,0.6765612677021463,True,,,,,,,
SZ300070,garch,,,,,-0.5975003576740598,0.9311503922369462,True,0.9737649584056721,0.02438366605169984,,,,,
SZ300070,egarch,,,,,-0.6508240992152606,0.9196591769541211,True,0.9694445548464731,0.025384479452586192,,,,,
SZ300072,naive,,,,,,,,,,,,,,
SZ300072,har,0.13818900068810433,0.4654709058842284,-0.17732991845611457,-2.3397782093188773,,,,,,,,,,
SZ300072,har_x,,,,,,,,,,,,,,
SZ300072,ewma,,,,,-2.199607837877141,0.49245555092389626,True,,,,,,,
SZ300072,garch,,,,,-0.9339353989291412,0.85287029154973,True,0.8893743976589124,0.024320130627421905,,,,,
SZ300072,egarch,,,,,0.3649359341220916,1.2034969246127802,True,0.8443464986237597,0.024350704426761852,,,,,
SZ300124,naive,,,,,,,,,,,,,,
SZ300124,har,0.0801884114364266,0.37117316743035605,0.4568307775680086,-0.3647464833515501,,,,,,,,,,
SZ300124,har_x,,,,,,,,,,,,,,
SZ300124,ewma,,,,,-1.1043341469107346,0.753351379212305,True,,,,,,,
SZ300124,garch,,,,,-0.835674480494525,0.8323079691065649,True,0.995175202332651,0.022404444697020198,,,,,
SZ300124,egarch,,,,,-0.8769475392254064,0.8212368816545881,True,0.996281312432791,0.022900267091902005,,,,,
SZ300144,naive,,,,,,,,,,,,,,
SZ300144,har,0.05549350539238478,0.1819410426189857,0.5440692938700693,-0.9564154926448311,,,,,,,,,,
SZ300144,har_x,,,,,,,,,,,,,,
SZ300144,ewma,,,,,-1.8391182943840394,0.5962059912453995,True,,,,,,,
SZ300144,garch,,,,,0.5057607956481085,1.154816269371466,True,0.970177449746861,0.01394588695255471,,,,,
SZ300144,egarch,,,,,0.10401337724767794,1.0613894224850327,True,0.9827897473518117,0.01584640669675784,,,,,
SZ300251,naive,,,,,,,,,,,,,,
SZ300251,har,0.034437646813313606,0.5071747252765172,0.3808794813406389,-0.3045211848220831,,,,,,,,,,
SZ300251,har_x,,,,,,,,,,,,,,
SZ300251,ewma,,,,,-0.8749972568883564,0.8366356402735166,True,,,,,,,
SZ300251,garch,,,,,-0.5039594938697226,0.9485440277735102,True,0.9956634607903362,0.025219307233080947,,,,,
SZ300251,egarch,,,,,-0.45851105126882247,0.9601034052109546,True,0.9849786919254884,0.025876674374321233,,,,,
__pooled__,har_pooled,,,,,,,,,,,0.1289368135365558,0.3220368970538626,0.43432701955568176,-0.48109240208705434
