stock,model,n,mse,mae,r2,qlike,r2_offset22
SH600000,naive,417,0.1906667266087144,0.2823301938116474,-0.1243795065029422,-7.0917371618852485,-0.1114715753609632
SH600009,naive,417,0.1870043266613772,0.2745694496196707,-0.0652944196228386,-5.6488529753613586,-0.0528865682702393
SH600010,naive,417,0.2167553841183954,0.319005657461419,-0.0633593647824599,-6.388406058624677,-0.0501290225766637
SH600011,naive,417,0.2010183625767805,0.3029154294819284,0.1092653042804969,-6.632339873721604,0.0584613825501839
SH600015,naive,417,0.1803971420652482,0.283918728180738,0.0853323476134206,-8.092974171428308,0.0961297812980106
SH600016,naive,417,0.180934558355584,0.2727019947761483,-0.0318494624294578,-7.999059472265546,-0.0209537082895843
SH600018,naive,414,0.2034414439874826,0.3259344483593658,0.3370835302431304,-6.8520144733449015,0.3658337372743643
SH600019,naive,417,0.1835881444702304,0.2761050436382495,-0.1813620355184082,-6.872167011453419,-0.1756674454057685
SH600023,naive,344,0.1689271507514894,0.2673137657868682,-0.234705122009349,-7.931427789393807,-0.227671118632631
SH600028,naive,417,0.1873104629308426,0.2816019799103017,-0.0930358471918564,-8.091396878472223,-0.1287964478486292
SH600029,naive,417,0.2265565356345876,0.3348271615096785,-0.1455962184712711,-6.467962866743569,-0.1421970741642615
SH600030,naive,410,0.2313287516045225,0.3212410099251953,0.0975915606954929,-6.143959573011748,0.1030056841972536
SH600031,naive,417,0.1996850756733752,0.2546920226662885,-0.1934463028468063,-4.473059040610871,-0.2160706638735576
SH600036,naive,417,0.1844365184893513,0.2628740210963452,-0.2357987829246635,-6.507377715776648,-0.2269960252485667
SH600038,naive,417,0.1869031924956078,0.269416113118903,0.1762338595700233,-6.048666626804271,0.1833635980267201
SH600048,naive,417,0.1859837710041083,0.2677663726167731,-0.234437161357728,-5.836504983950002,-0.2326249526776895
SH600050,naive,417,0.2087461454304477,0.308658635720657,0.128091680786708,-6.216640134192122,0.1286540492749487
SH600061,naive,415,0.242597198798827,0.3238410621722456,0.0929426516636772,-5.458112924207619,0.1039165073037399
SH600066,naive,417,0.223286045661447,0.2901306709661521,0.0569571501921744,-1.4909750659899346,0.0596792992789353
SH600068,naive,417,0.229097475987428,0.3083427222900393,0.0592917263110741,-5.997151154713711,0.0672328143636675
SH600085,naive,417,0.2510410824494093,0.3311163127493725,-0.1028136612260282,-5.76046585271885,-0.0798009342565351
SH600089,naive,417,0.1659702778974981,0.2762703002367869,0.5854922980644701,-6.840368210457026,0.5981857439603431
SH600100,naive,344,0.2581499114249668,0.335222789796842,0.023227316799533,-5.060925739654449,0.0418544424829534
SH600104,naive,417,0.1849153236367262,0.282021573544068,0.0154688685916435,-5.807336834977803,0.0344516383562407
SH600109,naive,412,0.214789826023093,0.3144197141917109,0.2688029667210494,-5.907614320320682,0.2794882348062103
SH600111,naive,414,0.2338047550348629,0.3130418783143677,0.0752226339865955,-4.809697897365226,0.0687893927569346
SH600115,naive,416,0.2421941879263064,0.3390446640065982,-0.0417418761360857,-5.916924901955297,-0.0445630558311398
SH600118,naive,417,0.2070611937012547,0.2763719586707397,0.3075564963676168,-4.10986510929226,0.3053909317311538
SH600153,naive,344,0.2217595167576495,0.300785759459363,-0.2907504539119063,-5.790436697881152,-0.2888183845455176
SH600157,naive,95,0.1491231257097294,0.3139437812383216,-0.3303140669527713,-5.505048282503752,-0.3833551925857517
SH600170,naive,417,0.168025564714724,0.2814837263045755,0.2639460042040507,-7.49305605966231,0.2747124725510461
SH600177,naive,417,0.2412592252401109,0.3397997271970525,-0.067082942105632,-6.5495471508745915,-0.062029915407032
SH600188,naive,417,0.2169333118177848,0.3055179100654467,-0.2581581291426302,-6.1965254816102915,-0.2469971946555997
SH600196,naive,417,0.2268547044050989,0.306793339236134,0.1539943456607997,-4.6565346401420635,0.161204704203178
SH600208,naive,416,0.5149518843024978,0.3716401549263903,-0.360806694990393,131.85564590755334,-0.3946975184091561
SH600221,naive,417,0.2276075274049789,0.3423280207919367,0.1996185901874579,-6.035312534355409,0.2020623660665131
SH600233,naive,417,0.234152689898575,0.3178454601528008,-0.2549661057778027,-3.380814124932505,-0.2521648655060076
SH600271,naive,417,0.2021261059180183,0.2693199694373156,-0.1070671292222438,-4.867960085327694,-0.0993226658404311
SH600276,naive,417,0.1889916200832688,0.2673830724499026,-0.4030120886489132,-4.623403283829067,-0.4368383505061213
SH600297,naive,417,0.2109914175173993,0.2895161098179636,0.0325796105836219,-2.880318532269743,0.0327281453867687
SH600309,naive,417,0.1807701746246378,0.256794871087816,-0.1674642582005958,-5.8277798480583,-0.165444686219025
SH600332,naive,417,0.2322636962841941,0.2788670063872566,-0.1609044227396681,-2.5008657735778774,-0.1552577134340973
SH600340,naive,417,0.1587458851150912,0.2498961780765102,0.165627580399971,-6.594609050542903,0.1691200779105548
SH600352,naive,413,0.1962042745883437,0.2900656030866888,0.2512592588675031,-5.9610897396181874,0.2608741476388637
SH600362,naive,417,0.2326349628417118,0.3182188117936916,-0.0414592079924021,-6.1166618449757015,-0.0515504221128677
SH600369,naive,417,0.2483507209842128,0.336644462533904,0.1538550824015416,-5.45724040073452,0.1755696027623614
SH600372,naive,417,0.216218924107975,0.3075868453381082,0.0755837534855793,-5.853849632248144,0.0854562482537945
SH600383,naive,417,0.1916902891750145,0.26539257785667,-0.1840414715692149,-5.231216469822813,-0.169135504046781
SH600398,naive,417,0.2005904480953524,0.2889580944977555,-0.009198983521877,-6.701500819134008,-0.0127109059649865
SH600406,naive,415,0.1980808975176396,0.2666604772659962,-0.1845517408846904,-3.4991480483958157,-0.1853374278180715
SH600415,naive,225,0.1005283936959825,0.2542299059932082,0.2357256604841284,-7.529596166454762,0.3053724629314193
SH600436,naive,417,0.2198159848084637,0.3075239309328601,-0.1726644277758817,-4.25590431163514,-0.1431745074256885
SH600482,naive,416,0.2266671005660146,0.3435080455173577,0.0239322551708801,-6.123005747019004,0.046116605940557
SH600489,naive,416,0.225323650726899,0.3224982388916275,-0.3045718079335369,-6.192671464687505,-0.2889497358853978
SH600498,naive,417,0.21118519673537,0.3061141069377522,0.2674513494391553,-5.507530481091242,0.2713726248571845
SH600516,naive,416,0.2317124699959837,0.3203193242929429,-0.2579535056771276,-5.032261492614747,-0.2176622495296094
SH600518,naive,79,0.1325257638706463,0.2993528366206567,-0.2118585589482147,-5.531113866265878,-0.4033287700073931
SH600519,naive,417,0.1802582103945084,0.259835287561859,-0.1485192222249582,-6.300179584035896,-0.1502926421232366
SH600522,naive,417,0.1695819853020476,0.2926271546746211,0.3330638327750747,-6.638195821310203,0.3534206198677611
SH600535,naive,344,0.21642120337372,0.2989959912147191,-0.2135111209642921,-4.969443191180784,-0.1928723502289673
SH600547,naive,417,0.2039759392334349,0.2938474516369576,-0.1881231945064496,-5.9126200037442365,-0.1815913451816337
SH600549,naive,101,0.1259323923477993,0.2737030229411421,0.1981695878402475,-6.594843957349914,-0.227606674042363
SH600570,naive,416,0.2133655633531826,0.2919899429681314,-0.157633678699306,-3.659637344445196,-0.1436979755219649
SH600583,naive,417,0.1880477541444028,0.254165644270715,-0.2056652799714518,-5.651808193467347,-0.2098922603125588
SH600585,naive,417,0.1976796653559893,0.258475518359807,-0.2627296042080651,-5.696405383449282,-0.2622776874934662
SH600588,naive,417,0.1968199245481227,0.271586009262532,0.0326814087761542,-3.864341764212065,0.0407996683699102
SH600606,naive,412,0.2004971908011655,0.2889884366963817,0.2881221744212273,-6.3284975712057685,0.2991018035489335
SH600637,naive,417,0.2201730355735163,0.2929568197470814,-0.0485224527208196,-2.872285441869261,-0.047445966286981
SH600660,naive,417,0.2231023366380527,0.2982753498820034,0.0425539530156792,-5.356330575145527,0.0528828361205546
SH600663,naive,238,0.2485660278373516,0.3395564347689127,0.0043189510577195,-6.704582937353944,-0.0097583248065571
SH600674,naive,417,0.1780034978395797,0.2856983303090686,-0.524231757864484,-7.056168435051419,-0.4955256316575029
SH600688,naive,225,0.0774809228712326,0.225252862927027,0.0510493153376976,-8.197468596982072,0.0033433384649634
SH600690,naive,415,0.1780828071942608,0.2490968842821272,-0.0423330525260536,-5.729035877224588,-0.0359044373304633
SH600703,naive,415,0.2075589326319762,0.2927636421753801,-0.3092209043581577,-2.9027869986838364,-0.2841254187935498
SH600704,naive,225,0.1071202436772102,0.2521802367024005,-0.0975039048479988,-7.295339305568359,0.0218124828661367
SH600705,naive,417,0.2032705823765352,0.3000974049186956,0.264633009605865,-6.281705795638543,0.2791666889168229
SH600739,naive,101,0.1091350418293302,0.2626325556049129,0.2768676042547966,-6.819854942139378,0.1647281114886345
SH600741,naive,417,0.1908328227374129,0.2650143871145651,-0.2496158223689655,-4.588893015609182,-0.2639889736547931
SH600795,naive,417,0.1757081872971821,0.284956926400617,-0.0380328779402816,-7.562054301757511,-0.027309325090072
SH600809,naive,417,0.1683408468576356,0.2729823623655579,-0.032567686414916,-5.76607644348479,-0.0139062264474689
SH600816,naive,293,0.8944377960860703,0.5084337919902149,-0.5281316115336474,94.6302638862972,-0.5187780688695216
SH600837,naive,417,0.2178323397798177,0.312044105348062,0.1325231016839784,-5.95548542407508,0.1583882401433693
SH600867,naive,417,0.26604543062662,0.3391268758645426,-0.4702098276036555,-2.7227308768308354,-0.4663590222629961
SH600886,naive,417,0.1739833382278194,0.2678398691659399,-0.3853297712892036,-6.566436424683359,-0.3889768473723616
SH600887,naive,417,0.170805218158686,0.2460366838707841,-0.141228673107786,-5.733223753392594,-0.1322592308568528
SH600893,naive,406,0.2278652319846572,0.2985976013612615,0.2688513293290597,-5.7828164717723425,0.2728259173097221
SH600900,naive,417,0.1901241734592156,0.285716086240141,-0.2201551693291199,-7.062010348391508,-0.2071460210900089
SH600919,naive,417,0.199168433597742,0.3071690884936332,0.1388450361420948,-7.479239276411445,0.1308366146654336
SH600926,naive,417,0.182472871301224,0.284131916912959,0.3251798119972109,-6.512427402903749,0.2972348476659459
SH600958,naive,416,0.2075591067639285,0.298416406598068,0.2000969993060568,-6.02545202409004,0.2204376332426422
SH600977,naive,417,0.2255068993093029,0.3054797592128613,-0.3959547441508422,-4.694262491412011,-0.3960524167281793
SH600999,naive,411,0.1900369489216348,0.2923720748612745,0.1198096127997098,-6.548995388799428,0.1422881072810826
SH601006,naive,417,0.1754978440877095,0.2603697700652216,-0.343113000012434,-7.762227309992743,-0.4067634545770728
SH601009,naive,417,0.2149665433302148,0.3075365503182555,-0.0387901354217068,-6.5669223806395465,-0.0425285956089349
SH601018,naive,415,0.1888579225707603,0.299371856741639,0.3654297502406298,-6.727072968963882,0.3851426789237244
SH601021,naive,417,0.1583384800124359,0.2495601218119226,-0.1826610997540263,-6.2826151258406915,-0.1877504840973614
SH601088,naive,417,0.1640807338834863,0.2636554244164996,-0.1758921900070134,-7.216901364055157,-0.170780500893819
SH601111,naive,416,0.2351512941957865,0.3233876309815083,-0.2965760988258863,-5.778209185801068,-0.2931094055641792
SH601117,naive,417,0.2067193518452642,0.2703153903204703,-0.003466082926955,-4.149219849724432,-0.0289876948799536
SH601155,naive,417,0.3474682037694367,0.3046623413708966,-0.4024843518882077,2.6447331821033955,-0.4005421464568759
SH601166,naive,417,0.1891613452521137,0.2844763091934851,-0.1731000333919146,-6.841386419265655,-0.1817988615309931
SH601169,naive,417,0.1709987987721075,0.278711773435316,-0.0441974245380076,-7.963688349347435,-0.0337338865169838
SH601186,naive,417,0.1997570879129013,0.3043744428914188,0.0392316174596497,-6.533225017156468,0.0661231946712268
SH601198,naive,417,0.2335840592085888,0.312332558884134,0.1546027418014018,-5.9636371263561605,0.1589147870105818
SH601211,naive,417,0.1981854551346357,0.2824340380589439,0.1005277281371003,-5.984548420818673,0.1062519506056983
SH601216,naive,416,0.3593421224665739,0.3814463419184956,0.136347351656508,-2.5487451837538897,0.1307820907227933
SH601225,naive,417,0.2141019387646598,0.2942793285618182,-0.2575175433847085,-4.966691142913239,-0.2485082592179104
SH601229,naive,417,0.1946030606825124,0.3020460867085569,0.0913517239221304,-7.688467381917507,0.1118637377521142
SH601288,naive,417,0.1657101076418008,0.2710863623355652,-0.1175620483856028,-8.366792176623534,-0.1271092237334299
SH601318,naive,417,0.16362063545831,0.2439669896246581,0.089770618664156,-6.7350703296914025,0.0880333329526459
SH601328,naive,417,0.1657408295855157,0.2826022743163332,0.2235767470181252,-8.34460631971621,0.2289164806354248
SH601333,naive,101,0.0721785690923787,0.2179523655337225,-0.0287633682339512,-7.514595882316555,0.1424756148994083
SH601336,naive,417,0.2218603665073285,0.2967461853354405,0.0814586091273102,-5.560880164457997,0.1337477191717223
SH601377,naive,417,0.2492354937645976,0.3304896219729755,0.1398414089762281,-5.720157896503124,0.1424821862578571
SH601390,naive,417,0.1918377718563527,0.2807100977652568,0.0639903501840769,-6.850976695844708,0.0759859179248326
SH601398,naive,417,0.1671040470995812,0.2706507744514206,-0.0585646994574591,-8.127103366358472,-0.0728581297768244
SH601555,naive,411,0.2223606033938828,0.3199630889248723,0.2397982570920309,-5.650998254753144,0.2455637344635254
SH601600,naive,417,0.1898325449988275,0.2732360330679065,0.1959305588156246,-6.602066753894724,0.2053677958982571
SH601601,naive,417,0.1920879376056457,0.270992735240494,-0.2563094786443491,-5.7033344762672264,-0.2481136364163649
SH601607,naive,417,0.2410886347359584,0.3274794943237105,0.0820533620652684,-4.684177270160941,0.0884084083787867
SH601611,naive,101,0.1560022121558483,0.3228651902409835,-0.4942752402109711,-6.606483329760105,-0.5872114231281134
SH601618,naive,416,0.24084366260921,0.326466440789369,0.06194503203997,-6.759997620145196,0.0540123593779098
SH601628,naive,417,0.195295056430139,0.2521181676056343,0.1325771034353163,-3.479584015246038,0.1382332182159156
SH601633,naive,416,0.2119005677197147,0.3080632931594965,0.2233175084853087,-5.151377492937057,0.2273133188406354
SH601668,naive,417,0.191364196335507,0.2894216403505245,-0.2560115602979087,-6.984169373721928,-0.239415653588584
SH601669,naive,417,0.2345816186926453,0.3165832373885576,0.0312215578905148,-6.564409003994422,0.044365991024812
SH601688,naive,417,0.2092179780229829,0.2918945897627792,0.0779107238088107,-5.947428013060594,0.0896885821132951
SH601727,naive,417,0.2178072218692274,0.3324048958995272,0.234390635962632,-6.8432760439542735,0.2393612826913409
SH601766,naive,417,0.185412059854256,0.2823183697744995,0.0308107147608048,-6.948583894539655,0.0612206926772825
SH601788,naive,416,0.2372768410074457,0.3199474206800058,0.2240774609202716,-5.5180878573414835,0.2357006995086812
SH601800,naive,417,0.2530522995874416,0.3341919692590384,-0.0232597300014412,-5.986401410740114,-0.019242371803448
SH601808,naive,417,0.205749808313902,0.299365903412435,-0.2056953186847601,-5.297585629701044,-0.2867178328855986
SH601818,naive,417,0.1934740898368297,0.2925591184342908,0.0288867061836151,-7.009885093188306,0.0404878065940572
SH601857,naive,417,0.1779551474079247,0.2829636510211927,-0.1940336111303873,-8.213359921651431,-0.1792229894958761
SH601877,naive,417,0.1739807323132493,0.2505656260544735,-0.0781242161051338,-5.901828603553011,-0.0806952577316555
SH601888,naive,417,0.1848945641202246,0.2681226713778394,0.2982567019056367,-4.62435837513922,0.3067731701434943
SH601898,naive,417,0.2013763180042578,0.2982699946485388,-0.2620744572952984,-6.939218554983635,-0.2629371614710727
SH601899,naive,413,0.2491156424168138,0.3109358545741592,-0.0136824975492697,-4.34855954341763,-0.0847312012159891
SH601901,naive,415,0.2658831328545454,0.3372858980719181,0.0711141161726734,-5.232743907676548,0.0873872562552952
SH601919,naive,417,0.2150409949414861,0.3090436566234983,-0.0995857296267823,-5.551088626903542,-0.0752378879309798
SH601933,naive,417,0.2317991120262418,0.3028558126640844,-0.2454944268589474,-4.896706695901068,-0.2591084883445564
SH601939,naive,417,0.1819513336533258,0.2830358703123579,0.0344736207851885,-7.7997030800946066,0.0199066083767223
SH601985,naive,417,0.1698900739588499,0.2770920341445496,0.1663758039780164,-7.600469642401948,0.1658397006349262
SH601988,naive,417,0.1668222556815432,0.2813126132462307,0.0224556539478584,-8.489325928342359,0.0338937468739544
SH601989,naive,416,0.223339626626782,0.3344970960152554,0.296098921277484,-6.575536357100745,0.3112760045554323
SH601991,naive,101,0.0847746367961293,0.2362054477999925,-0.0729436761190462,-7.868110059840264,-0.1872390573869033
SH601992,naive,417,0.2206203047603833,0.3180527763074355,-0.0906499553393425,-6.414182380130138,-0.102189284715529
SH601997,naive,417,0.1968631174117547,0.2933677567802808,0.0370179255633169,-6.963623597919398,0.0348205932234337
SH601998,naive,417,0.1945858693754199,0.3028334170640122,0.1470435914532344,-7.541047400412934,0.1546605466103801
SH603160,naive,416,0.1998240951247072,0.2751075631697951,-0.2841807840102108,-3.034168681777529,-0.3955730694700168
SH603288,naive,417,0.1868936070583014,0.2655614091965959,-0.0995212693838281,-4.651084849901853,-0.097292310134766
SH603858,naive,224,0.1102087307389059,0.2591383205554171,-0.351825446393361,-7.436176716557455,-0.4539170065706979
SH603993,naive,417,0.2279634615921112,0.3127517235510583,-0.040316338290635,-5.235645910967689,-0.0359091496761019
SZ000001,naive,417,0.0742634145923657,0.2083172483162242,0.0226370493008144,-7.227795950701731,0.0436269684473048
SZ000002,naive,417,0.0980244660917787,0.237312575182863,0.2044271307355252,-7.268698595662618,0.2079611330273794
SZ000063,naive,417,0.0988017951521102,0.2526949106773448,0.1951195815569344,-6.582287081430703,0.2091454817120076
SZ000069,naive,417,0.0834525905915481,0.2263478656048161,0.08075783869933,-7.295147826370352,0.1313048040915531
SZ000100,naive,416,0.1058431554822111,0.250955969511001,0.236957378250924,-6.458542945915061,0.2836110974420501
SZ000157,naive,417,0.0782404641169324,0.2178887675306725,-0.0202485082479155,-7.129199708257238,-0.1889288010172016
SZ000166,naive,417,0.1138730138072066,0.2666506131429427,0.3935537518331745,-7.358089513180349,0.4118796366409272
SZ000333,naive,406,0.0732600058520935,0.2058114937655376,-0.0010633137806941,-7.306985455684731,-0.0102526781560325
SZ000338,naive,417,0.0773490532597344,0.2167941874843229,0.1024595493343238,-6.935012538064911,0.0979822424249878
SZ000402,naive,225,0.073119007845625,0.2082572104434146,-0.3086737187330077,-7.536981337896566,-0.2215486209030057
SZ000413,naive,329,0.3894795287192825,0.3631308253670989,-0.4453031263215432,18.891537432575532,-0.445225514315108
SZ000415,naive,344,0.1065191837071293,0.2498443147609334,0.1907570879818835,-7.095732500680456,0.2239944400829938
SZ000423,naive,344,0.1257916187802538,0.2593380510456629,-0.0158308266240658,-7.267089168260157,-0.0106591801090347
SZ000425,naive,417,0.0920264151442271,0.2351649659974909,0.1609301432923493,-6.969651785036282,0.0269098150204062
SZ000503,naive,91,0.9777234800646176,0.5290187255317466,-1.3364616203512112,30.89245364043695,-1.3391371883340226
SZ000538,naive,407,0.1023403396205973,0.2476521304683904,0.1357981454300991,-7.188379058769146,0.1296117022076157
SZ000568,naive,417,0.0863226510391332,0.2349254899485156,0.1908969947180439,-6.685979977860839,0.2356298469813761
SZ000625,naive,417,0.0986590434244445,0.2450365003070107,-0.3498717698963554,-6.281415101705115,-0.2553106228627102
SZ000627,naive,407,0.1167663389664989,0.2674432519741825,0.1430281751564791,-6.994637233018724,0.1804235001429477
SZ000630,naive,344,0.1071675321711565,0.2584058420027527,0.1921140508793533,-7.777618163455546,0.2213817906269546
SZ000651,naive,411,0.1085029345933193,0.2430485587036434,-0.3509112671547001,-7.215405578662347,-0.3554010888957606
SZ000671,naive,417,0.0821527572098188,0.2250295410336323,0.1092395181775237,-6.562409344423052,0.0505783009997159
SZ000709,naive,417,0.1254553030674095,0.2721208282836864,0.1600375562066882,-7.965350278798613,0.1694953499178048
SZ000725,naive,417,0.1142168819720269,0.2596455041980768,0.1407653351988003,-6.621028379680264,0.1251905354657929
SZ000728,naive,417,0.1218265188976619,0.2651650914418147,0.4444500900813473,-6.8713952703961105,0.4645567983091884
SZ000768,naive,417,0.082893971984547,0.2260770847992492,0.4936778028870109,-7.035946807973006,0.4956950203400853
SZ000776,naive,417,0.1042921820869805,0.2590825823365493,0.3630243025293178,-7.309798382034008,0.3831209845366518
SZ000783,naive,417,0.1155275103322616,0.260348929733832,0.4541826118719778,-6.942011146153085,0.4735629606602515
SZ000792,naive,101,0.083575644777791,0.227316476392356,-0.9532824155957412,-6.381553136294044,-0.931286486915928
SZ000826,naive,101,0.231153574490566,0.318248732619706,-1.2778222424671557,-5.83455619676515,-1.9192191810219337
SZ000839,naive,101,0.076871864171509,0.2173510308001724,0.321380812628976,-5.833426881952632,0.1691715962071514
SZ000858,naive,417,0.0970741836737197,0.2454027019918844,0.1934246934490778,-6.866185235831035,0.2137550267969369
SZ000876,naive,417,0.1045670995963369,0.2492887815942105,0.2823985293568446,-6.038119211517174,0.1551122607684382
SZ000895,naive,402,0.0896823722814323,0.2413818748340076,0.2166109656494929,-6.6911850991243265,0.2543535790706586
SZ000898,naive,344,0.0951374440649952,0.244701081473217,-0.0895631098768621,-8.010497489556547,-0.0620848472221602
SZ000938,naive,417,0.0831822901231276,0.2308897041196104,0.1090978627934645,-6.430566688802023,0.0470879155133667
SZ000961,naive,417,0.080627841027461,0.2269030902299172,-0.2674212473974762,-6.345026684705268,-0.2966295028780896
SZ000963,naive,417,0.1235315819422931,0.2836393793192882,-0.1306699016111832,-6.764333088397694,-0.1370458690957281
SZ000983,naive,101,0.091656374096205,0.2569194392678977,0.0373426513333046,-7.044951615878219,-0.0697311489580037
SZ001979,naive,411,0.0847838629760505,0.2276812491209196,0.1736140393875567,-7.386637840855395,0.185781638359291
SZ002007,naive,417,0.0950301443789283,0.2475774584607867,0.2649299067250772,-6.424010841295204,0.2760041647247325
SZ002008,naive,417,0.0755779909366087,0.2246779468696633,-0.3139597384575736,-6.461333074968393,-0.307293681187561
SZ002024,naive,417,0.1159770428580216,0.2679230051630734,0.4559253799267421,-7.561398002526047,0.4636903222343951
SZ002027,naive,417,0.0729621487057062,0.2111171433660431,0.0304276467509735,-6.587634788559527,0.035081407361621
SZ002044,naive,417,0.0782216916760512,0.2236430597996573,-0.4469535816371572,-6.3734059684623885,-0.445290488418975
SZ002065,naive,225,0.0778554542691664,0.2266363370875805,0.4010946698707603,-6.885717915096022,0.4389866989136137
SZ002081,naive,344,0.1281852279995025,0.2731731511653479,-0.2531889139286989,-6.973289306210647,-0.2911085003306231
SZ002142,naive,417,0.0764711119822327,0.2068652347085108,0.091597936669675,-7.040407596464919,-0.0732529911179731
SZ002146,naive,417,0.0737255328981834,0.2110240472256797,0.234763108699492,-7.262260776473107,0.2669660857984883
SZ002153,naive,417,0.0995464703190396,0.2470303276861386,-0.2699447245928095,-6.318692229708204,-0.2777631812851078
SZ002202,naive,411,0.0822835973784921,0.2280565307304604,0.0123671053963625,-6.860303676294099,0.0095884983684247
SZ002230,naive,417,0.0846353741838985,0.2303883443906694,0.0488262489296306,-6.802639505408704,0.0602600495768301
SZ002236,naive,415,0.087246146144208,0.2445716231702654,-0.0777862638532829,-6.563453222450321,-0.0492753346473353
SZ002241,naive,417,0.0716049619941699,0.2193880791743702,0.0941257262724482,-5.973055574453867,-0.1921462975312917
SZ002294,naive,344,0.1437046124166611,0.3006618928068841,-0.1760013178224608,-7.294510419008879,-0.1488165214712828
SZ002304,naive,417,0.0955442784991152,0.2419686123543841,0.155032686641388,-6.959730091966057,0.1708088422190936
SZ002310,naive,220,0.1277317343845752,0.2832830907746116,0.0590396712876647,-6.682871243039434,0.0572718117831405
SZ002415,naive,415,0.0681878621877634,0.2113566152238973,-0.0633322695974496,-6.904920490385161,-0.0507234416301403
SZ002450,naive,100,3.6458124875228184,1.300769794956993,-0.6199105923157757,827.8709492642467,-0.7187958221301252
SZ002456,naive,414,0.2921410375174874,0.3019504686208018,-0.6250948376741887,4.285443574201374,-0.6278185535277199
SZ002466,naive,411,0.1110237654026164,0.258321305116555,0.2665907429837651,-6.116828721215798,0.2443458795923755
SZ002475,naive,417,0.0580737711349348,0.1949890554106303,-0.0749386427590383,-6.270233914910692,-0.1250990736661064
SZ002508,naive,417,0.0679249828085946,0.2080165207531121,0.0354256157851633,-6.734658990059421,0.043414170508306
SZ002555,naive,417,0.0697778822529891,0.2071447337213695,0.0568118295170809,-6.065709791264164,0.0763193511053773
SZ002558,naive,417,0.1556391554743512,0.319616798168172,0.2003573551343866,-6.951628192998085,0.2056930376955035
SZ002594,naive,417,0.1019607833434434,0.2514232002356382,0.3966801641264753,-6.8044422628299035,0.4127772767777704
SZ002602,naive,416,0.0969520455284852,0.2411584727286825,0.2592386031512437,-6.609501861821564,0.2264619607622843
SZ002673,naive,417,0.1309072469448307,0.2804627539198887,0.4460187420249413,-6.964558812745176,0.4739405033471771
SZ002714,naive,417,0.082151171299768,0.2298732189370588,0.1322576755831538,-6.138762573594966,0.1577429228113878
SZ002736,naive,417,0.1080521454111784,0.2562954837489354,0.4052180794496485,-6.954982866205888,0.4196197220341517
SZ300003,naive,417,0.0711251936010427,0.201583761376778,-0.3857343405839617,-6.583202936225878,-0.2840493410245281
SZ300015,naive,411,0.0643990629132931,0.1993850505454148,-0.0116364444497414,-6.886871425349802,0.0087317922472354
SZ300017,naive,344,0.2787677108451448,0.3116917561419698,-0.4895284547986693,-2.447669013572775,-0.517387632349553
SZ300024,naive,344,0.104731520925894,0.2476233349934213,0.2491260594171281,-7.176679730816724,0.2552363874205919
SZ300033,naive,417,0.1019623608991956,0.2547124874333384,0.2372057855309502,-6.062833332402002,0.2597116091091113
SZ300059,naive,417,0.1040056841572741,0.2653999483184879,0.3619258384042405,-6.579933235779189,0.3594734657686271
SZ300070,naive,340,0.0771885109374146,0.2229934003772614,0.2790263601256852,-6.804907779383452,0.2984226637815732
SZ300072,naive,225,0.0893055611330713,0.2244439809100147,-0.059611126650491,-6.439816836827262,-0.0371097537030677
SZ300124,naive,406,0.0683480683413948,0.2044834340576096,0.1460560637151438,-6.690660916086866,0.1851382584656672
SZ300144,naive,417,0.0524084573118789,0.1818819671031592,0.2462927222703174,-6.771495009299406,0.2768981496560021
SZ300251,naive,225,0.1184380045018449,0.2690425841344928,-0.360931956627015,-6.685491509977096,-0.3914060623760225
SH600000,har,417,0.1435995277535593,0.2526928524068513,0.1531801640411493,-7.927451023496627,0.1629492650754302
SH600009,har,417,0.1410438509413129,0.2460507432259838,0.1965253958964762,-6.993082051761185,0.2046853841926778
SH600010,har,417,0.1659643779200312,0.2837143584652857,0.1858113412068032,-7.240359781009766,0.1925895070650956
SH600011,har,417,0.1588387224096566,0.2684963171671104,0.2961679755997436,-7.337618077357795,0.2570811111918494
SH600015,har,417,0.1417023034507701,0.2583266330761837,0.2815267927681059,-8.618367420822052,0.2874469572938867
SH600016,har,417,0.1361047393314234,0.2481938534286774,0.2238099598572547,-8.68268994620387,0.2311682381834606
SH600018,har,414,0.1686924350147924,0.294079173268572,0.4503136071843014,-7.089373384885332,0.4666366844424909
SH600019,har,417,0.1594271451318641,0.2789301732360866,-0.0258896468143563,-7.7692371502552255,-0.0165794374276211
SH600023,har,344,0.126843139855187,0.2336643298022452,0.0728910434217643,-8.525616714534136,0.0812295291848232
SH600028,har,417,0.139699256705516,0.2501247011868175,0.1847956968556333,-8.626840261574047,0.154367121780019
SH600029,har,417,0.1669353888023905,0.2876213368348052,0.1558815568688721,-7.241786798030711,0.1615390414215345
SH600030,har,410,0.1883315607130366,0.2987738693948396,0.2653226691622764,-6.997756284379024,0.2723241308315155
SH600031,har,417,0.1418399126891731,0.2282329832461013,0.1522735546251044,-6.755457281670316,0.1299161197861016
SH600036,har,417,0.1239376487105658,0.2182920655119731,0.1695679538436701,-7.57694514717653,0.1726147196357087
SH600038,har,417,0.1536237792880015,0.2600533112971385,0.3229111496031964,-6.936619360811563,0.3293007282255318
SH600048,har,417,0.1411953657389882,0.2349723878794332,0.0628386254419332,-6.836962247685751,0.0649173842321604
SH600050,har,417,0.171857237846215,0.3015124090302454,0.2821723482072207,-7.426104445603868,0.2878378353435634
SH600061,har,415,0.2836182671563741,0.3960279001299142,-0.0604328270085841,-6.139076727027357,-0.0470147917782846
SH600066,har,417,0.1809052754782433,0.2877324263492815,0.235951239017671,-6.516154915707263,0.2366732925741054
SH600068,har,417,0.1847558408680301,0.2956903933536802,0.2413650680008012,-7.385180116119016,0.2539923333067765
SH600085,har,417,0.1810793039232983,0.2841098336564403,0.2045256968163494,-7.261634962128436,0.224368272478924
SH600089,har,417,0.145387830918184,0.2708391671384678,0.6368965790338279,-7.504130098841972,0.6443237805329844
SH600100,har,344,0.2055799316696363,0.3234605080319364,0.2221385614246673,-6.914172598970933,0.2279549350867337
SH600104,har,417,0.1382500655475925,0.2550713721048426,0.2639252887540714,-7.2156182216015665,0.268719575382343
SH600109,har,412,0.1925983461921618,0.3006950865972858,0.344348184652843,-6.603391953897313,0.3500876681529802
SH600111,har,414,0.1860004482297892,0.2894691501543718,0.2643049344073066,-6.611961942551024,0.2551101508512837
SH600115,har,416,0.1761389494719661,0.2918030734939779,0.2423793433911927,-7.114693485794243,0.2427713349088656
SH600118,har,417,0.1664397952186373,0.2858285258902361,0.4434005093618312,-6.364998798315062,0.437081264071631
SH600153,har,344,0.1424998059317078,0.2474146675458124,0.1705804022394191,-7.45234852288234,0.1699602940059312
SH600157,har,95,0.1363685359102422,0.2941206400398707,-0.2165315121161874,-5.450480516793116,0.1230589736898648
SH600170,har,417,0.1419748964013833,0.2661489325265921,0.3780637489516693,-7.96987560877078,0.3854405469531947
SH600177,har,417,0.1826473829857702,0.3043360451917211,0.1921556300681244,-7.845527727820065,0.199749277693312
SH600188,har,417,0.1692177994538772,0.2795243534641615,0.0185797275922631,-7.394743185640546,0.0309394466178257
SH600196,har,417,0.176665422836559,0.2759980726198895,0.3411644381019267,-6.484615077894581,0.3437536501769316
SH600208,har,416,0.3553592315061965,0.377141761175829,0.0609312518289437,-5.978207650830253,0.0410031444272382
SH600221,har,417,0.1850074016489783,0.3035339379926081,0.3494218462551369,-7.18107089810508,0.3504453067262595
SH600233,har,417,0.1785855862444895,0.2960167511436529,0.0428516630991014,-6.251995882814782,0.0547626113309521
SH600271,har,417,0.1452405170490864,0.2562826773079319,0.2045015584404386,-7.111298238027686,0.2009971559740909
SH600276,har,417,0.1284570094361155,0.223867860194231,0.0463770984599715,-6.9758029330758395,0.0231709405020927
SH600297,har,417,0.1820092169051836,0.2958544832570964,0.1654663987398329,-6.275967662501113,0.1623799979774379
SH600309,har,417,0.1250255137390287,0.2196555044814675,0.1925503255358934,-6.91444768976924,0.1955612286827749
SH600332,har,417,0.1703837236619295,0.2470071110805617,0.1483851263610154,-6.544794104345922,0.1510450442977783
SH600340,har,417,0.1290351968474546,0.2369765007458019,0.3217877154477395,-7.269048442724762,0.3213833614388446
SH600352,har,413,0.160967792307404,0.2686840757812393,0.3857262062023003,-6.9321245422502225,0.3883108382974028
SH600362,har,417,0.1770816505273796,0.2854900498748111,0.2072416232906644,-7.274246101977687,0.2020722970671009
SH600369,har,417,0.2216919617813106,0.3322178555799691,0.2446829790133284,-6.714481336269489,0.2563734932034077
SH600372,har,417,0.166338196755232,0.2808902132517431,0.2888423983662894,-6.875247835170935,0.2940090195675673
SH600383,har,417,0.1473442466132274,0.2358564293654579,0.0898772215430362,-6.480451311044624,0.0997638419461927
SH600398,har,417,0.150915677453323,0.2630968815455997,0.2407218303285804,-7.409516055985865,0.2398857912471556
SH600406,har,415,0.1573002144115712,0.2445253663700957,0.0593225032910172,-6.054700502228701,0.0612161969698924
SH600415,har,225,0.078722634829367,0.2204857405430782,0.4015055097655653,-7.5618046423632865,0.4484520952958151
SH600436,har,417,0.1559403699975046,0.2675116560739126,0.1680963288014619,-6.70168281875739,0.1853059233288537
SH600482,har,416,0.1713427030292257,0.2947864571762574,0.2621686812023505,-6.926420368285407,0.2675379572339341
SH600489,har,416,0.1584171464804488,0.2763022471369624,0.0828013724925884,-7.116364778474603,0.0949620287933422
SH600498,har,417,0.1707393808015465,0.2909714756124931,0.4077477733418277,-6.8184635763201245,0.4108058361235409
SH600516,har,416,0.2819177310688948,0.4044583960377576,-0.5305149443049175,-6.792060097567009,-0.5246848617915423
SH600518,har,79,0.1280812219978785,0.2899689659338965,-0.171216226832517,-5.501250879969179,-0.3304844916436744
SH600519,har,417,0.1268537634594826,0.2260957877042885,0.1917484067664285,-7.465583864039442,0.1909084732421717
SH600522,har,417,0.1546745083782813,0.2772291965716308,0.3916923215548359,-6.874436921794898,0.4084158465738141
SH600535,har,344,0.1515003455080923,0.2551723434088979,0.1505113582307751,-6.849494082097659,0.1608445186206215
SH600547,har,417,0.1533231936725714,0.2610562252008551,0.1069199468192637,-6.916837117911188,0.1119397010658109
SH600549,har,101,0.0978233852657894,0.2432397354156101,0.377143847867979,-6.668497877452971,0.0269904780406753
SH600570,har,416,0.1565639611635882,0.2629537846779498,0.1505484227858813,-6.4647819303094645,0.155937076496532
SH600583,har,417,0.1435237375008887,0.2346392565743212,0.0797997671183109,-6.882258642891811,0.0772655257314964
SH600585,har,417,0.1375159410223363,0.2239252626630661,0.1215816282027448,-7.191470069170788,0.1226357332976948
SH600588,har,417,0.1576897474806637,0.2548117603341786,0.2249960224624293,-6.087086768403408,0.2284760331550778
SH600606,har,412,0.1812419103845397,0.2826755674423192,0.3564892527784042,-7.17315901481697,0.3592449930427817
SH600637,har,417,0.1718122665402293,0.2705654050266089,0.181784369502721,-6.395304547360727,0.1827216703189518
SH600660,har,417,0.1557497503123545,0.2591815094252825,0.3315982925033862,-7.236437451191751,0.3354199845985287
SH600663,har,238,0.2072952780754221,0.3063269087323004,0.1696372118478909,-7.281652652761921,0.1491243282393262
SH600674,har,417,0.1291430594320423,0.2436389052298679,-0.1058431709667806,-7.880579600262039,-0.0903602616715635
SH600688,har,225,0.0632621965946435,0.204171687002492,0.2251937309588076,-8.243096340110307,0.2226178545087571
SH600690,har,415,0.136260122179955,0.2233414489610914,0.2024585004745887,-6.8559486326673085,0.2089159228765582
SH600703,har,415,0.1679614952307138,0.2723871576131786,-0.0594518766060867,-5.859345747961529,-0.052597065047246
SH600704,har,225,0.0925242976892911,0.2405845997130518,0.052039329621881,-7.309754076475555,0.0506757238183673
SH600705,har,417,0.1770941134563206,0.2892325002951941,0.3593309779195811,-7.073260091679325,0.3639852134663732
SH600739,har,101,0.1049571093256991,0.259368188076103,0.3045507231684923,-6.770881612572369,0.0093411036103476
SH600741,har,417,0.1415043632919815,0.2308932923868152,0.073397915686548,-6.3446736653598474,0.0610409297637223
SH600795,har,417,0.134482524461463,0.2532295417863988,0.2055163504515562,-8.203070972547623,0.21311538283924
SH600809,har,417,0.1227146270871738,0.227843293341855,0.2472940409535259,-6.529565977729202,0.2532173483060191
SH600816,har,293,0.6040038942348825,0.4707764665751235,-0.0319302787836697,-3.2694582911064005,-0.0258694186335834
SH600837,har,417,0.1775713347158671,0.2959249001766678,0.2928550883452047,-6.909440297954768,0.3025689846599869
SH600867,har,417,0.1701804323162784,0.2680123611756845,0.0595555673783608,-6.439419973049055,0.0526170584042676
SH600886,har,417,0.1114504202044932,0.2136497561502044,0.1125840744025403,-7.613384595294205,0.1115818312147768
SH600887,har,417,0.1206335650226102,0.2102062787793386,0.1939913497542388,-7.172581793450182,0.1999355646990122
SH600893,har,406,0.1706997598578045,0.2786120283470351,0.4522775527585265,-6.855975389037564,0.4516921306196196
SH600900,har,417,0.1401096274913809,0.2523799515874598,0.1008219357594829,-8.072743399643532,0.1123132236597048
SH600919,har,417,0.1516668168741771,0.2691800892686298,0.3442302585583713,-8.203379394664074,0.3371811264768287
SH600926,har,417,0.1744030797626626,0.2976780330838092,0.3550234715196483,-7.407147157281232,0.3247365700699335
SH600958,har,416,0.1787941553701206,0.282118665624694,0.3109529925383475,-6.894179408147439,0.3174647340420338
SH600977,har,417,0.1985595584986188,0.3146974594804497,-0.2291426937783676,-6.6266046666130425,-0.2081404608143366
SH600999,har,411,0.1560120869562649,0.2667131672514821,0.2774018947095037,-6.922586949025152,0.2863734097792217
SH601006,har,417,0.1315164986722842,0.2333776917639157,-0.0065167466933773,-8.493840041908792,-0.0548249570992069
SH601009,har,417,0.1588127616284748,0.2750086433383558,0.2325636929216478,-7.699373438441036,0.2290431682960837
SH601018,har,415,0.1565009380304056,0.2724221078902621,0.4741505255289414,-7.06273550404059,0.4806481577152961
SH601021,har,417,0.1057257375249234,0.210012916040076,0.2103137720931071,-7.04912633248024,0.2068727787136596
SH601088,har,417,0.1291386122979115,0.234321831536481,0.0745221450722624,-7.819200459860108,0.0815844463362451
SH601111,har,416,0.1732133599382964,0.2784553322331351,0.0449369914743829,-6.900007412066139,0.0466132072364856
SH601117,har,417,0.163254051377111,0.2499731909057561,0.2075250720601635,-6.873335029272584,0.1884177979771715
SH601155,har,417,0.2318066524730568,0.266376392834858,0.0643598486704287,-6.539474699326001,0.0661110968061743
SH601166,har,417,0.1431780960195943,0.2567274792692907,0.1120689642076862,-7.826480879813142,0.1065308962272026
SH601169,har,417,0.1297661235776593,0.2470423143951957,0.2075882812916284,-8.562339352452232,0.2139049301147247
SH601186,har,417,0.1573831346554726,0.2714646510801889,0.2430369239864013,-7.433753503424295,0.2610195572974749
SH601198,har,417,0.2213071840626205,0.3205744589416961,0.1990357250401246,-6.7460103812251635,0.19974571246759
SH601211,har,417,0.1567133974491479,0.2608949824346703,0.288750248906112,-7.301827087093308,0.2900312747564465
SH601216,har,416,0.265886581394069,0.3490325522114596,0.360960945508564,-6.3870946617978985,0.3561669279121541
SH601225,har,417,0.1721051827774471,0.2819716931256658,-0.0108515966684707,-7.207755755799528,0.002838754803137
SH601229,har,417,0.1654829211069393,0.2788923883619376,0.2273206266294721,-8.153892919553511,0.2318565678284678
SH601288,har,417,0.1233663092704434,0.2335661576121569,0.1680078707807767,-8.907636295678051,0.1587767224946159
SH601318,har,417,0.1197095622895247,0.2187545118231255,0.3340500083160829,-7.812931208721745,0.3337676644973618
SH601328,har,417,0.1375676389160475,0.2672825118895597,0.3555558157917666,-8.843184402676792,0.3553989176008243
SH601333,har,101,0.0565561788715745,0.2024983144325818,0.1939030407225634,-7.556270820174563,0.2908577192640689
SH601336,har,417,0.1513235604620834,0.255759653094807,0.3734935361063765,-7.0981155847665365,0.3903704389027816
SH601377,har,417,0.2052809604270802,0.3087024862466803,0.2915367750480278,-6.774245584322624,0.2925359930849758
SH601390,har,417,0.1497734972383781,0.2560642992541563,0.2692292172431314,-7.718184116325335,0.2810439871000741
SH601398,har,417,0.1283145889242864,0.2465334113377118,0.1871573632223235,-8.659901276276107,0.1765662179378172
SH601555,har,411,0.2154883832973506,0.3275589865012733,0.2632928582726943,-6.562893952904769,0.2672235726897873
SH601600,har,417,0.1571530150473688,0.2651007722278325,0.3343505088110259,-7.419505789444033,0.3419404295916465
SH601601,har,417,0.1318775473185325,0.2385096845542014,0.1374835151972003,-7.254324342208363,0.1394337369756005
SH601607,har,417,0.1838928841643802,0.2991689479557968,0.2998265764635119,-6.9665518519820235,0.3044011155210385
SH601611,har,101,0.1434618494391177,0.3147265840576388,-0.3741567287365623,-6.521907987864644,-0.673239976396051
SH601618,har,416,0.189461166979296,0.2887266717576952,0.2620732179745674,-7.426977604869405,0.2565435687904789
SH601628,har,417,0.1488151598450786,0.236521463326144,0.3390223011009446,-6.7179185782317665,0.3420497896546823
SH601633,har,416,0.1723529787585269,0.2900590092139596,0.368271909779801,-6.3608850403097446,0.378336169836019
SH601668,har,417,0.1454311185097399,0.256738978510202,0.0454684336298911,-7.75914146730263,0.0600500236367983
SH601669,har,417,0.1794826699375435,0.2942322704355979,0.2587699652820419,-7.588418063932884,0.2675524033988891
SH601688,har,417,0.1664193164802941,0.2771798525913263,0.2665378543105424,-7.081783468685131,0.2709945494827164
SH601727,har,417,0.1761851726586865,0.3045818600395091,0.3806953835854952,-7.415889002822248,0.3836567312686031
SH601766,har,417,0.1431522624689034,0.2568650147530593,0.2517118948375382,-8.009111347637896,0.2671767652142603
SH601788,har,416,0.2077294200256256,0.3054795642138531,0.3207009232612595,-6.528836000911129,0.3242849460524192
SH601800,har,417,0.1902992940782249,0.3040672366851888,0.2304926507468374,-7.387344726954153,0.2387296694173278
SH601808,har,417,0.1542385239985647,0.2572484628038752,0.0961611684118817,-6.468105093833996,0.0325831360813156
SH601818,har,417,0.1475957023527646,0.2521560986400811,0.2591661819636002,-7.752394852147588,0.2633527623034526
SH601857,har,417,0.1384273895951142,0.2519036282645439,0.0711875532393472,-8.662379655928868,0.0827352825975148
SH601877,har,417,0.1414944679879156,0.2399855558967735,0.1231867439894242,-7.070550002411858,0.1218374591951096
SH601888,har,417,0.1426547173289476,0.2379327128034223,0.4585725529386472,-6.4961981739883985,0.4640565304241791
SH601898,har,417,0.1761023527647088,0.2862423564596306,-0.103676358256018,-7.564121147396557,-0.0948090832190897
SH601899,har,413,0.1732637630304769,0.2783375325198186,0.2949682230325313,-6.829413701803768,0.2471986693012414
SH601901,har,415,0.2099758467970362,0.3064990098919317,0.266431089703019,-6.696157385230819,0.2732656079673347
SH601919,har,417,0.146997521359805,0.2455867412056481,0.2483462196511328,-6.906464941355201,0.2597451424825922
SH601933,har,417,0.1565126799977312,0.2551148735234452,0.159031848888776,-7.059279607962492,0.1601806992231049
SH601939,har,417,0.1394257193915,0.2503311877466185,0.2601361731704202,-8.336203710449489,0.2487828170572076
SH601985,har,417,0.1328335185162637,0.2504032704352772,0.348206563823658,-8.134916489252783,0.3454589032647476
SH601988,har,417,0.1300417009312597,0.2512326149246732,0.2379821926216719,-8.922523728866256,0.2444425293732736
SH601989,har,416,0.1947938015027372,0.3188091795719629,0.3860669999445855,-7.081694751871098,0.3930521190258744
SH601991,har,101,0.0667843865153027,0.1998691395569327,0.1547485441028061,-7.887398753010063,0.0231567940790363
SH601992,har,417,0.1705183636130068,0.2865319910907244,0.1570320516914668,-7.336018896947762,0.1501065294263117
SH601997,har,417,0.1483132592771864,0.2616224427789694,0.2745060021248926,-7.880612456894639,0.2699687241383267
SH601998,har,417,0.1576287930075325,0.2748215018901181,0.3090428940250159,-8.123888926101028,0.3159975997814161
SH603160,har,416,0.1526427522218713,0.2736216936476576,0.0190327692992912,-6.109625693561728,-0.0711071695531684
SH603288,har,417,0.1393293823709403,0.2395876073265084,0.1803057269948687,-6.724199775011298,0.185573792485882
SH603858,har,224,0.0739650428413419,0.2182098886504463,0.09274132470157,-7.503217623896014,0.0387033092286295
SH603993,har,417,0.1772064181837433,0.2875327120224097,0.1913145606800594,-6.732819817952323,0.1950573012228619
SZ000001,har,417,0.0651026697089677,0.1925656099139883,0.1431994109830189,-7.243643755785637,0.1627604699976643
SZ000002,har,417,0.0806634486634179,0.2295722634901779,0.3453302644072727,-7.379876525685719,0.3466720026844938
SZ000063,har,417,0.0812453494526127,0.2311876128288248,0.3381416727975777,-6.614429038714814,0.3443752859625655
SZ000069,har,417,0.0653028543381732,0.1997911937973131,0.2806797663749837,-7.340675918414901,0.3015688149882243
SZ000100,har,416,0.0858287766992755,0.227717136387698,0.3812446870488648,-6.50050976287877,0.4126902540843172
SZ000157,har,417,0.0600997158269554,0.1873101660522522,0.2163051930911922,-7.1617610778498255,0.0893760200178945
SZ000166,har,417,0.1133839448892438,0.2614890860157264,0.3961583549825717,-7.330445250951092,0.404771057493696
SZ000333,har,406,0.0563676536775865,0.1905328179641427,0.2297626853258729,-7.364978132226474,0.2236810773698496
SZ000338,har,417,0.0582913937281366,0.1915374642972996,0.3236002046334322,-6.977932765452321,0.3138420372287732
SZ000402,har,225,0.0637146302570207,0.2012819296270832,-0.1403554913135074,-7.5740659603975455,-0.0696157468721592
SZ000413,har,329,0.255365814504369,0.3225078131382737,0.0523737890090056,-6.017562237021437,0.0532959337571721
SZ000415,har,344,0.1015896445403986,0.2368766815839736,0.2282075686498602,-7.064478509184982,0.2356838334291023
SZ000423,har,344,0.0944656946276482,0.2212458662389225,0.237141825570624,-7.385400428328599,0.2441094689919858
SZ000425,har,417,0.0769186075503788,0.2141428288153919,0.2986787009545159,-7.003062601785566,0.1836620036612638
SZ000503,har,91,0.5039283878805976,0.3920651480050564,-0.2042355141257932,-5.769858361965051,-0.1998585512193238
SZ000538,har,407,0.0789248903718766,0.215393481087685,0.3335273570132424,-7.250790341092896,0.3272458967099986
SZ000568,har,417,0.0680643610699172,0.2072850150352929,0.3620321151941863,-6.72720781567356,0.3875435841574881
SZ000625,har,417,0.0864377447662717,0.2313739383528576,-0.1826576405319893,-6.278438134873708,-0.0955222624306515
SZ000627,har,407,0.0940535598450081,0.2441646347148624,0.3097218639651711,-7.068589010950815,0.3378775528582221
SZ000630,har,344,0.0889821366784003,0.2334628583827407,0.3292052500527709,-7.828614808321014,0.3359180374016982
SZ000651,har,411,0.0848719242224817,0.2250947126286674,-0.0566943569497686,-7.322208586032792,-0.0557072412445092
SZ000671,har,417,0.0687857605676087,0.2050502846845908,0.2541743052002453,-6.581663653928975,0.2088942847088535
SZ000709,har,417,0.1892432060401114,0.3771262185477141,-0.2670423802756463,-7.990809224788169,-0.2426591304225112
SZ000725,har,417,0.100290182151455,0.2452694237062008,0.2455335887661385,-6.656761580943067,0.2177850675084756
SZ000728,har,417,0.119956057412155,0.273123508019665,0.4529797166288521,-6.911499424361406,0.4694761281080875
SZ000768,har,417,0.0803232844536784,0.2248515505352598,0.5093797426970975,-7.031106787395355,0.5075104435109068
SZ000776,har,417,0.0963425474195712,0.2399329181615543,0.4115775496239754,-7.31472387001977,0.4161512548553879
SZ000783,har,417,0.1217100252339256,0.2759071083389974,0.4249729099924553,-6.923892469188905,0.4330005359855655
SZ000792,har,101,0.0577076333447186,0.1879389531533641,-0.3487099711594303,-6.4304990191082085,-0.3474116804315224
SZ000826,har,101,0.1177071940805494,0.2369654772383296,-0.1599044720202513,-6.486833834428095,-0.3881920780906105
SZ000839,har,101,0.0765225838084533,0.2082192603589145,0.3244642340952834,-5.815416763933344,0.1220930319197575
SZ000858,har,417,0.0769401090384103,0.2174777604637639,0.3607157981126786,-6.904683788742787,0.3767593851818058
SZ000876,har,417,0.0971574065899904,0.2315298720744265,0.3332482384804095,-5.991782936706566,0.2096191845143928
SZ000895,har,402,0.072258485640564,0.211905663898138,0.3688112407201444,-6.721117021183035,0.3881324702929782
SZ000898,har,344,0.09944600322727,0.2552962719072026,-0.1389069530510545,-8.070896142296847,-0.0797765774888312
SZ000938,har,417,0.0858421741848966,0.2281412417127337,0.0806098710365184,-6.364613602901074,0.0101778996849054
SZ000961,har,417,0.6925179406234238,0.7917751445666329,-9.8859661993322,-3.5652464369272536,-10.785899847724044
SZ000963,har,417,0.0897509163245242,0.2354207575490033,0.1785205197358487,-6.8211948780199,0.169088869246258
SZ000983,har,101,0.0840929848229751,0.2442323183407147,0.1167801409405127,-7.092126491901202,0.06723236578369
SZ001979,har,411,0.067877833560158,0.204417149756385,0.3383966391487997,-7.434546473311172,0.3480290170475808
SZ002007,har,417,0.0759293929633555,0.2164960498833315,0.4126766161132138,-6.459364714200851,0.41800706844386
SZ002008,har,417,0.0561147508177542,0.1926723087391053,0.0244180561778676,-6.5015601759698205,0.0297277402846248
SZ002024,har,417,0.1052671344717679,0.2607470719294287,0.5061679899526224,-7.620719713609221,0.5139563137923869
SZ002027,har,417,0.0522960318460351,0.182425236737119,0.3050535440360362,-6.631821643403547,0.3084259748667495
SZ002044,har,417,0.0579956588993086,0.1896370300683447,-0.0728101702440424,-6.396386513728971,-0.1149954131034836
SZ002065,har,225,0.0842215777246772,0.2279418341293329,0.352123081360279,-6.830390349499129,0.3530933477056457
SZ002081,har,344,0.0948165660228331,0.2416057984816411,0.0730361738946685,-7.096139800732926,0.0671519408730374
SZ002142,har,417,0.0579634060317846,0.1777374432974081,0.3114513929239033,-7.086191990088401,0.1950932073823612
SZ002146,har,417,0.0653680015133511,0.2046504276605265,0.3215104143406432,-7.309808602082242,0.3430447466997808
SZ002153,har,417,0.0824599032977055,0.2226459135383092,-0.0519661706511078,-6.344889487023843,-0.0701145044236355
SZ002202,har,411,0.0625748402244738,0.2032155378315467,0.2489272157610944,-6.905516201959631,0.2333379247788758
SZ002230,har,417,0.0687928178687001,0.2101101990853608,0.226872649293247,-6.846899940617302,0.2300654539258247
SZ002236,har,415,0.068455030613537,0.2141298105959268,0.1543478428837827,-6.5985550461724385,0.1668660149291136
SZ002241,har,417,0.0571941066125191,0.1925578502684028,0.276437437487498,-5.993820046885236,0.0490885989021084
SZ002294,har,344,0.1026830482069501,0.2580368811916502,0.1596971177286982,-7.420435095813489,0.1888353150966603
SZ002304,har,417,0.0723026710225952,0.2133475235262098,0.3605750690432014,-7.013805585489829,0.370956311096926
SZ002310,har,220,0.1106160882946161,0.2793503339590872,0.1851253621187502,-6.7642050951566945,0.2001168789728922
SZ002415,har,415,0.0538548662640111,0.184935892379829,0.16017872776697,-6.930852323438525,0.1698881936398103
SZ002450,har,100,2.5081949799904484,1.1946087627279445,-0.114443386648352,-1.0529327985865102,-0.1365165614459731
SZ002456,har,414,0.1965764203343314,0.2614498760161249,-0.0934969239803256,-5.810221744180295,-0.0933889638958793
SZ002466,har,411,0.0806945450569957,0.2259117744013905,0.4669418198806685,-6.2372442851062555,0.4655456430058182
SZ002475,har,417,0.0476785763314854,0.1759440255136336,0.1174751849442186,-6.288650788205862,0.0694579123755115
SZ002508,har,417,0.0615742260135804,0.1983163558514509,0.1256100673898224,-6.731394847195424,0.1405141642135478
SZ002555,har,417,0.0669130729338405,0.1998669133752268,0.0955354790929382,-6.041844592000099,0.1063399424308365
SZ002558,har,417,0.1185285368225803,0.2806391470986009,0.391024242016792,-7.041182161687515,0.3928611818019322
SZ002594,har,417,0.0825910914281982,0.2265998673932455,0.5112940280457344,-6.851743456565123,0.5215998112373705
SZ002602,har,416,0.2487787495455959,0.4164224497633126,-0.9007922217127228,-5.977294544679426,-1.1240124679946335
SZ002673,har,417,0.1446186624901788,0.2937008133050768,0.3879939388936687,-6.910939556261602,0.39822801381393
SZ002714,har,417,0.0612738213735018,0.1937750115257289,0.3527799136237612,-6.172681933496593,0.3598662302719159
SZ002736,har,417,0.1014462575473842,0.2390612950529713,0.4415807324596024,-6.926624467320847,0.4465948899967139
SZ300003,har,417,0.0529492786439862,0.1762101272483915,-0.0316124288910912,-6.6258575947443985,0.0172574309164386
SZ300015,har,411,0.0534615127003666,0.1819916551398338,0.160180099267567,-6.908065055425218,0.1753782733067451
SZ300017,har,344,0.1812992771735198,0.2914443485015266,0.0312707617188801,-6.199715226579586,0.0109302026082809
SZ300024,har,344,0.090549372657578,0.2326228028729111,0.3508051476421143,-7.204149846725591,0.3500846529771156
SZ300033,har,417,0.1421261478906429,0.3086795313285111,-0.0632649379601626,-5.883869225531596,-0.0786908117134257
SZ300059,har,417,0.0960365591843046,0.2491408233471395,0.4108163656574447,-6.589622937224359,0.4010387672967007
SZ300070,har,340,0.0624892351221691,0.2025700145071141,0.4163238705884384,-6.830463922391718,0.4256828563341793
SZ300072,har,225,0.0868379106962467,0.2303238164452224,-0.0303324364281973,-6.417302096440041,0.0150606945673908
SZ300124,har,406,0.0469901567750793,0.1672198051812506,0.4129028015433916,-6.737225232446794,0.4342892778063785
SZ300144,har,417,0.0495602967973721,0.1742146223200525,0.2872532736399439,-6.754095969726547,0.2845456608984054
SZ300251,har,225,0.0862893665638105,0.2312561115565114,0.0084774142579956,-6.761335807858233,-0.0204005053249571
SH600000,har_x,417,0.1417744526118007,0.2509657633066273,0.1639428027234224,-7.966536416273463,0.1732250163557955
SH600009,har_x,417,0.1406302971630991,0.2456858020051316,0.1988812586725437,-7.014405488276169,0.2065711509824321
SH600010,har_x,417,0.1633846513619275,0.281817434888474,0.1984669732931518,-7.275262691968536,0.2051532506992227
SH600011,har_x,417,0.1545804643140924,0.2648054467365509,0.3150367902713327,-7.406378032697994,0.2771057526828973
SH600015,har_x,417,0.1402989095191947,0.2566910012084695,0.2886424211980912,-8.639342467159123,0.2944786846881129
SH600016,har_x,417,0.1343824388737207,0.2472511128669212,0.2336320459063435,-8.710642879664999,0.2408751204083551
SH600018,har_x,414,0.162810032436948,0.293060890037905,0.4694814889794841,-7.256667945862646,0.4852757419765063
SH600019,har_x,417,0.157648603778522,0.2768777962498758,-0.0144450013036079,-7.852265843327984,-0.0058883282486723
SH600023,har_x,344,0.123181208742642,0.2293650029180286,0.0996564572761439,-8.567630282485537,0.1068565702557925
SH600028,har_x,417,0.1397452828317007,0.2507981003166935,0.1845271149246503,-8.658235460262128,0.1533577448728376
SH600029,har_x,417,0.1655512913368953,0.2867834832409109,0.1628803257105021,-7.288780585612092,0.1693725158106349
SH600030,har_x,410,0.1858699713690104,0.2986162121269232,0.2749252757675674,-7.038326315233115,0.2816153158012578
SH600031,har_x,417,0.1410645919282561,0.2260647629333922,0.1569073696086048,-6.769341403647956,0.1345183536671422
SH600036,har_x,417,0.1241476353666346,0.2213188970071308,0.1681609588725777,-7.590906113130893,0.1714775361514847
SH600038,har_x,417,0.1496792002287268,0.2572915943470246,0.3402966775007786,-6.977615748982779,0.3468737499272885
SH600048,har_x,417,0.140799498770801,0.2356584574499195,0.0654661283355781,-6.883489856108673,0.0678115884466681
SH600050,har_x,417,0.1691148611370456,0.2994893245471117,0.2936269360857705,-7.517572023189213,0.2993153183418354
SH600061,har_x,415,0.275137397840917,0.3909152349460533,-0.0287233313056078,-6.197585925565359,-0.0149630545657541
SH600066,har_x,417,0.177377897033709,0.2877408726134201,0.2508490308202453,-6.6134585516931645,0.2515301008105557
SH600068,har_x,417,0.182400415622135,0.2982818176301358,0.2510367940087771,-7.474078934474513,0.2635605306025815
SH600085,har_x,417,0.1790584086090931,0.280709078251671,0.2134034109285894,-7.283547063620209,0.2328595325365134
SH600089,har_x,417,0.1436031742935664,0.2702116598329421,0.6413537259735416,-7.531372207423442,0.6486415736827771
SH600100,har_x,344,0.2038296925267968,0.3195529082425963,0.2287610149221605,-6.90352047150435,0.2369145623185892
SH600104,har_x,417,0.1374831605217114,0.2543823648339708,0.2680084650856166,-7.266371973458913,0.2727301114955254
SH600109,har_x,412,0.1877869637618367,0.2973817886100615,0.3607273056948514,-6.654198510306382,0.3666463286468793
SH600111,har_x,414,0.1830582799954827,0.2871194343909192,0.2759422109446663,-6.659991970183188,0.2668566384772788
SH600115,har_x,416,0.1735834663776958,0.2899897315958266,0.2533711585782243,-7.1868114896667,0.254361290279759
SH600118,har_x,417,0.1519477505794519,0.2706170188831408,0.4918640673341311,-6.453190620412869,0.4863246008463242
SH600153,har_x,344,0.1445630970172236,0.2516812675098807,0.1585710240439732,-7.457114125045244,0.1579487921728342
SH600157,har_x,95,0.1506371129142805,0.3039779973400001,-0.3438202113942532,-5.415418861220643,-0.0042266185336334
SH600170,har_x,417,0.1384697555421666,0.2631970827582373,0.3934183941786288,-8.006877099840352,0.4003535567576181
SH600177,har_x,417,0.1805664484065612,0.3018929491379578,0.201359546688936,-7.862707636398583,0.2089987769433994
SH600188,har_x,417,0.169601899803359,0.2803932334231015,0.0163520430884053,-7.429370999061797,0.0290923010556301
SH600196,har_x,417,0.171152056702708,0.2693924983082286,0.3617253470586613,-6.531634361635965,0.3650341579430921
SH600208,har_x,416,0.3476846212208757,0.3693541143688068,0.0812121001490789,-6.3816871146316645,0.0620923523725645
SH600221,har_x,417,0.1756583043389665,0.294370245130312,0.3822979280384417,-7.250416485648341,0.3844718960427449
SH600233,har_x,417,0.1767402149919777,0.2930180673296261,0.0527421254955923,-6.269517288950677,0.0637885654871077
SH600271,har_x,417,0.1445279564848286,0.2504361781365903,0.2084043317842727,-7.119863056317221,0.2102202363187231
SH600276,har_x,417,0.1276554764556965,0.2241938127858289,0.0523274176354092,-7.021686249827282,0.0311690677031908
SH600297,har_x,417,0.1814075090500149,0.2962700144260076,0.1682252998098927,-6.265469649032783,0.1654175831755352
SH600309,har_x,417,0.1250859836905597,0.2203183240906374,0.1921597937058821,-6.930807182669951,0.194890000947442
SH600332,har_x,417,0.1676986891295694,0.2456375933349176,0.1618055123864388,-6.688916111275487,0.1669544349982193
SH600340,har_x,417,0.1289110743714436,0.2377663108585187,0.322440106346319,-7.277388167470148,0.3225692225197193
SH600352,har_x,413,0.1541911880232837,0.2619745563511326,0.4115865995331769,-6.999038544117845,0.4143223070495324
SH600362,har_x,417,0.1745373169902339,0.284420758306989,0.2186320848021062,-7.342226426070971,0.2141525398340326
SH600369,har_x,417,0.2164874375400999,0.3316139977599042,0.2624150867268323,-6.766661676958539,0.2735828124892991
SH600372,har_x,417,0.1640715891278958,0.2778390198024228,0.2985329882340695,-6.899695383517621,0.3034962367557601
SH600383,har_x,417,0.1470636837575419,0.2384918655137369,0.0916102152066336,-6.563113123803732,0.1016728269096468
SH600398,har_x,417,0.1489258338857294,0.2615602213068377,0.2507330154316141,-7.459042825886776,0.2493094235627577
SH600406,har_x,415,0.1513685649155399,0.2416095376203208,0.0947946049671317,-6.430260471115077,0.0972272774854596
SH600415,har_x,225,0.0777137349355862,0.2188529399953435,0.4091757437323866,-7.566733429402106,0.4530422401454073
SH600436,har_x,417,0.1666124060549964,0.2750357759935436,0.111163630902049,-6.492364568917156,0.1299649813889299
SH600482,har_x,416,0.1728578130865375,0.2977525112025351,0.2556443552057003,-7.007626558641174,0.258028732805763
SH600489,har_x,416,0.1593614145003312,0.276304033283515,0.0773342791186897,-7.128347574984568,0.0892299198313016
SH600498,har_x,417,0.1705803474027572,0.2905503731775514,0.4082994204434147,-6.802418062319463,0.4117415355641184
SH600516,har_x,416,0.2507317383947782,0.3650098080246201,-0.3612080062143343,-6.8401133900325055,-0.3627258098708945
SH600518,har_x,79,0.1333146280166907,0.2992226035377046,-0.2190721885045359,-5.496285791752672,-0.388509820683202
SH600519,har_x,417,0.1268315037395511,0.2256951599376553,0.1918902350702083,-7.478682189758636,0.191140190244224
SH600522,har_x,417,0.1691748466915984,0.281665057635567,0.3346650374307381,-6.519814549476142,0.3523100623319327
SH600535,har_x,344,0.1506800765114493,0.2563950138311006,0.1551107483741226,-6.91659927260165,0.165974189665348
SH600547,har_x,417,0.1537891823966477,0.2611210782441713,0.1042056462329584,-6.936592072980221,0.1092816289380234
SH600549,har_x,101,0.0961288421050466,0.2423852517652014,0.3879332580877768,-6.676750838477129,0.0498814358666894
SH600570,har_x,416,0.1550252991581584,0.2619117089469517,0.1588965691766471,-6.4870517702469455,0.1638925476469558
SH600583,har_x,417,0.1431516417957975,0.2352730847935879,0.0821854530016445,-6.958811780571154,0.078639021501716
SH600585,har_x,417,0.1378992700075551,0.224180408180106,0.1191330159141969,-7.1997739276524415,0.1202510312351861
SH600588,har_x,417,0.1588457998106222,0.2565173033298121,0.2193143268019727,-6.1060383284084985,0.2225501157320646
SH600606,har_x,412,0.179223515870196,0.2853592793934811,0.3636556888381295,-7.257330931926926,0.3667034295283334
SH600637,har_x,417,0.1667136570727263,0.2681833769151467,0.2060653014997131,-6.690133851305306,0.2066496264786242
SH600660,har_x,417,0.1544590726146921,0.2597486278340244,0.3371372495496428,-7.264769750142098,0.3407446924742975
SH600663,har_x,238,0.2039103560184201,0.3095113575957676,0.183196195646389,-7.706534569086435,0.2059882866636452
SH600674,har_x,417,0.1259269400345675,0.2413920407231878,-0.0783037608865762,-7.935665407450397,-0.0646284675528285
SH600688,har_x,225,0.0613254656503872,0.1996650684858099,0.248913920231889,-8.248790499686608,0.2495257765336335
SH600690,har_x,415,0.1348232167883907,0.223735527882707,0.2108688237763016,-6.910504929748555,0.2169450862222403
SH600703,har_x,415,0.167998419520864,0.2757999670791954,-0.0596847842045709,-5.881210898274844,-0.0507431355423282
SH600704,har_x,225,0.0941908466073316,0.242189416230106,0.0349646490350704,-7.304708784531776,0.0377972587868683
SH600705,har_x,417,0.1718397255063061,0.2867666837069746,0.378339648077312,-7.130228880777545,0.3834768623889942
SH600739,har_x,101,0.0993221064512828,0.2471816474851463,0.3418884385374952,-6.792797186308749,0.0923319889190604
SH600741,har_x,417,0.1436859487201536,0.234931753624842,0.059112408456774,-6.389420395568317,0.0468305671760373
SH600795,har_x,417,0.1302793750539722,0.2475696416979064,0.2303473349548069,-8.247645059628134,0.2370716925880178
SH600809,har_x,417,0.1277606754308073,0.2381125420325844,0.2163426315898204,-6.556357692534508,0.2292127243823313
SH600816,har_x,293,0.6055845422804684,0.4749258695203346,-0.0346307888199612,-2.961450571315462,-0.0281001809871261
SH600837,har_x,417,0.1780209940493559,0.2968641550115533,0.2910644034344701,-6.912210593663414,0.3008787942527805
SH600867,har_x,417,0.1709975341971156,0.2728648056404848,0.0550401310014578,-6.452297154288287,0.0541953043388859
SH600886,har_x,417,0.1119147218218841,0.214871759728807,0.1088871062906451,-7.612923409036826,0.1086381708982469
SH600887,har_x,417,0.1196270174937531,0.2103058133415888,0.2007165594004122,-7.223465113689346,0.2061924686196419
SH600893,har_x,406,0.1645316027321158,0.2714679671084576,0.4720692508761244,-6.952999667130147,0.4724216887181103
SH600900,har_x,417,0.1402668561840928,0.2519369515992515,0.0998128930970545,-8.069949198758604,0.1131142409245187
SH600919,har_x,417,0.1548018412492678,0.2725898902885178,0.3306751898476462,-8.180161994420546,0.3234439689577015
SH600926,har_x,417,0.1693095722828119,0.2919577638382113,0.3738602533965138,-7.442822176412732,0.3444138342237183
SH600958,har_x,416,0.1766376689314433,0.2809495607705491,0.3192637816920881,-6.925165532116996,0.3263338597633927
SH600977,har_x,417,0.2026200147351965,0.3174783131472563,-0.2542781249524399,-6.562429792081236,-0.2341108472834157
SH600999,har_x,411,0.1538975689104268,0.2666813003373119,0.2871956662264086,-6.957812120117984,0.2964300344555304
SH601006,har_x,417,0.1299275064348598,0.2324740421711859,0.0056440644100166,-8.536506562217708,-0.0415252060827291
SH601009,har_x,417,0.157752866680785,0.2736113677913487,0.2376854593099745,-7.723208493330694,0.2336433359530803
SH601018,har_x,415,0.1509949311470204,0.2700710002042187,0.4926509311015876,-7.18715666505685,0.4989012966269016
SH601021,har_x,417,0.1057522702407927,0.2098113170560525,0.2101155940448718,-7.042260700232844,0.2068195962049486
SH601088,har_x,417,0.1265866280964284,0.2326010753457426,0.0928110582220301,-7.859407472617918,0.1003711951627089
SH601111,har_x,416,0.171631589231974,0.2778709843950769,0.0536585513478018,-6.979112770376096,0.0561831496084925
SH601117,har_x,417,0.1614850708247354,0.2492636536373696,0.2161121345186172,-6.957138977702917,0.1976115570825013
SH601155,har_x,417,0.2454442138401113,0.2752919874813489,0.0093146209122637,-6.272297282731339,0.0113113229054567
SH601166,har_x,417,0.1423016437365862,0.2573582571928629,0.1175043569465827,-7.856002147142519,0.1119071442176474
SH601169,har_x,417,0.1281087076027135,0.2449661804766001,0.2177092266131979,-8.601011565340364,0.2237277883485163
SH601186,har_x,417,0.1549420297887118,0.2685705770859523,0.2547778659422222,-7.493112141523357,0.2724966250282881
SH601198,har_x,417,0.2210773085260053,0.3205504590062354,0.1998677002572688,-6.748322313142011,0.2005870321728622
SH601211,har_x,417,0.1562215078022728,0.2605539896186497,0.2909827088910284,-7.306554196376528,0.2921786153105113
SH601216,har_x,416,0.2431720945896546,0.3333740647810007,0.415553562009349,-6.656897862557949,0.4117640972819523
SH601225,har_x,417,0.1727911479739837,0.2841072491784739,-0.0148805805897436,-7.2623870703212114,-0.0004888430615199
SH601229,har_x,417,0.1582483496403501,0.2761368755081014,0.261100572680799,-8.182512929605483,0.2639884524857693
SH601288,har_x,417,0.1213690294271609,0.2312250115929931,0.1814776837247342,-8.931390109438945,0.1718994140297177
SH601318,har_x,417,0.1184503720740428,0.2163782322591203,0.3410549434064024,-7.831878633899529,0.340695492722853
SH601328,har_x,417,0.1387072518374729,0.2716666660266722,0.3502172279869022,-8.876373102971156,0.351101578977712
SH601333,har_x,101,0.0546714566188985,0.1989072590664366,0.2207660450357529,-7.56012195468912,0.3211409009028243
SH601336,har_x,417,0.1524102150050767,0.2581606759821994,0.3689945929601423,-7.1139010914306455,0.3876398441890063
SH601377,har_x,417,0.2030889732187433,0.3096336661194336,0.2991017354001275,-6.829587397488908,0.2996744712741533
SH601390,har_x,417,0.1450477711392667,0.2526052081324038,0.292286851766052,-7.825315720123654,0.3037804996525602
SH601398,har_x,417,0.1264653765790458,0.2441482500008565,0.1988716869891569,-8.681833797128935,0.1888043129921881
SH601555,har_x,411,0.2129298227110513,0.3254553260227605,0.2720400112636181,-6.5896923105311025,0.2757042087675072
SH601600,har_x,417,0.1563783155261957,0.2646475752594803,0.3376318861485067,-7.434782544540852,0.3452850186492927
SH601601,har_x,417,0.1316727436214114,0.2377382807990857,0.1388229893420206,-7.267484541683159,0.1404400645476523
SH601607,har_x,417,0.1809666203539233,0.2970119521285333,0.3109683460847172,-7.060753120670531,0.3159329920317733
SH601611,har_x,101,0.1498520490055541,0.3198130526913823,-0.4353655850737634,-6.496886390446861,-0.7156902559317104
SH601618,har_x,416,0.1830004069646345,0.2857377262846361,0.2872370440138038,-7.55528326483225,0.2826749789593381
SH601628,har_x,417,0.1471326950217307,0.2368415932408141,0.3464951400816829,-6.824918595022644,0.3501965188182777
SH601633,har_x,416,0.1750212280910597,0.2926772018386654,0.3584919334358244,-6.388927258149736,0.3698310594903335
SH601668,har_x,417,0.1429943911788315,0.2547930279006395,0.0614617999728247,-7.821410055005054,0.0758119146815635
SH601669,har_x,417,0.1751010469168547,0.2910804463241648,0.2768652531718216,-7.627907951589162,0.2854291470320683
SH601688,har_x,417,0.1661724444863756,0.2782428003434132,0.267625896649615,-7.0973908763232,0.2720353275962708
SH601727,har_x,417,0.1725586583607485,0.3071324785940626,0.3934428640477533,-7.507389931990068,0.3985840864327542
SH601766,har_x,417,0.1376939865502373,0.251954009423119,0.2802434938090861,-8.073975055261947,0.2917642915237715
SH601788,har_x,416,0.2077785915465574,0.3065500076150477,0.3205401267367871,-6.534939847622693,0.3241877740213724
SH601800,har_x,417,0.189087909268051,0.3031504558423552,0.2353910899066765,-7.428078280257994,0.2437310902518482
SH601808,har_x,417,0.1558109840025315,0.2594911369133776,0.0869465417682963,-6.543109954706686,0.0204159534005654
SH601818,har_x,417,0.1455195028811821,0.2515062228262676,0.2695873443485413,-7.78489638370399,0.2738818902808225
SH601857,har_x,417,0.1368282381818135,0.2494850178565994,0.0819174509949359,-8.708446250315195,0.0927746993960583
SH601877,har_x,417,0.1447171618413792,0.2436113263669062,0.1032163470476723,-7.053029646231702,0.1038450340930405
SH601888,har_x,417,0.1416627824112286,0.246228878427067,0.4623373130545936,-6.608810046083357,0.4704378626520211
SH601898,har_x,417,0.1745469493705006,0.2863657283098874,-0.0939282661562357,-7.647340361584376,-0.0844661400593691
SH601899,har_x,413,0.1786362411274958,0.2900924606834313,0.2731069422129885,-6.90780551229439,0.2240553501705288
SH601901,har_x,415,0.2078698906724996,0.3061813984359195,0.2737884308590368,-6.751869266468755,0.2810859594648633
SH601919,har_x,417,0.1442067521921493,0.2459556398933066,0.2626164752006462,-6.937735016092927,0.2716952625126094
SH601933,har_x,417,0.1563871414039013,0.2574797672754665,0.1597063882241686,-7.086541669127092,0.1584458423935816
SH601939,har_x,417,0.1395687790003839,0.2502639817556821,0.2593770260765013,-8.355317665308217,0.2488978178916924
SH601985,har_x,417,0.1334509971643536,0.2512812983640119,0.3451766920390395,-8.131822314850542,0.3422899698781498
SH601988,har_x,417,0.128180265417668,0.2491440206795121,0.24888982454655,-8.952515316773573,0.2546617083633624
SH601989,har_x,416,0.1881726339165596,0.3153857293701924,0.4069349805922888,-7.205829620869775,0.4143594369786391
SH601991,har_x,101,0.0669340768436625,0.1975927155952254,0.1528539999648457,-7.885056092675548,0.0061616449758961
SH601992,har_x,417,0.1689178939974835,0.2857691619318807,0.164944071016199,-7.363464859008208,0.1575843112279898
SH601997,har_x,417,0.1481716690271627,0.26162726332183,0.2751986096304549,-7.897164347241017,0.2720596447591623
SH601998,har_x,417,0.1561876521687537,0.2756237406987182,0.3153600552762433,-8.163366491018875,0.3220376900070378
SH603160,har_x,416,0.1629932281924754,0.2853893917461673,-0.0474851465632275,-6.087637962546305,-0.1518491879195203
SH603288,har_x,417,0.1378873449580741,0.2380781597419113,0.1887894350876712,-6.771945019797532,0.1931765312334269
SH603858,har_x,224,0.0739279478800768,0.2173499212031502,0.0931963332316105,-7.5008591967205955,0.0362380790839776
SH603993,har_x,417,0.1650625820424628,0.2819010943012742,0.2467332275974052,-6.900179061887438,0.2525566766627005
SZ000001,har_x,417,0.0658046970136892,0.1936534755474505,0.1339601983534868,-7.240891850763891,0.1538793447688733
SZ000002,har_x,417,0.0803897528775106,0.2286203427803295,0.3475515970029121,-7.380312946513862,0.3490258672768094
SZ000063,har_x,417,0.080825938168363,0.230611746531498,0.3415583711424506,-6.6151221103366655,0.3484502124142775
SZ000069,har_x,417,0.0681729882474086,0.2052356162956682,0.2490648329229948,-7.341206654057082,0.2708695410576046
SZ000100,har_x,416,0.0862765618392077,0.2290292024834492,0.378016522264874,-6.498816198341913,0.409329497134856
SZ000157,har_x,417,0.0593408583530216,0.1880021323464304,0.2262006252629218,-7.172369502022027,0.0980437463124221
SZ000166,har_x,417,0.1122230234633348,0.2605695964089325,0.4023410001907764,-7.339867090711198,0.4109036507505196
SZ000333,har_x,406,0.0559550685862729,0.1895041315590711,0.2354004653659244,-7.367112446101057,0.2290378918304657
SZ000338,har_x,417,0.058859235259606,0.1917854225636289,0.3170111033764288,-6.976753744450434,0.3057282721172815
SZ000402,har_x,225,0.0624580715443021,0.1982926708481982,-0.1178657801996532,-7.576534058878699,-0.0432761768880682
SZ000413,har_x,329,0.2427159999003632,0.3156224096841941,0.0993154515263564,-6.242166252555392,0.1017302490019038
SZ000415,har_x,344,0.1090820255608069,0.2520459376885656,0.1712867772591292,-7.061782249469156,0.1948004651155255
SZ000423,har_x,344,0.0921544867010057,0.2196957207824751,0.2558059963745844,-7.406422521514813,0.2628390518392731
SZ000425,har_x,417,0.0763477775922309,0.215450344021034,0.3038833610560414,-7.008450846511631,0.1922556838394163
SZ000503,har_x,91,0.5175840405835925,0.3928242949955279,-0.2368683690095527,-5.870320611909104,-0.2335383427470203
SZ000538,har_x,407,0.0797573153430673,0.2176668662167258,0.326498034982846,-7.248425179606338,0.3220480986601374
SZ000568,har_x,417,0.0669067313154849,0.2077597119476331,0.3728825895718827,-6.744077586119089,0.4008363577902729
SZ000625,har_x,417,0.0987489430812576,0.2513399453159254,-0.3511017940750143,-6.251089708966302,-0.2648248604270582
SZ000627,har_x,407,0.0975319907371044,0.2512376369347436,0.2841929547300608,-7.062212209944198,0.3124307032032152
SZ000630,har_x,344,0.0837378921709702,0.2276757147178809,0.3687391589286367,-7.847569112322387,0.3762515447751561
SZ000651,har_x,411,0.0823011809165568,0.2258170958158962,-0.0246874245110015,-7.383325984132018,-0.0213035797688774
SZ000671,har_x,417,0.0760123779380607,0.2163603620729156,0.1758180163856186,-6.559688009836414,0.1205837727492744
SZ000709,har_x,417,0.1841454524005368,0.3684694856544432,-0.2329113272212168,-7.996248017022411,-0.2108221688570635
SZ000725,har_x,417,0.0976030035018787,0.2423171008621134,0.2657487881864405,-6.666305713070425,0.2428324733169695
SZ000728,har_x,417,0.1169783505581201,0.2716600694316513,0.4665585727719297,-6.929447236329929,0.4833610690264345
SZ000768,har_x,417,0.0779754755961834,0.2231451199500083,0.5237203239320005,-7.039447841216602,0.5238881225533494
SZ000776,har_x,417,0.0950375724460427,0.23916495164288,0.4195478243589677,-7.32313064882152,0.42418934967737
SZ000783,har_x,417,0.1198970017925479,0.2744796373502362,0.4335386595402607,-6.935791863698393,0.4414461221877508
SZ000792,har_x,101,0.0584757760270728,0.1824298968080141,-0.3666625648618211,-6.424868233750706,-0.346656684933033
SZ000826,har_x,101,0.1061978036585353,0.2324498544625861,-0.0464892001245877,-6.606514540654285,-0.236758770820517
SZ000839,har_x,101,0.0760148371060033,0.2088104133794694,0.3289465848008447,-5.818735929063131,0.124834815508415
SZ000858,har_x,417,0.075200405015627,0.216470837599143,0.3751707464046018,-6.9198808797279385,0.3918333372645762
SZ000876,har_x,417,0.0951013438308713,0.2310392506224711,0.3473581608687526,-6.0183087660669035,0.2265940395559496
SZ000895,har_x,402,0.0742978723043529,0.2151180906671412,0.3509968909368963,-6.713663488875519,0.3702124291823097
SZ000898,har_x,344,0.1009104577833279,0.2578932910963947,-0.1556786424321743,-8.070486308253683,-0.0958146881267385
SZ000938,har_x,417,0.0908976051393106,0.2366091871199431,0.0264650015562383,-6.352487280604916,-0.0472135474348702
SZ000961,har_x,417,0.6624357769912025,0.7659123774373893,-9.413092650080408,-3.6984550747497615,-10.281152408577988
SZ000963,har_x,417,0.089362326923697,0.2346343758682666,0.1820772323812487,-6.823825276581821,0.1757371420153886
SZ000983,har_x,101,0.0840150764241011,0.2430305191173604,0.1175984047376401,-7.0928168183094815,0.072113431404483
SZ001979,har_x,411,0.067627398737224,0.2049190008317878,0.3408376204211384,-7.434984947013968,0.3508783946690026
SZ002007,har_x,417,0.0789040579656391,0.2210891315999469,0.3896672089931815,-6.451106486491713,0.3998267778651979
SZ002008,har_x,417,0.0558237077407882,0.1922708886034022,0.0294779801127456,-6.501988609901961,0.0357224042885674
SZ002024,har_x,417,0.1043999270698253,0.2593266402918695,0.5102362566208306,-7.624723640731952,0.520918135264665
SZ002027,har_x,417,0.0522809635340506,0.1817603703467926,0.305253782364668,-6.634262950716003,0.3086733703903765
SZ002044,har_x,417,0.0606578941031822,0.1950163521013488,-0.122056494132801,-6.389343651713482,-0.1691818731477017
SZ002065,har_x,225,0.0817127037052571,0.2240633067426686,0.3714226672012234,-6.838723919791597,0.3730306013303546
SZ002081,har_x,344,0.0922964714001843,0.2412633904048598,0.0976736043727503,-7.110782355050841,0.0954165903065431
SZ002142,har_x,417,0.0580748406902813,0.178370832497875,0.310127658103251,-7.085387163006141,0.1939220027229919
SZ002146,har_x,417,0.0684876761175065,0.2066916984432506,0.2891296365814652,-7.303328903258771,0.3064119996236296
SZ002153,har_x,417,0.0805387725546008,0.2217071355864066,-0.027457719024047,-6.369769998552425,-0.0461068135951729
SZ002202,har_x,411,0.0622259145182225,0.2025076263087764,0.2531152983953698,-6.905803507149091,0.2382936176911344
SZ002230,har_x,417,0.067835627895267,0.2082117558781666,0.2376300186118846,-6.848332468363032,0.2450015839625685
SZ002236,har_x,415,0.0681627207704661,0.2133819637025557,0.1579588623680156,-6.599406749781432,0.1706099845690553
SZ002241,har_x,417,0.0573584136185337,0.1930345732346095,0.2743587897849271,-5.992707989353021,0.0455189496742597
SZ002294,har_x,344,0.1033591345629833,0.2585370789659647,0.1541643903354282,-7.420725484193281,0.1822788872374415
SZ002304,har_x,417,0.0723660335520635,0.2134142237972656,0.3600147082645812,-7.0140291834557855,0.3713084056537539
SZ002310,har_x,220,0.1112024622290467,0.280207022444046,0.1808057260255849,-6.762864315619305,0.1959420457205042
SZ002415,har_x,415,0.0538881506194958,0.1855008479980947,0.159659686281812,-6.931388098935287,0.1714412073784039
SZ002450,har_x,100,2.5354605633532388,1.19229549512447,-0.1265580544888429,-2.043426428428304,-0.1292279204561608
SZ002456,har_x,414,0.1957022553541127,0.2626187230989176,-0.0886342007946314,-5.856201275949173,-0.0883224830979363
SZ002466,har_x,411,0.0853290044860864,0.2293949807026434,0.4363271543247372,-6.187471062770584,0.4330044773572464
SZ002475,har_x,417,0.0472515660649707,0.1746508961502485,0.1253790945295803,-6.289839123517254,0.0761239171392166
SZ002508,har_x,417,0.0620080566122011,0.1992934725000811,0.1194494197869037,-6.730322196475606,0.1339045018072433
SZ002555,har_x,417,0.0702609867655781,0.2042146345794565,0.0502817021089605,-6.029583336226583,0.0613469210374802
SZ002558,har_x,417,0.122270363753138,0.2855048537837549,0.37179948861678,-7.037558794226077,0.3676350709532932
SZ002594,har_x,417,0.0812586400469158,0.2245692561183707,0.5191783765403601,-6.857181281663735,0.5293943149799459
SZ002602,har_x,416,0.248363558655425,0.4149542192609565,-0.8976199587441038,-5.975256265252822,-1.118131312722551
SZ002673,har_x,417,0.1427473868029014,0.2941517838193337,0.3959129172806559,-6.9230807030439925,0.406059309190558
SZ002714,har_x,417,0.0610913515904011,0.1933121246609396,0.3547072964135428,-6.17279176251214,0.3625101568268896
SZ002736,har_x,417,0.0999042903607841,0.2380170108253743,0.4500686176485692,-6.940739844935941,0.4550512400526511
SZ300003,har_x,417,0.0533094731530799,0.1765693684113978,-0.0386301096209409,-6.624416002639207,0.0127238689659067
SZ300015,har_x,411,0.0539949283037897,0.1825786567510023,0.1518007434190578,-6.90609519724007,0.1655048934598588
SZ300017,har_x,344,0.1788249969705294,0.2914185461733399,0.0444914850097011,-6.256867255567098,0.024367188176541
SZ300024,har_x,344,0.0894892584659438,0.2321181353165574,0.3584056495111116,-7.217810725583774,0.3577481152968803
SZ300033,har_x,417,0.1269836518074307,0.2857095343448848,0.0500181235836355,-5.9382880405754275,0.0444788093061481
SZ300059,har_x,417,0.0977095774122075,0.2521222732855154,0.4005524102616096,-6.593298264798108,0.3902118447008225
SZ300070,har_x,340,0.0647635236168299,0.2065272154629545,0.3950810452740679,-6.824394274624111,0.4089928580818966
SZ300072,har_x,225,0.0878043895226021,0.2314061299246927,-0.0417997146702797,-6.41478109440533,0.004100538849971
SZ300124,har_x,406,0.0479765286164931,0.169171700335149,0.4005790260024324,-6.733536704606468,0.4209463412904619
SZ300144,har_x,417,0.0493064317076668,0.1746442774938092,0.290904210444547,-6.755168122149008,0.2886946498243401
SZ300251,har_x,225,0.0874322512369252,0.2332369807403515,-0.0046550957072222,-6.758388709166611,-0.0290299431421658
SH600000,ewma,417,0.1592826710718615,0.2758450665206265,0.0606952021482669,-8.058868463772809,0.0670256067549845
SH600009,ewma,417,0.1336889648679159,0.2389525803446164,0.2384234590634274,-7.184064195629432,0.2454272262597816
SH600010,ewma,417,0.17788237786485,0.2991835375648648,0.1273439730150281,-7.325225755587386,0.1307112141450451
SH600011,ewma,417,0.1690075340493022,0.2976592346125934,0.2511088415705875,-7.481226976382943,0.2351518107085248
SH600015,ewma,417,0.2006404220503958,0.3280568882185482,-0.0173071574732068,-8.54459299891863,-0.0119945503033314
SH600016,ewma,417,0.1588265588305925,0.2852039887396514,0.0942299755318707,-8.731487238490782,0.0956794276092458
SH600018,ewma,414,0.1864114326058383,0.3174475356875109,0.3925760336572017,-7.366428822394131,0.3984890445052278
SH600019,ewma,417,0.1722038910863449,0.294634239424328,-0.1081060810598397,-7.98770721874471,-0.1123577312215682
SH600023,ewma,344,0.1649172950809072,0.3028500466333188,-0.2053966934177278,-8.632286445745548,-0.2084507918640559
SH600028,ewma,417,0.1936623990507143,0.3221757136919991,-0.130102083479233,-8.68553670336568,-0.1794710041831761
SH600029,ewma,417,0.2407336613283227,0.3653450482097124,-0.2172836740462909,-7.3260528451971085,-0.2139892643568368
SH600030,ewma,410,0.2267831744192553,0.331951577257327,0.1153237586390836,-7.131012318660344,0.1195290305673225
SH600031,ewma,417,0.1398837062578185,0.2260538310408472,0.1639651010525598,-6.882203430724139,0.1378031236577603
SH600036,ewma,417,0.1377918701759715,0.2334412095756775,0.0767391032150155,-7.633632690044588,0.0810653426993217
SH600038,ewma,417,0.1488304066721889,0.2672583388096251,0.3440376911386679,-7.072967841651454,0.345642385892822
SH600048,ewma,417,0.1322122414894947,0.2290916954126566,0.1224626578980959,-7.094476979827261,0.1300822246809878
SH600050,ewma,417,0.1638112654517324,0.3082060600889399,0.3157794371067248,-7.584979294286647,0.3124488554045633
SH600061,ewma,415,0.2693967183153907,0.380240503631244,-0.0072592518609373,-6.288306055770287,0.0039256413732933
SH600066,ewma,417,0.1809992496483188,0.3117051561043398,0.2355543415362642,-6.89035504136874,0.2346259083551891
SH600068,ewma,417,0.2405610084396512,0.3753462468372193,0.012220758911592,-7.56579017772689,0.0263525385352053
SH600085,ewma,417,0.1815747324692432,0.2764381102006749,0.2023492985818515,-7.538096013554484,0.2198612798905598
SH600089,ewma,417,0.1675545248089577,0.3048687319844231,0.5815356706798178,-7.545926024205647,0.5880397977846236
SH600100,ewma,344,0.2043552680182845,0.3396858662919996,0.2267723728180009,-7.021147987686948,0.2412453305975206
SH600104,ewma,417,0.139884177490473,0.2639401179307672,0.255224906069007,-7.404796154177987,0.2558011125095333
SH600109,ewma,412,0.1776494289097586,0.2994412832897231,0.395237950569644,-6.885228074398324,0.4042472252188719
SH600111,ewma,414,0.1750520015160328,0.2977616958710635,0.3076097667336467,-6.974431045249492,0.2990197709397296
SH600115,ewma,416,0.2232253811331619,0.3448067199216743,0.0398480271805288,-7.263326884568252,0.0457071616053689
SH600118,ewma,417,0.1224486662049586,0.2602925666737441,0.5905134036636244,-6.68364739170402,0.5898692011320739
SH600153,ewma,344,0.1542926094981814,0.2632780789048304,0.1019404323347468,-7.480454929257159,0.0939033240863684
SH600157,ewma,95,0.1373526064538914,0.2746247444104874,-0.2253103174212649,-5.4464230102876625,-0.157818062123574
SH600170,ewma,417,0.1610137472591664,0.2884878256432309,0.2946620221190477,-8.017387420956418,0.2969095096232165
SH600177,ewma,417,0.1977589490951366,0.3281078929994704,0.1253175872626817,-7.967815644133864,0.1340375150244742
SH600188,ewma,417,0.237122446863233,0.3607084308813799,-0.3752499863818028,-7.456433610548024,-0.3605957248600282
SH600196,ewma,417,0.1687404567482875,0.2684484141986402,0.3707188885538409,-6.722260465960766,0.3762238308948582
SH600208,ewma,416,0.3170380664925834,0.3625032722843945,0.1621983789140119,-6.979438542534964,0.1529015673612332
SH600221,ewma,417,0.1781843294091918,0.3072592165512118,0.3734151659875565,-7.284982005394601,0.3739769159515265
SH600233,ewma,417,0.2207542679964114,0.3523072528747141,-0.1831558465601546,-6.310264647440415,-0.1481165536880986
SH600271,ewma,417,0.1465969431511303,0.2621048016456142,0.1970722620416796,-7.212733811811961,0.1970103588809854
SH600276,ewma,417,0.1276954095204484,0.2223215781865332,0.0520309675993764,-7.177306357386839,0.028136011916073
SH600297,ewma,417,0.2092939946149931,0.3205100944833805,0.0403624936248935,-6.2757729081583715,0.0347590503060627
SH600309,ewma,417,0.1236083729778299,0.2219596492206195,0.2017026162330403,-6.9816500519123865,0.2063510635312949
SH600332,ewma,417,0.152359381890428,0.2481088333558243,0.2384747030545013,-7.321772415334825,0.24072880362874
SH600340,ewma,417,0.1440875877489814,0.2549474828818604,0.2426719650888129,-7.27508776306808,0.2364361395086293
SH600352,ewma,413,0.1773622408714919,0.2739089368515496,0.3231628823700934,-7.088549173680418,0.3269704565208989
SH600362,ewma,417,0.1901747640843386,0.2987269089099071,0.1486264284436917,-7.445325157706204,0.1346808663671659
SH600369,ewma,417,0.2187857428291899,0.3355306080935816,0.2545846309433891,-6.875734196625891,0.277138985661796
SH600372,ewma,417,0.1719953652348593,0.282031198842322,0.2646559009382233,-6.978032764882551,0.265468716294971
SH600383,ewma,417,0.1363131233527472,0.2315540513533082,0.1580147754828462,-6.82076793338452,0.1620684725338463
SH600398,ewma,417,0.1621588708679339,0.2750639756178769,0.1841557302310752,-7.585191530698633,0.1826867664586893
SH600406,ewma,415,0.1620093571895371,0.2798851623334035,0.0311611644359302,-6.912968719685874,0.0292864909606869
SH600415,ewma,225,0.0817494462882422,0.233652369497548,0.3784939580683718,-7.584659066247116,0.433365726556211
SH600436,ewma,417,0.1541332195454682,0.267958014134241,0.1777370337419548,-7.067245063464888,0.1839595207022937
SH600482,ewma,416,0.1953669316427384,0.3015130833649879,0.1587161969843281,-6.99240692737112,0.1489025144841286
SH600489,ewma,416,0.1764861074630717,0.302100720865502,-0.0218137312505661,-7.234384627244252,-0.0147064826991267
SH600498,ewma,417,0.2692712471780519,0.3845194166796358,0.0659653621352488,-6.742389298579201,0.068144166824373
SH600516,ewma,416,0.2559871360675243,0.3642416924572244,-0.3897392541280655,-6.7837392956305695,-0.4101982653242406
SH600518,ewma,79,0.1231130822300331,0.2873777045539258,-0.1257859457771968,-5.5580515840891636,-0.1506784512743804
SH600519,ewma,417,0.142063306059728,0.2316006805646399,0.0948404656557279,-7.54282310689064,0.0906692664036394
SH600522,ewma,417,0.1489245179634383,0.3049074608825441,0.4143060240776897,-7.05025651400434,0.4225349436966248
SH600535,ewma,344,0.1494483296074717,0.2744532621283808,0.1620173663158448,-7.210288413349068,0.1818768301062024
SH600547,ewma,417,0.1929979054724063,0.3013299029405601,-0.1241781204424643,-7.050530808205548,-0.1199744099850108
SH600549,ewma,101,0.0885451215085192,0.2462502418851423,0.4362199434929413,-6.7441165023346255,0.2383835860264801
SH600570,ewma,416,0.1624765444694234,0.2836577244469522,0.1184691806842853,-6.636543833405979,0.1225938002641172
SH600583,ewma,417,0.1437357314749115,0.2497769253798082,0.0784405710183338,-7.20125564811877,0.0733120832679367
SH600585,ewma,417,0.1334198780461698,0.2238939141292509,0.1477462818680154,-7.318302905530088,0.1473248863858587
SH600588,ewma,417,0.1623905362553416,0.2674371887439893,0.201892871774804,-6.270115258725173,0.2097920603689181
SH600606,ewma,412,0.2101520058491278,0.3120938865428546,0.25384214927352,-7.159658675316137,0.2556666766494614
SH600637,ewma,417,0.1460790210455256,0.2683158585144736,0.3043329168863282,-7.423852741724061,0.3102084202379097
SH600660,ewma,417,0.1622155333467373,0.2831411577346545,0.3038503159460117,-7.338311327331247,0.3060911503186557
SH600663,ewma,238,0.3375768446582513,0.4232000949651027,-0.3522317177144223,-7.7012731560471535,-0.0439086796177159
SH600674,ewma,417,0.1209305611703896,0.2324841183713775,-0.0355201109497291,-8.087077089549533,-0.0255007949608196
SH600688,ewma,225,0.0960407115940081,0.2540674826866678,-0.1762624352584563,-8.204094284288498,-0.2292131912126895
SH600690,ewma,415,0.1361712733493453,0.218006112682025,0.2029785398556038,-7.145790213463969,0.2088136501754899
SH600703,ewma,415,0.1457827795233514,0.2560502124540639,0.0804449607291718,-6.035149238651928,0.0912649617471265
SH600704,ewma,225,0.0814064978615701,0.2236557811191724,0.1659471056442217,-7.362969697082556,0.2007201438768874
SH600705,ewma,417,0.1801433021632975,0.2943774355465796,0.3483000028695869,-7.20338289108859,0.3536575943781077
SH600739,ewma,101,0.1172919514159531,0.2710361211988662,0.2228196516230834,-6.744139530879966,-0.0454458472635641
SH600741,ewma,417,0.1275222194636291,0.2327731281060623,0.1649561073430729,-6.651263083435759,0.1536705036114033
SH600795,ewma,417,0.12411132467664,0.2380058032957283,0.2667863830319108,-8.32583580592828,0.2737474510578725
SH600809,ewma,417,0.1358601343048106,0.2355061653121689,0.1666622381092349,-6.569254187184145,0.1695627698641459
SH600816,ewma,293,0.5259427858816391,0.428228025378098,0.1014357840414141,-6.178761207653172,0.1046891568043114
SH600837,ewma,417,0.1966684041149111,0.3169412679311852,0.2168045508265172,-6.988575579542853,0.2241515834910099
SH600867,ewma,417,0.1799271587266037,0.2695725158877505,0.0056935900398535,-6.541490036758716,-0.0048896214708518
SH600886,ewma,417,0.1222707200106465,0.2274084852726137,0.0264282182819332,-7.616300622370693,0.0385457513896061
SH600887,ewma,417,0.1253152792602933,0.2266520379859613,0.1627106512782881,-7.3364369000251,0.1647259193866678
SH600893,ewma,406,0.1660305420360561,0.2748309222833655,0.4672596207717557,-7.083468069802591,0.4634578578393888
SH600900,ewma,417,0.1371390504899095,0.2490060114697851,0.1198861337427711,-8.17750677718798,0.1301598527467543
SH600919,ewma,417,0.1738398344967142,0.2899285886264592,0.2483596236166848,-8.130036522416784,0.2399101516183273
SH600926,ewma,417,0.1623328586229558,0.2803623877134409,0.39966149820629,-7.523259688587966,0.3747256622994072
SH600958,ewma,416,0.1656074095432292,0.2711065087307929,0.361772817892076,-7.032640622180604,0.3699478526323565
SH600977,ewma,417,0.2021752799893947,0.3340425527811056,-0.2515250846676762,-6.771221459647106,-0.2146924643305217
SH600999,ewma,411,0.1519255417782283,0.2872371248435603,0.2963294653897229,-7.077968408519748,0.3088603270614021
SH601006,ewma,417,0.1582682897985657,0.2742425016183687,-0.211252472206727,-8.619849293936118,-0.2709377036931297
SH601009,ewma,417,0.1758712297012009,0.2860905691470594,0.1501314777274272,-7.785047604581756,0.1432910972917354
SH601018,ewma,415,0.186755414022308,0.3124500721997824,0.37249426390546,-7.228187278319947,0.3669762258391733
SH601021,ewma,417,0.1078531883967681,0.2262655993523249,0.1944234251125696,-7.096191463423001,0.189403505352475
SH601088,ewma,417,0.1242069545942352,0.2267507809884952,0.109865098752972,-7.928691975112034,0.110659940895233
SH601111,ewma,416,0.221079850986698,0.3337791328505665,-0.2189890415090782,-7.144429770617496,-0.2158207286938931
SH601117,ewma,417,0.14646265810756,0.2632983455481985,0.289034584743305,-7.612984608489267,0.2819178566688235
SH601155,ewma,417,0.2782306253029311,0.3248697806913215,-0.1230210245722496,-6.892280315926879,-0.1201197794767521
SH601166,ewma,417,0.1572325984373733,0.2756918026415118,0.0249087823342221,-7.940573749953437,0.0159386410261687
SH601169,ewma,417,0.1661394870624854,0.297967180290152,-0.014524229119968,-8.608047716644357,-0.0130454710411176
SH601186,ewma,417,0.1715940893458561,0.304142504537305,0.1746867287823786,-7.629565398337293,0.1817682397865256
SH601198,ewma,417,0.2318489108463389,0.323736547837864,0.1608826637831666,-6.878214385667597,0.163889529972329
SH601211,ewma,417,0.1721177411967568,0.2784955308783191,0.2188370453473238,-7.331796267263822,0.2235338695983062
SH601216,ewma,416,0.2310725126236504,0.3336446495378911,0.4446340269909091,-6.80969083487931,0.4439535927244901
SH601225,ewma,417,0.1801375801090289,0.3030092695858322,-0.0580294999522121,-7.545897913835797,-0.050725598705132
SH601229,ewma,417,0.2066207221067218,0.327917367874359,0.0352383858415403,-7.974996276480029,0.0418189738329228
SH601288,ewma,417,0.1435722120108055,0.2717078341567845,0.031737667488101,-8.969847207799699,0.0153323100180802
SH601318,ewma,417,0.1463894217312327,0.2717261479258645,0.1856286806166145,-7.910032137338968,0.1827357058407683
SH601328,ewma,417,0.187975251279398,0.3290401639700916,0.1194182118949036,-8.854497290219708,0.1114455228682529
SH601333,ewma,101,0.0660548772947565,0.2159845455632594,0.0585177995554171,-7.5496876379000195,0.0542222577564619
SH601336,ewma,417,0.2077670471508127,0.3301441439869707,0.1398074587553009,-7.1665748953543345,0.1767243473233445
SH601377,ewma,417,0.220464326343355,0.3308427864429578,0.2391361220099156,-6.992335281389168,0.2444665845232926
SH601390,ewma,417,0.1505000402832826,0.2699710917296942,0.2656842881373742,-7.973320058700163,0.2761085612238146
SH601398,ewma,417,0.1703412677176516,0.305562792817849,-0.0790717280430863,-8.665644356620883,-0.1009247126281998
SH601555,ewma,411,0.2319181390872465,0.3530989507450875,0.207123155562782,-6.709894719981171,0.2113020297299863
SH601600,ewma,417,0.1732139529421681,0.2953009145690649,0.2663215554087104,-7.5433082096645725,0.2707107715676846
SH601601,ewma,417,0.1661000007294839,0.2752566524883861,-0.0863410161011106,-7.306272850793301,-0.0849397005749996
SH601607,ewma,417,0.1995325125362044,0.3326134112326285,0.2402785836757648,-7.318580205192021,0.2486602724824106
SH601611,ewma,101,0.176574230973012,0.3504762930508242,-0.6913253841469555,-6.3808893889928955,-1.1710556733386892
SH601618,ewma,416,0.1887326764066646,0.3094584310916953,0.264910594691752,-7.695026064412205,0.2591744142384204
SH601628,ewma,417,0.1719047570443781,0.2787867210559678,0.2364675019716957,-6.988102497793634,0.2412809568016195
SH601633,ewma,416,0.2081583241117722,0.3192612676479214,0.2370340129786629,-6.307836886076914,0.2483901564145963
SH601668,ewma,417,0.1428609176739003,0.2568512329020237,0.0623378482012673,-7.927084082575206,0.0844656817725519
SH601669,ewma,417,0.1946849572322992,0.3110389686356143,0.1959873470871744,-7.64353425616892,0.1973495661726954
SH601688,ewma,417,0.226465610373974,0.348736830620264,0.0018949961891218,-7.114709537364904,0.0036896785790326
SH601727,ewma,417,0.2055234819171557,0.3398710904234604,0.2775689394733971,-7.492253629992544,0.2702596264002115
SH601766,ewma,417,0.1420054018536867,0.2685772551448175,0.2577067854654973,-8.16958027814633,0.2521281092507148
SH601788,ewma,416,0.1793245170118087,0.2892732226319027,0.4135882205432671,-6.767883216957655,0.4203140321501184
SH601800,ewma,417,0.2681862345041579,0.3917781884325093,-0.0844563529208364,-7.435212202295555,-0.0756208734668921
SH601808,ewma,417,0.1461334365422505,0.2612283467640899,0.1436570377091182,-6.787454698123016,0.0731066359871103
SH601818,ewma,417,0.1668587037956088,0.2817092517062824,0.1624785231885839,-7.802295765164852,0.1664794839640619
SH601857,ewma,417,0.1991815240936263,0.3184704891310936,-0.3364571800712959,-8.773737513877778,-0.3103656487992077
SH601877,ewma,417,0.1472968748427592,0.2565178700320126,0.0872303753805258,-7.134256794299452,0.0808481916664326
SH601888,ewma,417,0.1427076160989858,0.2407744813084154,0.4583717825291526,-6.736320763105884,0.461695996588179
SH601898,ewma,417,0.1784293876432181,0.2988584006082673,-0.1182604529028361,-7.843570324790553,-0.1245414189752447
SH601899,ewma,413,0.1857980427475218,0.308293776367925,0.243964681684067,-6.976425386476709,0.2491986404088754
SH601901,ewma,415,0.2494754522443559,0.3404954483035586,0.1284357775414297,-6.835189005065436,0.1936825221480863
SH601919,ewma,417,0.1562668919629523,0.2490604471507732,0.2009484309615102,-6.948237979024833,0.2089785662710559
SH601933,ewma,417,0.1634667447249029,0.2542111324131755,0.1216665251565249,-7.134245650730988,0.1132720517467992
SH601939,ewma,417,0.1769907071660071,0.3040884033539331,0.0607972296028276,-8.335648039686594,0.0434731406151092
SH601985,ewma,417,0.154339449505327,0.279699510177141,0.2426803019726888,-8.1894792953799,0.2427714984924442
SH601988,ewma,417,0.1558090936214936,0.2958466957221144,0.0869905342608848,-8.941088605503248,0.0871163729163015
SH601989,ewma,416,0.2108099713504883,0.3449700408328515,0.3355887243107035,-7.292511698702824,0.3419128781065239
SH601991,ewma,101,0.100360823179705,0.2350297387003694,-0.270209046365184,-7.7522660212399135,-0.6797183530069075
SH601992,ewma,417,0.1963276750805581,0.3207119968249434,0.0294421436365543,-7.486787037739318,0.0091179502165181
SH601997,ewma,417,0.1910002503411647,0.3141328366779566,0.0656969181954133,-7.916810749601958,0.0656577460468826
SH601998,ewma,417,0.2114109045707971,0.3399559070927846,0.0732919791702582,-8.098737028918919,0.0752381582571115
SH603160,ewma,416,0.1466239079226099,0.2760402944717525,0.0577132106456522,-6.219878288382542,-0.0291764310894246
SH603288,ewma,417,0.1362155443698651,0.2431931721951049,0.1986248721250162,-7.079232338030207,0.1994952985820727
SH603858,ewma,224,0.092846337075827,0.2515597417759858,-0.1388575135745586,-7.429218642047849,-0.2429324727978463
SH603993,ewma,417,0.1725257057648874,0.3082463417530919,0.2126750961367827,-6.978835508565313,0.2154431795502897
SZ000001,ewma,417,0.0710632103861004,0.200810838685483,0.064754167710246,-7.224085952921073,0.0686132211669253
SZ000002,ewma,417,0.094253570086454,0.253380834939443,0.2350319651637514,-7.349731389054297,0.2373276453023274
SZ000063,ewma,417,0.0975655319158277,0.2626989797669926,0.2051906948337012,-6.57868954750437,0.2066444479613124
SZ000069,ewma,417,0.0739892543434184,0.2151551367965233,0.1849978341767946,-7.352039829557441,0.2060441413867713
SZ000100,ewma,416,0.0957455224675289,0.2525796050894448,0.3097530572334739,-6.4734300104397615,0.3194534903832141
SZ000157,ewma,417,0.0526913012628962,0.1798204246854603,0.312910242572586,-7.194299817236114,0.2164723679233514
SZ000166,ewma,417,0.1198216242565353,0.2737373407437348,0.3618736164947964,-7.352474261376868,0.3851151411289932
SZ000333,ewma,406,0.0621498417025516,0.1984360597263056,0.1507518220608495,-7.362385751922367,0.1429444387138488
SZ000338,ewma,417,0.0648479185584655,0.2036046348112361,0.2475198131740386,-6.965177934834115,0.2400929055623597
SZ000402,ewma,225,0.0524369945031185,0.1865695693972001,0.0614900472875553,-7.582873417116888,0.1037991132599859
SZ000413,ewma,329,0.2511378097342442,0.3416485692686605,0.0680633132632264,-6.464440222519574,0.0735708791279553
SZ000415,ewma,344,0.1242760085735158,0.2686897095368513,0.0558557100049462,-6.979719002309287,0.054926756422411
SZ000423,ewma,344,0.1524092557126148,0.2942638274562626,-0.2307816825711073,-7.3331578678587315,-0.2351556301105744
SZ000425,ewma,417,0.0758899550427565,0.2138002089125048,0.3080576527567776,-7.0145885644629935,0.2116536973375585
SZ000503,ewma,91,0.4555389696142949,0.3704874272497194,-0.0885995281690423,-6.000949543018535,-0.0825488945564536
SZ000538,ewma,407,0.0920531256916817,0.2347517590925667,0.2226674033266883,-7.21689069921516,0.2158869641176044
SZ000568,ewma,417,0.0716707479087819,0.2132766977637255,0.328229418052599,-6.752505343236457,0.3540757734120022
SZ000625,ewma,417,0.1272456728738961,0.2940397180576836,-0.7409994633232073,-6.138724426668055,-0.5280411647704639
SZ000627,ewma,407,0.1223725697844953,0.2806660376961377,0.101882911057972,-7.012672113979637,0.1291241477174475
SZ000630,ewma,344,0.0809862919551802,0.2205661691782949,0.3894821872217937,-7.829328728235417,0.3918427509974963
SZ000651,ewma,411,0.0894394246637066,0.243115579198489,-0.1135618309209731,-7.402688600505724,-0.111263357946135
SZ000671,ewma,417,0.0681227863440176,0.2065398800187498,0.2613627582589013,-6.5943554203690224,0.2428094752890184
SZ000709,ewma,417,0.1517226999330627,0.336792308650719,-0.0158308712244552,-8.018301146533899,-0.0088778415698937
SZ000725,ewma,417,0.1010865631781785,0.2537976777646268,0.239542546349848,-6.662986119075912,0.2117410802786733
SZ000728,ewma,417,0.1257598643410287,0.2833088922201301,0.4265133573690138,-6.944411447961196,0.459991178459047
SZ000768,ewma,417,0.1017349128953646,0.2652449937991776,0.378596013834611,-6.990460168473459,0.3733030396755521
SZ000776,ewma,417,0.1255113653761951,0.2754681316496365,0.2334258627907267,-7.276047987607155,0.2337831699464106
SZ000783,ewma,417,0.1339509083631635,0.2988048360783376,0.367140045432617,-6.935219358439786,0.3800770543810569
SZ000792,ewma,101,0.0676529886202975,0.2057282372472239,-0.5811471557996479,-6.385521243699414,-0.470272033363704
SZ000826,ewma,101,0.0965300491056628,0.2529634050269281,0.0487783137080606,-6.655753420808312,-0.1173446170987908
SZ000839,ewma,101,0.1034009804742012,0.2459876900380585,0.0871837167079316,-5.715683034106567,-0.2190243698064482
SZ000858,ewma,417,0.0687120055611067,0.2079105135216757,0.4290819159967632,-6.950568055631312,0.4355621864584754
SZ000876,ewma,417,0.1947115173736633,0.3636173855011041,-0.3362259425563687,-5.672700901354603,-0.6057567430007516
SZ000895,ewma,402,0.108507009036069,0.2657096516347329,0.0521749272836005,-6.597019236308602,0.0654796020222483
SZ000898,ewma,344,0.1526521900111074,0.3251855192509636,-0.7482516638179588,-8.006396615936941,-0.6827456985736375
SZ000938,ewma,417,0.1038911878808098,0.2490139192286462,-0.1126993640465439,-6.30076565219441,-0.1993368438358886
SZ000961,ewma,417,0.4204293718340653,0.6003984749790416,-5.6088972754582525,-4.971276638214532,-6.140265125202648
SZ000963,ewma,417,0.1049873976997574,0.2543852014309034,0.0390628148593487,-6.840102724943975,0.0478996582452982
SZ000983,ewma,101,0.1099564313747074,0.276403791401093,-0.1548609438217996,-7.048778647903748,-0.348980252258475
SZ001979,ewma,411,0.0788571333871358,0.2247166012935571,0.2313817082894678,-7.411359310119496,0.2410085628526934
SZ002007,ewma,417,0.1093440567504936,0.26433885655256,0.1542099981017599,-6.375413378370736,0.1691596893443482
SZ002008,ewma,417,0.0568239003264623,0.1942872674275159,0.0120891507459813,-6.500439524370536,0.0207599522907899
SZ002024,ewma,417,0.1339872678887599,0.2894382305048733,0.371435328278947,-7.555027180719357,0.3858363559234714
SZ002027,ewma,417,0.0565551735875614,0.185077036593186,0.248455072713468,-6.638245164798062,0.2499402937491937
SZ002044,ewma,417,0.0522256359346083,0.1842690681672503,0.0339243584526556,-6.425677379677324,0.0100650845750421
SZ002065,ewma,225,0.1061122116409185,0.263631012455334,0.1837287478429543,-6.7921991488131574,0.1718669967746621
SZ002081,ewma,344,0.1017583656270802,0.2560660462086054,0.0051704264718004,-7.120058003632681,0.0783780468092593
SZ002142,ewma,417,0.0662623772209807,0.1876246860750749,0.2128677270614761,-7.051931122296076,0.0812203328411308
SZ002146,ewma,417,0.0752400981974426,0.21928487976755,0.219042622244991,-7.27804306253143,0.2250481709480594
SZ002153,ewma,417,0.0656215018211743,0.2023465438428162,0.1628464596426908,-6.424857632425454,0.1423389275742183
SZ002202,ewma,411,0.0670651829070913,0.2097505400225393,0.1950305670645581,-6.887512877428504,0.1662862393227567
SZ002230,ewma,417,0.0706560573033777,0.2101790928157816,0.2059326527573576,-6.838659969792093,0.2239289011099519
SZ002236,ewma,415,0.0850426332690932,0.2380807737997224,-0.0505653949211808,-6.592858791914685,-0.0362692892667171
SZ002241,ewma,417,0.0713437547271667,0.2180362902983195,0.0974302590408359,-5.951786363577336,-0.1743433093977944
SZ002294,ewma,344,0.153034562933723,0.3112586822375107,-0.252352618722049,-7.365299934748584,-0.2053346165029601
SZ002304,ewma,417,0.0777065507886736,0.2253592254054496,0.3127846430817086,-7.01259618515245,0.3217156190116426
SZ002310,ewma,220,0.1586711618948266,0.3378980528515262,-0.1688815576887208,-6.65626936759105,-0.1749656715980547
SZ002415,ewma,415,0.0626087424971281,0.2005471473901475,0.0236694021467585,-6.923244388989831,0.0250585192561206
SZ002450,ewma,100,3.279444117040443,1.0750862996551025,-0.4571254775944426,-6.339972563532167,-0.4315461806631748
SZ002456,ewma,414,0.1907673265194786,0.2642425087751284,-0.061182640268927,-6.102652137841489,-0.0621756805641184
SZ002466,ewma,411,0.1019419312225377,0.2575450856309767,0.326584215860512,-6.252425870074018,0.3491340403083669
SZ002475,ewma,417,0.0770094152089043,0.2265142155214771,-0.4254351774742846,-6.264451222379897,-0.5169122662632462
SZ002508,ewma,417,0.0548653830267069,0.1871277317997506,0.2208795518311007,-6.781106184451386,0.2207802185246244
SZ002555,ewma,417,0.1556221029415973,0.3153555109134009,-1.1035451610299027,-5.724646149053312,-1.085650649861154
SZ002558,ewma,417,0.154983515498613,0.3250267391937505,0.2037259013249709,-7.0059719419047,0.2067612577244476
SZ002594,ewma,417,0.0806798197445496,0.2214620939955869,0.5226033577769944,-6.852999285627059,0.5287662286118806
SZ002602,ewma,416,0.20502799816362,0.3713344656772239,-0.5665149248260561,-6.166065254567968,-0.7381028004924626
SZ002673,ewma,417,0.1477648767567193,0.2968946455225668,0.3746795978016762,-6.8973437716988055,0.3883285784396385
SZ002714,ewma,417,0.1112770295047165,0.2495282729879823,-0.1753914972712908,-6.085646536027588,-0.1709785016590013
SZ002736,ewma,417,0.1081336954287827,0.2513119459854601,0.4047691806711276,-6.913057683575125,0.4146411887587004
SZ300003,ewma,417,0.0489021200057996,0.1664605375527477,0.047238487679828,-6.632313082229383,0.120132119768291
SZ300015,ewma,411,0.0719110057673099,0.2136717546246165,-0.1296405708448555,-6.881796428209824,-0.1107562728293365
SZ300017,ewma,344,0.1515960521456499,0.272875866191034,0.1899828261260726,-6.422474828155146,0.1783468115731772
SZ300024,ewma,344,0.1037291450738371,0.2609590985538532,0.2563126055431186,-7.196011970594446,0.2516361867199355
SZ300033,ewma,417,0.1272770143512344,0.2869939981673678,0.0478234387099044,-5.944469838111724,0.0310886839297782
SZ300059,ewma,417,0.1216221744111187,0.2776268013315272,0.2538487910768655,-6.608319390000949,0.2469208754397832
SZ300070,ewma,340,0.0808758830605436,0.2280349747579817,0.2445847305502823,-6.787836654145983,0.2557004991860304
SZ300072,ewma,225,0.0818019953082234,0.2234199925091282,0.0294187359547716,-6.447880272269522,0.0947327880666136
SZ300124,ewma,406,0.060820172275587,0.1968256818862776,0.2401099463540743,-6.694959718475066,0.2520268172190166
SZ300144,ewma,417,0.0768254309004073,0.214290745876574,-0.1048576766870659,-6.708582387621559,-0.1078657292045337
SZ300251,ewma,225,0.1032685583476702,0.2599687092652753,-0.1866248655680171,-6.724564579818131,-0.2036829833269215
SH600000,garch,417,0.1625445678850558,0.2754167495409232,0.041459491784342,-8.062328820154907,0.0534283517355845
SH600009,garch,417,0.138369373485088,0.2509141156876724,0.2117609038678107,-7.171164048998945,0.2173101859177834
SH600010,garch,417,0.1702467668811647,0.2863282337145338,0.164802781608694,-7.339284659380701,0.1733123189525471
SH600011,garch,417,0.1810064075204649,0.3080682241553799,0.1979405002643023,-7.4407458309590435,0.1880366773272839
SH600015,garch,417,0.1925655191572024,0.3202653977831869,0.0236350236944711,-8.618980028902925,0.028461372035304
SH600016,garch,417,0.1540617221108332,0.2766742776393213,0.121403304123888,-8.762844788036388,0.124256409186652
SH600018,garch,414,0.1798185590973102,0.3047202311912041,0.4140589937963165,-7.3607113615580655,0.4162084084985098
SH600019,garch,417,0.2268531525027969,0.3646052608484779,-0.4597658404240186,-7.943276345174563,-0.4625742081193826
SH600023,garch,344,0.1591586371882633,0.2909666925372075,-0.1633060977715197,-8.641122847454271,-0.1688055264072407
SH600028,garch,417,0.1997635483416348,0.3219149685927255,-0.165704872451611,-8.683896241100717,-0.2175478135803343
SH600029,garch,417,0.2342385172377572,0.359664381751627,-0.1844406025024214,-7.329734559773326,-0.1828691824951709
SH600030,garch,410,0.2208905005676529,0.3206682998002055,0.1383109514409793,-7.134304486960798,0.1437210687095342
SH600031,garch,417,0.1400899106583882,0.225679796191441,0.1627326910756963,-6.876650175022227,0.1365841701514391
SH600036,garch,417,0.1376194067908635,0.2323620596953818,0.0778946771933207,-7.627303145134608,0.0813615775125858
SH600038,garch,417,0.1519263674010137,0.2629925436053243,0.3303924045790668,-7.099626698601645,0.3319551585606454
SH600048,garch,417,0.1399216318555637,0.2406108662223237,0.0712928278214779,-7.077257552627758,0.0901744893612839
SH600050,garch,417,0.2039365583748142,0.3364413241796014,0.148180765340294,-7.583186915652494,0.1492807881753013
SH600061,garch,415,0.418159661523642,0.5180339991784041,-0.5634755703728387,-5.446242985642056,-0.5131376155276732
SH600066,garch,417,0.1870176680183622,0.3184899468605073,0.2101357069135387,-6.8718338246442565,0.209508406110374
SH600068,garch,417,0.2564102535791616,0.3897244048156192,-0.0528585963724428,-7.566915465267146,-0.0367616475773315
SH600085,garch,417,0.1896174865522009,0.288099748656469,0.1670177943116105,-7.53992191608008,0.1844465843418841
SH600089,garch,417,0.1692055703712457,0.3082777027748494,0.577412214899154,-7.563342949744707,0.5849259631599233
SH600100,garch,344,0.1990242493073133,0.3307891888757245,0.2469435726520967,-7.0048475248846565,0.2611999583178446
SH600104,garch,417,0.1429055853211212,0.2636375346220083,0.2391382453669552,-7.399785866265334,0.2405942514439549
SH600109,garch,412,0.1770785238745371,0.3007419494606423,0.397181450761283,-6.878725857536942,0.4055491973507902
SH600111,garch,414,0.1629821389608098,0.2680246970938245,0.3553501803120557,-6.99152988653373,0.3450259704547155
SH600115,garch,416,0.217844055732674,0.3356458208840936,0.0629945447200363,-7.26310849972533,0.0623984356826586
SH600118,garch,417,0.1165810126913745,0.247433403002568,0.6101357118538742,-6.700510188860133,0.6107726872999477
SH600153,garch,344,0.154962450065707,0.2639200382163589,0.0980416277683245,-7.475989906390888,0.0869551955886657
SH600157,garch,95,0.1632938393503192,0.3007871896093557,-0.4567297359183679,-5.348151725109736,-0.4614983097525456
SH600170,garch,417,0.1597492777403933,0.2829885879021874,0.3002011663762642,-8.028104364541667,0.3015817665424728
SH600177,garch,417,0.1966421527558489,0.3238822791805926,0.1302571468682217,-7.969658147563643,0.1408470052794023
SH600188,garch,417,0.2452447094074666,0.3724170475906085,-0.4223570468946753,-7.451993152048486,-0.4074579989601761
SH600196,garch,417,0.1657765485852402,0.2663353108226398,0.3817721442994324,-6.727235330274854,0.3874244523562695
SH600208,garch,416,0.2942891563733069,0.3205629333517322,0.2223144210875002,-7.046320280246483,0.2083376447541329
SH600221,garch,417,0.1820270251217486,0.3123838160529845,0.3599023342857103,-7.248564450383029,0.3601985736207193
SH600233,garch,417,0.2347359655151373,0.3656555790392972,-0.2580922331326896,-6.286756018764667,-0.240348939965413
SH600271,garch,417,0.1416072258017202,0.2497972779334967,0.2244014980973249,-7.204697359057724,0.2308872167903706
SH600276,garch,417,0.1295921864969785,0.2287983581803454,0.0379499145539018,-7.165912911808299,0.0152172374237669
SH600297,garch,417,0.2528697692297191,0.3605941157346942,-0.1594375425231271,-6.4684374626087875,-0.1530620467174228
SH600309,garch,417,0.1253021266086333,0.2248766492649301,0.1907638823945272,-6.979629746960699,0.1935881465564676
SH600332,garch,417,0.1513229503347083,0.243582468346573,0.2436550131767935,-7.322929045339339,0.2475443086296836
SH600340,garch,417,0.150360661529436,0.2548364862237906,0.2097005293584775,-7.256563852333615,0.2065123017130706
SH600352,garch,413,0.1723450247448315,0.265636558762848,0.3423092242577985,-7.094641049419316,0.3453305377762812
SH600362,garch,417,0.2159569993924723,0.3299725947985878,0.0332046275403058,-7.451578537989919,0.0337148895031956
SH600369,garch,417,0.2161898461621177,0.3323500864209464,0.2634289973408334,-6.872536019265035,0.2863765943219845
SH600372,garch,417,0.1702925102891935,0.2756753423754064,0.2719362386039715,-6.99620386294686,0.273740813455571
SH600383,garch,417,0.1332748821335964,0.2292784067141082,0.1767815248032624,-6.825590253770381,0.1828101698867548
SH600398,garch,417,0.1836945493489284,0.2910375061665129,0.075806678524773,-7.570703014821397,0.0713724875034814
SH600406,garch,415,0.1660067052159033,0.2802047106696653,0.0072564587177401,-6.900656961293245,0.0062525926625831
SH600415,garch,225,0.0786349418135789,0.2272145446283041,0.4021722022218701,-7.5854406333995374,0.4557589046156018
SH600436,garch,417,0.158807609608536,0.2774206231456559,0.1528003079015432,-7.064308191664018,0.1622462850551513
SH600482,garch,416,0.1836545681602678,0.2923018547433063,0.209151660191855,-7.02842073220127,0.2011590971463488
SH600489,garch,416,0.1857872655444751,0.2995117110905941,-0.0756652846715557,-7.2304952484757585,-0.0577743497187106
SH600498,garch,417,0.2297504938860755,0.3493879446098824,0.2030529750017078,-6.853444287240124,0.2038583402119763
SH600516,garch,416,0.2888623989568293,0.366798004221373,-0.5682171418411228,-6.808004387345088,-0.5953869952001489
SH600518,garch,79,0.1189708270557914,0.2810008254870774,-0.0879078212552963,-5.557390856220576,-0.1828295390173773
SH600519,garch,417,0.141743863934717,0.2317207998284343,0.0968757983052678,-7.536174854387459,0.092410417831919
SH600522,garch,417,0.1453104434970604,0.2846832009991744,0.428519544271939,-7.058909798272432,0.4354100134756554
SH600535,garch,344,0.1478421222205135,0.2708633530970997,0.1710236489548107,-7.199473587843201,0.1882824628402004
SH600547,garch,417,0.19523498744308,0.2885220519920928,-0.1372087209503401,-7.062036604775503,-0.1320204313951487
SH600549,garch,101,0.0899613796323817,0.2500668288805464,0.427202415802012,-6.7465622251681285,0.2807662330180673
SH600570,garch,416,0.1591196095811542,0.2756324412327748,0.1366825269374879,-6.638311417682505,0.1442501555084789
SH600583,garch,417,0.1483861874603553,0.2487055001729734,0.048624244079489,-7.175965667856766,0.0466370160060105
SH600585,garch,417,0.130571136011896,0.2177446200362078,0.1659433528462143,-7.320893553830329,0.1643433081035176
SH600588,garch,417,0.1626818330944049,0.267625872790632,0.2004612237918187,-6.260515298269484,0.2103494398184817
SH600606,garch,412,0.1915491210792957,0.3035895673991108,0.3198928560516201,-7.307957604209414,0.323816747975817
SH600637,garch,417,0.1422931121230516,0.2597635976650089,0.3223624203576767,-7.419633277768327,0.3251249042323038
SH600660,garch,417,0.1651201357668923,0.2843472764330261,0.2913851838136209,-7.34877604978599,0.2944827240859425
SH600663,garch,238,0.3280842525765892,0.3856677629139554,-0.3142072373649391,-7.720831694493259,0.0604846207824687
SH600674,garch,417,0.1247796262572506,0.2409881088325076,-0.0684793916081816,-8.072708594426437,-0.0537899206110976
SH600688,garch,225,0.0910572780966628,0.2465608853047216,-0.1152276352840915,-8.214659247881988,-0.1804857659674144
SH600690,garch,415,0.1383721081763597,0.2239817693971697,0.1900968758730434,-7.142712759081843,0.1917431676944495
SH600703,garch,415,0.1445918930009026,0.2588403851521976,0.087956723822851,-6.0293821002772665,0.1028912226462526
SH600704,garch,225,0.1016452521299586,0.2490070198543182,-0.0414097027079716,-7.282429419826785,-0.052379924924089
SH600705,garch,417,0.1643615957142754,0.2731420858421332,0.4053930944474108,-7.252237873336671,0.4138456554149821
SH600739,garch,101,0.1029233378359127,0.2522554720650253,0.3180265603071031,-6.782386605054871,0.0903260640023821
SH600741,garch,417,0.131820613563498,0.2397732434689406,0.136809265510918,-6.642554035009168,0.1275035156894831
SH600795,garch,417,0.1367340231359027,0.2534579171324532,0.1922151509761185,-8.316572182517717,0.2053923750104571
SH600809,garch,417,0.1378009890296182,0.2374388707289624,0.1547574395397181,-6.55474263123886,0.1626299631333649
SH600816,garch,293,0.5567907537342062,0.4548845795318071,0.0487325608174423,-6.092188810873125,0.055888836346871
SH600837,garch,417,0.1880797976009282,0.3025473405626206,0.251007083596158,-6.99995886661554,0.2621707719694898
SH600867,garch,417,0.1820827108832493,0.2762843033590375,-0.0062183377731832,-6.520625029259961,-0.0163266411608955
SH600886,garch,417,0.1244556185761228,0.2318062434546671,0.0090311211757837,-7.608085113579364,0.0189428442033827
SH600887,garch,417,0.1336883173151148,0.2326119595154322,0.1067665108580143,-7.327606502061708,0.1115998733238224
SH600893,garch,406,0.1687164857852784,0.2712952954848914,0.4586412625227315,-7.1024765540534025,0.4567089591914823
SH600900,garch,417,0.1359990092469036,0.2458883460768013,0.1272025480134712,-8.16952932862282,0.1334490390227682
SH600919,garch,417,0.1748516398698593,0.289019981553006,0.2439848278531058,-8.15151673807554,0.2336415181935172
SH600926,garch,417,0.1793460344242803,0.3024646631267439,0.3367434632627732,-7.545786372135219,0.3069738175385486
SH600958,garch,416,0.1604020564008097,0.2612193802117414,0.3818335016327744,-7.041323582240148,0.3920303161734257
SH600977,garch,417,0.448015969851782,0.5782750863193131,-1.773352037057323,-5.60254690440344,-1.6597597593261049
SH600999,garch,411,0.1482447763803136,0.2820660437784318,0.3133775938677273,-7.068408610238488,0.3242695261045982
SH601006,garch,417,0.1740277289064551,0.2841534626128572,-0.3318619739857458,-8.613163311982994,-0.3938153902058161
SH601009,garch,417,0.1763794392839013,0.2856275571628159,0.1476756392836511,-7.788408860435843,0.1418054975557612
SH601018,garch,415,0.1780121227164094,0.2942194364358919,0.4018720759250972,-7.249208022704322,0.3974018484504464
SH601021,garch,417,0.112283335359539,0.2334117472087515,0.1613337903083763,-7.084342734861139,0.1565791368847694
SH601088,garch,417,0.1362751212677077,0.2352542862702726,0.0233780225242893,-7.936497122697343,0.0266401929897041
SH601111,garch,416,0.2137529926193114,0.3252589391984705,-0.1785902443384097,-7.148103279373992,-0.1774266988409059
SH601117,garch,417,0.13752724730064,0.2497075138149485,0.3324092451305668,-7.636464881516092,0.3244628987401796
SH601155,garch,417,0.4202268750112363,0.4531943197953768,-0.6961598501749897,-6.75690020454405,-0.6796836714650327
SH601166,garch,417,0.1543299449781158,0.2742743590235129,0.0429098325246923,-7.936155341505023,0.0333722570747063
SH601169,garch,417,0.16528441607832,0.2956329116193965,-0.0093027718590159,-8.614414655215208,-0.0071367678118587
SH601186,garch,417,0.1713674561889422,0.2956996081128242,0.1757767625522599,-7.638712780780891,0.1818918359768244
SH601198,garch,417,0.4539713363935211,0.5278240914262676,-0.6430321674696049,-5.418171718061637,-0.628715905907592
SH601211,garch,417,0.1850221510633099,0.2988122612920502,0.1602698873697953,-7.245499539444102,0.170803722074106
SH601216,garch,416,0.231015123939914,0.3163466686928478,0.4447719565171046,-6.885605015543157,0.4423103330288866
SH601225,garch,417,0.2355802815012864,0.3648054667010039,-0.3836695668085881,-7.490398450360595,-0.3646248157879066
SH601229,garch,417,0.1907336349373941,0.3147671430757156,0.1094189990224391,-8.096214646922268,0.1139597585008508
SH601288,garch,417,0.1408422547343886,0.2680342388658409,0.0501487148843921,-8.97606930352906,0.0340516868282045
SH601318,garch,417,0.1430046871960399,0.2642174561548178,0.2044581199066215,-7.911992600805784,0.2033507568098923
SH601328,garch,417,0.1876580111010483,0.3265051532417383,0.1209043432957589,-8.874543759209448,0.1140924888499272
SH601333,garch,101,0.0638722939420902,0.2129783249441787,0.0896262273003133,-7.548198999893931,0.1009663100396157
SH601336,garch,417,0.2004786077541341,0.3215314589930492,0.1699828946211538,-7.171205873707807,0.2055047298485419
SH601377,garch,417,0.2136080247415503,0.322552106367609,0.2627985090815279,-6.990591994695631,0.2670972573231575
SH601390,garch,417,0.1630326352693809,0.2780022756098015,0.2045355908255304,-7.971824473582986,0.2117693067316193
SH601398,garch,417,0.1658888723613327,0.3012835307142874,-0.0508668542890786,-8.673567348685998,-0.0710118678955873
SH601555,garch,411,0.2330048907822077,0.3584328080715245,0.2034077917797727,-6.699654394303882,0.2071786001796883
SH601600,garch,417,0.1749142246134818,0.296466946622882,0.2591197529326211,-7.583415552379504,0.2633256080248907
SH601601,garch,417,0.16346301588662,0.2723976034212456,-0.069094388882213,-7.3051115010684,-0.0684834663489684
SH601607,garch,417,0.1992868737142955,0.3299605877747216,0.2412138551827125,-7.316929514993987,0.2486711632071513
SH601611,garch,101,0.1565075755932901,0.3242304677348736,-0.4991158899776731,-6.451058789269362,-0.8068959236727571
SH601618,garch,416,0.1807454839387065,0.2959585720109163,0.2960196780425486,-7.751140680246598,0.2937046996423417
SH601628,garch,417,0.1688761770400139,0.2762793979391866,0.2499192487177958,-6.985788408261094,0.2570962017510739
SH601633,garch,416,0.2060866034124568,0.3204265322227438,0.2446275235189233,-6.315756310900095,0.2576047368548082
SH601668,garch,417,0.1436256465815402,0.2563988552353549,0.0573185793574456,-7.943900488583678,0.0818260680591558
SH601669,garch,417,0.190294230018233,0.3005238622471142,0.2141202336017995,-7.673229399745901,0.2166371614546992
SH601688,garch,417,0.2216214419743276,0.3454958915125737,0.0232447662977285,-7.108829640748025,0.0235585590861709
SH601727,garch,417,0.2165598816660368,0.3481139249463844,0.2387751340132815,-7.515983052339834,0.2376976288144092
SH601766,garch,417,0.1463594471274112,0.2617762347526287,0.2349472409673819,-8.170608842454147,0.2299327847049622
SH601788,garch,416,0.1847244891641295,0.3007076525382759,0.395929691014643,-6.693112408101312,0.4001697729306244
SH601800,garch,417,0.2633485425747569,0.3877645420570696,-0.0648943282106107,-7.442111263678086,-0.0565839298254842
SH601808,garch,417,0.1613499491241145,0.2764143427491308,0.0544881673368508,-6.742018338290525,-0.0248073887321038
SH601818,garch,417,0.154925559380624,0.2674882621480546,0.2223750973923746,-7.812032014698187,0.2281674742146189
SH601857,garch,417,0.1964730754942169,0.3024255237245783,-0.3182841813757278,-8.777654172446308,-0.3125920574479905
SH601877,garch,417,0.1448535019975157,0.2590889302764497,0.1023714740436109,-7.125752499812844,0.097579664280647
SH601888,garch,417,0.1474935384896055,0.2559473092172811,0.4402074358443397,-6.7114001344138865,0.4473343271119709
SH601898,garch,417,0.2296529083747629,0.3550802200661537,-0.4392907397246059,-7.820388030773755,-0.429823849203484
SH601899,garch,413,0.1887001108227161,0.3073089427006806,0.2321558061514786,-6.984144243552007,0.237622902494918
SH601901,garch,415,0.2439627745781099,0.3309276122223139,0.1476947971388383,-6.846262477999733,0.2289497427877919
SH601919,garch,417,0.163283531735592,0.2590867810594301,0.1650697048329144,-6.9394214459890495,0.1758251728830873
SH601933,garch,417,0.165914086395724,0.2567774799267906,0.1085165592874488,-7.134316900814834,0.0964657159064006
SH601939,garch,417,0.1760804480407117,0.3014312252694028,0.0656275277916181,-8.350788243125143,0.0504100867723589
SH601985,garch,417,0.2171458213180704,0.3430955462754095,-0.0655008058896675,-7.901998676427365,-0.0804781068881141
SH601988,garch,417,0.1580148843584367,0.2941065266160504,0.0740650510592363,-8.959676793702576,0.0747859986848306
SH601989,garch,416,0.2101931216037079,0.3362778474489847,0.3375328540145379,-7.356826638361947,0.3467076669307761
SH601991,garch,101,0.1012016040689364,0.2343108463454663,-0.2808503250800904,-7.747329966192051,-0.6316506694575754
SH601992,garch,417,0.2803428227109987,0.3982073010003759,-0.3858918715643091,-7.406015965432508,-0.4157749571734339
SH601997,garch,417,0.3535839107329257,0.4225645115558638,-0.7296026412751337,-7.765522685883772,-0.7577445870027479
SH601998,garch,417,0.1974118847950693,0.3305499678742934,0.134655908983901,-8.207351627551263,0.1443389123917597
SH603160,garch,416,0.2030580529993081,0.3459734490614518,-0.3049639961462105,-6.0208392754355256,-0.4464606419309695
SH603288,garch,417,0.1470051817737255,0.2456453257890888,0.1351479239232351,-7.089651745464355,0.1356047603294291
SH603858,garch,224,0.0947119826347412,0.248701718308773,-0.1617416092680823,-7.41280006822671,-0.2639827055526174
SH603993,garch,417,0.1612548616267336,0.2834719069073144,0.264109844588832,-7.0419835347955795,0.2662539385760146
SZ000001,garch,417,0.0765596524289483,0.2034876122038018,-0.0075831849799328,-7.1984630897295245,-0.0021621409637233
SZ000002,garch,417,0.1537058221480871,0.3190471303764322,-0.2474863350392129,-7.303791774405555,-0.2678159828947453
SZ000063,garch,417,0.094023866548321,0.2525927748006741,0.2340425704357124,-6.574072666620864,0.2402033869215741
SZ000069,garch,417,0.0714803037346838,0.208438908499839,0.2126342821746517,-7.352152299938272,0.2345075041709112
SZ000100,garch,416,0.0985605148393587,0.252591414135472,0.2894592635552828,-6.460068889807472,0.3096800481235565
SZ000157,garch,417,0.0559186957027436,0.1847303071708513,0.2708253137579922,-7.1816705838759525,0.159574746325347
SZ000166,garch,417,0.1192352367600516,0.2715037468794462,0.3649965029920006,-7.342542069485899,0.3850427825649302
SZ000333,garch,406,0.0643924444330566,0.2010338756162722,0.1201077169344404,-7.365437172278745,0.1135983029710494
SZ000338,garch,417,0.0617268185341426,0.1986010087148981,0.2837363330194308,-6.967698770116073,0.2661048054713473
SZ000402,garch,225,0.0539163824679423,0.1884214451385669,0.03501216955893,-7.591253190007747,0.0907096821762827
SZ000413,garch,329,0.2315108823018997,0.312847149988159,0.1408960489690842,-6.509647728758857,0.1441349219791047
SZ000415,garch,344,0.142715148365135,0.2911577939248725,-0.0842293212614013,-6.928175654913725,-0.0784760130428727
SZ000423,garch,344,0.1496582157885624,0.2889118284167248,-0.2085656463421132,-7.333855166703857,-0.2123795079731469
SZ000425,garch,417,0.0774467391667905,0.2135891672758162,0.2938633518070911,-7.001156119177349,0.1874569658381445
SZ000503,garch,91,0.4774580976724825,0.3940452856301773,-0.1409795747811313,-5.9397047441024355,-0.1352334035827171
SZ000538,garch,407,0.093210366913993,0.2336093828375151,0.2128952058314113,-7.21070839025883,0.2113297901036406
SZ000568,garch,417,0.0752974711872908,0.2161430805647189,0.2942361072744429,-6.74422671281233,0.3245998357461752
SZ000625,garch,417,0.1531214089715533,0.3301958038384511,-1.0950361990459174,-6.043100405711601,-0.8744587825581498
SZ000627,garch,407,0.126608338810658,0.276938497203251,0.0707957437793289,-6.990519574249219,0.1035649394370074
SZ000630,garch,344,0.0819403593053488,0.2214894646936699,0.3822899192736521,-7.837285158251794,0.3853539388745892
SZ000651,garch,411,0.0863904038462337,0.2346389995184727,-0.0756001242486905,-7.413481520996432,-0.0745347946795851
SZ000671,garch,417,0.0764138359960132,0.2170218643253269,0.1714651135095779,-6.547221385356377,0.141066516848798
SZ000709,garch,417,0.1837792488741743,0.3748781508819088,-0.2304594802174766,-7.997003301099653,-0.2241372341689829
SZ000725,garch,417,0.0963104835731945,0.2399352100747555,0.2754722012975062,-6.667525465670612,0.2537012741089068
SZ000728,garch,417,0.1382686456207264,0.3061131568059771,0.3694711601856092,-6.919432709398021,0.4017676822235114
SZ000768,garch,417,0.0935932343061604,0.2539562548146698,0.428325957915975,-7.024661355221603,0.4301385341210103
SZ000776,garch,417,0.1226838706490683,0.2686818682969008,0.250695090357604,-7.268040437502564,0.2498859893247803
SZ000783,garch,417,0.1263227760243716,0.2861066115438893,0.4031796628144831,-6.94699069314037,0.4151171662673928
SZ000792,garch,101,0.0740742613968025,0.216150280908497,-0.7312214894579605,-6.361980123474554,-0.551547587405389
SZ000826,garch,101,0.0979081261392223,0.2540313681652313,0.0351985344388324,-6.651351194175473,-0.1332278394769088
SZ000839,garch,101,0.0993167471134884,0.243098999939557,0.1232390297168209,-5.733988274463825,-0.1365361953458088
SZ000858,garch,417,0.0726222340167578,0.2116815492812618,0.3965923951381429,-6.940550943726421,0.4039184982000459
SZ000876,garch,417,0.1902373614905897,0.3598702396897202,-0.3055216306458874,-5.692572594847593,-0.569379124698222
SZ000895,garch,402,0.1189898868133801,0.2776328454960429,-0.039394589559816,-6.55827023364877,-0.0246339226801255
SZ000898,garch,344,0.2088646492700095,0.3960619282220903,-1.3920257585068336,-7.944137131721064,-1.3062310648777689
SZ000938,garch,417,0.1568575460898584,0.3186390974044109,-0.6799816744835385,-6.1038529754103115,-0.8277652961875586
SZ000961,garch,417,0.3297385838193387,0.5027128755549778,-4.183292543788254,-5.318175850772666,-4.491357853892321
SZ000963,garch,417,0.1095504095634571,0.2588153263350388,-0.0027018909256879,-6.827627661838435,0.0149084238412674
SZ000983,garch,101,0.1197243293659147,0.2953229328271386,-0.2574521588353085,-7.047674310803352,-0.2737318715132919
SZ001979,garch,411,0.0765438013080449,0.2229364905084604,0.2539296918949695,-7.42673756394403,0.2682149086527402
SZ002007,garch,417,0.1287120800314739,0.2843283506469907,0.004395907291456,-6.332696933771605,0.030541661549125
SZ002008,garch,417,0.0589397432322419,0.1976609822423831,-0.0246957962556833,-6.490807017600403,-0.0126434289758596
SZ002024,garch,417,0.1310225722826507,0.2852174463201974,0.3853433879757385,-7.557754242957668,0.4006041072020715
SZ002027,garch,417,0.0672636906773429,0.2031442869120583,0.1061527653016415,-6.606931074016142,0.124214242132261
SZ002044,garch,417,0.0643993848053055,0.201590548977101,-0.191267006665821,-6.385870470374271,-0.2302792624497096
SZ002065,garch,225,0.1026106797112488,0.25880497593572,0.2106643833226055,-6.7883323361934504,0.1975518195682145
SZ002081,garch,344,0.0985453860034756,0.2542091333481434,0.0365817716620252,-7.117606085418542,0.0978682044668214
SZ002142,garch,417,0.0680563108011331,0.1900778284899872,0.1915575496173898,-7.045467354287145,0.0605304471716717
SZ002146,garch,417,0.0671605899712455,0.209441232406769,0.3029041762440704,-7.303462072981039,0.3122265797629935
SZ002153,garch,417,0.0730595066404738,0.2127051405923062,0.0679575605035058,-6.389121176306899,0.0469014687103844
SZ002202,garch,411,0.070638047712541,0.2127400244376781,0.1521462143836425,-6.869981836217685,0.1362322909652273
SZ002230,garch,417,0.069763070677209,0.2075819334810797,0.2159684734417801,-6.834348750346828,0.24405565999644
SZ002236,garch,415,0.0833297607995599,0.2353305046747102,-0.0294056016124411,-6.5912985412266005,-0.0163864837880576
SZ002241,garch,417,0.0742449869214547,0.222487382154533,0.0607267746212846,-5.94286739278582,-0.2330321957932524
SZ002294,garch,344,0.1598702970574946,0.3196443823345128,-0.3082925931087541,-7.394695297866157,-0.2914557529455857
SZ002304,garch,417,0.0820181437769255,0.2265818594419784,0.2746541008785691,-6.996855304623002,0.2865307020007873
SZ002310,garch,220,0.1265648922243963,0.2988150508751103,0.0676354379378816,-6.727093663079129,0.0745252095221784
SZ002415,garch,415,0.0619661988027266,0.1993524584849575,0.0336893297843508,-6.9232052635603285,0.0377463811505793
SZ002450,garch,100,3.3621528537955845,1.0926491845631907,-0.4938746958291264,-6.309107067187082,-0.4529793196447469
SZ002456,garch,414,0.1918567023236478,0.2675876077417635,-0.067242518096042,-6.0930004750231,-0.0675751263191264
SZ002466,garch,411,0.1719522322764956,0.3438527913533079,-0.1358951703615669,-6.131067171690337,-0.10276108654149
SZ002475,garch,417,0.0798706729936594,0.227557872614171,-0.4783967210355266,-6.257798263017528,-0.5912328328698158
SZ002508,garch,417,0.4280318577261198,0.6006687573478269,-5.078302099154358,-6.340002555823655,-5.093932895170923
SZ002555,garch,417,0.1661982746325478,0.3279926331709556,-1.2465033550280236,-5.685163508439523,-1.2226574418532263
SZ002558,garch,417,0.1226501116667816,0.2808871330438569,0.3698484202938847,-7.047550636390341,0.3622161316141316
SZ002594,garch,417,0.083384358373806,0.2258238370277051,0.506600128413599,-6.838249655068054,0.5166153198031904
SZ002602,garch,416,0.1018352956539473,0.2513353663204922,0.2219281661781901,-6.555552781696859,0.1560074394251316
SZ002673,garch,417,0.1562620433896246,0.3136210876696157,0.3387207706902603,-6.869852050695278,0.3491552355638729
SZ002714,garch,417,0.1308166210250727,0.2584730633992607,-0.3817833270622486,-6.048648337575314,-0.3710233167952934
SZ002736,garch,417,0.1268738613727202,0.2738644227684681,0.3016123960542971,-6.820494836158508,0.3033322927484209
SZ300003,garch,417,0.0696014345286337,0.2025245948232255,-0.3560468955801914,-6.574246902907272,-0.291903770311573
SZ300015,garch,411,0.0999015725680674,0.2383851127316782,-0.5693407185717931,-6.810310444445345,-0.5455788593563948
SZ300017,garch,344,0.1529637797737651,0.2816485597669199,0.1826747013281342,-6.403582646110132,0.169422117420996
SZ300024,garch,344,0.0913662519170653,0.2407549923653391,0.3449485216413748,-7.224389353946184,0.3434536141205669
SZ300033,garch,417,0.1139966763016061,0.2753804767833577,0.1471754441079039,-6.043805948837791,0.1370932200237202
SZ300059,garch,417,0.119662695402503,0.2763528445121015,0.2658701814048818,-6.576443780132756,0.256842587178275
SZ300070,garch,340,0.0774093563539275,0.2241657169210646,0.2769635696681528,-6.794692113348677,0.3016134819449385
SZ300072,garch,225,0.0867719486830003,0.2348078896062944,-0.0295497966655065,-6.430446377058856,0.0450713179557503
SZ300124,garch,406,0.0620995361809057,0.1991515600740331,0.2241255143758133,-6.688923371886066,0.235321198966092
SZ300144,garch,417,0.3072259986637058,0.4912116056565758,-3.4183416757073593,-5.794643546555977,-3.4423191783559233
SZ300251,garch,225,0.1114588339152213,0.267416163150788,-0.2807366145825669,-6.703592711045306,-0.2707404654856045
SH600000,egarch,417,0.1652492916131409,0.2783618096783745,0.0255094831766409,-8.078419493800014,0.0420423305708921
SH600009,egarch,417,0.1397398025543518,0.2498877886557719,0.2039540767957334,-7.1775768670933315,0.2100608687120347
SH600010,egarch,417,0.1836743141002095,0.2956647593979965,0.0989298708180173,-7.289912652465698,0.1120415313164261
SH600011,egarch,417,0.1594764962729076,0.2880708993800354,0.2933419287613427,-7.527280134912589,0.2657612495463991
SH600015,egarch,417,0.1731803599082585,0.2946097013511869,0.1219235991030459,-8.622302998948856,0.1298663198763492
SH600016,egarch,417,0.158558307875551,0.28494445263788,0.0957597805965936,-8.764507882738037,0.0996924383530509
SH600018,egarch,414,0.1728258850399462,0.3009931473761791,0.4368447089849749,-7.401260961326155,0.440996033497616
SH600019,egarch,417,0.2005677281343413,0.3298200513990243,-0.2906230968879884,-7.971380044671269,-0.2887478898028786
SH600023,egarch,344,0.123180918451991,0.2486747905994656,0.0996585790389987,-8.678516734781933,0.0969867250897696
SH600028,egarch,417,0.1928293876882651,0.3153709634757239,-0.125241109532405,-8.690256376555995,-0.1674542036752748
SH600029,egarch,417,0.1883478824739283,0.3057570353815346,0.0476080448757413,-7.385988188292292,0.0721068145923655
SH600030,egarch,410,0.2226150360772667,0.3361123350949926,0.1315835758468885,-7.110652826033793,0.1357647873026604
SH600031,egarch,417,0.1389917794189356,0.2211548640792093,0.1692958288732798,-6.890254879035332,0.144239535943369
SH600036,egarch,417,0.143272835656287,0.2420739484516215,0.0400144321720785,-7.628038087502959,0.0504345979685977
SH600038,egarch,417,0.1643967427484205,0.2853564794993548,0.2754298711280247,-7.049483912137547,0.2767910116302109
SH600048,egarch,417,0.1393645263472493,0.228840487474569,0.0749905254138405,-7.107030953808222,0.0843488729688654
SH600050,egarch,417,0.1875869123672175,0.3169458282339851,0.2164713310933546,-7.609387598374642,0.2217444994534041
SH600061,egarch,415,0.3992730125667876,0.5007689601870444,-0.4928594469938985,-5.577465103377007,-0.4504998567297325
SH600066,egarch,417,0.1801001386183828,0.2996235663519979,0.2393517137609939,-6.903404343073049,0.2376907528073736
SH600068,egarch,417,0.2154348927042473,0.3433827301849345,0.1153923231380659,-7.580856613415556,0.1281569390006782
SH600085,egarch,417,0.1793950616175647,0.2690315342955706,0.2119245074231838,-7.585804688285277,0.2213331011413321
SH600089,egarch,417,0.1701067115575884,0.2977964884926839,0.5751616314392585,-7.498094321916381,0.5821440469405883
SH600100,egarch,344,0.1928683431783935,0.3183056888460898,0.2702359337220054,-7.026325936647389,0.2886986822966939
SH600104,egarch,417,0.1352733874445898,0.2580948718008295,0.2797737982391216,-7.41747937782174,0.2792290304518041
SH600109,egarch,412,0.1830858818864295,0.3118909453095231,0.3767309367054262,-6.838485325289544,0.3823549048028517
SH600111,egarch,414,0.1760229016204144,0.2759628092225387,0.3037695264397388,-6.994198145600242,0.2978492898318832
SH600115,egarch,416,0.2156436348263205,0.3269243073891302,0.0724591426234805,-7.285871388824865,0.0794472268302871
SH600118,egarch,417,0.1232698637623532,0.2548499398557239,0.5877671965948239,-6.683421220656454,0.5882404601707474
SH600153,egarch,344,0.1686296086655862,0.2664043517450321,0.0184919812665285,-7.469968384600598,0.0088591664167128
SH600157,egarch,95,0.1593381403511754,0.2892622277191386,-0.4214412989429033,-5.304081409973153,-0.239537820430544
SH600170,egarch,417,0.1686454864520117,0.2996156300754657,0.2612303705884988,-7.9988648167815875,0.264460639165974
SH600177,egarch,417,0.1922387747791411,0.3232615324201354,0.1497331669951708,-7.99280180541148,0.1624320311856952
SH600188,egarch,417,0.2251869569634622,0.3475759279761669,-0.3060271753858139,-7.471935073725509,-0.2874461288498624
SH600196,egarch,417,0.1698239854657973,0.2672292437347549,0.3666781020775097,-6.74158767116285,0.3683787233346418
SH600208,egarch,416,0.3144434806908303,0.3341381349875885,0.1690548053829333,-7.017583766093515,0.1562881403848477
SH600221,egarch,417,0.1753629546091199,0.3010020382110362,0.3833365247661403,-7.292521942921649,0.3862142616977103
SH600233,egarch,417,0.2234321955851672,0.3507664818394988,-0.1975084826928912,-6.345068864331103,-0.1869692410634411
SH600271,egarch,417,0.1546818768632464,0.2727925157074077,0.1527901822283236,-7.193977688608785,0.1521841793334055
SH600276,egarch,417,0.117616595605389,0.2106902865491384,0.12685279174079,-7.186139500484688,0.1050823804265307
SH600297,egarch,417,0.2281632490631671,0.3369030754542394,-0.0461552505612832,-6.307303218522051,-0.0505184506920695
SH600309,egarch,417,0.138705443832265,0.2448869426794597,0.1042015175995236,-6.962977051358079,0.1031667980553239
SH600332,egarch,417,0.1517420440851784,0.2521430008786984,0.2415602915468233,-7.319420080646628,0.2454214867132412
SH600340,egarch,417,0.1434231015287325,0.2439565422884548,0.2461645216043909,-7.284331087916264,0.2400810361017838
SH600352,egarch,413,0.1810047437847159,0.276866745698373,0.3092626228749998,-7.091976667445577,0.3092293920392234
SH600362,egarch,417,0.184555015441673,0.2869016753866831,0.1737848951634566,-7.49284794190352,0.1668474152920194
SH600369,egarch,417,0.2212535863055014,0.3455435702444732,0.246176548991244,-6.850471533068593,0.2644981405568304
SH600372,egarch,417,0.1742313361632147,0.283905299784534,0.2550962943430417,-6.980367540327887,0.2577314415661814
SH600383,egarch,417,0.1405857315657064,0.233924016678799,0.1316235308471198,-6.840524772391012,0.1385978408887043
SH600398,egarch,417,0.1837942384350092,0.2986053517710725,0.0753051285990598,-7.563458568664841,0.0704458334040419
SH600406,egarch,415,0.1612526782634068,0.2718445780423272,0.0356862112752324,-6.912894849180617,0.0433761394482191
SH600415,egarch,225,0.0804782078306463,0.2273240230855988,0.3881586398246974,-7.579902133445814,0.4288005751668777
SH600436,egarch,417,0.3072099757162004,0.3659544234262145,-0.6388899592274304,-5.691096245969776,-0.640345492048094
SH600482,egarch,416,0.1849876640740295,0.290121634354774,0.2034111185828739,-7.0695740390213535,0.1950499746328363
SH600489,egarch,416,0.1881706823335254,0.2954271163269529,-0.089464716464533,-7.23423157342918,-0.0678450235753949
SH600498,egarch,417,0.1805643360140623,0.302641818306296,0.3736674599770234,-6.978867448295923,0.377862897441072
SH600516,egarch,416,0.2692137754876154,0.3800340798397753,-0.4615459092775242,-6.816174790421192,-0.472904802161926
SH600518,egarch,79,0.1489298188069325,0.3187863558190705,-0.3618625566267246,-5.413086350916633,-0.6056265703872259
SH600519,egarch,417,0.1372219414311245,0.2300409579721123,0.1256873287505173,-7.549612712129137,0.122884212575585
SH600522,egarch,417,0.4499322239763805,0.5436985871228975,-0.7695044225087893,-6.6969373875988065,-0.7277271182123533
SH600535,egarch,344,0.1433366237479252,0.2596627564662233,0.1962867581915345,-7.232118985362704,0.2101640857902299
SH600547,egarch,417,0.2009603157325794,0.2889193370001879,-0.1705577294779259,-7.079406817987152,-0.1700633407249112
SH600549,egarch,101,0.0963549774309353,0.2538569888313708,0.3864934205830586,-6.719377470903606,0.1903653698557502
SH600570,egarch,416,0.1560928108659107,0.2764538790114642,0.1531046902722979,-6.624739400945611,0.1558527472236721
SH600583,egarch,417,0.1536577342696693,0.2508263156351624,0.0148258028875055,-7.186018583266407,0.0062240748472245
SH600585,egarch,417,0.1381125779207214,0.2304056725444037,0.117770456865536,-7.310296613241054,0.1221810362107752
SH600588,egarch,417,0.1562717159562521,0.2572055728207514,0.2319652775297405,-6.260330009556449,0.2379588875239373
SH600606,egarch,412,0.2110583255327111,0.3144579133859463,0.2506242045080578,-7.198477593652032,0.2511669627747213
SH600637,egarch,417,0.1368249371709415,0.2531139833755202,0.3484033213143183,-7.443093352228135,0.349949095585187
SH600660,egarch,417,0.158131328120867,0.2762549062459338,0.3213777260462755,-7.353589161801642,0.3237626153008074
SH600663,egarch,238,0.3354510369387479,0.3952026212770703,-0.3437163687811007,-7.71669406807623,0.0725520123301564
SH600674,egarch,417,0.1190971766927092,0.2406898657428344,-0.01982096526342,-8.076609746063601,-0.0052212661806727
SH600688,egarch,225,0.0786832084462046,0.2274437902770109,0.0363242749374252,-8.221122841209283,0.0575845058091516
SH600690,egarch,415,0.1417682821622714,0.2204688582915998,0.1702187952575276,-7.124162858459974,0.1795320596719274
SH600703,egarch,415,0.1708099589761871,0.2731575754254388,-0.077419150929531,-6.002818252622383,-0.015688109272971
SH600704,egarch,225,0.0958639669490988,0.2429446553575574,0.0178226407149311,-7.307739496990941,0.0106582390033093
SH600705,egarch,417,0.1765298946002756,0.2897822183036344,0.3613721386091535,-7.240153563790953,0.3694860859311651
SH600739,egarch,101,0.0897227721177414,0.237032435702733,0.4054939452365125,-6.843624959267434,0.3130892212717372
SH600741,egarch,417,0.1283457766777972,0.2265307286447205,0.1595632712958552,-6.670917110313716,0.1494078830008137
SH600795,egarch,417,0.135539356397897,0.2576319353626576,0.1992728946778058,-8.32431051423885,0.2081887001684583
SH600809,egarch,417,0.1459080542772154,0.2475363667815289,0.1050303901480419,-6.544239840695983,0.1090447586779694
SH600816,egarch,293,10.465574524296471,1.2684763955019205,-16.880254315527267,3317239.0976598286,-16.93849744546685
SH600837,egarch,417,0.2001800569727061,0.3299524317063438,0.2028200445217063,-6.970984348422587,0.2077727004189731
SH600867,egarch,417,0.1704317787414591,0.2629391581077908,0.0581665866183329,-6.54756652063306,0.0542283697680024
SH600886,egarch,417,0.1174369029686306,0.2196058613801713,0.0649171375398289,-7.6385228512325325,0.0711001977657074
SH600887,egarch,417,0.1248416850845248,0.2192739636497782,0.1658749530404368,-7.341413168897883,0.1710353175074915
SH600893,egarch,406,0.172729405978586,0.2774969496830384,0.4457650495116873,-7.099521723685966,0.4455228989940062
SH600900,egarch,417,0.1373328869223249,0.2492621344366492,0.1186421545016634,-8.124970806549253,0.1261214173396454
SH600919,egarch,417,0.2045697814820689,0.3360651155025598,0.1154909460481501,-8.174598741384935,0.1091463481360253
SH600926,egarch,417,0.1696428690960199,0.2861161112343361,0.3726276569204138,-7.555330643882927,0.3511082492084528
SH600958,egarch,416,0.1657880151935928,0.2731895366308373,0.3610767896429644,-7.0635688525788165,0.3707651670236203
SH600977,egarch,417,8.134549686152674,1.4361699639105563,-49.35528075059263,14145878.2069166,-45.41178202812728
SH600999,egarch,411,0.1546526297595461,0.2868353817335216,0.2836984657876656,-7.039369654200474,0.2946950471707881
SH601006,egarch,417,0.1643736099866243,0.2804479499870462,-0.2579774616585721,-8.621523326490582,-0.3186882080873134
SH601009,egarch,417,0.1769987713237316,0.2842542024360477,0.144682820012524,-7.781337934987803,0.13934406124206
SH601018,egarch,415,0.2019101085960625,0.3203615065103575,0.3215738778830457,-7.1602576508812765,0.3311987946047027
SH601021,egarch,417,0.1057530359242979,0.2148465707371064,0.2101098750048997,-7.135795191264269,0.2035938785066348
SH601088,egarch,417,0.1396287427856614,0.2430484678782097,-0.0006558616366716,-7.93766967462391,0.0108460190709969
SH601111,egarch,416,0.2121080767555865,0.3182691242742149,-0.1695205149933969,-7.1627574464340675,-0.1594894737122107
SH601117,egarch,417,0.1431954750664329,0.252240789011902,0.3048942869880144,-7.63804741003056,0.3007985785170918
SH601155,egarch,417,13.230353257371858,1.6863021192280363,-52.40161549207438,9308056.936999418,-52.60413043094629
SH601166,egarch,417,0.1608198397076726,0.2771308938716587,0.0026622031065036,-7.939540632798127,-0.0009055946764364
SH601169,egarch,417,0.1737723122416707,0.3094678983281577,-0.0611337752178686,-8.611261279481937,-0.0557158797278602
SH601186,egarch,417,0.1801304977937219,0.2966915214196469,0.1336293053745253,-7.638559472357513,0.1417712623579057
SH601198,egarch,417,0.2786094944986134,0.3854322680466993,-0.0083552086355926,-6.48665710486155,-0.0021730560143804
SH601211,egarch,417,0.1779881825025588,0.2840532783599233,0.1921938228435308,-7.297956102974028,0.1961188953891887
SH601216,egarch,416,0.2230264265788389,0.3079032282142367,0.4639722094274741,-6.918093328875117,0.462920745951819
SH601225,egarch,417,0.1792258792500838,0.2986066420426472,-0.0526746683656444,-7.549394296768352,-0.0443330743032974
SH601229,egarch,417,0.183570045881023,0.3087200540381941,0.1428675112080796,-8.165595041774587,0.1461631498596811
SH601288,egarch,417,0.1529683312584564,0.2850811752103394,-0.0316305025210486,-8.966673589779202,-0.0442479052175552
SH601318,egarch,417,0.1469463722968977,0.2738006267353139,0.1825303381159883,-7.915653901146188,0.1822164106269721
SH601328,egarch,417,0.1718695804678796,0.3073846208976043,0.1948662312767682,-8.878821555752577,0.1914418176510709
SH601333,egarch,101,0.0580635498811489,0.2057814479254388,0.172418435298989,-7.561069759245147,0.2239680959373625
SH601336,egarch,417,0.1854496721740313,0.3055898102073137,0.2322053618802065,-7.191854369968869,0.2513859757587464
SH601377,egarch,417,0.226974418043427,0.3445198757785666,0.2166685704602217,-6.956378293951768,0.2207399338157318
SH601390,egarch,417,0.1679218682036869,0.2786886398408609,0.18068017819003,-7.970797337581995,0.1958901011892634
SH601398,egarch,417,0.1677562479819484,0.3016623542554819,-0.0626962381186231,-8.679741577469139,-0.0852825545918427
SH601555,egarch,411,0.2439986188221687,0.3789442674283825,0.165822666134874,-6.6200700171032505,0.1658655754903619
SH601600,egarch,417,0.1638092854361758,0.2775176177465089,0.3061566940363612,-7.598088943208946,0.3122595473204878
SH601601,egarch,417,0.1709303523734314,0.2848867240007334,-0.1179328829883221,-7.306896644111508,-0.1085984942760827
SH601607,egarch,417,0.2035905729193715,0.3357694069331369,0.2248274908055259,-7.305479673141647,0.2308191401472864
SH601611,egarch,101,0.1662940032705281,0.3341899701804915,-0.592855692549209,-6.407805193567315,-0.8923252785341715
SH601618,egarch,416,0.1793156653215479,0.2909123793198704,0.3015886369371977,-7.750857856573427,0.3004477205706213
SH601628,egarch,417,0.1713284747223578,0.2767764037382448,0.2390271186365686,-6.98588547694998,0.2422416397525878
SH601633,egarch,416,0.2127837675098507,0.3239381119140095,0.2200803023707154,-6.311814828129765,0.2310406119884357
SH601668,egarch,417,0.1469424762664418,0.250600240886991,0.0355486949822527,-7.92117210819712,0.0512673716156401
SH601669,egarch,417,0.193625168056809,0.3010324752522292,0.2003640792118732,-7.674194165107066,0.206651727029832
SH601688,egarch,417,0.2187504582393426,0.3394977214526016,0.0358980924562392,-7.121572306936412,0.0409826907762311
SH601727,egarch,417,0.1984554309448025,0.3252789880078188,0.302413689631296,-7.529405842522794,0.300742302675357
SH601766,egarch,417,0.1512766465217164,0.2697204940985495,0.2092439670266721,-8.178329096816803,0.2053767012335439
SH601788,egarch,416,0.2058771131189107,0.323568587729472,0.3267581797221548,-6.61994558366034,0.3291534236798409
SH601800,egarch,417,0.2551566040532239,0.3764643708044015,-0.0317688406596241,-7.423622268722133,-0.0212546301329106
SH601808,egarch,417,0.1505177743848783,0.265135454546862,0.1179647872243747,-6.787553833476867,0.0448224564142469
SH601818,egarch,417,0.1690596465424166,0.2831436145484032,0.1514312312118835,-7.816148434103598,0.1539386142278144
SH601857,egarch,417,0.1763162648626521,0.2816972385681688,-0.1830371276217384,-8.814712489361641,-0.1695345148240532
SH601877,egarch,417,0.5073454083301747,0.5960012937596689,-2.1439192339165354,-6.779144199380478,-2.098317928595119
SH601888,egarch,417,0.132153822173837,0.2234513249457363,0.4984273363075022,-6.77133270361742,0.5090933382593874
SH601898,egarch,417,0.1776908579447685,0.297226444208883,-0.1136319073141363,-7.866295489462228,-0.1168640178498827
SH601899,egarch,413,0.1700361298180155,0.2762848529637334,0.3081018635548177,-7.037056745139193,0.2594407995837542
SH601901,egarch,415,0.2392048221421165,0.3426609551033395,0.1643171184055805,-6.80253198405307,0.1803548646943165
SH601919,egarch,417,0.1553513895729223,0.2497921030225973,0.2056297400476691,-6.967236166680463,0.2139409840468493
SH601933,egarch,417,0.1676498663630936,0.2567057394616928,0.0991899304806586,-7.138789240268227,0.0873886732900577
SH601939,egarch,417,0.153033821439316,0.2637630052263772,0.1879246579569767,-8.336526658074336,0.1712357082531579
SH601985,egarch,417,116.8818534204117,10.49167472943702,-572.5210940619786,335791193.59429926,-563.1737761829517
SH601988,egarch,417,0.1541228768988355,0.2884954678383231,0.0968714198580652,-8.954188523831391,0.0973393268811977
SH601989,egarch,416,0.1913448352195835,0.3192204418033256,0.3969371313397921,-7.33033811162926,0.4091273716715651
SH601991,egarch,101,0.1343822032594626,0.2724139367044799,-0.7007980289780251,-7.657125769764252,-1.32165456432202
SH601992,egarch,417,0.2655879512072113,0.3967334414843039,-0.3129502628392124,-7.382678332296347,-0.3348688083664701
SH601997,egarch,417,0.1786469817607885,0.2935324310232094,0.1261245714806286,-7.874605863359165,0.1254810578458153
SH601998,egarch,417,0.1951636722846297,0.331487892624475,0.1445108243213284,-8.202958679094927,0.1533148719805419
SH603160,egarch,416,0.234562899349188,0.3379817959502732,-0.5074316628230482,-6.237995406732879,-0.427207355594273
SH603288,egarch,417,0.1421716821547008,0.247742637265889,0.1635840792328089,-7.081043544823101,0.1625259931991463
SH603858,egarch,224,0.1269428641925871,0.2896471430365014,-0.5570871100960424,-7.28602828511985,-0.7902517496748986
SH603993,egarch,417,0.1650349517929226,0.2924545541836682,0.2468593188570615,-7.037141228198726,0.259772015716566
SZ000001,egarch,417,0.065283407340827,0.1894865350129959,0.1408207664492874,-7.237250751690686,0.153202995057161
SZ000002,egarch,417,0.1054074133569899,0.2594103199181982,0.1445066560459417,-7.3578713343038595,0.1368647873916335
SZ000063,egarch,417,0.0969452859355063,0.2588778557289714,0.2102434759437018,-6.568001008393711,0.212512221592617
SZ000069,egarch,417,0.0776554052197033,0.2174346166563166,0.1446146605535206,-7.3311615552071006,0.1579907203410618
SZ000100,egarch,416,0.0938180044592447,0.2478961362298916,0.3236488862817381,-6.4759352464330435,0.3544700370973352
SZ000157,egarch,417,0.0544489780284546,0.1803529429626485,0.2899902980364333,-7.195221882334597,0.1980172864986809
SZ000166,egarch,417,0.1307840870838156,0.2853330134133857,0.3034915272710218,-7.279480001427296,0.3189424130647215
SZ000333,egarch,406,0.0648397858978146,0.2014722721295427,0.1139950074977764,-7.362771112010979,0.1099271610670313
SZ000338,egarch,417,0.0607721452740885,0.1974504052301311,0.2948141398180495,-6.975463030307539,0.2812364835017443
SZ000402,egarch,225,0.0580468221534496,0.1970016961660904,-0.0389138590142088,-7.579948265385509,0.0584714120967262
SZ000413,egarch,329,0.2304322550061143,0.3131766548630596,0.144898681425431,-6.516525702468368,0.1517271589726034
SZ000415,egarch,344,0.1257588380869808,0.2721079374487502,0.0445904220845836,-6.997210173279038,0.0737338456638255
SZ000423,egarch,344,0.1135532320910508,0.245252883369004,0.0830003243507525,-7.294495510031485,0.0945435650442321
SZ000425,egarch,417,0.0770221758077697,0.2140135687322117,0.2977343959660816,-7.016912026466774,0.2070079772918263
SZ000503,egarch,91,0.4586535733301949,0.3907632887728077,-0.0960424833533879,-5.952930630143645,-0.0893372858043421
SZ000538,egarch,407,0.0901980017325784,0.2320424209440765,0.2383327956036501,-7.224438429907544,0.2323578250821671
SZ000568,egarch,417,0.0674673926542537,0.2055944881589011,0.3676275056665288,-6.76015218450205,0.3990900885702716
SZ000625,egarch,417,0.1899081364939027,0.3668102036362175,-1.598359191705153,-5.896413583547531,-1.388858966067743
SZ000627,egarch,407,0.104052630189535,0.2530575193706139,0.2363366603548529,-7.020822820193664,0.2820635002940924
SZ000630,egarch,344,0.1400823233587749,0.3073388637370037,-0.0560151798679597,-7.70770591074527,-0.0452925454735151
SZ000651,egarch,411,0.0881594254658351,0.236142625786174,-0.0976252542298932,-7.411082660901682,-0.1027886448637678
SZ000671,egarch,417,0.0845985752120022,0.2259292932189532,0.0827201645238083,-6.524822374437753,0.0400004882202429
SZ000709,egarch,417,0.12566060536338,0.3078698651037468,0.1586629932027863,-8.059477063439694,0.1708889111718818
SZ000725,egarch,417,0.0853365714736493,0.2245784765942135,0.3580271224405984,-6.696512683346081,0.3594727253857023
SZ000728,egarch,417,0.1771488467141103,0.3543945532473342,0.1921707463636145,-6.811970931302414,0.2069292690034311
SZ000768,egarch,417,0.0952569898401441,0.2539374886047374,0.41816362237748,-7.007986790436598,0.424394316894091
SZ000776,egarch,417,0.1446106363397107,0.301545732989224,0.1167750151459772,-7.233938726494046,0.1135073839796501
SZ000783,egarch,417,0.1305993917787014,0.2919590569540336,0.3829745079181123,-6.936209065958501,0.3934382548058419
SZ000792,egarch,101,0.0526125524101558,0.1740418350631261,-0.2296306386340387,-6.430586692461944,-0.1264758944506527
SZ000826,egarch,101,0.0907035024233484,0.2319016821303013,0.1061939849084672,-6.669074308735717,-0.0302160855458188
SZ000839,egarch,101,0.0722350058217051,0.2072757081616568,0.3623146585713342,-5.832198985463331,0.1539288200368198
SZ000858,egarch,417,0.0622603963738241,0.2011692352798789,0.4826874005967638,-6.970401427015125,0.4895124619964958
SZ000876,egarch,417,0.1229858638758631,0.2801182643365658,0.1559980421535007,-5.9568796957821935,0.0121757923302268
SZ000895,egarch,402,0.1172325579062427,0.2762054854335424,-0.024044056778653,-6.569610586435951,-0.0159053389021734
SZ000898,egarch,344,0.1539455625748832,0.3304402742307359,-0.7630640339280306,-8.007047237745567,-0.7030308050865193
SZ000938,egarch,417,0.1085183080306611,0.2554904043463424,-0.1622569228070927,-6.286329317808496,-0.2298879559121114
SZ000961,egarch,417,0.3903565493904678,0.5744392682873605,-5.136170564082642,-5.109024096791998,-5.734219024193313
SZ000963,egarch,417,0.0879009321583123,0.2339796938528187,0.1954532051455618,-6.849759411668869,0.1959668790952422
SZ000983,egarch,101,0.1248447966026321,0.2997710214709034,-0.3112318927887718,-7.036333455451691,-0.3923070409017637
SZ001979,egarch,411,0.1210209138102548,0.2702940383785973,-0.1795874899157818,-7.219884309419401,-0.1664807815492426
SZ002007,egarch,417,0.1163230749515389,0.2751603809654593,0.1002264164336753,-6.353293099707546,0.1205385635776871
SZ002008,egarch,417,0.0575023533589242,0.195065980968789,0.000293918323925,-6.503567193179971,0.0111863566582989
SZ002024,egarch,417,0.1206757664701557,0.2754599025963956,0.4338826014500508,-7.586979203036168,0.450102935433015
SZ002027,egarch,417,0.0666521129397091,0.1999916695096191,0.1142798404603526,-6.61784167524236,0.1224165587453672
SZ002044,egarch,417,0.2231216971782594,0.4205483917362043,-3.1273300532809634,-6.231290735165945,-3.038907344196173
SZ002065,egarch,225,0.0951892183007232,0.2474327731307649,0.2677541895261066,-6.815262222437151,0.2685604399536362
SZ002081,egarch,344,0.1011000183415017,0.2545406492669106,0.0116066869729341,-7.116473692603275,0.0683471145352154
SZ002142,egarch,417,0.0713609583615803,0.2017844881478993,0.1523015667413036,-7.048397720407877,0.028659526884248
SZ002146,egarch,417,0.070431588215088,0.2127077522812922,0.2689527291785842,-7.304594508033076,0.2742570443529774
SZ002153,egarch,417,0.0637088106281389,0.2001406754689079,0.1872472453519752,-6.4268720222572355,0.1706360804291135
SZ002202,egarch,411,0.0626556339649889,0.1996323478806652,0.2479574653083547,-6.899927025818502,0.2221886090654331
SZ002230,egarch,417,0.0662287739177896,0.2004389241541418,0.25568862991853,-6.845069796498741,0.2899349451418196
SZ002236,egarch,415,0.0868356385481758,0.239906648846415,-0.0727151006241411,-6.588252906895925,-0.0659934469773266
SZ002241,egarch,417,0.0635142645525626,0.2035729853889527,0.1964811282550946,-5.981897353269161,-0.0401462755531158
SZ002294,egarch,344,0.213234156108365,0.3757978016946104,-0.744993736604129,-7.295071560465251,-0.7190566608073208
SZ002304,egarch,417,0.0700466114116133,0.2134968477299337,0.3805270395663335,-7.02147464704715,0.3952953140712403
SZ002310,egarch,220,0.121878260770366,0.2932655632033977,0.1021604077489113,-6.7365581033793,0.1114572691840207
SZ002415,egarch,415,0.0615822147349982,0.1976135728179028,0.0396772378537156,-6.9242146029138585,0.0429001017856837
SZ002450,egarch,100,3.475329177349056,1.134129751216407,-0.5441612988705777,-6.255911331054628,-0.5692768479921264
SZ002456,egarch,414,0.1918145592602588,0.2627945044584131,-0.0670080886049333,-6.103401011713783,-0.0673631450693803
SZ002466,egarch,411,0.1543619978539271,0.3310032655511838,-0.0196962582474464,-6.041612620047207,-0.0359563336835713
SZ002475,egarch,417,0.0676310333102347,0.2164754375052549,-0.2518424365102425,-6.270888946710321,-0.3247343075229485
SZ002508,egarch,417,0.0803808533418299,0.2317246454590026,-0.141455012706287,-6.684104862609379,-0.121937200644586
SZ002555,egarch,417,40.73332955338456,6.333727080105794,-549.5927285073027,492631.11445747776,-535.059476427358
SZ002558,egarch,417,0.1692971654899301,0.3361248545514849,0.1301852495406986,-6.88607782478852,0.1111350083209038
SZ002594,egarch,417,0.0818137435434776,0.2260569263081764,0.5158937318028792,-6.866604791776021,0.5269132245809272
SZ002602,egarch,416,0.1970515846721911,0.3596346730536547,-0.5055711957118709,-6.203580373153935,-0.6549753568113661
SZ002673,egarch,417,0.1753913756205023,0.3387001336450118,0.2577680978565665,-6.810311710873931,0.267755895091636
SZ002714,egarch,417,0.6290316536295358,0.7325052852544299,-5.644304403896026,-5.568897901228804,-5.361138726605891
SZ002736,egarch,417,0.1642106687296687,0.315204842365861,0.0960888694044792,-6.666260421570557,0.0921719717868315
SZ300003,egarch,417,0.0742292468962811,0.214324620514288,-0.4462107066708105,-6.58624043607555,-0.4039405334443158
SZ300015,egarch,411,0.1822068909538058,0.2989730635615956,-1.8622641849141148,-6.708587601638473,-1.857189368537536
SZ300017,egarch,344,0.1420064481441041,0.2665625271952601,0.2412225769108695,-6.4354773560372145,0.2274011224286597
SZ300024,egarch,344,0.0963047330997352,0.2493778707117266,0.3095420194408619,-7.226857706021772,0.3081204977296885
SZ300033,egarch,417,0.2204092141260792,0.3630567572308554,-0.6489111459204102,-5.493070174731743,-0.6937376784524623
SZ300059,egarch,417,0.1520157103228084,0.3027400668004711,0.0673846559488663,-6.420149150664959,0.0454915047136749
SZ300070,egarch,340,0.0757268064806692,0.2257968068841826,0.2926793036765032,-6.8099662016382565,0.3108289832510962
SZ300072,egarch,225,0.0771934171572041,0.2159898197136203,0.0840995489400006,-6.455157888987799,0.1551499497966547
SZ300124,egarch,406,0.0609311876634183,0.1952684468627462,0.2387229149488959,-6.692359096770125,0.2504421221869625
SZ300144,egarch,417,0.0953833619241657,0.2491446819378917,-0.3717468085112496,-6.607293171460847,-0.3936016356815719
SZ300251,egarch,225,0.0900251766766172,0.2464270583644109,-0.0344495447683175,-6.769951475222586,-0.0583167162871423
SH600000,har_pooled,417,0.1468234376137657,0.2611040352413884,0.1341684662892501,-8.00932640562063,0.1465532273906306
SH600009,har_pooled,417,0.1384804843436555,0.2435833835572645,0.2111279464400085,-7.029953654824678,0.2188000676130421
SH600010,har_pooled,417,0.1663535400685034,0.2863311853845126,0.1839021881000425,-7.27591668861972,0.1891165497172949
SH600011,har_pooled,417,0.1549303407751037,0.2687131620060738,0.3134864488047946,-7.468813805730448,0.2745362432647978
SH600015,har_pooled,417,0.1495111249737503,0.2713514417098173,0.2419337240057039,-8.643004095744436,0.2494556237455426
SH600016,har_pooled,417,0.1460308835621279,0.2643374577758437,0.167202274285541,-8.701372885837095,0.1758608664931695
SH600018,har_pooled,414,0.1637429925101391,0.2945362548136526,0.4664414270038031,-7.226521013833212,0.4802894977871721
SH600019,har_pooled,417,0.1404652555219397,0.2523673898966783,0.0961272545029728,-7.904481418007039,0.0985204964620281
SH600023,har_pooled,344,0.1280352250788897,0.2446305228328822,0.0641779755399607,-8.611225659840512,0.0826469894142588
SH600028,har_pooled,417,0.1405807274058023,0.2562083785969678,0.179651942157755,-8.67047410270692,0.1516217990225067
SH600029,har_pooled,417,0.1627405276830487,0.2806416453625461,0.1770931146015569,-7.21377252464872,0.1806739656426604
SH600030,har_pooled,410,0.1861497593327145,0.2966771576979132,0.2738338289936095,-7.01410315857954,0.280051476988591
SH600031,har_pooled,417,0.1445178926592081,0.2257258060770202,0.1362682258164363,-6.662253066296639,0.1139380562833866
SH600036,har_pooled,417,0.1283891039365162,0.2228886578900059,0.1397414151758911,-7.544548337031936,0.1441999202513808
SH600038,har_pooled,417,0.1536573404365958,0.2568097653185184,0.3227632305790386,-6.895887347922524,0.3274753932341653
SH600048,har_pooled,417,0.1357927905213492,0.2353976956876397,0.0986973435423235,-6.9824794165296336,0.0997145305813531
SH600050,har_pooled,417,0.1677360009750167,0.2919377393285354,0.2993862742705582,-7.436225263655754,0.3004593142168592
SH600061,har_pooled,415,0.1929985369721348,0.3010256756224824,0.278389272235979,-6.569811875973043,0.2837822277573514
SH600066,har_pooled,417,0.1730262477839182,0.2748453969288448,0.2692281090905871,-6.318319721641178,0.2711542907487075
SH600068,har_pooled,417,0.180905376152907,0.2860791447281701,0.2571756481892198,-7.333771697529037,0.2662686410883048
SH600085,har_pooled,417,0.1730044011475367,0.280275546768961,0.2399984290372855,-7.379996884158811,0.2605246344701065
SH600089,har_pooled,417,0.1506174020881605,0.2776799380400615,0.623835821678743,-7.501474558250367,0.6308233793242959
SH600100,har_pooled,344,0.2034936047415331,0.3152631063122734,0.2300326844183491,-6.814458637909692,0.2398231141676463
SH600104,har_pooled,417,0.1443160539665874,0.264602921470363,0.2316285903311996,-7.163862367258201,0.2352284852806325
SH600109,har_pooled,412,0.1814381423124226,0.2910845165253493,0.3823402446993751,-6.6474437914384845,0.3874703024932907
SH600111,har_pooled,414,0.1854049001552102,0.2908877461186864,0.2666605296973229,-6.673740478783273,0.2549468305175044
SH600115,har_pooled,416,0.1754432462339668,0.2909869087172471,0.2453717487936203,-7.110555124633889,0.2448401365260931
SH600118,har_pooled,417,0.1600905756465643,0.2724498826337964,0.4646332462510074,-6.288064692177493,0.4590376746414053
SH600153,har_pooled,344,0.153367833133973,0.2550163286196462,0.1073230897707001,-7.3556173243286,0.1074290090039943
SH600157,har_pooled,95,0.1201471548282723,0.2742322332426417,-0.0718220223167915,-5.530838283804385,0.0974468236975567
SH600170,har_pooled,417,0.1443361528382352,0.2709944198072324,0.3677200120423808,-8.00010622095573,0.3770365922121073
SH600177,har_pooled,417,0.179487196432897,0.3061370930779709,0.2061330485941369,-7.908010755880404,0.2156996038132524
SH600188,har_pooled,417,0.155023813084023,0.2597868121859593,0.1009012446821416,-7.38784710235416,0.1066143963436564
SH600196,har_pooled,417,0.1704545084886154,0.2713362906247726,0.3643267025599465,-6.507544087484398,0.3672813903761101
SH600208,har_pooled,416,0.3654398300935982,0.3569320449574189,0.0342923629047338,-3.22205219308749,0.0121112696440016
SH600221,har_pooled,417,0.1770724531746431,0.299916948884715,0.3773250765177199,-7.1996627071960795,0.3788276769747184
SH600233,har_pooled,417,0.1687441207931169,0.2744413598396709,0.0955980380307993,-6.250923423314376,0.108150485264807
SH600271,har_pooled,417,0.1463238129870316,0.2491926101939179,0.1985682262829112,-6.992288928070479,0.1979768868419701
SH600276,har_pooled,417,0.1303987359409451,0.2252137845270384,0.0319623547907773,-6.898288242983499,0.0098740998553691
SH600297,har_pooled,417,0.1583885464117495,0.2638852511887379,0.2737699426275815,-6.128573776267612,0.2754326931132095
SH600309,har_pooled,417,0.1269407910105742,0.2216837620872043,0.180180930176751,-6.86111604582651,0.1860529193673874
SH600332,har_pooled,417,0.1637409406269894,0.2470371580441329,0.1815871993837671,-6.718738507969851,0.1850007135307942
SH600340,har_pooled,417,0.1262471229149434,0.233001707628815,0.3364419031226294,-7.251630356792356,0.3367945339414098
SH600352,har_pooled,413,0.1606337502943204,0.2685900768823296,0.387000953477661,-6.915138157102849,0.3881284663711845
SH600362,har_pooled,417,0.1676976050760946,0.2786959794512115,0.2492520778847563,-7.351710939952511,0.2396001542879913
SH600369,har_pooled,417,0.2074159871599942,0.3187778582083309,0.2933220299559641,-6.727827059864199,0.3043107954541723
SH600372,har_pooled,417,0.1634976721050229,0.2747207209974079,0.3009866967717645,-6.872041081444093,0.3051579925887108
SH600383,har_pooled,417,0.1407732630424721,0.2381845410774556,0.1304651777209868,-6.700317712772224,0.1381400511679457
SH600398,har_pooled,417,0.143179848339121,0.26131774095556,0.2796418833664024,-7.489018004595929,0.2781847111958422
SH600406,har_pooled,415,0.1463490977926278,0.2440637005953094,0.1248117272301684,-6.610773470538114,0.1247757153525713
SH600415,har_pooled,225,0.0757377454304424,0.2219645592740059,0.4241983459884341,-7.58330147985312,0.4665569328421538
SH600436,har_pooled,417,0.1568493007866451,0.2714840189225575,0.1632474057139802,-6.762360018959334,0.1811003320505549
SH600482,har_pooled,416,0.1873396946934518,0.3130649630033666,0.1932828678718715,-6.839587382495951,0.2012660535148007
SH600489,har_pooled,416,0.1538592539841468,0.2770096417844485,0.1091905155545139,-7.145614091567045,0.1207635383590081
SH600498,har_pooled,417,0.1756617092492599,0.2943681149514021,0.3906734465531554,-6.736801947293525,0.3937147105404573
SH600516,har_pooled,416,0.1782458833036439,0.2861947167740986,0.0323134798130562,-6.617508405209227,0.0468132788066414
SH600518,har_pooled,79,0.1200875860630533,0.2795569874984973,-0.0981198277490211,-5.531633794020948,-0.2404547744259091
SH600519,har_pooled,417,0.1316260325743111,0.232829902447136,0.1613417872842127,-7.436665700542384,0.1606715298648982
SH600522,har_pooled,417,0.136917433921789,0.2639866187284621,0.4615277770016334,-6.92541720767588,0.4717563738361179
SH600535,har_pooled,344,0.1520882801022555,0.2564179055877358,0.1472147072682318,-6.871739293717061,0.1590588763292776
SH600547,har_pooled,417,0.1496952578914318,0.2620981076583695,0.1280520208567754,-6.971289056878681,0.1319479047093288
SH600549,har_pooled,101,0.1073208514259406,0.2473694759642091,0.316672057697939,-6.603048715573743,-0.144212824540604
SH600570,har_pooled,416,0.1552902022972078,0.2582114498823677,0.1574593138363879,-6.333197757170601,0.1654217080525634
SH600583,har_pooled,417,0.1358731205344628,0.2331197616099561,0.1288515799875936,-7.067773099812756,0.1255295085040483
SH600585,har_pooled,417,0.1389268618119319,0.2268189754577098,0.1125690094945611,-7.177273150678759,0.1123296351260072
SH600588,har_pooled,417,0.156373791632548,0.251483366997418,0.2314636022058652,-5.995658329196058,0.2367860081240195
SH600606,har_pooled,412,0.1650652983187809,0.2745982986972345,0.4139253264539897,-7.167052152758198,0.4207408620193968
SH600637,har_pooled,417,0.1611540589760134,0.2688187988827441,0.2325415837443702,-6.876275490153747,0.2345572549207484
SH600660,har_pooled,417,0.1583190624654365,0.2587095999642089,0.3205720621128543,-7.190246277248306,0.3242614827149664
SH600663,har_pooled,238,0.2006873066077611,0.3047226618106232,0.1961067661129919,-7.503811409570456,0.175338283921129
SH600674,har_pooled,417,0.1238404048970561,0.238520627139162,-0.0604369034422282,-7.989291734994878,-0.0484472777944635
SH600688,har_pooled,225,0.0645472756888441,0.2051822745404766,0.2094546736386786,-8.247538329326986,0.2230093242850112
SH600690,har_pooled,415,0.1310383922091783,0.2226842421761699,0.2330217077019389,-7.034943981591137,0.2374841877775837
SH600703,har_pooled,415,0.1676992890735802,0.2694718488993314,-0.0577979570285591,-5.634418828582025,-0.0463713762247406
SH600704,har_pooled,225,0.0752479732619019,0.2190961491742142,0.2290444676760475,-7.384298800922772,0.2968925119283827
SH600705,har_pooled,417,0.1714501898261428,0.2831435689502497,0.3797488617344176,-7.063175879833637,0.3852950359567126
SH600739,har_pooled,101,0.0987426527906241,0.2559620560879996,0.3457279176528355,-6.813776834788369,0.1395285595123584
SH600741,har_pooled,417,0.1377406561649622,0.2311607051263971,0.098043508143972,-6.430451643002477,0.0857605705589956
SH600795,har_pooled,417,0.1342940107503169,0.2580983374413453,0.2066300346407922,-8.267029189540462,0.2158623930306511
SH600809,har_pooled,417,0.1311638434910273,0.2390767169401288,0.1954683076451735,-6.37542270229067,0.2029457911635714
SH600816,har_pooled,293,0.6212155236086894,0.434369462365818,-0.0613360519377197,-2.9833540979968745,-0.0562307157793715
SH600837,har_pooled,417,0.1710054851034163,0.2886598567803152,0.3190023668547935,-6.9303217366684144,0.3294040017273085
SH600867,har_pooled,417,0.1785101272603614,0.2743278011916239,0.0135243337695476,-6.2251375830429865,0.0116656957076586
SH600886,har_pooled,417,0.1197263531324793,0.2200334020181529,0.0466875558789146,-7.545225980796851,0.0434444326639866
SH600887,har_pooled,417,0.1183840280374887,0.2104427181514537,0.2090215469362241,-7.198582860506029,0.213798305858476
SH600893,har_pooled,406,0.1727727507351709,0.2762083022175022,0.4456259696666335,-6.789955154188933,0.4440190272438546
SH600900,har_pooled,417,0.1418664206221599,0.2518856543071528,0.0895474082706273,-8.077781448027292,0.1073944081419039
SH600919,har_pooled,417,0.1618523038367156,0.2809310869605443,0.3001907363376195,-8.207320288790056,0.294758250813252
SH600926,har_pooled,417,0.1454313216055231,0.2558419328035837,0.4621666712016337,-7.527568001787433,0.4388722675841199
SH600958,har_pooled,416,0.1741330952405028,0.2811315275570326,0.3289160491453348,-6.912962807105223,0.3367785292167128
SH600977,har_pooled,417,0.1624579821415694,0.2665469857806162,-0.00566320405409,-6.745307154618437,-0.0079900531836802
SH600999,har_pooled,411,0.1550388851551516,0.2656866639006072,0.2819094542920306,-6.927045669151768,0.2906161032275289
SH601006,har_pooled,417,0.1324888690846032,0.2419477507055984,-0.0139584525923992,-8.564273807573013,-0.0647854243325471
SH601009,har_pooled,417,0.1607885597915109,0.2779764540038337,0.2230159762883973,-7.711615362138633,0.2186816293310938
SH601018,har_pooled,415,0.1548206183295679,0.2759940621810507,0.4797964676092194,-7.157914894235546,0.4852860201838219
SH601021,har_pooled,417,0.1066474252051528,0.2106806485170705,0.2034295064020117,-7.042962518539232,0.2004725305592684
SH601088,har_pooled,417,0.1202125426528313,0.226497758299908,0.1384912372056612,-7.865141288024483,0.1441541578646779
SH601111,har_pooled,416,0.1649697455288142,0.2749345556070741,0.0903905937937984,-6.981173189276006,0.0916661165557738
SH601117,har_pooled,417,0.156447133999719,0.2521295868918352,0.2405675069194401,-7.245732097422336,0.2221374891887562
SH601155,har_pooled,417,0.2445723735569295,0.2794767603531533,0.0128336259355826,-6.2375287699420445,0.0153665615655036
SH601166,har_pooled,417,0.144938417321182,0.2612397911941636,0.1011521832188387,-7.867350077067786,0.096279261428269
SH601169,har_pooled,417,0.136682524205628,0.2605599017485016,0.165353553476827,-8.581620132271667,0.1739645516530024
SH601186,har_pooled,417,0.1559312321183626,0.2714662007042853,0.2500201157557653,-7.517134546741189,0.2665845687053877
SH601198,har_pooled,417,0.2025881961692075,0.3070374977444567,0.2667842738707301,-6.827213664798575,0.2697194703051899
SH601211,har_pooled,417,0.1587271941028949,0.2677779492876783,0.2796105557334456,-7.299521719638467,0.2821386222120658
SH601216,har_pooled,416,0.2690020879072687,0.3444778384874389,0.3534730522646913,-6.108334143829994,0.3490790678756772
SH601225,har_pooled,417,0.1507735290369687,0.256551644054563,0.1144388559207769,-7.286852363480402,0.1202752505771038
SH601229,har_pooled,417,0.1628807910193683,0.2823288811100898,0.2394705949285791,-8.216053062601079,0.2528427237679339
SH601288,har_pooled,417,0.1349742540201539,0.2527882670545624,0.089722974966968,-8.935963125764372,0.0835725736803377
SH601318,har_pooled,417,0.1219212655076493,0.2221920985437288,0.3217461980644416,-7.806044930058252,0.3220060679480676
SH601328,har_pooled,417,0.148737073372648,0.2833599658868926,0.3032319034736671,-8.846353429745477,0.3040089179763693
SH601333,har_pooled,101,0.0555362098699974,0.1988053749060192,0.2084406903151134,-7.554510258127614,0.3012530629992993
SH601336,har_pooled,417,0.1532534677370391,0.2565454194602656,0.3655033766177751,-7.046336752671878,0.3848307509838469
SH601377,har_pooled,417,0.2027292391597382,0.3055006150111604,0.3003432453338185,-6.751843314081925,0.3009184375363383
SH601390,har_pooled,417,0.1463783209165796,0.2557045782427116,0.285794869404738,-7.85613490531756,0.2991454555408553
SH601398,har_pooled,417,0.1383063287711587,0.2620861399128364,0.1238620494842994,-8.681316955751464,0.1085419942276738
SH601555,har_pooled,411,0.1906530722396377,0.3039094593704957,0.3481992961199226,-6.595512063578253,0.3512380796490985
SH601600,har_pooled,417,0.153129817771172,0.267044480581234,0.3513914750250436,-7.477272045507195,0.3561016155977101
SH601601,har_pooled,417,0.1356679664949638,0.2384346547581561,0.1126931009799255,-7.193622704473641,0.1151989479539279
SH601607,har_pooled,417,0.1866495627239421,0.302633499178668,0.2893305038535855,-7.003471254041948,0.2932204762795448
SH601611,har_pooled,101,0.1049374599427437,0.2610139414393159,-0.0051488757506965,-6.710418355766213,-0.0626557741533131
SH601618,har_pooled,416,0.1881144094540416,0.2911589539918322,0.2673186646411558,-7.538837821998824,0.2625518630288349
SH601628,har_pooled,417,0.1521243641935142,0.2408820066736671,0.324324132730916,-6.731012900421631,0.3277092248299623
SH601633,har_pooled,416,0.1789236066394813,0.2991826581385578,0.3441884838205755,-6.32506562054064,0.3591399486819739
SH601668,har_pooled,417,0.1402595436343925,0.2544181168185697,0.0794118668988514,-7.831520277748518,0.094911308382431
SH601669,har_pooled,417,0.180453243792449,0.2902619625755659,0.2547616758331591,-7.539330703244113,0.2631076312467737
SH601688,har_pooled,417,0.1637266842138637,0.2744994509224456,0.2784051295851799,-7.079214753648431,0.282412412215955
SH601727,har_pooled,417,0.1748801120876135,0.2962979420566484,0.3852827732288439,-7.318052483170228,0.3857401754764729
SH601766,har_pooled,417,0.1420325301989269,0.2632095830891728,0.2575649796867697,-8.049330391610214,0.2722951144460009
SH601788,har_pooled,416,0.1944763789325547,0.2942472305685506,0.3640398907382451,-6.581513752030376,0.3685271668785576
SH601800,har_pooled,417,0.1911556208690389,0.3019167488950012,0.2270299486801507,-7.356392587980387,0.2328917069319589
SH601808,har_pooled,417,0.1433420519735798,0.2486572411983493,0.1600145708445098,-6.657400651795558,0.0974246065315904
SH601818,har_pooled,417,0.1520858578283985,0.2625663670256352,0.2366285404769906,-7.801681601397565,0.2398278082379324
SH601857,har_pooled,417,0.1404644753036108,0.2627320641822869,0.057519228157844,-8.761165181344401,0.0775547211438626
SH601877,har_pooled,417,0.1347563657401446,0.2306019345385639,0.1649414320363438,-7.049121041422508,0.1623670494448419
SH601888,har_pooled,417,0.1422961496791243,0.2382473582641788,0.4599334498713086,-6.508801307938181,0.4652185251603777
SH601898,har_pooled,417,0.1453560843862339,0.260140632972667,0.0890179980724102,-7.790208090974213,0.089361726874242
SH601899,har_pooled,413,0.1792584314576608,0.2781867086854304,0.2705751724625469,-6.8161429020928646,0.2185211831410419
SH601901,har_pooled,415,0.2116791702011782,0.3093061589304812,0.2604803810261892,-6.690373281688739,0.2659305966531958
SH601919,har_pooled,417,0.1535108418593953,0.2524288913591511,0.2150411548387982,-6.80274012662861,0.228467107454945
SH601933,har_pooled,417,0.1672791819320418,0.2602136945273351,0.1011816783737487,-6.881844189744193,0.0963917704880067
SH601939,har_pooled,417,0.1487310822950599,0.262724584983655,0.2107571817051943,-8.329792383600303,0.1956427572990957
SH601985,har_pooled,417,0.1387744892563446,0.2629676420894902,0.3190551434882379,-8.147140269768684,0.3197008050885944
SH601988,har_pooled,417,0.1396750765050089,0.2685697634757265,0.1815325793069343,-8.93351455504408,0.1905486151815445
SH601989,har_pooled,416,0.1980287312412399,0.3219432475743825,0.3758714490389295,-7.0912155516455275,0.3816647896901814
SH601991,har_pooled,101,0.0706770938678819,0.208333850530417,0.1054807926292581,-7.888768841860862,0.0067787111400946
SH601992,har_pooled,417,0.1692643864292648,0.2836702819031181,0.1632311645107974,-7.312771755635926,0.1551269753836673
SH601997,har_pooled,417,0.1581561416975826,0.2709508596349849,0.2263582360209733,-7.86196477610457,0.2198870221033941
SH601998,har_pooled,417,0.1645195963142053,0.282640072492559,0.2788374384113706,-8.118824557860012,0.2840849479686753
SH603160,har_pooled,416,0.1515750294644781,0.2547155022205801,0.025894549640841,-5.91026579358309,-0.0604996022699544
SH603288,har_pooled,417,0.1338994209471923,0.2331797847916684,0.2122509506508181,-6.832949532430632,0.2159254096700368
SH603858,har_pooled,224,0.077662276000172,0.2210975891933444,0.047390889832697,-7.519339193926778,0.0015452458561527
SH603993,har_pooled,417,0.1755788145119959,0.2821865708009078,0.1987421663154323,-6.695277275680263,0.1995387412096231
SZ000001,har_pooled,417,0.0632019657041225,0.1916380716279099,0.1682141195683714,-7.2569790297202,0.1824317735820541
SZ000002,har_pooled,417,0.0734294987680915,0.2110797463964008,0.4040414668631147,-7.3583750479553665,0.4101772709601388
SZ000063,har_pooled,417,0.0804954352841856,0.227830506742852,0.344250784770197,-6.608751212070885,0.3512736800918424
SZ000069,har_pooled,417,0.0659226510268217,0.2003815204461648,0.2738526176477649,-7.336290797294557,0.2943282219285867
SZ000100,har_pooled,416,0.080427597085778,0.224121931152206,0.4201827764703715,-6.5062531751223895,0.4402398436210359
SZ000157,har_pooled,417,0.0620896425696614,0.1902052240887213,0.1903567300588888,-7.1429702954805,0.0596269719714589
SZ000166,har_pooled,417,0.1088112419703493,0.2603595151590945,0.4205109073251314,-7.359342458980845,0.430857175384813
SZ000333,har_pooled,406,0.0547729147503416,0.1808706703302014,0.2515540381459363,-7.357228191684683,0.2456072632173949
SZ000338,har_pooled,417,0.0578019646605503,0.1897695699728761,0.3292794258698606,-6.975990272282373,0.3197240006660784
SZ000402,har_pooled,225,0.0528926810159959,0.1820687883686471,0.0533342341692638,-7.584503777154993,0.1181199703630215
SZ000413,har_pooled,329,0.2725082923456249,0.3244776138110582,-0.0112395076855231,-4.702873408743644,-0.0048415199813038
SZ000415,har_pooled,344,0.0880036593482277,0.2282437776305885,0.3314224247623142,-7.14843326540947,0.3432076646327016
SZ000423,har_pooled,344,0.0945484502062794,0.2225357139677904,0.2364735324946318,-7.381678921690474,0.2452523602230377
SZ000425,har_pooled,417,0.0792459825478053,0.2146098554364405,0.2774583784793317,-6.985217003896813,0.1522143779734543
SZ000503,har_pooled,91,0.6144142490926289,0.4304517592890048,-0.468263104315507,-3.330296958297091,-0.4675544964942548
SZ000538,har_pooled,407,0.0833133408056465,0.222354498090406,0.2964695651629138,-7.234605530388858,0.2889078622324201
SZ000568,har_pooled,417,0.0696854054788013,0.208121994556164,0.3468380509812018,-6.705155757266827,0.3727149111100223
SZ000625,har_pooled,417,0.0807659541816185,0.220609448657232,-0.1050551245411413,-6.303792550731399,-0.0283549745287843
SZ000627,har_pooled,407,0.0897312586338502,0.2384424014924822,0.3414441084855893,-7.067402946347318,0.3635502164480019
SZ000630,har_pooled,344,0.0856058108568192,0.2297485963574426,0.3546577927739396,-7.826702463804208,0.365287108272505
SZ000651,har_pooled,411,0.0809650303177133,0.2107640157660525,-0.0080517371412665,-7.301628623738573,-0.0116663661418967
SZ000671,har_pooled,417,0.0669450203067435,0.2045988309871995,0.2741329619436902,-6.591438527945363,0.2433770362106413
SZ000709,har_pooled,417,0.0971979371083634,0.2478078253117927,0.3492294483451097,-8.053012302590586,0.3543974586240311
SZ000725,har_pooled,417,0.0997239506100661,0.2410205220223757,0.2497932547652885,-6.643802277861065,0.2261737323904359
SZ000728,har_pooled,417,0.115228848489725,0.2569180518569563,0.4745366035430122,-6.886510149464094,0.4873146670752115
SZ000768,har_pooled,417,0.0797492051653556,0.2196742572702088,0.5128862592702786,-7.019583614763586,0.5074403269097336
SZ000776,har_pooled,417,0.097022365438097,0.2406327722030496,0.4074254880999154,-7.312077115971012,0.4108180000461841
SZ000783,har_pooled,417,0.1112317451997915,0.2619121622890229,0.4744782392759857,-6.946133461522127,0.483454398518768
SZ000792,har_pooled,101,0.0589239812627592,0.1893003054531717,-0.3771377626036019,-6.42363113527667,-0.3734320598227125
SZ000826,har_pooled,101,0.1463969234254031,0.2531854532316438,-0.4426173990260049,-6.279454882765779,-0.7919819150173824
SZ000839,har_pooled,101,0.0909047171254372,0.235827658468852,0.1974998144155706,-5.771656205609534,-0.0388640637107107
SZ000858,har_pooled,417,0.0740256217274747,0.2113486591232697,0.3849318502832317,-6.8877033144545825,0.4001376312417023
SZ000876,har_pooled,417,0.0937023481196542,0.2283964193611818,0.3569588993770252,-6.0080454069150075,0.2407505680014687
SZ000895,har_pooled,402,0.0707915820724263,0.2109220805462611,0.3816248644066644,-6.730856578960662,0.3975450656750962
SZ000898,har_pooled,344,0.0738956926937614,0.2122580206194443,0.1537083896965452,-8.08543737679621,0.178700538822133
SZ000938,har_pooled,417,0.0701745492690445,0.2134128995883525,0.2484138651537952,-6.435773731291082,0.1968439392457527
SZ000961,har_pooled,417,0.0597243150052188,0.1955985802694076,0.0611696300029541,-6.375222866975926,0.0473642323010752
SZ000963,har_pooled,417,0.0895857974779856,0.2348833251776719,0.1800318329323165,-6.8238587973884925,0.1717771132641137
SZ000983,har_pooled,101,0.0818794279144565,0.2328673600229367,0.1400288985494557,-7.062344841356085,-0.0219528591649462
SZ001979,har_pooled,411,0.0695705970994229,0.2057808618655006,0.3218973198870632,-7.424349906169274,0.3332373632375852
SZ002007,har_pooled,417,0.0753073631937069,0.2150099797616584,0.4174880944476274,-6.461165783756988,0.4226630379680691
SZ002008,har_pooled,417,0.0571073992368837,0.1935418475528514,0.0071603857765233,-6.4892343910740005,0.0203713779253471
SZ002024,har_pooled,417,0.1011467460098667,0.2555327974096106,0.5254976670311071,-7.610182913916775,0.5338481367976231
SZ002027,har_pooled,417,0.0532780768354495,0.1842685576678628,0.2920034394506634,-6.627537716299184,0.2948972835370244
SZ002044,har_pooled,417,0.0560214275151024,0.185960686954282,-0.0362906177880797,-6.409353593486396,-0.0597038044802753
SZ002065,har_pooled,225,0.0696309056330335,0.2102366608487487,0.4643622477472913,-6.881406289267442,0.4765004421482821
SZ002081,har_pooled,344,0.0951820796369877,0.238380456648896,0.0694627698738064,-7.064500112789545,0.0552941162415171
SZ002142,har_pooled,417,0.0588939099753964,0.1778448360082505,0.3003979155988928,-7.079649433792337,0.1740882897070074
SZ002146,har_pooled,417,0.0612847875387479,0.1937990928147621,0.363892284577584,-7.299722654218351,0.3870721311028743
SZ002153,har_pooled,417,0.0809813011562683,0.2177433744951289,-0.0331031915492705,-6.3284986456841645,-0.0518216918813154
SZ002202,har_pooled,411,0.0601965846918755,0.1996354389530836,0.2774729219601418,-6.905915943730473,0.2613949141887396
SZ002230,har_pooled,417,0.0659063980624752,0.2035027095688932,0.2593116475339269,-6.839459879909556,0.2655001239440433
SZ002236,har_pooled,415,0.066691406342554,0.2100120041652039,0.17613459333488,-6.593717334537127,0.2024789997853766
SZ002241,har_pooled,417,0.0614865308205604,0.1983813482881083,0.2221339848537739,-5.975480034928296,-0.0219070000968091
SZ002294,har_pooled,344,0.0975920299759176,0.24924020083737,0.2013592749000585,-7.416834301940864,0.2255771493169689
SZ002304,har_pooled,417,0.0717227307112846,0.2115199117429646,0.365703901606012,-7.011547476885416,0.3739628081420234
SZ002310,har_pooled,220,0.0903404701623529,0.2437235390543358,0.3344895932904527,-6.794472542716312,0.3523636747847347
SZ002415,har_pooled,415,0.0529873383953748,0.1824020199480383,0.1737070940758571,-6.927096897697113,0.1838969612067489
SZ002450,har_pooled,100,2.4445991921802026,1.138801341305775,-0.0861864506010237,6.881564829781018,-0.1192671454452225
SZ002456,har_pooled,414,0.203051368088934,0.2653969143938074,-0.129515157706167,-5.534216737587252,-0.1248922685829183
SZ002466,har_pooled,411,0.086373835378159,0.2267736472676599,0.4294251307311065,-6.150991688061717,0.4193299712254758
SZ002475,har_pooled,417,0.0510127984357135,0.1788696030834116,0.0557591277064598,-6.272788403465296,-0.0077942461918976
SZ002508,har_pooled,417,0.0514167260527718,0.1801004038245995,0.2698524928530421,-6.76958257370166,0.2830755033251101
SZ002555,har_pooled,417,0.0550032341548385,0.180420055813423,0.2565208613661621,-6.081715247675382,0.2703378725589309
SZ002558,har_pooled,417,0.1200738259207259,0.2850336343908469,0.3830848577547975,-7.031717816045033,0.3836072449820807
SZ002594,har_pooled,417,0.0798311818037906,0.2212296932560805,0.5276248972978328,-6.853252967207199,0.5354362965031962
SZ002602,har_pooled,416,0.0703600958703505,0.2071322051410732,0.4624142005954891,-6.670689404979253,0.4436344616776488
SZ002673,har_pooled,417,0.1230075572019577,0.2728988518470956,0.4794491300554357,-6.9718518274995365,0.492022784637652
SZ002714,har_pooled,417,0.0649425340376709,0.2011223423074941,0.3140282171542469,-6.1570760113357315,0.3260918733189086
SZ002736,har_pooled,417,0.1012291858817411,0.2420054288441019,0.4427756212949602,-6.93912663502197,0.4499375827704178
SZ300003,har_pooled,417,0.0509521218131145,0.1695647427335275,0.0072982392414203,-6.620206356823962,0.0431276139526196
SZ300015,har_pooled,411,0.052387313454324,0.1802287597115094,0.1770545545272692,-6.906967159382163,0.1895345982291724
SZ300017,har_pooled,344,0.1909677947623563,0.2729445215363318,-0.0203906449075619,-5.706509393735479,-0.041228649825735
SZ300024,har_pooled,344,0.0911481123090416,0.2323298313252372,0.3465124762715172,-7.169148035426181,0.3463961919522879
SZ300033,har_pooled,417,0.097564910647293,0.2469456656806799,0.2701037057142919,-6.04515254340716,0.2646258352284026
SZ300059,har_pooled,417,0.0986530077513335,0.2478911460727233,0.3947644715778785,-6.554898247545958,0.3839501946774551
SZ300070,har_pooled,340,0.0650703078845698,0.2052218222067916,0.3922155492632961,-6.822496353109003,0.4040681725764482
SZ300072,har_pooled,225,0.0712281159238841,0.2048154932520645,0.1548778910773859,-6.480791179350693,0.191722331817332
SZ300124,har_pooled,406,0.0482994796504123,0.168741345787304,0.3965440608040788,-6.729324095848334,0.4182962310810459
SZ300144,har_pooled,417,0.0417668543237212,0.1630055435129943,0.3993339303172188,-6.785284400228055,0.4097207227346002
SZ300251,har_pooled,225,0.0806437810106365,0.2226025761715448,0.0733489715381311,-6.76375483463334,0.0510210312265146
SH600000,lstm32,417,0.1377587448156021,0.2452861305112176,0.1876238069052157,-8.113726310072977,
SH600009,lstm32,417,0.1338413242977028,0.236292953751454,0.23755552379569,-7.147464683046515,
SH600010,lstm32,417,0.1638763738358546,0.2750186284650001,0.196054679362595,-7.3502869945761296,
SH600011,lstm32,417,0.1458621186831484,0.2499134241717497,0.3536687482835772,-7.567632398618609,
SH600015,lstm32,417,0.1579238083967952,0.2816515340203936,0.1992788941745041,-8.708339487937856,
SH600016,lstm32,417,0.1527275143574636,0.272545110261132,0.1290121410735323,-8.790740298401486,
SH600018,lstm32,414,0.1558626419326382,0.2842771993026074,0.4921196471485874,-7.383705516242103,
SH600019,lstm32,417,0.1344847111216516,0.2367788134898884,0.1346111562092631,-8.003311492003034,
SH600023,lstm32,344,0.123178084307899,0.2384261756660365,0.0996792940762875,-8.699246292332097,
SH600028,lstm32,417,0.1424988694604122,0.2572788966890765,0.1684587712430638,-8.71274351867101,
SH600029,lstm32,417,0.1537868237607492,0.2717832824883729,0.2223680360509285,-7.351959013751605,
SH600030,lstm32,410,0.1764256077466817,0.2796754341084889,0.311767533280028,-7.169566924672242,
SH600031,lstm32,417,0.1381789592113712,0.2167594838885718,0.1741537646420179,-6.865081749626149,
SH600036,lstm32,417,0.1288961487521584,0.2210150908013851,0.1363440111737386,-7.626487212363151,
SH600038,lstm32,417,0.1384286321409318,0.2388136488420748,0.3898829736339783,-7.039378456359636,
SH600048,lstm32,417,0.1319424159187578,0.2246191004275001,0.1242535814276271,-7.086460029805795,
SH600050,lstm32,417,0.1516007974725179,0.2693158307333921,0.3667811386740092,-7.584319055308234,
SH600061,lstm32,415,0.1824470213995842,0.2876219312426886,0.3178407984018017,-6.772931223142692,
SH600066,lstm32,417,0.1458276839284777,0.2591113613710095,0.3841005414135862,-6.9044700933295395,
SH600068,lstm32,417,0.1648920994033953,0.2672909529805198,0.3229285416342914,-7.576555608209488,
SH600085,lstm32,417,0.1641184493706129,0.2683068909466636,0.2790340678139074,-7.541649298226712,
SH600089,lstm32,417,0.1434639486332804,0.2635888160453307,0.6417014394872301,-7.609625480001856,
SH600100,lstm32,344,0.1853096787414724,0.2964237627066516,0.2988359704321061,-7.026699921847992,
SH600104,lstm32,417,0.1269929177947914,0.2442213399160224,0.3238608970937532,-7.395024120591628,
SH600109,lstm32,412,0.1682276099700496,0.2749867357875609,0.4273121236548534,-6.8390609466234435,
SH600111,lstm32,414,0.1652112040305495,0.2608641114081629,0.3465334694476466,-6.9344243012705595,
SH600115,lstm32,416,0.1679952871497152,0.2853147572796034,0.2774074096665968,-7.275393781331219,
SH600118,lstm32,417,0.1229353938023819,0.2396570872390034,0.588885714008939,-6.7073963125643985,
SH600153,lstm32,344,0.1530555608061361,0.2529232452074011,0.1091406697095133,-7.493151674907605,
SH600157,lstm32,95,0.140287801486331,0.2657237058267575,-0.2514949297831659,-5.417302697616065,
SH600170,lstm32,417,0.1422332404148103,0.2615855689170688,0.3769320453106444,-8.083463134500738,
SH600177,lstm32,417,0.1695497914864237,0.2985090029542175,0.2500859183616006,-8.051430244305182,
SH600188,lstm32,417,0.1500384617313843,0.2448814971926977,0.1298150167459874,-7.505050283263044,
SH600196,lstm32,417,0.1559298076144568,0.2582646113192316,0.4184934393677528,-6.718897545543926,
SH600208,lstm32,416,0.2843237765828557,0.3070735190994597,0.248648833972184,-7.033725732339932,
SH600221,lstm32,417,0.1634391386985203,0.2889964085243441,0.4252665993013735,-7.387807459834258,
SH600233,lstm32,417,0.15694373035709,0.2729668563635783,0.1588434785959831,-6.596760025407456,
SH600271,lstm32,417,0.1339130452735326,0.2261984734761012,0.2665433793272201,-7.215385144567289,
SH600276,lstm32,417,0.1156333727277076,0.2184682145122407,0.1415755909349878,-7.1603306332552,
SH600297,lstm32,417,0.1341239591455115,0.2476323619071854,0.385025920422014,-6.552008022157503,
SH600309,lstm32,417,0.1249803735509077,0.2151911185794501,0.1928418534737797,-6.956494936002002,
SH600332,lstm32,417,0.1344567659886889,0.2236124498194255,0.3279558674010311,-7.253439608375466,
SH600340,lstm32,417,0.1243066386925901,0.2171081633508333,0.3466411376705158,-7.295317947891141,
SH600352,lstm32,413,0.1483649834642667,0.244946351978252,0.4338201453040856,-7.103037181853381,
SH600362,lstm32,417,0.1595185084009169,0.2621074548552322,0.2858682229446873,-7.478264486472454,
SH600369,lstm32,417,0.1853472144769718,0.2949913275013792,0.3685115835412027,-6.947295144574291,
SH600372,lstm32,417,0.1564511692533327,0.2534804300078702,0.3311131149106306,-7.007935768726462,
SH600383,lstm32,417,0.1384969392413008,0.2256427383231372,0.1445256801851785,-6.827808922145224,
SH600398,lstm32,417,0.1386360512792943,0.2493457316343267,0.3025023705812625,-7.574682773632246,
SH600406,lstm32,415,0.1295424269918655,0.2239563535812434,0.2253179921199768,-6.946915961226224,
SH600415,lstm32,225,0.0727194978353492,0.2086397724822999,0.4471447902956148,-7.576113825030455,
SH600436,lstm32,417,0.1363056136922749,0.2558831278048226,0.2728429435085491,-7.116634616740632,
SH600482,lstm32,416,0.1709283251084642,0.2878541074456965,0.2639530642099186,-7.047208814330606,
SH600489,lstm32,416,0.1440499361901388,0.2600412132294095,0.1659841961461443,-7.242427674409384,
SH600498,lstm32,417,0.149953031241055,0.2631002252562463,0.4798504233192527,-6.992661516334189,
SH600516,lstm32,416,0.1638751796158216,0.2694710019837848,0.1103311932466779,-6.845765639344728,
SH600518,lstm32,79,0.1288881951335744,0.2772523603588199,-0.1785954508624114,-5.4855226171912665,
SH600519,lstm32,417,0.126786338498603,0.224702869227905,0.1921780064138367,-7.547360923354791,
SH600522,lstm32,417,0.1162075331944174,0.2469567950244094,0.5429761796142141,-7.05580677678115,
SH600535,lstm32,344,0.1342730716221518,0.2454571219987964,0.2471076626528818,-7.184454435876107,
SH600547,lstm32,417,0.156255091923173,0.2506544192805673,0.089842166329252,-7.068771683995149,
SH600549,lstm32,101,0.0988216537469807,0.2351821036105024,0.3707877228647389,-6.633303939061457,
SH600570,lstm32,416,0.1384833494279765,0.2453901237033956,0.2486463761186012,-6.629523492572435,
SH600583,lstm32,417,0.1338163697890649,0.2258873742996532,0.1420384057200484,-7.214349021837836,
SH600585,lstm32,417,0.1373958521125949,0.2198871539240516,0.1223487269389475,-7.300527007687608,
SH600588,lstm32,417,0.137997352063161,0.2363420400720856,0.3217790094329592,-6.2747892540497165,
SH600606,lstm32,412,0.1366941974114531,0.2522479919366928,0.5146586960462538,-7.5236106715061215,
SH600637,lstm32,417,0.1376795929156906,0.2480275450173761,0.3443332237413707,-7.43630732861673,
SH600660,lstm32,417,0.1501857029184667,0.2417246892842486,0.3554764609833242,-7.377787929805435,
SH600663,lstm32,238,0.1976447074586126,0.2924976148381923,0.2082945068863105,-7.785870576396055,
SH600674,lstm32,417,0.1204339295898689,0.2339933967496029,-0.0312674887474944,-8.085646110729128,
SH600688,lstm32,225,0.0616720769823129,0.1988517434376847,0.2446687841576942,-8.26111654473683,
SH600690,lstm32,415,0.1286018062475681,0.2128485091498609,0.247283242114617,-7.136673291774817,
SH600703,lstm32,415,0.1475948469202936,0.2615092763869711,0.0690149707687342,-6.002272009720227,
SH600704,lstm32,225,0.0719655231709666,0.2154512612266658,0.262674915746402,-7.387815423268369,
SH600705,lstm32,417,0.1615685062200494,0.2753269765060442,0.415497585669194,-7.227134443054239,
SH600739,lstm32,101,0.0805848270899249,0.2349349669176874,0.4660422711398159,-6.874927290038293,
SH600741,lstm32,417,0.1318386095333708,0.219557804040101,0.1366914238924306,-6.649128727738091,
SH600795,lstm32,417,0.1363503391017871,0.2586411997430388,0.1944818446816265,-8.338361346094535,
SH600809,lstm32,417,0.1242792518043353,0.2305857890127025,0.2376969588759161,-6.554856676602708,
SH600816,lstm32,293,0.5465349978476076,0.4111827453125153,0.0662543435943584,-6.10347710667726,
SH600837,lstm32,417,0.1648823046862061,0.2746235912271534,0.343386797382969,-7.028828724869882,
SH600867,lstm32,417,0.1729854759214657,0.2775893659073857,0.0440544453876925,-6.516213537452286,
SH600886,lstm32,417,0.1206040425192468,0.2208793646133817,0.0396990174946154,-7.640130421192377,
SH600887,lstm32,417,0.1146336239928353,0.2022928665280887,0.2340797312097371,-7.350034739255222,
SH600893,lstm32,406,0.1446355306583067,0.2403752926121999,0.5359095591216503,-7.145489327846034,
SH600900,lstm32,417,0.1394781495047883,0.2505736072077714,0.1048745562949969,-8.168317791711468,
SH600919,lstm32,417,0.1553037385178931,0.2686435867790506,0.3285051104007378,-8.287184551542236,
SH600926,lstm32,417,0.140204840433917,0.2481844280787207,0.4814952156678083,-7.641520655682005,
SH600958,lstm32,416,0.1625919585237741,0.2670312680298163,0.3733939332288806,-7.064451713717281,
SH600977,lstm32,417,0.1468742495130262,0.2536764550168358,0.0908047335612254,-7.090628458489632,
SH600999,lstm32,411,0.1321007928588944,0.2544960441766244,0.3881513638493362,-7.085573951319788,
SH601006,lstm32,417,0.1305777471705382,0.2383300442952662,0.000667668319414,-8.645985097194636,
SH601009,lstm32,417,0.1538988893093101,0.263049476173158,0.2563091651834823,-7.818876786429504,
SH601018,lstm32,415,0.1505153060199223,0.2654395858038488,0.494262490905649,-7.30729750024462,
SH601021,lstm32,417,0.0976680690810737,0.2098777363866178,0.2704980748760321,-7.142230520613838,
SH601088,lstm32,417,0.120634628478065,0.2220438330549246,0.135466339561326,-7.917949883349222,
SH601111,lstm32,416,0.1612967990955419,0.2704333732034193,0.1106424685450537,-7.137287905596977,
SH601117,lstm32,417,0.1350576264976032,0.2361703210520939,0.3443973860153797,-7.620614478373935,
SH601155,lstm32,417,0.2160073146783199,0.2581503522747367,0.128130644924401,-6.884498693902995,
SH601166,lstm32,417,0.1357164851971579,0.2457887235772704,0.1583427729146993,-7.959484235588809,
SH601169,lstm32,417,0.1295658438991222,0.2505344391529322,0.208811281254303,-8.657818887310217,
SH601186,lstm32,417,0.14312822876096,0.2495445069259896,0.311598510574545,-7.62548807008644,
SH601198,lstm32,417,0.1880362305570417,0.2836984451683463,0.3194513602789662,-6.982841390210755,
SH601211,lstm32,417,0.1459455899580512,0.2487657407890898,0.3376203552437308,-7.438700642691239,
SH601216,lstm32,416,0.2192062235895072,0.3079639839797929,0.4731537893833639,-6.8643192802869395,
SH601225,lstm32,417,0.1420748615732082,0.2477195668081062,0.1655300651030182,-7.520776043853693,
SH601229,lstm32,417,0.1578198432424289,0.2707680256080786,0.2631013716322332,-8.277009026424162,
SH601288,lstm32,417,0.1290270981798339,0.2459140608080644,0.1298310634689868,-9.004671724831537,
SH601318,lstm32,417,0.1144625604884743,0.2173614941764565,0.3632393290265203,-7.918950823614199,
SH601328,lstm32,417,0.1473533447795318,0.2765633123891841,0.3097140663673732,-8.913696830335198,
SH601333,lstm32,101,0.049751336577081,0.1847065053511566,0.2908926675219563,-7.5633187546704015,
SH601336,lstm32,417,0.1501389564567908,0.2525296729715074,0.3783980074537583,-7.18201246919065,
SH601377,lstm32,417,0.1820731515974149,0.2839296352585148,0.371631290649118,-7.03179650843718,
SH601390,lstm32,417,0.1360689172493626,0.2372486290353821,0.3360962319726289,-7.959202421110076,
SH601398,lstm32,417,0.1336316133126779,0.2552312237633368,0.1534752686148152,-8.738243787636987,
SH601555,lstm32,411,0.1754245159288884,0.2795118464341338,0.400262363375128,-6.7653006227121715,
SH601600,lstm32,417,0.14675253006056,0.2499786188898243,0.3784036091444882,-7.571664112692867,
SH601601,lstm32,417,0.1348261000970724,0.2348317936320441,0.1181991454958205,-7.313426803097848,
SH601607,lstm32,417,0.1618276595399236,0.2806142733140207,0.383840071257564,-7.321147786865923,
SH601611,lstm32,101,0.1046469398598051,0.2686727989242327,-0.0023661141428961,-6.714385605665449,
SH601618,lstm32,416,0.176678290993098,0.2795827945406157,0.3118608694068845,-7.703298981069817,
SH601628,lstm32,417,0.1395536876812484,0.2299365006688147,0.3801580735964279,-7.009561191746883,
SH601633,lstm32,416,0.1624608246998178,0.2790698010304941,0.4045297780028247,-6.477227821723876,
SH601668,lstm32,417,0.1412698989504841,0.245155671415291,0.0727804385474655,-7.904680660481273,
SH601669,lstm32,417,0.1699383902010977,0.2682772687272906,0.2981860649136407,-7.642183416031093,
SH601688,lstm32,417,0.1591617150489566,0.2552812942450828,0.2985243810609869,-7.184428313204533,
SH601727,lstm32,417,0.1628293788235812,0.2793728074477918,0.4276420400671085,-7.504658504663429,
SH601766,lstm32,417,0.1319644913016195,0.2493566089221238,0.3101928153858713,-8.176618948078623,
SH601788,lstm32,416,0.1784258208154975,0.2751230298767461,0.4165270603876545,-6.774010512928671,
SH601800,lstm32,417,0.1835683990151696,0.2813948189266335,0.2577101622103526,-7.469246570181596,
SH601808,lstm32,417,0.144394169506169,0.2475203440190143,0.1538491547299361,-6.801406876816902,
SH601818,lstm32,417,0.1428526849967502,0.2474664474317059,0.2829730245806759,-7.880181584696076,
SH601857,lstm32,417,0.13932226712494,0.2538326651468152,0.0651831534564741,-8.829318039341821,
SH601877,lstm32,417,0.1366257971966492,0.2252770955177774,0.1533569347370832,-7.1447525261318505,
SH601881,lstm32,413,0.1769168158305935,0.2665344393609044,0.2786413940662762,-6.620549113120177,
SH601888,lstm32,417,0.1327608940977057,0.2271873346331409,0.4961232736863908,-6.752131849922395,
SH601898,lstm32,417,0.1385985820622146,0.2401823341668084,0.1313689118381389,-7.872692171225748,
SH601899,lstm32,413,0.1659083926840061,0.2577031516159612,0.3248981387571137,-7.051693183255384,
SH601901,lstm32,415,0.2023433632284365,0.2955603287155584,0.2930958358616056,-6.887956652715304,
SH601919,lstm32,417,0.1409988207476764,0.2418746062163665,0.2790198388426497,-6.968071518404173,
SH601933,lstm32,417,0.1620192167147311,0.2505660157766262,0.1294443291939587,-7.075935598460896,
SH601939,lstm32,417,0.1426275474970298,0.2506291715408998,0.2431456436946067,-8.398812132571946,
SH601985,lstm32,417,0.1364466017412397,0.2533014322136618,0.3304777258262675,-8.206072157115454,
SH601988,lstm32,417,0.1405189368389174,0.2658517342561897,0.1765877301026136,-8.985974722790123,
SH601989,lstm32,416,0.1759115342424571,0.2996196132825331,0.4455783750372319,-7.296301781709058,
SH601991,lstm32,101,0.0572369831304562,0.1906205962080188,0.2755845213746812,-7.921802106257972,
SH601992,lstm32,417,0.162163519207921,0.271762306538695,0.1983347354456696,-7.479031454787592,
SH601997,lstm32,417,0.1523536874460327,0.2627627419669247,0.2547417113283081,-7.958105069033219,
SH601998,lstm32,417,0.1509828277335261,0.2656204664418284,0.3381751156484998,-8.215688437977283,
SH603160,lstm32,416,0.1256288076945996,0.2276055987029594,0.1926394028766387,-6.320319520045188,
SH603288,lstm32,417,0.1207009753261448,0.2281902176941791,0.2898992550073206,-7.090155561233952,
SH603858,lstm32,224,0.0775449287880739,0.222143146036149,0.0488302762253544,-7.521008610456717,
SH603993,lstm32,417,0.1590044862329314,0.2668399278152382,0.2743794828594091,-6.989343602431701,
SZ000001,lstm32,417,0.0606320373378815,0.1839899324078214,0.2020363291301309,-7.255810407867566,
SZ000002,lstm32,417,0.070965909644497,0.2081806584274964,0.4240361145861816,-7.3682283773605795,
SZ000063,lstm32,417,0.0764011774190307,0.218897334109481,0.3776043081413692,-6.615970731042335,
SZ000069,lstm32,417,0.0546852005122686,0.1861610018272837,0.3976347342397609,-7.375600319252227,
SZ000100,lstm32,416,0.0758340824028593,0.2143861568234622,0.4532982620275479,-6.522398312900715,
SZ000157,lstm32,417,0.0535355834328989,0.1806680123498029,0.3019008801639203,-7.193388787524718,
SZ000166,lstm32,417,0.0945304677409841,0.2463837087448353,0.4965651159805621,-7.420185052996104,
SZ000333,lstm32,406,0.0538681917657839,0.1806623783979959,0.2639166496205162,-7.361671231543033,
SZ000338,lstm32,417,0.0562320187347479,0.1883712054067562,0.3474967137923614,-6.9867391512712365,
SZ000402,lstm32,225,0.0497575833292794,0.1753982591867327,0.1094457716360844,-7.590476012088326,
SZ000413,lstm32,329,0.2085619747653021,0.2912017804886591,0.2260561802791294,-6.428029413901129,
SZ000415,lstm32,344,0.0845429750214684,0.2231555064850412,0.3577137852919078,-7.1648129818972635,
SZ000423,lstm32,344,0.0869980135322565,0.215554346808696,0.2974471204197862,-7.432085294204956,
SZ000425,lstm32,417,0.0680156151126167,0.2027803484680921,0.3798535742483921,-7.036087383897002,
SZ000503,lstm32,91,0.5200660918672341,0.3791335584757434,-0.242799716350816,-5.937841960485888,
SZ000538,lstm32,407,0.0807752312691073,0.2194267860819522,0.3179023547814589,-7.23722941337052,
SZ000568,lstm32,417,0.0642364873607579,0.2049357486416828,0.3979108108162253,-6.7431360606933115,
SZ000625,lstm32,417,0.076509717460196,0.2185063925201228,-0.0468204853552822,-6.333333399343667,
SZ000627,lstm32,407,0.0826630445167364,0.2274569506410513,0.3933191642931162,-7.0836949149837105,
SZ000630,lstm32,344,0.0736902955005229,0.2163465714372094,0.4444832953105556,-7.875205233206578,
SZ000651,lstm32,411,0.0669207047272285,0.1965936325290742,0.1668065535665979,-7.395334590440034,
SZ000671,lstm32,417,0.0688279512338139,0.2053939176256999,0.2537168430354475,-6.576703301503967,
SZ000709,lstm32,417,0.0941534472220197,0.2495787536611345,0.3696132591726454,-8.071963795383827,
SZ000725,lstm32,417,0.0906631185022511,0.2351067161839778,0.3179563923379378,-6.701117539933106,
SZ000728,lstm32,417,0.1000470534928347,0.2398004192136762,0.5437682036842828,-6.949897944320472,
SZ000768,lstm32,417,0.0700323265444796,0.206714547578225,0.5722376356685446,-7.052708901699837,
SZ000776,lstm32,417,0.0826603324729795,0.2252639584204409,0.4951431461447239,-7.3633365410833855,
SZ000783,lstm32,417,0.0937776066529579,0.2437948811379208,0.5569414749698736,-7.023503310883642,
SZ000792,lstm32,101,0.0586860555232492,0.1871358300594436,-0.3715770975984065,-6.421170323213075,
SZ000826,lstm32,101,0.1092710759890365,0.2331474783109016,-0.0767736899361872,-6.655145722927615,
SZ000839,lstm32,101,0.0763086440924315,0.2099098183259542,0.3263528782409384,-5.81400537829419,
SZ000858,lstm32,417,0.0667065907498842,0.2061213839373968,0.445744616674837,-6.94723269217023,
SZ000876,lstm32,417,0.0779076650450018,0.2179884444870518,0.4653513846469346,-6.122027703634204,
SZ000895,lstm32,402,0.0672876702124204,0.2019355910009313,0.4122320624393554,-6.735920828393088,
SZ000898,lstm32,344,0.0722483740668222,0.2124770011876283,0.1725743327935638,-8.094488173390902,
SZ000938,lstm32,417,0.0648695130626437,0.2041812441104174,0.3052320663267213,-6.4621982434366325,
SZ000961,lstm32,417,0.0656213581921761,0.2058505158091089,-0.0315283479749592,-6.360579949989355,
SZ000963,lstm32,417,0.0862396178687754,0.2319849480859387,0.2106590175763739,-6.8333685122093915,
SZ000983,lstm32,101,0.0694409685479635,0.217542918907576,0.2706687414771109,-7.0918172063536,
SZ001979,lstm32,411,0.0645400559245031,0.1973874780551887,0.3709298651770895,-7.434555993745138,
SZ002007,lstm32,417,0.0753305858207174,0.2160594743253182,0.4173084645132072,-6.461793048547498,
SZ002008,lstm32,417,0.0563350349494487,0.1910130925523612,0.0205883105537679,-6.491129582478917,
SZ002024,lstm32,417,0.0907678630796985,0.2404131347533465,0.5741873615418469,-7.6417901888662865,
SZ002027,lstm32,417,0.0592593218510098,0.1966508700268347,0.2125204485030269,-6.612780207801928,
SZ002044,lstm32,417,0.0618566767787842,0.1957829760279344,-0.1442317098421526,-6.3893354854099895,
SZ002065,lstm32,225,0.0573371646572718,0.1907580911587641,0.5589322051989151,-6.916944436916209,
SZ002081,lstm32,344,0.0830813116088443,0.2247316911682323,0.1877646099497241,-7.1146401098031395,
SZ002142,lstm32,417,0.0617667018485851,0.1828262431137609,0.2662719561682313,-7.073440769693206,
SZ002146,lstm32,417,0.0570244095345489,0.1887994958197481,0.4081130354021418,-7.309113944177636,
SZ002153,lstm32,417,0.0671142321503938,0.2028255300660955,0.1438032429343897,-6.407476092679334,
SZ002202,lstm32,411,0.0617384731990459,0.1992916440070203,0.2589659551039398,-6.901172688454581,
SZ002230,lstm32,417,0.0634974319947316,0.2013706355225187,0.2863847870214204,-6.842654268133797,
SZ002236,lstm32,415,0.0689557756352951,0.213187889603695,0.1481619409271319,-6.588753610109563,
SZ002241,lstm32,417,0.0559789581988432,0.1918009234630289,0.2918102783640762,-5.994102462564062,
SZ002294,lstm32,344,0.0959502080925031,0.244062220656734,0.2147950628407198,-7.418706994850611,
SZ002304,lstm32,417,0.0676567266029884,0.2044773918278862,0.401662523320068,-7.0200002916538145,
SZ002310,lstm32,220,0.0969152078673201,0.2478796941258287,0.2860555265186294,-6.769639104962663,
SZ002352,lstm32,417,0.0796967191356071,0.2091654746650132,0.3024392841205577,-6.951960468272264,
SZ002411,lstm32,344,0.1248934445628066,0.278200889559665,0.5171669382805015,-6.739204837534285,
SZ002415,lstm32,415,0.0552490483432841,0.186367679727885,0.1384376326948981,-6.921065026406339,
SZ002450,lstm32,100,2.522951631609774,1.0688718325928024,-0.1210000749989101,-5.9313969046757755,
SZ002456,lstm32,414,0.1622629679649145,0.2358023214854643,0.0973787393026206,-6.085008103774164,
SZ002466,lstm32,411,0.0813105660710906,0.2237849674432964,0.4628724612832968,-6.220868986696411,
SZ002475,lstm32,417,0.0457769974309916,0.1738739951270157,0.1526731857361178,-6.2940396272307035,
SZ002508,lstm32,417,0.0510704360448392,0.1811554968222024,0.2747700129958534,-6.771037101666938,
SZ002555,lstm32,417,0.0535014389611553,0.1798364156524994,0.276820638536734,-6.092095542059011,
SZ002558,lstm32,417,0.1088400456333605,0.265410683471186,0.4408017590927033,-7.056809378379257,
SZ002594,lstm32,417,0.068481775268169,0.2095329605429646,0.5947813261109456,-6.891640252940537,
SZ002602,lstm32,416,0.0689997524181105,0.2044819234669343,0.4728078948221804,-6.674784651258151,
SZ002673,lstm32,417,0.103476649121239,0.2515789324153469,0.5621012160206355,-7.052690356288652,
SZ002714,lstm32,417,0.0627848119853398,0.2022242892991445,0.3368196968070834,-6.170788478035991,
SZ002736,lstm32,417,0.0853394242874208,0.2254168175465356,0.5302421207540198,-7.006401723878973,
SZ300003,lstm32,417,0.054888937645964,0.1788955471267312,-0.0694028650499034,-6.613587786902239,
SZ300015,lstm32,411,0.0490249021496186,0.176413591400475,0.2298742333112536,-6.918914938973311,
SZ300017,lstm32,344,0.1523563718658055,0.2544223907278296,0.1859202399159161,-6.418912890857864,
SZ300024,lstm32,344,0.0760046012111002,0.2206453615075459,0.4550840672485786,-7.272632722128997,
SZ300033,lstm32,417,0.0820345764329134,0.230944662323055,0.3862882367807252,-6.1082551526814965,
SZ300059,lstm32,417,0.0833602545463373,0.2378714179724526,0.4885854079895189,-6.6371771180339705,
SZ300070,lstm32,340,0.0550505906447589,0.191281003230752,0.4858039851738567,-6.8453817144650575,
SZ300072,lstm32,225,0.0747354949589742,0.2097668299391445,0.1132628135412368,-6.467730019892152,
SZ300124,lstm32,406,0.0485883912840927,0.1727375235801904,0.3929343854512772,-6.735898861159966,
SZ300144,lstm32,417,0.0409100640326814,0.162977908922414,0.4116557789456159,-6.789511436631654,
SZ300251,lstm32,225,0.0767889167572958,0.2212258407409257,0.1176439423365356,-6.784518507193592,
SH600000,gru32,417,0.1350016471126554,0.2400725503145423,0.2038826697375411,-8.109786222584914,
SH600009,gru32,417,0.133562354796194,0.2383205398477864,0.239144709770731,-7.157501871461992,
SH600010,gru32,417,0.1652540026415033,0.2773785088415058,0.1892963028745606,-7.345069053764055,
SH600011,gru32,417,0.1465473171876144,0.2521752656076911,0.3506325575915459,-7.559863633355782,
SH600015,gru32,417,0.1525240957831525,0.2726335478482694,0.2266570577270973,-8.706993413588327,
SH600016,gru32,417,0.1459380269262572,0.2600263217105544,0.1677318252495857,-8.796444033679768,
SH600018,gru32,414,0.1527500584589647,0.2814069638939319,0.5022620390218882,-7.393425524094133,
SH600019,gru32,417,0.1302618970970567,0.2315661115559625,0.1617843279089202,-8.0058236529757,
SH600023,gru32,344,0.1179142224667235,0.2280388191395908,0.1381533768269645,-8.707391011360338,
SH600028,gru32,417,0.1384222469190348,0.2498803037817532,0.1922475895689308,-8.726327148849515,
SH600029,gru32,417,0.1555737138456391,0.2725792041799603,0.2133325230460188,-7.346857627418317,
SH600030,gru32,410,0.1776409679927849,0.2820016057336846,0.307026439337872,-7.1669464478998925,
SH600031,gru32,417,0.1366968531225272,0.2154529500396168,0.1830117828298716,-6.880058266250351,
SH600036,gru32,417,0.1268472465043162,0.2192839371116678,0.1500724795104532,-7.625368419837183,
SH600038,gru32,417,0.1385695791510633,0.2389026649833582,0.389261756987056,-7.03554674890912,
SH600048,gru32,417,0.1318141420363842,0.2239353323057787,0.1251049785488853,-7.087942770957097,
SH600050,gru32,417,0.1520062709494976,0.2711399513701339,0.3650875232203209,-7.579296533881058,
SH600061,gru32,415,0.1848480526805007,0.2851629532191396,0.308863476826268,-6.786001581208064,
SH600066,gru32,417,0.1466945616749672,0.2622696515574621,0.3804393056294031,-6.902887415198726,
SH600068,gru32,417,0.1617777587637198,0.2640846932955869,0.3357164870020929,-7.572097580296328,
SH600085,gru32,417,0.1635137725144664,0.2682189127665277,0.2816903896042658,-7.551444466633434,
SH600089,gru32,417,0.1400213857399251,0.260319233288955,0.6502991766951807,-7.609796109458982,
SH600100,gru32,344,0.1832235021324458,0.295106148087626,0.3067295246571723,-7.029047726955051,
SH600104,gru32,417,0.127838673368125,0.2463960752012479,0.3193579025601856,-7.391919862531065,
SH600109,gru32,412,0.1669383447907138,0.27545907066328,0.4317010972468277,-6.841759053531919,
SH600111,gru32,414,0.166602560534892,0.2650652648026598,0.3410301810176076,-6.930282393806456,
SH600115,gru32,416,0.1692522960366652,0.2841269601606606,0.272000678780844,-7.274239451937206,
SH600118,gru32,417,0.118347864712594,0.2380518894567029,0.6042270952652036,-6.71949812428755,
SH600153,gru32,344,0.1504212296488702,0.2521290634786071,0.1244737845481033,-7.49618605460364,
SH600157,gru32,95,0.1291169495735447,0.2637733937054234,-0.1518407589850532,-5.485809318191572,
SH600170,gru32,417,0.1406774576897394,0.259692020065059,0.3837473182920088,-8.08008218207228,
SH600177,gru32,417,0.1717708206906887,0.3008409773303828,0.2402623670531236,-8.053830512541454,
SH600188,gru32,417,0.1506834756514422,0.2472076367741191,0.1260740997787832,-7.496692163353068,
SH600196,gru32,417,0.1543658994795845,0.258096167778054,0.4243256971930363,-6.7273693320962735,
SH600208,gru32,416,0.2873608052231042,0.3085314117475234,0.2406232124869346,-7.015867528710739,
SH600221,gru32,417,0.1622996826441543,0.2887173316258345,0.4292734942121478,-7.391258640750312,
SH600233,gru32,417,0.1525981787515074,0.2676981466627767,0.1821339220167988,-6.615305064959149,
SH600271,gru32,417,0.1325954756549723,0.2274623251475837,0.2737598544507333,-7.2147978417618,
SH600276,gru32,417,0.1166059501357326,0.2182199554280887,0.13435549376875,-7.162658133034768,
SH600297,gru32,417,0.1336903769837178,0.2481496685076857,0.3870139454741319,-6.555833328978841,
SH600309,gru32,417,0.1263737749628265,0.2118438543227624,0.1838428781222356,-6.961513581314599,
SH600332,gru32,417,0.1339830485064247,0.2254090544545463,0.3303236103117302,-7.259255235620361,
SH600340,gru32,417,0.1243268505226849,0.2171572989098371,0.3465349037762102,-7.295469307007161,
SH600352,gru32,413,0.1458266082753744,0.2456034220795268,0.4435069114267461,-7.106286385529362,
SH600362,gru32,417,0.1630021610810381,0.2630848829530919,0.2702726215061013,-7.460496247496386,
SH600369,gru32,417,0.1872955729774272,0.2966782489778557,0.361873416209589,-6.947273489644249,
SH600372,gru32,417,0.155445476883578,0.2551487221768822,0.3354128235019679,-7.001994726278677,
SH600383,gru32,417,0.1377387356822966,0.2260706081382769,0.1492089871049817,-6.835932781325284,
SH600398,gru32,417,0.1380737598288123,0.2489168404426467,0.3053313385887504,-7.571594623940856,
SH600406,gru32,415,0.1280847317930789,0.2226293212665155,0.234035215269918,-6.951313529715658,
SH600415,gru32,225,0.0730170544251561,0.2092939378128891,0.4448825949318751,-7.573948369879918,
SH600436,gru32,417,0.1373603959450274,0.2581321462982711,0.2672159385938251,-7.105518409166143,
SH600482,gru32,416,0.1711523599002797,0.2922316023392948,0.2629883316419166,-7.043138659139749,
SH600489,gru32,416,0.1444677588559941,0.2648186922962041,0.163565099576246,-7.240372196986431,
SH600498,gru32,417,0.1515689993423687,0.2680139539880618,0.4742450339725264,-6.990001534736263,
SH600516,gru32,416,0.16525442122468,0.270783867453943,0.1028433708732454,-6.851526736636386,
SH600518,gru32,79,0.1253589779846564,0.2773426360152723,-0.146323144833844,-5.503241748231691,
SH600519,gru32,417,0.1242754988938477,0.2199021336408936,0.2081758771553351,-7.548811959985739,
SH600522,gru32,417,0.1164610348271277,0.2488750576795964,0.5419792022111958,-7.050279708594799,
SH600535,gru32,344,0.1293631248534983,0.2427855237901675,0.274638583441705,-7.194670533788593,
SH600547,gru32,417,0.1556096692744624,0.2537229998919615,0.0936016372848691,-7.072835009141521,
SH600549,gru32,101,0.1010761022479417,0.2381045069366914,0.3564333114459039,-6.626475400189169,
SH600570,gru32,416,0.1374798053231786,0.2453446757241216,0.2540911931524129,-6.637434251824734,
SH600583,gru32,417,0.1338013264653828,0.2264577263564979,0.1421348557581855,-7.220347162226096,
SH600585,gru32,417,0.1374861145430616,0.2184804089650447,0.1217721524951733,-7.309258703931196,
SH600588,gru32,417,0.1382868441770151,0.2373842116175136,0.3203562312036375,-6.276227923288662,
SH600606,gru32,412,0.1339027854091037,0.251261021145321,0.524569779082313,-7.519695863633133,
SH600637,gru32,417,0.1344409054638421,0.247568585705553,0.3597567132788732,-7.440860037543554,
SH600660,gru32,417,0.1485667054221748,0.2421373702509484,0.3624244059320897,-7.379037079464619,
SH600663,gru32,238,0.1935744254355613,0.2920195623599157,0.2245988374075128,-7.798978754154121,
SH600674,gru32,417,0.1157156969691835,0.2273556491486985,0.0091344139607446,-8.093183133087658,
SH600688,gru32,225,0.0589537508794912,0.1945905406256262,0.277961591223185,-8.259548011109217,
SH600690,gru32,415,0.1280060988398085,0.2121888523100804,0.2507699656817329,-7.139380930447578,
SH600703,gru32,415,0.1459741933093903,0.2565146802264734,0.0792375786768232,-6.023856336430373,
SH600704,gru32,225,0.0740084514622015,0.2169336986132377,0.2417440281756919,-7.381811102992473,
SH600705,gru32,417,0.1591445495562539,0.271972151807225,0.4242666741219403,-7.234475144378267,
SH600739,gru32,101,0.0864271432371668,0.2420902732189107,0.4273308911701925,-6.861313491754238,
SH600741,gru32,417,0.1297048694269083,0.2195764093400052,0.1506636293003426,-6.655188839864638,
SH600795,gru32,417,0.1308776913227941,0.2495296690133483,0.2268126564176409,-8.343008446053632,
SH600809,gru32,417,0.122371499808753,0.2286601627092204,0.2493987122002166,-6.566845450243716,
SH600816,gru32,293,0.5553939194038495,0.4089976399728384,0.0511190282784932,-6.15209603884223,
SH600837,gru32,417,0.1651974709863761,0.2741040614811217,0.3421317060370213,-7.028000600945125,
SH600867,gru32,417,0.1691719546290848,0.2742022758229201,0.0651285772328764,-6.532355013958572,
SH600886,gru32,417,0.1201184879886981,0.2191215566677319,0.0435652103933438,-7.642185298261977,
SH600887,gru32,417,0.1129054606461402,0.2009994870694231,0.2456263899378683,-7.351446012725779,
SH600893,gru32,406,0.1469272310290138,0.2444436199628636,0.5285562052772541,-7.135204210446913,
SH600900,gru32,417,0.1351380339818885,0.2419984836796792,0.1327280075126971,-8.175155504492857,
SH600919,gru32,417,0.1533445329213482,0.2635742861792334,0.3369762300164616,-8.288253582088116,
SH600926,gru32,417,0.1358281984496739,0.2423062473906874,0.4976808894371013,-7.642166681485421,
SH600958,gru32,416,0.1609036223511946,0.266905819290844,0.3799005384638052,-7.071381500208899,
SH600977,gru32,417,0.1470136015915513,0.2558408263827024,0.0899421027693512,-7.091658453950495,
SH600999,gru32,411,0.1310953205397125,0.2509452736112572,0.3928083901537568,-7.081224319694275,
SH601006,gru32,417,0.1261114561356406,0.2286728566902329,0.0348489061687633,-8.653364254841199,
SH601009,gru32,417,0.1517547563639469,0.2615956078819007,0.2666703317081473,-7.813244796302574,
SH601018,gru32,415,0.1480536378531254,0.2642989626919834,0.5025337953982825,-7.307764616781327,
SH601021,gru32,417,0.094058754870926,0.2053147563529305,0.2974567491843615,-7.150817944970589,
SH601088,gru32,417,0.1180459033379097,0.2189125044295972,0.1540185583522599,-7.918908724229302,
SH601111,gru32,416,0.1634983699219578,0.2707758299580469,0.0985034576875313,-7.134783060278622,
SH601117,gru32,417,0.1332524488048586,0.233140169056788,0.3531601582094483,-7.6151196737229006,
SH601155,gru32,417,0.213335445017238,0.2577323922863988,0.1389151004495421,-6.8794353312519325,
SH601166,gru32,417,0.1346993078376356,0.2445159267130979,0.1646508840820777,-7.956589487856978,
SH601169,gru32,417,0.1274568283087485,0.2446646354478791,0.2216899018270341,-8.662228992313786,
SH601186,gru32,417,0.1427723963043943,0.2496091214381053,0.3133099520924504,-7.623346253045662,
SH601198,gru32,417,0.1907477509742199,0.2861895866207412,0.3096377114623533,-6.980282438194977,
SH601211,gru32,417,0.146345550230195,0.2481395755612374,0.3358051202437876,-7.432098264511975,
SH601216,gru32,416,0.2190937683241338,0.3085199774235525,0.4734240674322977,-6.8749102768005255,
SH601225,gru32,417,0.1398683797509185,0.2465771512746441,0.1784897310299047,-7.523720035166235,
SH601229,gru32,417,0.1569701853679558,0.2693659148988498,0.267068627646544,-8.272487497737721,
SH601288,gru32,417,0.1311383718030943,0.2460355199977333,0.1155924674733003,-9.008152002520088,
SH601318,gru32,417,0.1123764297717206,0.211615400620782,0.3748445734773664,-7.923188810355405,
SH601328,gru32,417,0.1497211324615065,0.2795138576128892,0.2986220172989169,-8.911948670379116,
SH601333,gru32,101,0.049703392615669,0.1827138961451532,0.2915760142805418,-7.5610934168034705,
SH601336,gru32,417,0.1477601236972285,0.2501801052143979,0.3882467983217285,-7.186216233572853,
SH601377,gru32,417,0.1808166391654858,0.2846511217235386,0.3759677515067869,-7.029329080746188,
SH601390,gru32,417,0.1346179350818989,0.2345666629799131,0.3431758247833387,-7.953981951516638,
SH601398,gru32,417,0.1325966454557692,0.2527623398276434,0.1600315457212803,-8.741128267385093,
SH601555,gru32,411,0.1754688309837769,0.2820755838776955,0.4001108599997589,-6.769106771214131,
SH601600,gru32,417,0.1471303751223165,0.2499124841605569,0.3768031793148045,-7.563885769722965,
SH601601,gru32,417,0.1332416579061517,0.2351692706246894,0.1285618458695647,-7.316114253318023,
SH601607,gru32,417,0.1613939704109775,0.2817952613475654,0.3854913456042829,-7.322298721175442,
SH601611,gru32,101,0.1088791357164914,0.2733876177833582,-0.0429044205744222,-6.704008586760612,
SH601618,gru32,416,0.1752204532997558,0.2766503064298583,0.3175389589854258,-7.692615200062709,
SH601628,gru32,417,0.1379888554834138,0.2297401809142948,0.3871084352824591,-7.011376159309206,
SH601633,gru32,416,0.1651330366389977,0.2822611261637091,0.3947352774542336,-6.475624196174771,
SH601668,gru32,417,0.1366290231812598,0.2392132372002973,0.1032406485954964,-7.912218375464052,
SH601669,gru32,417,0.1702875113954344,0.2676280101787661,0.2967442593338096,-7.632992175998691,
SH601688,gru32,417,0.1589495498304645,0.2598225059732781,0.2994594597506914,-7.180478806875222,
SH601727,gru32,417,0.1629861399379178,0.2791006590382178,0.4270910125298989,-7.504752145607888,
SH601766,gru32,417,0.1301040011598882,0.2439366582005497,0.319918003230052,-8.174436476131069,
SH601788,gru32,416,0.1792062022321907,0.2762496158062734,0.4139751234699161,-6.7657835466628065,
SH601800,gru32,417,0.1850242460111285,0.2856641708209106,0.2518231988970889,-7.458766463454656,
SH601808,gru32,417,0.1445033780997976,0.2462427762817965,0.1532091916059017,-6.811160657544736,
SH601818,gru32,417,0.1432272338209763,0.2467597115432647,0.2810930346414754,-7.873709608252648,
SH601857,gru32,417,0.1380164007530021,0.2521525982219119,0.0739451834536423,-8.834325866542802,
SH601877,gru32,417,0.1323609355359539,0.2219711476672753,0.1797854396272409,-7.154512077588522,
SH601881,gru32,413,0.1798216052322496,0.2683800434834241,0.2667974389087507,-6.6235505470269445,
SH601888,gru32,417,0.1281353818091627,0.2238026880015901,0.51367880466797,-6.760602656423121,
SH601898,gru32,417,0.1387086817934229,0.2403592418724598,0.1306788899930177,-7.865738887916487,
SH601899,gru32,413,0.1689582763321479,0.2597687790079749,0.3124877832945278,-7.047076650342034,
SH601901,gru32,415,0.2060246997837368,0.2955590729923688,0.280234765950463,-6.891537028655063,
SH601919,gru32,417,0.1445315397560936,0.2463869326251341,0.2609557138626946,-6.965697854449457,
SH601933,gru32,417,0.1604327012263229,0.2528300274988145,0.1379689356157215,-7.085436886281489,
SH601939,gru32,417,0.1418481380786612,0.2484590864621375,0.2472815867434068,-8.399259057943038,
SH601985,gru32,417,0.1322712752391289,0.2459384142533996,0.3509654042252684,-8.209976824555199,
SH601988,gru32,417,0.1418080058811009,0.2669308535684014,0.1690340487984664,-8.988084613649098,
SH601989,gru32,416,0.1770798612006711,0.3014502408405938,0.441896150710952,-7.298409384706844,
SH601991,gru32,101,0.0607958279039424,0.1913010672927677,0.2305422759778175,-7.905492785838078,
SH601992,gru32,417,0.1610142092349453,0.2718028973039812,0.2040164195139536,-7.47852080432672,
SH601997,gru32,417,0.1492597087297584,0.2571898658892604,0.2698763189766726,-7.953674433374335,
SH601998,gru32,417,0.1516119530737109,0.262824903752626,0.3354173794757128,-8.203522389214594,
SH603160,gru32,416,0.1255780301379456,0.2282426269184497,0.1929657276998461,-6.3234900210361324,
SH603288,gru32,417,0.1200146663592144,0.2264203992893652,0.2939369067942724,-7.094421183074927,
SH603858,gru32,224,0.0782700102909474,0.2221726197882887,0.0399363925945216,-7.515566303187905,
SH603993,gru32,417,0.1605442283877318,0.2676821889273434,0.2673528352150612,-6.99930738666752,
SZ000001,gru32,417,0.06136926614884,0.1842835578459032,0.1923338379374769,-7.251462794425467,
SZ000002,gru32,417,0.0705889179747556,0.2066358899643622,0.4270958032164073,-7.363279510320768,
SZ000063,gru32,417,0.0777557298143654,0.2228113896681045,0.366569562294074,-6.618342416369131,
SZ000069,gru32,417,0.0558534150955902,0.1884895875322517,0.3847666843587031,-7.370217978023409,
SZ000100,gru32,416,0.0788829241859178,0.2185370125255111,0.4313186052718114,-6.516592703723966,
SZ000157,gru32,417,0.0537349186596055,0.1812173374812624,0.2993015670082009,-7.191772311419617,
SZ000166,gru32,417,0.0963225726983052,0.2458842254343735,0.4870210168884926,-7.4113188250485695,
SZ000333,gru32,406,0.0534375670244633,0.1760835225994955,0.2698009329416606,-7.357857989818037,
SZ000338,gru32,417,0.0573712966190164,0.1894699558260353,0.3342767978064982,-6.981121417352618,
SZ000402,gru32,225,0.0496079346887869,0.1751077614875568,0.112124161956562,-7.58724604934472,
SZ000413,gru32,329,0.2149540272016881,0.2977554535040026,0.2023361829783764,-6.388528620276754,
SZ000415,gru32,344,0.0852800629412573,0.2224955933801482,0.3521140129892645,-7.156784237957538,
SZ000423,gru32,344,0.0866907699662514,0.215097977937983,0.2999282673249319,-7.426237129903679,
SZ000425,gru32,417,0.068999522721831,0.2049646094405134,0.3708825933035935,-7.032708781384142,
SZ000503,gru32,91,0.513593147014764,0.3616193888164287,-0.2273313477099741,-5.971479030349807,
SZ000538,gru32,407,0.0815047612593121,0.2199435329758162,0.3117419182142494,-7.233993676201914,
SZ000568,gru32,417,0.0617938348811192,0.2009937800385401,0.4208058150630152,-6.74733351158501,
SZ000625,gru32,417,0.0734464981950313,0.2118139437967945,-0.0049089375891107,-6.342279542406932,
SZ000627,gru32,407,0.0854575563326134,0.2304026454034077,0.372809675757332,-7.075719672561898,
SZ000630,gru32,344,0.07495747997696,0.2166889892353039,0.4349305836569704,-7.864696131130954,
SZ000651,gru32,411,0.0677628412064577,0.1974594214744495,0.1563215684135532,-7.390014602580009,
SZ000671,gru32,417,0.0679336605764152,0.2029695487776553,0.2634133986220033,-6.579894455267605,
SZ000709,gru32,417,0.090975058633286,0.2407380147186714,0.3908935636399907,-8.06741635507774,
SZ000725,gru32,417,0.091617344761138,0.2362887819108786,0.3107779064123636,-6.699968991836403,
SZ000728,gru32,417,0.100726835973685,0.2399447529160578,0.5406682784839417,-6.947082451774403,
SZ000768,gru32,417,0.0707589325170933,0.2064115288303389,0.5677994754057238,-7.048316060508864,
SZ000776,gru32,417,0.0843966024906194,0.2260623138718715,0.4845386906299158,-7.354159085421116,
SZ000783,gru32,417,0.0954841972894744,0.2449351050825622,0.5488785742707396,-7.0166915007588475,
SZ000792,gru32,101,0.0604186138295488,0.1911921542985716,-0.4120694645156715,-6.419912735427643,
SZ000826,gru32,101,0.1073137390722013,0.22901960559318,-0.0574857962707096,-6.662753123240633,
SZ000839,gru32,101,0.0740458749798019,0.2088222649945013,0.3463284382585146,-5.826350051854837,
SZ000858,gru32,417,0.0657697414889071,0.2035356016449178,0.4535287612462138,-6.945247030206878,
SZ000876,gru32,417,0.0760104382344179,0.2149077371588616,0.4783712805288539,-6.130460448851917,
SZ000895,gru32,402,0.0685063866693658,0.2050275318135921,0.4015863905635324,-6.7319889908991595,
SZ000898,gru32,344,0.0694125563063301,0.2061350813648245,0.2050515813525532,-8.090786950230488,
SZ000938,gru32,417,0.0648594907393849,0.2047835223097148,0.3053394077956548,-6.4614183372037886,
SZ000961,gru32,417,0.0627355297010453,0.200719844116799,0.013835143089604,-6.36928618383935,
SZ000963,gru32,417,0.087815689806395,0.2339504596776272,0.1962334182711453,-6.8262071155786215,
SZ000983,gru32,101,0.0733086351309123,0.2223402195763328,0.2300470422774427,-7.082295412902095,
SZ001979,gru32,411,0.0668418644975473,0.2003429183041368,0.3484942008653747,-7.425722736466589,
SZ002007,gru32,417,0.0758372111033743,0.2166442109012931,0.413389654369206,-6.456556321461885,
SZ002008,gru32,417,0.056449848618809,0.1918730129432866,0.0185922196667996,-6.49352548392233,
SZ002024,gru32,417,0.0913734484701153,0.239993096917087,0.5713464230846017,-7.632479611279604,
SZ002027,gru32,417,0.0564508802367266,0.1906093546164002,0.2498409961188353,-6.620942741504199,
SZ002044,gru32,417,0.0590153641093635,0.1903223602714131,-0.0916727910118657,-6.39698311835679,
SZ002065,gru32,225,0.0594291953423644,0.1958169377668463,0.5428391987441044,-6.912481431095742,
SZ002081,gru32,344,0.0844585679878069,0.2274582347632012,0.1743000130325175,-7.111196205413007,
SZ002142,gru32,417,0.0614182203999568,0.1818906424867285,0.2704115751532396,-7.07132303852369,
SZ002146,gru32,417,0.0579790435008495,0.188719702305188,0.3982043768955893,-7.303358298175504,
SZ002153,gru32,417,0.066890603296357,0.2027420279012806,0.1466561445243761,-6.410901059333561,
SZ002202,gru32,411,0.0617465989883671,0.1995362125097404,0.2588684229458436,-6.902817020352213,
SZ002230,gru32,417,0.0646351074786567,0.2027936517315767,0.2735990332159892,-6.842088187103394,
SZ002236,gru32,415,0.0675103068342558,0.2096464569342028,0.1660183906093165,-6.594511725572312,
SZ002241,gru32,417,0.0546295508464766,0.1896179694300326,0.3088816288856683,-5.999130294025634,
SZ002294,gru32,344,0.0976444111077994,0.2474865240760791,0.2009306158675748,-7.409434957409095,
SZ002304,gru32,417,0.0691087448047532,0.2062260036263083,0.3888212738160032,-7.015983782963564,
SZ002310,gru32,220,0.0944728633438084,0.247093890884134,0.304047526053788,-6.780219484081636,
SZ002352,gru32,417,0.0811146873525493,0.2113514459034156,0.290028247189144,-6.948161523396348,
SZ002411,gru32,344,0.134485391851804,0.2903540232386772,0.4800848536794188,-6.703228345624887,
SZ002415,gru32,415,0.0540571845857389,0.1842971502241001,0.1570237439718826,-6.924349337141859,
SZ002450,gru32,100,2.505810408654978,1.0647176047908595,-0.1133838718275321,-5.940855608856949,
SZ002456,gru32,414,0.1654128406036895,0.239917055049165,0.0798569224154672,-6.074595701299777,
SZ002466,gru32,411,0.0781670776705834,0.2206241879006774,0.4836379567057826,-6.239603025182354,
SZ002475,gru32,417,0.0459279556595881,0.1740136925308519,0.149878966759296,-6.293946303495303,
SZ002508,gru32,417,0.051071509744233,0.1823363426592098,0.2747547658380509,-6.77254154793216,
SZ002555,gru32,417,0.0522249267636942,0.1766036599173643,0.2940752637166327,-6.094585814903039,
SZ002558,gru32,417,0.1119654803699891,0.2702174897637206,0.4247439046823813,-7.049400436811871,
SZ002594,gru32,417,0.0723324706172102,0.213518656956434,0.5719960864354413,-6.880344862026583,
SZ002602,gru32,416,0.0693184646255415,0.2038978547504435,0.4703727765254764,-6.67474756191756,
SZ002673,gru32,417,0.1066057534358998,0.2544128763255686,0.5488592818647556,-7.043337494148415,
SZ002714,gru32,417,0.0620285919077748,0.1993939290137232,0.3448074607974761,-6.172666826247425,
SZ002736,gru32,417,0.0883850038284517,0.2284971244719754,0.5134774777040367,-6.998538670719529,
SZ300003,gru32,417,0.0528381194410849,0.1750828248529796,-0.0294467107125733,-6.619430004936577,
SZ300015,gru32,411,0.0495315358037468,0.1760500263698031,0.2219155915963748,-6.916022604398847,
SZ300017,gru32,344,0.1490141158863893,0.2524688737749629,0.2037787837532505,-6.425591264006384,
SZ300024,gru32,344,0.0762894782916565,0.2205922422621284,0.4530416374798903,-7.2734897445229105,
SZ300033,gru32,417,0.0822782138811611,0.2313369543963868,0.3844655520732273,-6.1163089661728725,
SZ300059,gru32,417,0.0838417022694485,0.2379867032903216,0.4856317294981417,-6.637854948510328,
SZ300070,gru32,340,0.0576375284115304,0.1947588691217201,0.4616408822044288,-6.840158169578788,
SZ300072,gru32,225,0.0727180048308003,0.2053830853232806,0.13720034845617,-6.476232307737523,
SZ300124,gru32,406,0.048636039656126,0.1725858412547421,0.3923390644808517,-6.735024585862727,
SZ300144,gru32,417,0.0396437955541274,0.1590644045527925,0.4298664994437655,-6.792609984729183,
SZ300251,gru32,225,0.0786789995369812,0.2217862186190652,0.0959256259366317,-6.779470967361416,
SH600000,lstm4,417,0.137867577640725,0.2426816642491387,0.186982009563962,-8.110447455404568,
SH600009,lstm4,417,0.1313054659318264,0.2345825795941165,0.2520013701263672,-7.157046791327914,
SH600010,lstm4,417,0.1651434277378813,0.2775626609612909,0.18983876164556,-7.347832035985959,
SH600011,lstm4,417,0.1461514734871387,0.2523775045070117,0.3523865850026539,-7.56777941138408,
SH600015,lstm4,417,0.1573328405406066,0.278440920893058,0.2022752785709953,-8.70637123864484,
SH600016,lstm4,417,0.1504523240471469,0.2665007007706165,0.1419872958475104,-8.796918308423836,
SH600018,lstm4,414,0.1535356012141724,0.2824605856769479,0.4997023382061712,-7.405683349229039,
SH600019,lstm4,417,0.1332802498227392,0.2354599876111817,0.1423616831068046,-8.007161488247613,
SH600023,lstm4,344,0.1218242830797626,0.2335079183467693,0.109574360104019,-8.70570100934373,
SH600028,lstm4,417,0.14302489370117,0.2567421912571337,0.1653891971111987,-8.724368176171444,
SH600029,lstm4,417,0.1529683088409713,0.2691242675345415,0.2265069040568039,-7.359181157790964,
SH600030,lstm4,410,0.1744806905770988,0.2778964202931713,0.3193546129465469,-7.178311228994726,
SH600031,lstm4,417,0.1358159969190109,0.215729916421401,0.1882763454211478,-6.877463445731714,
SH600036,lstm4,417,0.1282594250732738,0.2197665168783795,0.1406103156663076,-7.629050235046288,
SH600038,lstm4,417,0.1385238050013884,0.2394715398779218,0.389463504180914,-7.034587208439436,
SH600048,lstm4,417,0.1316239752444556,0.2251198402464602,0.1263671798342206,-7.088068320604824,
SH600050,lstm4,417,0.153474548947585,0.2734633753487988,0.3589546971563451,-7.583851196277789,
SH600061,lstm4,415,0.1798948345933654,0.2814954298135129,0.3273832820263855,-6.788620327515245,
SH600066,lstm4,417,0.1437704768151031,0.2561868353896679,0.3927891025509146,-6.916207336010059,
SH600068,lstm4,417,0.1634285772436304,0.2681114304008389,0.3289379810595145,-7.57565758840957,
SH600085,lstm4,417,0.1616466296449474,0.2687332263238808,0.2898926752376595,-7.560779744597972,
SH600089,lstm4,417,0.1389143573897399,0.2580516688817094,0.6530639595419996,-7.61446211113699,
SH600100,lstm4,344,0.1826532302425305,0.2963500905670268,0.3088872864049553,-7.029762453907229,
SH600104,lstm4,417,0.1276394388079519,0.2469260797785865,0.3204186725552576,-7.395968570861149,
SH600109,lstm4,412,0.1634911634919864,0.2711277450559464,0.4434361444111808,-6.861970054037067,
SH600111,lstm4,414,0.1646721741934754,0.2621578120388116,0.3486655158761197,-6.934299896305647,
SH600115,lstm4,416,0.1672694358886364,0.2820692709076162,0.2805294897668097,-7.284486091962264,
SH600118,lstm4,417,0.1184418985081722,0.2365178708055236,0.6039126322327728,-6.715586028707577,
SH600153,lstm4,344,0.1500838458500939,0.251326624108898,0.1264375257114143,-7.497841321381888,
SH600157,lstm4,95,0.1400514410441871,0.2762244052095903,-0.2493863794187696,-5.442610074608004,
SH600170,lstm4,417,0.1417114612398412,0.2612810849586173,0.3792177549126992,-8.083822338715853,
SH600177,lstm4,417,0.176771878895221,0.3101931995140092,0.2181428236565026,-8.066565472174714,
SH600188,lstm4,417,0.1507812831980183,0.2473871733607618,0.1255068408419924,-7.5040368414716045,
SH600196,lstm4,417,0.1547784936321869,0.2582423075171601,0.4227870163578106,-6.729540924730698,
SH600208,lstm4,416,0.2848063388590395,0.3057228038977959,0.2473736197314007,-7.032824648685779,
SH600221,lstm4,417,0.1618317334882889,0.2862108128148848,0.4309190364723814,-7.402769790013205,
SH600233,lstm4,417,0.151752370490118,0.2673515139168226,0.1866671208474006,-6.620017717705372,
SH600271,lstm4,417,0.1332416281428303,0.2275783402848846,0.270220805516288,-7.212865200441918,
SH600276,lstm4,417,0.1157426515110141,0.2186443137172539,0.1407643409232446,-7.165243221555064,
SH600297,lstm4,417,0.1354149364571998,0.2498441972249344,0.3791066380725404,-6.542575634798833,
SH600309,lstm4,417,0.1269924435359825,0.2156583116925729,0.1798473437464381,-6.953452326184188,
SH600332,lstm4,417,0.1337712734612897,0.2265364701057393,0.3313821080040353,-7.271753509458182,
SH600340,lstm4,417,0.1241814602778251,0.2178635837902944,0.3472990786101088,-7.303728011707474,
SH600352,lstm4,413,0.1462540073520849,0.2455577928594232,0.4418759015920882,-7.108211521063594,
SH600362,lstm4,417,0.1605976560794564,0.2641401059601482,0.2810370992267821,-7.467178405961819,
SH600369,lstm4,417,0.1863622418566252,0.294758471244477,0.3650533279939132,-6.953033279797631,
SH600372,lstm4,417,0.154620209755625,0.2559851029558967,0.3389411471394175,-7.000864751759954,
SH600383,lstm4,417,0.1356617241993013,0.22703049042606,0.1620383679952499,-6.8312796416355415,
SH600398,lstm4,417,0.1400417834846034,0.2511065763251668,0.2954299325555618,-7.569993596923571,
SH600406,lstm4,415,0.1281476154509667,0.2222467736630718,0.2336591621150825,-6.950230591367045,
SH600415,lstm4,225,0.0723281250041736,0.2125324869659678,0.4501202303783019,-7.585737678975589,
SH600436,lstm4,417,0.1354185797083464,0.2557961486998219,0.2775750525045701,-7.120737253582814,
SH600482,lstm4,416,0.1685602804602055,0.2903116350949861,0.2741502740992617,-7.054191284500342,
SH600489,lstm4,416,0.1435731658802634,0.2623405298727262,0.1687445859370814,-7.235195178661572,
SH600498,lstm4,417,0.1510781492025988,0.2670257060844718,0.4759476703934239,-6.997892324374264,
SH600516,lstm4,416,0.1611419503806409,0.2677829664090412,0.1251697355930363,-6.855588351922273,
SH600518,lstm4,79,0.1274673983173213,0.2840999406036642,-0.1656032240529641,-5.497281416049188,
SH600519,lstm4,417,0.1263750386419963,0.2253334370094784,0.194798612656278,-7.544382790330125,
SH600522,lstm4,417,0.1145217143954666,0.2451832340243015,0.5496062088971321,-7.059762710463088,
SH600535,lstm4,344,0.1334539859270113,0.2472811021193507,0.2517004178200331,-7.19870594075046,
SH600547,lstm4,417,0.1496654592544302,0.2495051395537589,0.1282255925629248,-7.072214891836542,
SH600549,lstm4,101,0.102089036352268,0.2410561080088677,0.3499838082226227,-6.628081102501012,
SH600570,lstm4,416,0.1376112322133968,0.245397400848392,0.2533781249702175,-6.632963243204321,
SH600583,lstm4,417,0.1318901579688264,0.2283533936744332,0.1543882831439966,-7.219915465991109,
SH600585,lstm4,417,0.1348527002005505,0.2180282019216839,0.1385937625704767,-7.30836954974506,
SH600588,lstm4,417,0.1349841604261857,0.2354428361967744,0.3365880603766498,-6.284903494881326,
SH600606,lstm4,412,0.1361713413716914,0.2537426988656988,0.5165151291423433,-7.520168053566855,
SH600637,lstm4,417,0.1358760897026867,0.2483784719805385,0.3529219848830923,-7.437668939907905,
SH600660,lstm4,417,0.1487138556436475,0.243875728317065,0.3617929091939338,-7.373687406185845,
SH600663,lstm4,238,0.1911367609019104,0.2891561880159075,0.2343633913208219,-7.817582718179245,
SH600674,lstm4,417,0.1169197136326519,0.2303781034726255,-0.0011754982473315,-8.093393386974332,
SH600688,lstm4,225,0.0592779532572615,0.1938616770097166,0.2739909097063214,-8.260976531762582,
SH600690,lstm4,415,0.1280877993562086,0.2136570236699347,0.2502917659610862,-7.135511151109905,
SH600703,lstm4,415,0.145277182867943,0.2547875111953372,0.0836341162236639,-6.019595426005642,
SH600704,lstm4,225,0.0738307180609861,0.2172640520317145,0.2435650014591697,-7.383363047922208,
SH600705,lstm4,417,0.157914325880719,0.2704148976726875,0.4287172240796019,-7.24087214493839,
SH600739,lstm4,101,0.0838501262133431,0.2385773312785901,0.4444062911799167,-6.864553477817855,
SH600741,lstm4,417,0.1294508818158915,0.2203958131338186,0.1523267967411397,-6.652300114154916,
SH600795,lstm4,417,0.1324077249379277,0.2534182527412729,0.2177736627242152,-8.34255375474598,
SH600809,lstm4,417,0.1236440689570362,0.2331006347124534,0.2415930381420538,-6.565297174374218,
SH600816,lstm4,293,0.5441619748444985,0.397785119374532,0.0703086126355547,-6.228104747458795,
SH600837,lstm4,417,0.1644494741614162,0.2734228463338161,0.3451104646837969,-7.0277939097045525,
SH600867,lstm4,417,0.1716959243131454,0.2773474252348284,0.0511807149247751,-6.523955559016862,
SH600886,lstm4,417,0.1188292384070154,0.2191089807939834,0.053830767120325,-7.642942917539775,
SH600887,lstm4,417,0.1125387521571143,0.2026279953999178,0.2480765389840149,-7.350064271401712,
SH600893,lstm4,406,0.1444324233884097,0.2440669949791313,0.536561267190913,-7.138955960566143,
SH600900,lstm4,417,0.1371790602980974,0.2458336518710417,0.1196293637939732,-8.173601219042897,
SH600919,lstm4,417,0.1557128747042371,0.2669841436735892,0.326736106892503,-8.298135359241504,
SH600926,lstm4,417,0.1383804369023172,0.2465951752146674,0.4882422149636911,-7.645993768863512,
SH600958,lstm4,416,0.1589104484425534,0.2619954605600603,0.3875819445716104,-7.083731397791288,
SH600977,lstm4,417,0.1479958234412483,0.2547082934788323,0.0838618575303242,-7.091156692021195,
SH600999,lstm4,411,0.1312009682640002,0.2506186572562676,0.3923190636734315,-7.088425854588805,
SH601006,lstm4,417,0.1292761073375221,0.234691595600725,0.010629325627205,-8.651065348145831,
SH601009,lstm4,417,0.1550392305075277,0.2649129857115248,0.250798655643848,-7.817262688245896,
SH601018,lstm4,415,0.1455369419204654,0.2618609887056289,0.5109899954073559,-7.323993406871336,
SH601021,lstm4,417,0.0954926092971275,0.2062210143126021,0.2867470098181287,-7.147226801051723,
SH601088,lstm4,417,0.1212380246212298,0.2222327193105205,0.1311420731137388,-7.921717241682558,
SH601111,lstm4,416,0.1596273517043333,0.2654925135884659,0.1198474597108102,-7.148479410493209,
SH601117,lstm4,417,0.1317798033076549,0.2323024409770326,0.360308738134008,-7.629510451476506,
SH601155,lstm4,417,0.2111447978784316,0.254559823235688,0.1477571996671248,-6.904815942847591,
SH601166,lstm4,417,0.1374387605207644,0.2474562579320744,0.1476619372664853,-7.960856149034837,
SH601169,lstm4,417,0.1325848182338065,0.2517876765772141,0.1903760334767739,-8.662677321703908,
SH601186,lstm4,417,0.144575990510262,0.2510690229158617,0.304635234684244,-7.626200092076069,
SH601198,lstm4,417,0.1875741996541303,0.2817256931525706,0.3211235619687892,-6.990182024346821,
SH601211,lstm4,417,0.1462603010813343,0.2471347670476695,0.3361920267680228,-7.442178331317871,
SH601216,lstm4,416,0.2198913901177232,0.3072057107139272,0.4715070414803122,-6.874487983147246,
SH601225,lstm4,417,0.1398746250232687,0.2466170834909353,0.1784530497201095,-7.534212859594477,
SH601229,lstm4,417,0.161114887226368,0.2755064779384097,0.2477160224753068,-8.280478449414806,
SH601288,lstm4,417,0.1375979777496006,0.2551108349222473,0.0720283749983501,-9.004066408121338,
SH601318,lstm4,417,0.1140348266235451,0.2151364217819159,0.3656188328718659,-7.927881096396399,
SH601328,lstm4,417,0.1576246257504807,0.287273480053827,0.2615976100681104,-8.910523304587382,
SH601333,lstm4,101,0.050199539678437,0.1862207954683748,0.28450441491454,-7.562697950569607,
SH601336,lstm4,417,0.1484010993225718,0.249208742876126,0.3855930451900313,-7.192222380056823,
SH601377,lstm4,417,0.1797790790102386,0.2822170097189305,0.3795485668543906,-7.037097269510133,
SH601390,lstm4,417,0.1377554560346252,0.2381857133292386,0.3278673177055434,-7.953210728549422,
SH601398,lstm4,417,0.1364522842622232,0.2576733908225598,0.1356069838676811,-8.742552074153211,
SH601555,lstm4,411,0.1724771560460462,0.2760421120658973,0.4103387352041107,-6.779154489739989,
SH601600,lstm4,417,0.1480309415965384,0.2519783271160238,0.3729886701552637,-7.571185359918659,
SH601601,lstm4,417,0.1330717670016722,0.2340255326922731,0.1296729804691314,-7.319716195980396,
SH601607,lstm4,417,0.159287720602605,0.2798283756774332,0.3935109062623939,-7.342707001996792,
SH601611,lstm4,101,0.1076585008312001,0.2718752822558686,-0.0312125063302428,-6.704590556300569,
SH601618,lstm4,416,0.175160467337935,0.2783359019937358,0.3177725965612883,-7.710572633389739,
SH601628,lstm4,417,0.1384884848963135,0.2284667856169273,0.3848892803255009,-7.014840477278028,
SH601633,lstm4,416,0.1622273936265621,0.2780638839104252,0.4053853765957129,-6.479971017946833,
SH601668,lstm4,417,0.1412984150471362,0.2446140795930735,0.0725932742412081,-7.908470281520023,
SH601669,lstm4,417,0.1724786912369022,0.2706471274511319,0.2876950942499066,-7.636156750924827,
SH601688,lstm4,417,0.15767858441064,0.2573797866527071,0.3050610031510454,-7.185969600946647,
SH601727,lstm4,417,0.1636077045954497,0.2817785519191229,0.4249061643045871,-7.519232137061709,
SH601766,lstm4,417,0.1315799691515766,0.245822150127717,0.3122027965491879,-8.177269606424657,
SH601788,lstm4,416,0.1800551105093914,0.2759135168057172,0.4111990958428849,-6.774160131324279,
SH601800,lstm4,417,0.1864539159080653,0.2876039534098139,0.2460420871066969,-7.460019403638217,
SH601808,lstm4,417,0.1430585223230826,0.2475784482419682,0.1616760565834968,-6.805833342130341,
SH601818,lstm4,417,0.1442426573448187,0.2487735274683842,0.2759962731904258,-7.879040277763273,
SH601857,lstm4,417,0.1403751865404587,0.2557083168952196,0.0581183329651667,-8.837909698937311,
SH601877,lstm4,417,0.1322341447590725,0.2219380914965733,0.1805711370152048,-7.155301904342338,
SH601881,lstm4,413,0.1762454539316563,0.2623616087972117,0.2813787974115753,-6.631796387333681,
SH601888,lstm4,417,0.1298564746261072,0.2272003422426961,0.5071466204718796,-6.761193806930292,
SH601898,lstm4,417,0.1402272174067274,0.2420779096705588,0.1211618572602791,-7.871471219755165,
SH601899,lstm4,413,0.1675241058245883,0.2605107822662915,0.3183236012620807,-7.043627655663877,
SH601901,lstm4,415,0.2029912043434157,0.2914277055850665,0.2908325464975665,-6.900714875498081,
SH601919,lstm4,417,0.1404177799231814,0.2410892321984707,0.2819909197712844,-6.980471736180047,
SH601933,lstm4,417,0.1599945645035467,0.2508668909956367,0.1403231156712437,-7.087932810701043,
SH601939,lstm4,417,0.145447316332173,0.2522914262829523,0.2281825151538401,-8.40453433488499,
SH601985,lstm4,417,0.1347095537264119,0.2510065250117027,0.3390011505389037,-8.213370448902346,
SH601988,lstm4,417,0.1495638956290041,0.2773021604508789,0.1235861189602571,-8.985641237403145,
SH601989,lstm4,416,0.1713050935303292,0.297103698290968,0.4600965267656601,-7.324859014446447,
SH601991,lstm4,101,0.0602204337404587,0.1942003469313915,0.2378247079918908,-7.910049400002205,
SH601992,lstm4,417,0.1608514927862032,0.2699643390872683,0.2048208182194413,-7.490172924187526,
SH601997,lstm4,417,0.1508670605213008,0.2582251628719642,0.2620137442957506,-7.961344092050552,
SH601998,lstm4,417,0.1530594663748433,0.2662379045290141,0.3290722848878037,-8.211253822895664,
SH603160,lstm4,416,0.1273236326253287,0.2321762935296109,0.1817475151543629,-6.3170538881098315,
SH603288,lstm4,417,0.1180131230830459,0.2253279627060805,0.3057122662534802,-7.1013476116431296,
SH603858,lstm4,224,0.0790328534052118,0.223804981389286,0.0305793232720232,-7.517723757297538,
SH603993,lstm4,417,0.1559974317049978,0.2656540899303121,0.2881022432250046,-7.006280949594208,
SZ000001,lstm4,417,0.0602801709344198,0.1834972715893149,0.2066671582971833,-7.25819701046636,
SZ000002,lstm4,417,0.0713848072786623,0.2085919338930392,0.4206363144543557,-7.362670680808416,
SZ000063,lstm4,417,0.0780667147001282,0.222592869820787,0.3640361503798789,-6.614406824448361,
SZ000069,lstm4,417,0.0562243839936906,0.1883823865986603,0.3806804091544474,-7.371045257059624,
SZ000100,lstm4,416,0.0770751374720145,0.2159354077828084,0.4443512695707494,-6.5196155400705855,
SZ000157,lstm4,417,0.0549910646490194,0.1833822761339532,0.282921538000119,-7.191315102646215,
SZ000166,lstm4,417,0.0951624010361338,0.2456368831844001,0.4931996691277718,-7.417353001268845,
SZ000333,lstm4,406,0.0541612906407185,0.1794796843503431,0.2599115921871356,-7.358909909311568,
SZ000338,lstm4,417,0.0577823809205903,0.1910857160858299,0.3295066710402757,-6.981072613860997,
SZ000402,lstm4,225,0.0512539969138959,0.1769842494204606,0.0826631717589473,-7.586653888063487,
SZ000413,lstm4,329,0.2070125321545213,0.2940302101629701,0.2318059413943826,-6.453287627084823,
SZ000415,lstm4,344,0.0853246182165492,0.2240149677500775,0.351775519588657,-7.158076063582871,
SZ000423,lstm4,344,0.0858205649681312,0.2146314864330292,0.3069556120013452,-7.432192737209167,
SZ000425,lstm4,417,0.0698253631140924,0.2058900303329574,0.3633528228728736,-7.03275662763476,
SZ000503,lstm4,91,0.5148592300809628,0.3693299028134245,-0.2303569010005166,-5.944967471484223,
SZ000538,lstm4,407,0.0812082119222081,0.2197500549922325,0.3142460968015673,-7.2356634198827585,
SZ000568,lstm4,417,0.0639468132634823,0.2039203716639186,0.4006259288048024,-6.741583131005155,
SZ000625,lstm4,417,0.0753409103480458,0.2150176885612813,-0.0308286444618124,-6.334853796522609,
SZ000627,lstm4,407,0.0844917822473631,0.2298720969385003,0.3798976874869884,-7.077664994301344,
SZ000630,lstm4,344,0.0755414846390794,0.2183372993386116,0.4305280453957214,-7.866443476150861,
SZ000651,lstm4,411,0.0662662295494227,0.1963829328317784,0.174955069503837,-7.400130554292947,
SZ000671,lstm4,417,0.0698212092501569,0.2058257187183854,0.2429472107155961,-6.574836032154991,
SZ000709,lstm4,417,0.0929276412762352,0.2440717816411967,0.3778204128972218,-8.064749857817608,
SZ000725,lstm4,417,0.0897971304911357,0.234542469704953,0.3244710765562907,-6.705559651225051,
SZ000728,lstm4,417,0.0986771657685666,0.23967433263543,0.5500151276602938,-6.959001355787514,
SZ000768,lstm4,417,0.0707091159191192,0.2061973773256241,0.5681037586815167,-7.0491939717014045,
SZ000776,lstm4,417,0.0838065455116173,0.2247939157436518,0.488142526969574,-7.359628461208846,
SZ000783,lstm4,417,0.0947324123848453,0.2420215475639489,0.5524304319356246,-7.019794277876774,
SZ000792,lstm4,101,0.0644469013989479,0.1982219069625303,-0.5062163095108909,-6.403864741161362,
SZ000826,lstm4,101,0.109833872001542,0.2290325870898757,-0.0823195668627378,-6.650949372679629,
SZ000839,lstm4,101,0.0805445294106203,0.2205121814833247,0.2889587928573359,-5.805180110161043,
SZ000858,lstm4,417,0.0677383699403535,0.2072552515213464,0.4371717130937701,-6.940779173951574,
SZ000876,lstm4,417,0.0763046796526163,0.2153744297809167,0.4763520213618847,-6.126894215990542,
SZ000895,lstm4,402,0.0707959056681843,0.2078577969025569,0.3815870971462802,-6.7254217865842705,
SZ000898,lstm4,344,0.0715368280122057,0.2100903112037641,0.1807233254400232,-8.089181572343856,
SZ000938,lstm4,417,0.0668594203359924,0.2063479219585254,0.2839196855297381,-6.454370823918495,
SZ000961,lstm4,417,0.0656311741145192,0.2058921322663202,-0.0316826483801522,-6.360507667017317,
SZ000963,lstm4,417,0.0879777486744421,0.2339534094117566,0.1947501126944741,-6.826453234713454,
SZ000983,lstm4,101,0.0738984704657746,0.2235474003234012,0.2238520632025289,-7.081992722596556,
SZ001979,lstm4,411,0.066886390346074,0.2012453758052105,0.3480602086548852,-7.42762316389394,
SZ002007,lstm4,417,0.0757580188513222,0.2172885080459729,0.4140022163776411,-6.4593941018458585,
SZ002008,lstm4,417,0.0597967437406416,0.1970404530567742,-0.0395951624589929,-6.481306840522684,
SZ002024,lstm4,417,0.0925762028657006,0.2419918657884272,0.565704029342759,-7.632130355499664,
SZ002027,lstm4,417,0.0583506649908923,0.1935299283558177,0.2245953200054213,-6.613994243269281,
SZ002044,lstm4,417,0.0618673532661947,0.1957217665048132,-0.144429204697696,-6.389564487890514,
SZ002065,lstm4,225,0.0611718388041397,0.1986327391054444,0.5294338635936107,-6.907807115005617,
SZ002081,lstm4,344,0.0831322635426915,0.2247286012848441,0.1872664839204066,-7.115910275627423,
SZ002142,lstm4,417,0.0611851993657232,0.1820904628418409,0.2731796372725178,-7.074661845277221,
SZ002146,lstm4,417,0.0583773619192772,0.1897050076941805,0.3940700161621608,-7.305570242310763,
SZ002153,lstm4,417,0.0694031007356965,0.2070775324312907,0.1146034473426874,-6.403962799164806,
SZ002202,lstm4,411,0.0610157651690697,0.1981556574363361,0.2676404691789075,-6.903425260909015,
SZ002230,lstm4,417,0.0645743420335181,0.2031115845754183,0.2742819450237915,-6.841193270083653,
SZ002236,lstm4,415,0.0704393288491862,0.2146110309372739,0.1298350193805418,-6.585256394820697,
SZ002241,lstm4,417,0.0573357630949889,0.1941286256363958,0.2746453415265145,-5.988409709649065,
SZ002294,lstm4,344,0.096976361192441,0.2469969113600126,0.206397577349331,-7.415261187569618,
SZ002304,lstm4,417,0.0701607078776239,0.2081381678186718,0.3795180018106131,-7.0135772649562185,
SZ002310,lstm4,220,0.0946258117716324,0.2477985944706005,0.30292080211463,-6.779119269419999,
SZ002352,lstm4,417,0.0806428534600635,0.2106417279617935,0.2941580632140493,-6.949312524718827,
SZ002411,lstm4,344,0.1364559248870424,0.2929283320937689,0.4724668517742416,-6.703130121903517,
SZ002415,lstm4,415,0.055471243835485,0.1865181284246392,0.1349726811707435,-6.920469790301908,
SZ002450,lstm4,100,2.505072904301162,1.0142980524612055,-0.1130561832481786,-6.2467560590584785,
SZ002456,lstm4,414,0.1597284659525813,0.2365627539125314,0.1114774300285716,-6.095756686488765,
SZ002466,lstm4,411,0.0772127206587128,0.2190725207265539,0.4899423210413461,-6.238325651914891,
SZ002475,lstm4,417,0.0478441334598077,0.1767051635837699,0.1144107420582144,-6.286764745207942,
SZ002508,lstm4,417,0.0532093959715553,0.1861930703392865,0.2443955341389905,-6.765163544293406,
SZ002555,lstm4,417,0.0543563563604331,0.1798667652208891,0.2652647134827842,-6.087645432875883,
SZ002558,lstm4,417,0.111424167797297,0.2700976095155813,0.4275250596944814,-7.053121610804842,
SZ002594,lstm4,417,0.0725963043687559,0.2148031982109596,0.5704349358591041,-6.879792373630044,
SZ002602,lstm4,416,0.0688144528288553,0.2034297560892442,0.4742236749826094,-6.675986327029761,
SZ002673,lstm4,417,0.1046805060031216,0.2518865439337869,0.5570066611704498,-7.049794407876599,
SZ002714,lstm4,417,0.0641852863303256,0.2030158088978428,0.3220268357416008,-6.163467666275574,
SZ002736,lstm4,417,0.0869124493119845,0.2263190514651117,0.5215832751418066,-7.003581503218323,
SZ300003,lstm4,417,0.0534542843216493,0.1753860580936064,-0.0414514700844683,-6.618262364429602,
SZ300015,lstm4,411,0.0514465569993805,0.1810076302391083,0.1918327744596546,-6.911077812830721,
SZ300017,lstm4,344,0.146294779718716,0.2483639801800035,0.2183089048624443,-6.4272815981140035,
SZ300024,lstm4,344,0.0747145306410304,0.2189316655849776,0.4643332442300122,-7.281864847046156,
SZ300033,lstm4,417,0.0833107948158904,0.2315127311534532,0.3767406744219412,-6.109211173566859,
SZ300059,lstm4,417,0.081250196176736,0.2342329640885582,0.5015306016682177,-6.642361381010467,
SZ300070,lstm4,340,0.0589465135886275,0.1971906458723251,0.4494144019133603,-6.83579848459363,
SZ300072,lstm4,225,0.0735414682918264,0.2051293306468522,0.1274299485547212,-6.469478191397345,
SZ300124,lstm4,406,0.0498564508617679,0.1742640418733795,0.3770911902669615,-6.731108140721739,
SZ300144,lstm4,417,0.0417368085203556,0.1621030642434261,0.399766031199851,-6.786819728716191,
SZ300251,lstm4,225,0.0787081656214744,0.2222307055353394,0.0955904881014124,-6.7783744829757,
SH600000,examm,417,0.13768961890029527,0.24944019198450357,0.1880314488882806,-8.121937313047217,
SH600009,examm,417,0.12391717189599388,0.22704858734118735,0.29408974608762084,-7.181454879209727,
SH600010,examm,417,0.1511342585424598,0.26771439631781246,0.25856499567828206,-7.379410777626923,
SH600011,examm,417,0.14374743842354892,0.2553912227027586,0.36303913143381783,-7.576269456981658,
SH600015,examm,417,0.17564617407439512,0.30972283962531666,0.1094211812224678,-8.700467750488915,
SH600016,examm,417,0.16754126924401486,0.29926302603695093,0.044530960943148346,-8.792973837332323,
SH600018,examm,414,0.15569439826661097,0.287600584621498,0.49266787122208855,-7.393257656223119,
SH600019,examm,417,0.1268202057697904,0.24058078853732978,0.1839310927980048,-8.020375597990354,
SH600023,examm,344,0.14146049737906657,0.2712369523886393,-0.03394865715145312,-8.68922970019883,
SH600028,examm,417,0.16347595397176168,0.29361747859502424,0.046048602682733364,-8.712078925718412,
SH600029,examm,417,0.15050803558401502,0.2720638405029348,0.23894741799598707,-7.3561063726678455,
SH600030,examm,410,0.16631188820925288,0.2770582621488136,0.3512209336897515,-7.164361871067199,
SH600031,examm,417,0.1282260092512912,0.2152902731885665,0.233638988022989,-6.86452516625285,
SH600036,examm,417,0.11934589256446945,0.21195017027519975,0.20033456505120273,-7.638857376964429,
SH600038,examm,417,0.13468635243282823,0.24140957199538327,0.4063768776191995,-7.041543516268538,
SH600048,examm,417,0.12259039541385507,0.22273747521617554,0.18632610303907704,-7.090153895366554,
SH600050,examm,417,0.15067886831786315,0.2784703340614826,0.3706319292982444,-7.5901477209144925,
SH600061,examm,415,0.17013470961421068,0.2829931966156873,0.36387584305700393,-6.775422043532549,
SH600066,examm,417,0.14338140577040656,0.2568415412303398,0.3944323340644712,-6.919491521503937,
SH600068,examm,417,0.16268786975522198,0.27910832609070607,0.33197943605471225,-7.579152136234141,
SH600085,examm,417,0.16395358033546695,0.27539452847763163,0.279758331040062,-7.571318083630219,
SH600089,examm,417,0.14581774948102447,0.27518369789420644,0.6358228653679842,-7.599109518358699,
SH600100,examm,344,0.17548657216472335,0.2980487953545764,0.33600407215785166,-7.03352971844735,
SH600104,examm,417,0.12434571282333302,0.24708931271444703,0.3379552168849018,-7.398075118890997,
SH600109,examm,412,0.15850593488132847,0.27826317620853463,0.46040708031546584,-6.850262372413846,
SH600111,examm,414,0.16389480081646735,0.2714745901431896,0.3517402921093543,-6.913516930566268,
SH600115,examm,416,0.16189043097832245,0.2799088781883388,0.30366602625843175,-7.280290767557128,
SH600118,examm,417,0.13343567193802156,0.2578061794661601,0.55377121837898,-6.635289385934835,
SH600153,examm,344,0.14134029915548124,0.2501760648514136,0.17732930717757334,-7.505450648860614,
SH600157,examm,95,0.11695924312066912,0.26142061393736316,-0.043382947098618674,-5.538662788896766,
SH600170,examm,417,0.13963838338023557,0.26725677909283296,0.3882990946763807,-8.089732804713925,
SH600177,examm,417,0.1703497138620435,0.30636305212226034,0.24654788361419178,-8.079243385040998,
SH600188,examm,417,0.14274781357434788,0.24798160985732884,0.17209892496013435,-7.500510108323197,
SH600196,examm,417,0.15557380419605527,0.2633700054119622,0.41982107727467477,-6.710695428677169,
SH600208,examm,416,0.28791984580148705,0.3179706861451785,0.23914589745027826,-6.888781688425007,
SH600221,examm,417,0.1580258837543211,0.2876259739848152,0.4443022993650356,-7.391455681930791,
SH600233,examm,417,0.1452272890342537,0.26053251654308085,0.22163898501046486,-6.612358254960398,
SH600271,examm,417,0.1256436325264321,0.22862058216877942,0.3118358713024999,-7.2094195281171105,
SH600276,examm,417,0.11398246329390872,0.21876757273370356,0.15383140360998293,-7.164155830855403,
SH600297,examm,417,0.1347912520493584,0.2486161030324998,0.38196630421349664,-6.519870523042131,
SH600309,examm,417,0.11688146680536271,0.20917506728562893,0.24514685442627016,-6.960107141894113,
SH600332,examm,417,0.13624261599837764,0.23178721572138808,0.3190298010042383,-7.260495059412188,
SH600340,examm,417,0.1169532966340793,0.2144277964011518,0.38529049101317503,-7.322646197841957,
SH600352,examm,413,0.14634858031425232,0.2557132576932748,0.4415149990076115,-7.084406136085851,
SH600362,examm,417,0.1572326474818351,0.269422717038677,0.2961015553435994,-7.451480232371323,
SH600369,examm,417,0.17919598795707004,0.2961997090006851,0.3894691593283196,-6.936462948863722,
SH600372,examm,417,0.1480342592194456,0.259128879234759,0.3670985329903633,-6.995522122033904,
SH600383,examm,417,0.12689270524454,0.2257549893988123,0.21620325111008665,-6.8352986504988476,
SH600398,examm,417,0.1350590852389906,0.2478268929771741,0.32049859386229707,-7.592149734908079,
SH600406,examm,415,0.12735192734715686,0.23046774394377956,0.23841748934593132,-6.936342093109475,
SH600415,examm,225,0.07841105105558373,0.23006763811793102,0.4038743478038239,-7.590364866366264,
SH600436,examm,417,0.13614389130487797,0.26013246019784075,0.27370569282607793,-7.094217619069055,
SH600482,examm,416,0.16524292872786267,0.2954047050080123,0.2884353645076506,-7.042336911198292,
SH600489,examm,416,0.14084310201216677,0.26731669578571277,0.18455102411916857,-7.241931750577655,
SH600498,examm,417,0.15197414802349632,0.27467173766254704,0.472839674486045,-6.965019415484207,
SH600516,examm,416,0.15510596903777765,0.2685755226544096,0.1579387267940202,-6.8512978341665525,
SH600518,examm,79,0.11533650310727218,0.28156859522439454,-0.05467438456820517,-5.553916057718268,
SH600519,examm,417,0.11788187360868285,0.21730290157639234,0.24891300376745618,-7.553738112692905,
SH600522,examm,417,0.1231357505059937,0.2550785194807065,0.5157287176196277,-7.026021848859751,
SH600535,examm,344,0.1284300648686187,0.248760588311819,0.2798704121651735,-7.211601705884082,
SH600547,examm,417,0.13950137223251538,0.25342128268319625,0.18742957312603814,-7.090157778036701,
SH600549,examm,101,0.11009617691940513,0.25113024302531445,0.299001144418088,-6.619345324566459,
SH600570,examm,416,0.13282440057141293,0.24277357538503838,0.2793495021500084,-6.620066318851608,
SH600583,examm,417,0.12279156272441767,0.22560491960783824,0.21272378644531864,-7.222959930119078,
SH600585,examm,417,0.12724971333756457,0.21755329098813453,0.18715979274362804,-7.306807155371458,
SH600588,examm,417,0.13325871617092594,0.23640205724783764,0.3450681688314472,-6.26754321868351,
SH600606,examm,412,0.14367714755476244,0.2555697976763068,0.48986529448147176,-7.438297488339684,
SH600637,examm,417,0.13380498080890646,0.2547553037049633,0.36278515532765543,-7.399131696884692,
SH600660,examm,417,0.1420886866114275,0.24849909312861174,0.390224892453674,-7.378781744611621,
SH600663,examm,238,0.18703401119593444,0.2909270705833655,0.25079777765404554,-7.819962941357593,
SH600674,examm,417,0.11473568772071942,0.22987608791910508,0.017526166019774858,-8.102740117704421,
SH600688,examm,225,0.07030802372498993,0.21508810068792866,0.13889968293273736,-8.24733431965225,
SH600690,examm,415,0.11859457689591345,0.2103249395443267,0.30585636369653413,-7.141922040590469,
SH600703,examm,415,0.14030018005635225,0.2502529255898922,0.11502759102793825,-6.00525021742444,
SH600704,examm,225,0.07898910869665071,0.22066656062043571,0.1907145441503456,-7.379023833311236,
SH600705,examm,417,0.1531837779030612,0.2678531240515059,0.44583081124294943,-7.229462751360969,
SH600739,examm,101,0.09602439674959862,0.24656952085386133,0.36373917206065065,-6.842914542888344,
SH600741,examm,417,0.12226196732671712,0.22331539588731775,0.19940140981066945,-6.648738923173321,
SH600795,examm,417,0.13485406303487726,0.26410584905732837,0.20332140859620185,-8.346027908100206,
SH600809,examm,417,0.11778821430276974,0.2266490717967073,0.27751163071900264,-6.559569074465655,
SH600816,examm,293,0.5276125351886837,0.3981441289974276,0.09858304603034551,-6.124704775602735,
SH600837,examm,417,0.15723517997339226,0.27465689955278594,0.37384005346796034,-7.028313648833072,
SH600867,examm,417,0.16169872685129985,0.26918823215805066,0.10642683556770982,-6.528023518368611,
SH600886,examm,417,0.11302577180419127,0.21861112320686338,0.1000404510099826,-7.649685474041908,
SH600887,examm,417,0.10613916869279574,0.20276333235653093,0.29083511641015447,-7.351425073560525,
SH600893,examm,406,0.15446064168145546,0.26198516697643565,0.5043838331422991,-7.062155926595769,
SH600900,examm,417,0.1368030598653994,0.24718335729606578,0.12204241239941516,-8.191649101773605,
SH600919,examm,417,0.16513474833211464,0.2862016938006945,0.28599825954930524,-8.318387419497796,
SH600926,examm,417,0.13542618015602548,0.2498668824422983,0.4991676313213377,-7.655877519299422,
SH600958,examm,416,0.15248770182222288,0.2625978019882274,0.4123342880095815,-7.075856508340466,
SH600977,examm,417,0.14233403852208135,0.25615845720551234,0.11890998928363383,-7.066297849767059,
SH600999,examm,411,0.13308339929786211,0.24966937378220289,0.38360024499119716,-7.0694515027035445,
SH601006,examm,417,0.13651968644200266,0.25486264701040107,-0.04480694091168136,-8.654991075985862,
SH601009,examm,417,0.15172684096024502,0.26503698403944487,0.2668052282624792,-7.829200914042238,
SH601018,examm,415,0.14700495928237828,0.2658391939000989,0.506057397762949,-7.302174012335446,
SH601021,examm,417,0.09313369231026532,0.20358277787786838,0.3043662225179842,-7.14904475414952,
SH601088,examm,417,0.11318759760903636,0.2183635512459035,0.1888358317032266,-7.940862742014627,
SH601111,examm,416,0.15206881441055234,0.26352937016938477,0.1615236870550698,-7.144191315507151,
SH601117,examm,417,0.13297097624074292,0.2398809780591597,0.35452649459181096,-7.611835997827971,
SH601155,examm,417,0.1998569610852422,0.24773788453568496,0.19331824467031278,-6.886274928891295,
SH601166,examm,417,0.13384937344793602,0.24822879305030046,0.1699218238695307,-7.977023255953426,
SH601169,examm,417,0.15158711638536596,0.28234079330575423,0.07433924881721843,-8.65911020241131,
SH601186,examm,417,0.1414636538136474,0.25581366982627307,0.31960458933979063,-7.639436766933852,
SH601198,examm,417,0.1766477929980758,0.2843326913857223,0.36066887281015403,-6.983504323424035,
SH601211,examm,417,0.1390895440547731,0.2513556133617493,0.36873678192816395,-7.442784570470682,
SH601216,examm,416,0.23509026662350369,0.3258872952724727,0.4349776475535425,-6.672263074437579,
SH601225,examm,417,0.13118254993713022,0.2423714494977554,0.229505538886268,-7.541881301533349,
SH601229,examm,417,0.16695328247833388,0.2870731766240711,0.22045515739870347,-8.29470260589957,
SH601238,examm,417,0.15140604099995092,0.26700106945635094,0.2607202257154353,-7.004940510939059,
SH601288,examm,417,0.17029755296822888,0.3090620344935154,-0.14850014183577342,-8.972641264581677,
SH601318,examm,417,0.11346997624484038,0.21574593551961188,0.36876112240836345,-7.940773264921105,
SH601328,examm,417,0.19257955152261194,0.3352719376279684,0.09784908024833572,-8.876803481133106,
SH601333,examm,101,0.060234961292171575,0.21023913664054117,0.14146924158241292,-7.549785887272792,
SH601336,examm,417,0.14401910013037103,0.24732553561503084,0.40373530149372383,-7.183261769733688,
SH601377,examm,417,0.1747437633760331,0.28528059751126894,0.39692638867205265,-7.007373488231846,
SH601390,examm,417,0.1382209667166761,0.24741267194379016,0.3255960106200011,-7.9668206782052335,
SH601398,examm,417,0.15265706284799563,0.29037724443534657,0.032953536083735746,-8.73465616520747,
SH601555,examm,411,0.16698190830114382,0.28619491255637275,0.4291257723393985,-6.763773129049298,
SH601600,examm,417,0.13965453683819792,0.24771068958542766,0.40846841939012024,-7.575889615302568,
SH601601,examm,417,0.1226380304105543,0.2254630621998025,0.19791257083846736,-7.327179692068062,
SH601607,examm,417,0.16098942252533052,0.28613840700469334,0.38703166446634774,-7.3339325313142805,
SH601611,examm,101,0.11148277583549203,0.27521556975775596,-0.06784352182483167,-6.704269621621284,
SH601618,examm,416,0.17419987401119283,0.28424384894426813,0.3215139835364642,-7.715039128573117,
SH601628,examm,417,0.13187995072254816,0.22420719098757377,0.41424175836482535,-7.003336391642943,
SH601633,examm,416,0.1592284714097163,0.27974371976107626,0.41637737347568116,-6.4687286509941,
SH601668,examm,417,0.12891720867743514,0.24567815914318564,0.15385684720087622,-7.932077000766835,
SH601669,examm,417,0.16768026693230942,0.2737997303540401,0.30751169389778643,-7.6506740058303,
SH601688,examm,417,0.14792516347785967,0.2579222595802583,0.3480473895662104,-7.1807999488510035,
SH601727,examm,417,0.16494546631783327,0.29375226100404184,0.42020382756516295,-7.504469870809488,
SH601766,examm,417,0.1386756769057312,0.25877946446974603,0.27511198416125016,-8.181497374587439,
SH601788,examm,416,0.17475991113780204,0.2816382483602814,0.4285150063375299,-6.749324597156531,
SH601800,examm,417,0.17755835278535625,0.28482019024562316,0.28201279961946224,-7.48596479725362,
SH601808,examm,417,0.135799660094117,0.24775870572464867,0.2042130401178338,-6.807619166032401,
SH601818,examm,417,0.1439498099325727,0.25514226501116877,0.27746617551859654,-7.88862824668888,
SH601857,examm,417,0.16257647979236273,0.299125816935373,-0.09084667726052298,-8.814844039868634,
SH601877,examm,417,0.11822316663430445,0.21607120143693306,0.2673943996074928,-7.168511390402285,
SH601881,examm,413,0.16680297149725196,0.263874671448141,0.31987946753418184,-6.622245919281512,
SH601888,examm,417,0.12802083964088395,0.22893360853595313,0.5141135345872689,-6.736863417903579,
SH601898,examm,417,0.13692380652142758,0.24730662472610931,0.1418651382697177,-7.876471745875977,
SH601899,examm,413,0.16444138892411797,0.26963726680419775,0.3308675593073874,-7.021532208825671,
SH601901,examm,415,0.18867743436834472,0.29169393158849455,0.34083894867678466,-6.89090817154482,
SH601919,examm,417,0.1437343097288963,0.2506435923841064,0.2650322517403897,-6.9558695190854065,
SH601933,examm,417,0.14966952678456902,0.2501215883647214,0.1958012269706494,-7.093762874383457,
SH601939,examm,417,0.15145990629635486,0.26599965434326056,0.19627665273855988,-8.4228019151415,
SH601985,examm,417,0.1394608464395964,0.26367543735149346,0.31568729543367324,-8.22278413555524,
SH601988,examm,417,0.18219947150533197,0.3293963214237142,-0.0676516900941948,-8.95796919542896,
SH601989,examm,416,0.1756306082931115,0.30245830132216456,0.4464637713360088,-7.330946424994474,
SH601991,examm,101,0.07872057864158544,0.21870290715996238,0.003679045690968108,-7.888145619604593,
SH601992,examm,417,0.1521443974961403,0.27044462592153723,0.24786487574423077,-7.489886239047758,
SH601997,examm,417,0.1499045593671856,0.2613351096300868,0.26672194647309877,-7.977974662596248,
SH601998,examm,417,0.16316275384437423,0.2868217096708408,0.28478508241936396,-8.216086531610832,
SH603160,examm,416,0.1278796378069315,0.2377720495033073,0.17817431658900051,-6.279016479091073,
SH603288,examm,417,0.11643073843233322,0.22604322497494272,0.3150216568056271,-7.094145153707513,
SH603858,examm,224,0.08053200507231428,0.22524810575859192,0.012190658798667653,-7.515042915803937,
SH603993,examm,417,0.15257104190034315,0.26941173604757274,0.3037386494729176,-6.973643976147735,
SZ000001,examm,417,0.05945147021331287,0.18389771362633447,0.21757348931459597,-7.262303591572111,
SZ000002,examm,417,0.07238347525502623,0.20988729434910347,0.41253106094902725,-7.36213038878624,
SZ000063,examm,417,0.07908837418377049,0.22641222713627343,0.3557132883161449,-6.610362166987927,
SZ000069,examm,417,0.062064487627323625,0.197239717954104,0.31635083653906615,-7.349926035227752,
SZ000100,examm,416,0.08179486360194223,0.22814769508020083,0.4103259026614744,-6.508385795675853,
SZ000157,examm,417,0.05895504507421888,0.1871850294439847,0.23123159519137781,-7.178712459974697,
SZ000166,examm,417,0.09698156993856742,0.24919258404310649,0.48351143730903323,-7.412570187099243,
SZ000333,examm,406,0.052542221003583175,0.17512263429935482,0.28203541264470877,-7.359086028335543,
SZ000338,examm,417,0.059174142440252736,0.19110626742855155,0.3133569935855003,-6.972575372047033,
SZ000402,examm,225,0.05477119382909166,0.18338084291278944,0.019712876040446914,-7.582919006307243,
SZ000413,examm,329,0.21527759390215276,0.2941315292555164,0.20113547298138945,-6.358822768887615,
SZ000415,examm,344,0.08389030391028666,0.22004901203729343,0.36267222988584147,-7.166108591636958,
SZ000423,examm,344,0.0877147066030893,0.21648426821705663,0.29165946205558635,-7.431374734624513,
SZ000425,examm,417,0.07207579475352417,0.20747128526568484,0.3428340473640269,-7.020219296355202,
SZ000503,examm,91,0.4982868082046175,0.3714539642420718,-0.19075385529296085,-5.737876565474876,
SZ000538,examm,407,0.07967426558095816,0.21836064894800772,0.3271993396560807,-7.245532076416298,
SZ000568,examm,417,0.06404978761110233,0.2022312009637779,0.39966074929370843,-6.736097024901366,
SZ000625,examm,417,0.07406017470233948,0.21383053484696482,-0.013305376114264522,-6.335409076968694,
SZ000627,examm,407,0.0882224598421112,0.23559588116449204,0.3525174885823078,-7.072015546892003,
SZ000630,examm,344,0.08214322118885539,0.22588607704938551,0.380760638324686,-7.852538311485149,
SZ000651,examm,411,0.07277769842937333,0.2047957329559253,0.093884297467833,-7.375269542311433,
SZ000671,examm,417,0.06627346351409005,0.20380477618157986,0.2814144735144751,-6.593284154505539,
SZ000709,examm,417,0.09765459444773031,0.2528625712768872,0.3461719848073217,-8.064474338982768,
SZ000725,examm,417,0.09027515953693226,0.23462811871060368,0.320874943306647,-6.703138581787496,
SZ000728,examm,417,0.10268351201956882,0.24270270076696204,0.5317454986912773,-6.946846857334961,
SZ000768,examm,417,0.07622708171152344,0.21480056529059635,0.5343996364550512,-7.030463324219186,
SZ000776,examm,417,0.0860530732963329,0.22908346703877322,0.47442161736809507,-7.354030914163938,
SZ000783,examm,417,0.0986699912054175,0.25114365125462756,0.5338270795288107,-6.999338271462123,
SZ000792,examm,101,0.05723730159299136,0.18322309620687574,-0.3377176450746262,-6.425968034315264,
SZ000826,examm,101,0.12366706454778895,0.24201747010573008,-0.21863393593799563,-6.528409591425919,
SZ000839,examm,101,0.0881976772498479,0.2301385440369441,0.22139736419340317,-5.776792438450697,
SZ000858,examm,417,0.0688025859944717,0.206901465289958,0.4283292963192762,-6.925277318402472,
SZ000876,examm,417,0.08822179004187228,0.2301804312653623,0.3945697401839676,-6.082623026338923,
SZ000895,examm,402,0.06987038727003132,0.20959867916526428,0.38967163980230535,-6.732957945171719,
SZ000898,examm,344,0.07296911606706984,0.2117719437239356,0.16432002343170893,-8.094623566156423,
SZ000938,examm,417,0.06920962179219259,0.2111625364639484,0.2587484682298139,-6.440186469564056,
SZ000961,examm,417,0.05982142596964206,0.197135262828159,0.05964310395318251,-6.3772035688848385,
SZ000963,examm,417,0.08827109723332634,0.23481630144408563,0.19206512816666066,-6.828376247233766,
SZ000983,examm,101,0.07749741841981102,0.2317029938094081,0.18605268776808737,-7.073071321486943,
SZ001979,examm,411,0.06530134870009531,0.1955607036363082,0.3635095656108527,-7.431093006832129,
SZ002007,examm,417,0.0768201618784186,0.2164427405774096,0.4057864067616328,-6.454013171898782,
SZ002008,examm,417,0.056316999534911066,0.19163248620690432,0.02090186491364565,-6.490602718293407,
SZ002024,examm,417,0.09712527876059661,0.2504968289738804,0.5443632822586155,-7.622782297353747,
SZ002027,examm,417,0.05408858478559473,0.18703263967967276,0.2812328397014837,-6.626294267909429,
SZ002044,examm,417,0.05534218714867674,0.18458488533634507,-0.023725953691290602,-6.412178421908099,
SZ002065,examm,225,0.06851144505481958,0.20639248959079734,0.4729737305708832,-6.888128978972917,
SZ002081,examm,344,0.08772036572334384,0.23398247899857366,0.14241140289041587,-7.107236582364486,
SZ002142,examm,417,0.06132933585295296,0.18145500699677278,0.2714674366910611,-7.07321446289244,
SZ002146,examm,417,0.05825612608587982,0.18811080707000416,0.3953283879719838,-7.303607843711979,
SZ002153,examm,417,0.07219862960455507,0.20988068567046242,0.07894003177329845,-6.389932403599841,
SZ002202,examm,411,0.060386819505821906,0.19862352502062935,0.27518957307970804,-6.905058102564659,
SZ002230,examm,417,0.06624175262764463,0.20361213410239704,0.2555427688260987,-6.835450247221994,
SZ002236,examm,415,0.06728653000812335,0.21121890662714396,0.16878279454041578,-6.59240890156526,
SZ002241,examm,417,0.06012870923476417,0.19422384619516275,0.23931178383067975,-5.97839806329172,
SZ002294,examm,344,0.09917943837008016,0.24740134725375632,0.18836877771236282,-7.4095608009286105,
SZ002304,examm,417,0.06922171142817737,0.20675014111378526,0.3878222280772803,-7.015580647770762,
SZ002310,examm,220,0.08927996524238997,0.24280888273786042,0.34230200625812535,-6.797950982681286,
SZ002352,examm,417,0.08293617755037594,0.2135426642312217,0.2740853072520393,-6.933916551209676,
SZ002411,examm,344,0.14873214951021432,0.3069622375449235,0.42500745835362386,-6.66792458590279,
SZ002415,examm,415,0.05300782292533098,0.18159009950824392,0.1733876550872896,-6.925157533209159,
SZ002450,examm,100,2.371165419822866,1.0022622211598313,-0.05355829265750289,-5.958318425657255,
SZ002456,examm,414,0.16693809653185496,0.24312223812739037,0.07137237140525465,-6.053649805636106,
SZ002466,examm,411,0.07969110214703015,0.22361410024872658,0.47357043958553335,-6.2151590650218145,
SZ002475,examm,417,0.048973637107493535,0.17654664569842446,0.09350376298131469,-6.279822299401794,
SZ002508,examm,417,0.05221600137939112,0.18267977527798504,0.2585023169072581,-6.7667399411696065,
SZ002555,examm,417,0.05554394340311302,0.18114047192199503,0.24921209030323166,-6.0807339021328755,
SZ002558,examm,417,0.11977055772291043,0.28278273917159086,0.3846429886959848,-7.035555620219724,
SZ002594,examm,417,0.08000287470035637,0.221750932898474,0.5266089603191246,-6.850503169616866,
SZ002602,examm,416,0.07095076358701385,0.20571220768155415,0.4579012082136994,-6.66927838420664,
SZ002673,examm,417,0.10923383993528836,0.2605305125869121,0.5377375854042679,-7.03798209492475,
SZ002714,examm,417,0.0636116651587774,0.1984899330597874,0.32808585304906746,-6.160303190591601,
SZ002736,examm,417,0.09153123536992445,0.23321569681423165,0.4961587874400708,-6.989003464640015,
SZ300003,examm,417,0.05094586028960773,0.16936503927208865,0.007420232697022633,-6.619363105869256,
SZ300015,examm,411,0.051312381026809115,0.1798201063676198,0.1939405272386896,-6.908311497028568,
SZ300017,examm,344,0.1568802092675109,0.25473886809207474,0.16174819892058823,-6.279416517589341,
SZ300024,examm,344,0.08066977443644714,0.2253349970844843,0.4216370498439851,-7.251948842032244,
SZ300033,examm,417,0.08828176629351914,0.24027667497882596,0.3395521643679754,-6.094905017137517,
SZ300059,examm,417,0.08947901438950151,0.2408371377914664,0.4510468581634449,-6.606736041888354,
SZ300070,examm,340,0.06363515106812394,0.2014819645366081,0.40562052652192415,-6.821852008078064,
SZ300072,examm,225,0.06684132570894682,0.19735107181837525,0.20692718860212655,-6.493453591793277,
SZ300124,examm,406,0.051145917798186925,0.1740301697279172,0.36098053054948853,-6.722189608367177,
SZ300144,examm,417,0.042350947466656255,0.16310813772982843,0.39093384996220415,-6.783215952563829,
SZ300251,examm,225,0.08036089217509586,0.22466595505981796,0.0765995536302525,-6.768757423571642,
