stock,model,n,mse,mae,r2,qlike,r2_offset22
SH600000,naive,242,0.0858634602383451,0.23364237963596463,-0.024769427245772135,-8.040199261943942,0.01388028959919152
SH600009,naive,242,0.06899737441007574,0.2152285917751115,0.14615272044686678,-7.255641967566668,0.20459461432612225
SH600010,naive,242,0.11582430728514997,0.26680090120474725,0.2470058819624099,-7.353031545431784,0.28051074490194516
SH600011,naive,242,0.09950200235197505,0.24011272044831783,0.22505199867179493,-7.642317846346006,0.049701662029499216
SH600015,naive,242,0.07791798432968569,0.22087543594333636,0.40628948197039594,-8.815802987273079,0.43803289811522383
SH600016,naive,242,0.07223248675396537,0.20575059606617002,0.30866402015733263,-8.839259036298616,0.34798178931394474
SH600018,naive,239,0.12486317327262786,0.27594866112042554,0.4840165190711214,-7.081291510747795,0.5367955228472318
SH600019,naive,242,0.06916559240723406,0.2110312773399221,0.11836670975913743,-8.082869137020456,0.1480710249560987
SH600023,naive,242,0.08280001245253983,0.22288116968409905,0.129503280534762,-8.679156437063924,0.14932887478936874
SH600028,naive,242,0.05979227246789376,0.19434035086139748,0.40600364596228544,-8.783439834108675,0.37619824550949776
SH600029,naive,242,0.12022106684913231,0.276555347219439,0.06228826986427416,-7.336821111850023,0.083379079430561
SH600030,naive,235,0.10165132611498148,0.2473985043507528,0.3393170093311426,-7.228791872747758,0.36432203278789854
SH600031,naive,242,0.05294364239414022,0.17762414901217552,0.27097596400835355,-7.091034767428389,0.29235675825296403
SH600036,naive,242,0.06051796571328176,0.1939628218343132,0.010099823258308716,-7.682799085499465,0.05581615839232057
SH600038,naive,242,0.058619240266393875,0.19041147635555783,0.03245628695790348,-7.277792374020246,0.07517854132635038
SH600048,naive,242,0.0661718787811255,0.2006487200399211,-0.07899562847080355,-7.15402787017705,-0.06528739306130515
SH600050,naive,242,0.09363046986095466,0.23993432953331492,0.37251783326840004,-7.439901692238626,0.3609806234297215
SH600061,naive,240,0.12031235651896904,0.274633657637408,0.4221791425339585,-6.755818781225116,0.45172707181853544
SH600066,naive,242,0.08826361527766174,0.23151358129781552,0.41903122567648354,-6.984646179423908,0.43155778188894245
SH600068,naive,242,0.09165307902873217,0.23681976703550878,0.3406440988046324,-7.844418367891233,0.37907526180278595
SH600085,naive,242,0.13798865177935116,0.27250545826745914,-0.10109729563635139,-7.711187376259379,-0.0189251164797668
SH600089,naive,242,0.08205010497573131,0.2207363955284203,0.4434573753941856,-8.233210889782102,0.47214773278390354
SH600100,naive,242,0.1368743048066249,0.2775197325404804,0.2811173768725368,-6.931511316462687,0.3450597871064699
SH600104,naive,242,0.08666503742260351,0.23518684100759893,0.2365495255849167,-7.515047807153193,0.29013809531512125
SH600109,naive,242,0.10575981019524093,0.2580845557319829,0.4246223366716001,-7.119420888164539,0.46220025607910575
SH600111,naive,239,0.11097435884536663,0.25160162841626765,0.33881294721208854,-6.905231310293654,0.34273280282659646
SH600115,naive,241,0.11479375571310564,0.2672694337932146,0.33101832756030347,-7.293164407813232,0.33647920480254045
SH600118,naive,242,0.08337577642753849,0.2256347549962269,0.497865215292036,-7.258509674725158,0.5307036119034129
SH600153,naive,242,0.07553129376547404,0.21596354965058961,0.10169253791151533,-7.521129762401244,0.13103213014827986
SH600157,naive,95,0.1491231257097294,0.3139437812383216,-0.3303140669527713,-5.505048282503752,-0.3833551925857517
SH600170,naive,242,0.07491300272710431,0.210198361594383,0.5237010798350594,-8.076294393511361,0.5538707878928906
SH600177,naive,242,0.12797549913528095,0.28022087251673505,0.2563844403801758,-8.123076367225138,0.2851200890513331
SH600188,naive,242,0.08428156714188752,0.23255638108478288,-0.031949535740730894,-7.463005436619367,0.009294577921798997
SH600196,naive,242,0.08163923385888791,0.22867118093311414,-0.11019450397753183,-7.1340358294764465,-0.11608526930051055
SH600208,naive,241,0.6198263534646538,0.36777276972746786,-0.5402689204769109,229.18919604417164,-0.6039556655783014
SH600219,naive,242,0.09417429096965958,0.24529022642392082,0.285699729796264,-7.869558250872612,0.3283080913578088
SH600221,naive,242,0.11225028252012806,0.2737244533707547,0.2447212453382599,-7.847843929752269,0.2600015576734477
SH600271,naive,242,0.06770475643681602,0.21011561811457577,0.4086546260020849,-7.267033562710549,0.45650462745791276
SH600276,naive,242,0.08325501235329953,0.2353870571428399,-0.22453958690113862,-7.148209196035048,-0.32568061025146244
SH600309,naive,242,0.06672091854584451,0.19855869285855152,0.0989008480946465,-7.089389108805966,0.10226726941321684
SH600332,naive,242,0.06543550606206995,0.20855267209322464,0.38735284816920024,-7.39346278835048,0.42467442778036335
SH600340,naive,242,0.05571050929407443,0.18704549264926776,0.4303307983804534,-7.255708533886541,0.4826665690376163
SH600352,naive,238,0.09224876347956568,0.23928668096081232,0.5099582965231819,-6.995840521204182,0.5367497834163345
SH600362,naive,242,0.1262458823525671,0.28102035562548566,0.272349976176819,-7.562153153580195,0.28799455247289807
SH600369,naive,242,0.15053991884915213,0.3000395553078834,0.34311355704282287,-6.897147083975809,0.4060165226669993
SH600372,naive,242,0.09015048323013715,0.24282160433314548,0.06012161337121458,-7.185454217192221,0.09622956496750368
SH600383,naive,242,0.06435484171138797,0.19917835810350631,0.12970875156454853,-7.000499325077072,0.21854488411101947
SH600398,naive,242,0.08942151622060253,0.22253841363797733,0.23246976948910103,-7.579586137901818,0.22820280595945286
SH600406,naive,240,0.08949258901829908,0.22607202981968294,-0.07337742345377474,-6.985872809387481,-0.06525823940453201
SH600415,naive,225,0.10052839369598252,0.2542299059932082,0.23572566048412846,-7.529596166454762,0.3053724629314193
SH600436,naive,242,0.10408031540500438,0.2579992003860171,-0.09108693216296282,-7.320265079718654,0.015517543757304408
SH600489,naive,241,0.118650872623726,0.2813225284376078,-0.046620385508501005,-7.378326038179239,0.013191292173838853
SH600498,naive,242,0.1195834326382885,0.2631256715632296,0.16546502260242857,-7.208078518414,0.17293148327296626
SH600516,naive,241,0.12272034556477375,0.2635164979440959,-0.36778046883433135,-6.662291306094785,-0.24937854056088948
SH600518,naive,79,0.1325257638706463,0.29935283662065676,-0.2118585589482147,-5.531113866265878,-0.4033287700073931
SH600519,naive,242,0.057830100975685465,0.19571411128293761,0.2838518563408765,-7.542481041449328,0.3009614606838059
SH600535,naive,242,0.08479786969097913,0.23296876158140944,0.23336070386687746,-7.279443735382356,0.28483389547966653
SH600547,naive,242,0.08530992431709923,0.23418581089483395,-0.07432732593785141,-7.1320686268584215,-0.046108437310088624
SH600549,naive,101,0.12593239234779932,0.2737030229411421,0.19816958784024752,-6.594843957349914,-0.227606674042363
SH600570,naive,241,0.08915987674599074,0.24131111859898532,0.24432382113234685,-6.716470850864435,0.2881287031080476
SH600583,naive,242,0.061218789920215594,0.1922870963007922,0.1435923015277889,-7.33219197729123,0.15227730734013578
SH600585,naive,242,0.06299746303765891,0.19607365148750622,-0.1386798280887227,-7.461490755148538,-0.11535568926926865
SH600588,naive,242,0.07920694477003677,0.22445687058383365,0.17429078737329406,-6.471476704358783,0.212108322389436
SH600606,naive,242,0.06533966572926085,0.20439371259457892,0.47736872118686835,-7.7757187715334934,0.5332972194706773
SH600637,naive,242,0.06553583383765386,0.21231867210266606,0.5556425063236078,-7.692842089267625,0.576347278069119
SH600660,naive,242,0.09176941751436651,0.2363610411939863,-0.21147999795666728,-7.743538216998296,-0.13593154523388495
SH600663,naive,136,0.10117983700952982,0.26039854142579744,-0.07867668167567943,-7.956839797504716,-0.31011386904443894
SH600674,naive,242,0.09331612659589876,0.24907357499448243,-0.8489152651814433,-8.03754646314242,-0.7507411602518901
SH600688,naive,225,0.07748092287123269,0.22525286292702706,0.05104931533769763,-8.197468596982072,0.0033433384649634856
SH600690,naive,242,0.060420486258177065,0.19150891387622818,0.15279103479052358,-7.344140000860378,0.1767750252357232
SH600703,naive,240,0.07876358772989075,0.22008841350034544,-0.25052009389962504,-6.022191925336532,-0.13588187359706083
SH600704,naive,225,0.10712024367721028,0.25218023670240053,-0.09750390484799887,-7.295339305568359,0.021812482866136795
SH600705,naive,242,0.10454204315807994,0.2513156735102842,0.3564247254743801,-7.219577058340837,0.4005186792101233
SH600739,naive,101,0.10913504182933022,0.26263255560491294,0.2768676042547966,-6.819854942139378,0.16472811148863453
SH600741,naive,242,0.06059791476680115,0.19177642764661385,0.09722394556086911,-6.805664973060353,0.08995706688858385
SH600795,naive,242,0.08634848472660946,0.22945489572492045,0.26767733725048704,-8.426154987254426,0.2999837769755437
SH600809,naive,242,0.07942771262616649,0.2174058397359798,-0.0376283205068908,-6.590399238630328,0.03543562172818315
SH600816,naive,236,0.12632189571147864,0.28593290982234565,-0.03923508893346406,-6.193707389089684,0.010215387087336936
SH600837,naive,242,0.11067728239021148,0.2639440536451479,0.3490909081115301,-6.939354528364607,0.42678047023277976
SH600867,naive,242,0.12284453462645278,0.28133568208864984,-0.4602423987673725,-6.471463667131618,-0.41713606350236043
SH600886,naive,242,0.06646022533671796,0.20492260513002683,-0.8224764757132499,-7.550519972603942,-0.8156985780267072
SH600887,naive,242,0.06075394275667682,0.20016051787508235,-0.016052216910607653,-7.47902642407459,0.026481778020552404
SH600893,naive,232,0.08568723675078974,0.23280397423966223,0.03506302523062366,-7.6161980199252834,0.12738609950271607
SH600900,naive,242,0.0743869056425755,0.21939962740534175,-0.3494308068950469,-8.245789153772247,-0.29013193236356116
SH600958,naive,241,0.09269547884879221,0.2389816434009279,0.4340712153458951,-7.107335509717906,0.5028087938144495
SH600999,naive,242,0.09183962340383738,0.24057598082536924,0.3003735349421188,-7.28124953252568,0.3758649148547901
SH601006,naive,242,0.06037718347733247,0.1857898958755426,-0.05791733206540384,-8.628320424054888,-0.2171896189966933
SH601009,naive,242,0.10646277642162372,0.2510424915568284,0.2009552677890002,-7.82064129740724,0.19786270388420846
SH601018,naive,240,0.10431008019844322,0.2524364403777403,0.5802073909579734,-7.222198508522769,0.6313805968343924
SH601021,naive,242,0.05413523025261246,0.18394319416486074,0.25922247291027556,-7.367855026339667,0.27662264297666705
SH601088,naive,242,0.06178377709083794,0.19951471110817415,-0.0687824746326251,-8.023840569651972,-0.04871176148899514
SH601111,naive,242,0.09833362733632955,0.2500553662935607,0.09543164505960777,-7.100634006064153,0.12339565035587863
SH601117,naive,242,0.06346321279094846,0.20100214558071663,0.36211970915492087,-7.7981673111597605,0.3334933288300782
SH601166,naive,242,0.07316055000820364,0.21570371657082799,0.18497920958483038,-7.9253414505543756,0.15117902487265533
SH601169,naive,242,0.08722850366816533,0.23479656877867147,0.1868628841320823,-8.636118500126129,0.22696582793683373
SH601186,naive,242,0.1026900247808011,0.2609845791672586,-0.016746813163890595,-7.6671121963120115,0.0786807887581551
SH601198,naive,242,0.1235730291297185,0.2641434886929046,0.3493084494047426,-6.947192560939661,0.3629012953860766
SH601211,naive,242,0.07704773303212746,0.22244793930232684,0.36802313328876857,-7.443254794437585,0.39437731967690537
SH601216,naive,241,0.09607170320110978,0.24950405115258825,0.4907667447234427,-7.169262529780261,0.49649813376428986
SH601225,naive,242,0.07658865308437057,0.22018318165931997,0.021777974960033974,-7.719554673182219,0.06273823067017437
SH601238,naive,242,0.09530434492535846,0.24380698232072195,0.2801136294174239,-7.053487070886797,0.07560554039367218
SH601288,naive,242,0.06518901702319067,0.20543678407480218,0.06852187987374003,-8.935420134719088,0.08019462802105781
SH601318,naive,242,0.05093041726978043,0.17000600738918947,0.5413076614359752,-7.998774593031659,0.5446625116040538
SH601328,naive,242,0.07929215634166788,0.22648974214483147,0.40716648710619474,-8.817426043718937,0.4466393358271725
SH601333,naive,101,0.07217856909237871,0.21795236553372252,-0.028763368233951203,-7.514595882316555,0.1424756148994083
SH601336,naive,242,0.08850646404053854,0.2235144032864452,0.3349897394450301,-7.303366397208898,0.5311406729905364
SH601377,naive,242,0.11686575124687922,0.2596462108602487,0.3587800572544979,-7.042765648067788,0.38268732807563366
SH601390,naive,242,0.069603750369445,0.21200442728641583,0.17391135260500945,-8.29308310672811,0.2604027325297401
SH601398,naive,242,0.06391184088493307,0.20267281492104652,0.17894654010843192,-8.664372479960392,0.1860263549029847
SH601555,naive,242,0.12389902929243367,0.27679293146317324,0.38889432929028267,-6.707317714539833,0.4044053062686954
SH601600,naive,242,0.07178975597170704,0.2134529226222949,0.5395679108763693,-7.619672854839,0.5686242140557188
SH601601,naive,242,0.06935800388080658,0.2047706930514967,-0.01988797737848813,-7.297122219703631,0.02353616072366671
SH601607,naive,242,0.1053450797221135,0.26798912100117783,0.22918583923004998,-7.564738777532457,0.2492838766472164
SH601618,naive,241,0.11398502644683574,0.24901231073049349,0.3547504571221314,-7.906665660516908,0.36093099170142084
SH601628,naive,242,0.05964709260462686,0.1831748022930718,0.4067812709149151,-7.1794302112383726,0.44219498177104344
SH601633,naive,241,0.09081430738748376,0.24392433986380324,0.3425548835223756,-6.596853836719634,0.3633136590582273
SH601668,naive,242,0.07181957916851842,0.21827448580213005,-0.20898751309315244,-7.960990798902557,-0.13075551724325196
SH601669,naive,242,0.10930234516218687,0.2611954600290419,0.08791725441878384,-7.847680421202771,0.137160522909189
SH601688,naive,242,0.09176505213795108,0.23918165980037573,0.3528016566661205,-7.101571209173264,0.397637483890493
SH601727,naive,242,0.12064982373750884,0.27144596609764576,0.3016733067837183,-7.727351860255627,0.3388458685038761
SH601766,naive,242,0.0873033299354467,0.2309460516913577,0.21000719989723282,-8.259525407415673,0.32192467385037615
SH601788,naive,241,0.08767478544530694,0.23862398213232505,0.33954452528726287,-6.978449261055613,0.39040108233309334
SH601800,naive,242,0.12620290877490356,0.27701455696436067,0.16010510800865874,-7.535384101130561,0.1755180189774207
SH601808,naive,242,0.10066423126201417,0.2503202598143106,0.04134811197160304,-6.89644181845345,-0.10553872982202539
SH601818,naive,242,0.09624587278591407,0.24172111954854583,0.34938002966336257,-7.848243761108826,0.38315058512699174
SH601857,naive,242,0.0660577190039144,0.20987392232393898,0.06168258019142148,-9.072536218396666,0.1441216890653979
SH601877,naive,242,0.05001274205742098,0.17407911234982007,0.09231031565844894,-7.312161903775772,0.06815590744634559
SH601888,naive,242,0.07055861857951895,0.2058272422535045,-0.18606162407052662,-7.106615427705374,-0.18200718885350375
SH601898,naive,242,0.08697402897468354,0.22925335001821998,-0.12010434058546648,-7.831104896179317,-0.1329708037657651
SH601899,naive,238,0.11543588003454505,0.27157642997699566,0.18326909954729032,-7.367149921972401,0.15367543375425186
SH601901,naive,240,0.1464995927165599,0.30400904900248343,0.2682024255967256,-6.870141793460432,0.32013655986220246
SH601919,naive,242,0.10464791408204294,0.2618671331815304,-0.18154066088916498,-6.897175937838251,-0.08932749821464947
SH601933,naive,242,0.10049794539312322,0.2569055587200274,-0.31102559097899674,-7.225552584471563,-0.3520940254798446
SH601939,naive,242,0.07651157508963333,0.2174203942645494,0.24882770713157953,-8.336296088322296,0.25126052772644614
SH601985,naive,242,0.07367537833147836,0.22104909126924835,0.4234866612943605,-8.392362417976729,0.4523753831485755
SH601988,naive,242,0.07216485681354265,0.21847051927346742,0.3682747180621466,-8.966509344163084,0.40705832018096133
SH601989,naive,241,0.11607938521188715,0.2783054970894074,0.41305211358378235,-7.321013961379635,0.4560236099706214
SH601991,naive,101,0.08477463679612934,0.2362054477999925,-0.07294367611904629,-7.868110059840264,-0.18723905738690338
SH601992,naive,242,0.10362980088167625,0.26101533520965864,0.04652415576571767,-7.415787570545379,0.04007232371325753
SH601998,naive,242,0.1056717588415202,0.25148294536437815,0.3296838898968584,-8.113287698446255,0.34444567806472126
SH603288,naive,242,0.05894960730328651,0.1978781738491189,0.17705572517463541,-7.237637433104375,0.18822139129280302
SH603993,naive,242,0.12055608718122916,0.27851815188741913,0.1360567488332226,-7.2011730506111205,0.18101481286687593
SZ000001,naive,242,0.04872320438428663,0.17602025110376057,0.2597688445628483,-7.3265656964615555,0.3082340058996105
SZ000002,naive,242,0.09029912067396081,0.22698659033517946,0.2936049201602916,-7.397427407791857,0.29290564878066083
SZ000063,naive,242,0.09894066749592824,0.2524149971462515,0.06160821717777765,-6.570891697209454,0.08611487833914888
SZ000069,naive,242,0.07823537381066749,0.22600392690905574,0.06680504738624038,-7.401602609207334,0.16181043497294645
SZ000100,naive,242,0.13622912998223558,0.2827064040341552,-0.33588613322559624,-6.775398436606604,-0.2389631901220557
SZ000157,naive,242,0.052316121376971836,0.1901429162669339,0.044202543851482146,-7.380847830863773,-0.24145773709414908
SZ000166,naive,242,0.09935292492716065,0.25160631454904636,0.37621621933876925,-7.497555335524503,0.41726577513617324
SZ000333,naive,231,0.05592748957965478,0.1754798122541971,0.1744436275297011,-7.462353845222105,0.13693584747614207
SZ000338,naive,242,0.07311182959724405,0.20820006837183003,0.2615508790409987,-7.0366017649381725,0.29281754610280897
SZ000402,naive,225,0.07311900784562501,0.20825721044341464,-0.30867371873300775,-7.536981337896566,-0.22154862090300576
SZ000413,naive,227,0.4633952148611512,0.3584272378419963,-0.5291524553115647,29.964375540294157,-0.5287361854057482
SZ000415,naive,242,0.09446959584140995,0.23362978857077155,0.2975690474122378,-7.170649179121569,0.356066884580968
SZ000423,naive,242,0.106831490316607,0.23390871485836562,-0.2130163225984203,-7.497398047650141,-0.20286515517387516
SZ000425,naive,242,0.06887799304909288,0.2019988086391511,0.34491485848566705,-7.200668388607257,0.2538141229002756
SZ000503,naive,91,0.9777234800646177,0.5290187255317466,-1.3364616203512112,30.89245364043695,-1.3391371883340226
SZ000538,naive,232,0.08396256799711875,0.22745341975663494,0.13955058026003508,-7.4158483454249415,0.08524392158288219
SZ000568,naive,242,0.07339339817878651,0.22691998601612492,0.33827262048136286,-6.807197644759545,0.42174604141585237
SZ000625,naive,242,0.08281469450867905,0.23104625972806947,-0.6026820474333554,-6.402712927913077,-0.39780392676262033
SZ000630,naive,242,0.11191735675425245,0.27160478698639307,0.2578857763365723,-7.705607946202141,0.29113856220417167
SZ000651,naive,236,0.10465568303559845,0.22774030711919552,-0.3335252644340374,-7.1328325080269765,-0.3457957804594234
SZ000709,naive,242,0.09644229231466302,0.25033806633138433,0.22273511394252832,-8.266518094485349,0.2337940493181122
SZ000725,naive,242,0.10745158554622133,0.2493407231132881,0.21047882608638746,-6.819950296735851,0.2343717503527647
SZ000728,naive,242,0.10359222043176375,0.2530165787711712,0.49142699102893106,-7.10442794788436,0.5326923894950493
SZ000768,naive,242,0.06851731670125613,0.20906329089202721,0.1565950918477308,-7.404050196832381,0.19019298838053633
SZ000776,naive,242,0.0916675214162426,0.2432629835673075,0.331682798560457,-7.361381429633421,0.371670629516054
SZ000783,naive,242,0.1015793377192557,0.245333322528686,0.4705623551478555,-7.038776168966044,0.5079416301098283
SZ000792,naive,101,0.08357564477779106,0.22731647639235608,-0.9532824155957411,-6.381553136294044,-0.9312864869159281
SZ000826,naive,101,0.231153574490566,0.318248732619706,-1.2778222424671557,-5.83455619676515,-1.9192191810219335
SZ000839,naive,101,0.07687186417150904,0.2173510308001724,0.321380812628976,-5.833426881952632,0.1691715962071514
SZ000858,naive,242,0.07765022631603895,0.23010324151614137,0.4413881198232722,-6.975732398080564,0.47907326092362634
SZ000876,naive,242,0.09180038714113874,0.23558876786265398,0.4661232363143122,-6.020186316101838,0.28398308019776863
SZ000895,naive,227,0.09516473889534145,0.24965428063234857,0.015811866283343523,-7.0014849135050055,0.09502941448090829
SZ000898,naive,242,0.09722274291790053,0.2398780982137672,-0.2298646902652215,-8.086277599861798,-0.1849661408253822
SZ000959,naive,101,0.08014510588201694,0.23212112789197925,-0.4603755350916694,-7.444969212202279,-0.6346362492104851
SZ000961,naive,242,0.0776567025112899,0.22274731425999914,-0.29054743630071234,-6.329108295242663,-0.3729001219160446
SZ000963,naive,242,0.10883481170038842,0.2736828860633609,-0.12105044076136617,-6.9253021444962295,-0.17002403238357933
SZ000983,naive,101,0.09165637409620504,0.25691943926789773,0.03734265133330461,-7.044951615878219,-0.0697311489580037
SZ001979,naive,242,0.057711861274164486,0.1916694236373563,0.24830218282278937,-7.423091101837724,0.2826587626180954
SZ002007,naive,242,0.08156661992280569,0.2388466531801006,-0.4219845257561483,-6.850025381599081,-0.3706185103303947
SZ002008,naive,242,0.07076028574284325,0.21492367188995554,-0.38369097149216946,-6.475613962378401,-0.3735846271317529
SZ002024,naive,242,0.08271317412964574,0.23138718821531834,0.5685795263407751,-7.777353607014278,0.5844979683363591
SZ002027,naive,242,0.062244912482723104,0.19613846357859555,0.18707350202867667,-6.8146144918554405,0.15930631841903498
SZ002065,naive,225,0.07785545426916642,0.22663633708758057,0.40109466987076037,-6.885717915096022,0.43898669891361375
SZ002081,naive,242,0.10121276467485955,0.2433913065730788,-0.10031693905338934,-7.103866143923901,-0.1209092687099591
SZ002142,naive,242,0.0650096209929026,0.19287602451335514,0.0946581177868584,-7.2295189835278775,-0.17357419964143972
SZ002146,naive,242,0.05606544841958215,0.19120155492353247,0.32917398891737515,-7.2482752552130245,0.40234532505915277
SZ002153,naive,242,0.07175651839542933,0.2141731871834495,-0.40722716426846994,-6.527626541452467,-0.39742747538908474
SZ002202,naive,236,0.07745875942547961,0.21559052824830813,0.09640510872043595,-6.791912665098765,0.1268258290873363
SZ002230,naive,242,0.07002769812894274,0.20955875374406777,0.07488597611872372,-6.846771727179127,0.09912664450116992
SZ002236,naive,240,0.07542286096216708,0.23049171275618108,-0.0971214517732879,-6.645311032914018,-0.038910734313131634
SZ002241,naive,242,0.07600103443713684,0.2242134715257194,0.1412372839070054,-6.108695256093227,-0.21953788110652872
SZ002294,naive,242,0.124943701589407,0.2875092178159251,0.06410702470667329,-7.390640264082537,0.10519714802126112
SZ002304,naive,242,0.07380137431560149,0.21569359219825845,0.33336389494849616,-7.160469818012478,0.3556379234336656
SZ002310,naive,220,0.1277317343845752,0.2832830907746116,0.05903967128766474,-6.682871243039434,0.05727181178314056
SZ002415,naive,240,0.06364107930990949,0.20590841629272147,-0.22161961789761242,-6.935236860706601,-0.20762907597371116
SZ002450,naive,100,3.6458124875228184,1.300769794956993,-0.6199105923157757,827.8709492642467,-0.7187958221301252
SZ002456,naive,239,0.4157121316793128,0.323247105290392,-0.6803408306354186,11.779637676437167,-0.6826963751576101
SZ002475,naive,242,0.057530609160019425,0.19026041213587724,-0.21361972857253564,-6.358393396128576,-0.29757972178828074
SZ002594,naive,242,0.099312135558191,0.24747271359506876,0.07664137289026107,-7.256044869111814,0.04453359462019435
SZ002673,naive,242,0.1324531323569559,0.2795095102042735,0.47559777307714657,-7.016940426164544,0.5223491556677498
SZ002736,naive,242,0.10081831384734895,0.24721757432065397,0.374251003914973,-6.921190647715099,0.39685365907180636
SZ300003,naive,242,0.06261264759836097,0.19056498902918942,-0.7566859319288597,-6.714993172719071,-0.6126780555237532
SZ300015,naive,237,0.05893445621777451,0.18893949762045203,-0.03633148667588437,-7.088665875492028,0.03190287166510397
SZ300017,naive,242,0.3114493792521986,0.30906752782593244,-0.7284474321556065,-1.1310865851468297,-0.761207644939847
SZ300024,naive,242,0.07294434025583106,0.21458394632550468,0.36149911662988665,-7.384810985380642,0.3879086639749255
SZ300059,naive,242,0.09850593943365606,0.2640387960608283,0.18659337627383976,-6.809007419621921,0.196498671560691
SZ300070,naive,242,0.06974951728787425,0.20557464626605165,0.0055554233510241025,-7.005395383690758,0.01456936538235154
SZ300124,naive,231,0.06294913567036536,0.20005045466600077,-0.2686618567709671,-7.00499280243625,-0.21626280753699478
SZ300144,naive,242,0.03865668912415039,0.15742598524493867,-0.13607724466282445,-7.109505905370106,0.004068098880730564
SZ300251,naive,225,0.11843800450184495,0.2690425841344928,-0.36093195662701505,-6.685491509977096,-0.3914060623760225
SH600000,har,242,0.07128032146822003,0.21284701505974019,0.14927847070084233,-8.07948487990845,0.1794058529393897
SH600009,har,242,0.05312098480451343,0.1881839716754143,0.3426241396818488,-7.29041878338666,0.37988484390286303
SH600010,har,242,0.10086167255888168,0.2527311773392958,0.34428059228281893,-7.413980375299755,0.36319731264705657
SH600011,har,242,0.08137095676880007,0.21922826664187006,0.3662613935035678,-7.699745385078497,0.22401636251165968
SH600015,har,242,0.0763128233488926,0.2175977826295606,0.418520303463355,-8.837639348630331,0.43635242973281463
SH600016,har,242,0.06764943131919388,0.20131993947333027,0.35252837070175136,-8.872950573841946,0.38102587074087224
SH600018,har,239,0.09877286637860193,0.25017972300301683,0.591831874206208,-7.129281453112925,0.6192126236066429
SH600019,har,242,0.05904439643595387,0.19690730280784105,0.24737859261549022,-8.119604573103882,0.26572272979330935
SH600023,har,242,0.06600233852195303,0.20025980558970014,0.30610132222713415,-8.726805539348788,0.3324654315296448
SH600028,har,242,0.0526702847131486,0.18406450836276467,0.4767558449540775,-8.81624829432861,0.43370754082097407
SH600029,har,242,0.09109682717739079,0.23865015594764613,0.28945428899258796,-7.420234444063127,0.3139371699793254
SH600030,har,235,0.0894222962364196,0.23255083531006562,0.41879961267670096,-7.251412247204754,0.43968925443428364
SH600031,har,242,0.043546254644528465,0.1615252630015403,0.40037623258070754,-7.109868620206884,0.38771501756224747
SH600036,har,242,0.044959829744489546,0.16526189025330126,0.26458626152103193,-7.724230505886654,0.2871641520384942
SH600038,har,242,0.047308031734598716,0.1711142142832886,0.21915418089360372,-7.311624274643404,0.2587579499627096
SH600048,har,242,0.05311718172131644,0.17661062611305825,0.13387366461873207,-7.19697786476465,0.14175231211361072
SH600050,har,242,0.08459312220873307,0.2346668041559421,0.43308331472699035,-7.456015862798902,0.42483316248595904
SH600061,har,240,0.22477593772912485,0.36454716215108884,-0.07952523609575302,-6.1767068260010705,-0.04835887302642239
SH600066,har,242,0.08793845730304757,0.23120144330722026,0.42117148051851383,-6.997031267670363,0.4274898858484468
SH600068,har,242,0.08626651388742874,0.2329410481498125,0.3793952629851426,-7.8876000645490185,0.4218741013902265
SH600085,har,242,0.10441930413323412,0.24934810108234792,0.16677341280800206,-7.847095806266445,0.24013130127230653
SH600089,har,242,0.0724633098465099,0.21477946629159939,0.5084842284902693,-8.27275107904644,0.5162370234579237
SH600100,har,242,0.11042114228265043,0.2600603973423843,0.42005301488084357,-7.067699436695751,0.4574752240115948
SH600104,har,242,0.06944367309066962,0.21249806772926624,0.38825613254313196,-7.564187032201586,0.4017037700601155
SH600109,har,242,0.08710046916537918,0.24198949796977012,0.5261369670514181,-7.178809723402554,0.5539565026867377
SH600111,har,239,0.09334556410755257,0.24258448570695232,0.4438455958182398,-6.986975173044998,0.4298418598378282
SH600115,har,241,0.096175281078907,0.24474554587696798,0.43952090439201763,-7.362789177216061,0.4482637638665048
SH600118,har,242,0.07515952090817822,0.22680793840994648,0.5473480252051188,-7.287062637037656,0.5634963966208766
SH600153,har,242,0.061018214187479485,0.1982096543238646,0.2742992421376771,-7.570485020028666,0.28678162798507445
SH600157,har,95,0.14024738470789525,0.2993563172216997,-0.2511343753175985,-5.435084023721928,0.10373053006176969
SH600170,har,242,0.07222048603564775,0.20796549436910305,0.5408201745980683,-8.082710032025812,0.5681595715337587
SH600177,har,242,0.1129234463394353,0.26717107253417116,0.34384603059736285,-8.18080170776527,0.3765237000449557
SH600188,har,242,0.07109298669863061,0.21160133022054595,0.12953238642839515,-7.519179402393911,0.16897230726945633
SH600196,har,242,0.05601993133419594,0.19044240510451343,0.23819691904602303,-7.200170352109601,0.21942322547377135
SH600208,har,241,0.3703391280671231,0.34660783183332383,0.07970700856810686,-5.531113230267773,0.05147368393033169
SH600219,har,242,0.07605905816856595,0.2227070162797549,0.4231015148417556,-7.923277889274377,0.44590839987173103
SH600221,har,242,0.08711173175940158,0.23997683959440852,0.4138665952322156,-7.897889084778444,0.42291212384116883
SH600271,har,242,0.054944513889321735,0.18970526591267978,0.5201048519340545,-7.295921814667186,0.5317430659271627
SH600276,har,242,0.056895662049383816,0.19037503019512853,0.16316160993689333,-7.2168872166901705,0.09120371313136222
SH600309,har,242,0.047089997895187745,0.17289297977260537,0.36402618412061205,-7.145517577615442,0.37041527998869395
SH600332,har,242,0.050266071025916376,0.17813343428606254,0.5293783589212118,-7.433278392850911,0.5481817501001107
SH600340,har,242,0.0531683340278539,0.18238382810275683,0.45632587494025145,-7.269585939354273,0.48554597814262523
SH600352,har,238,0.07897333070019144,0.21602935223729805,0.5804797371172079,-7.0127797722590195,0.5895759595361498
SH600362,har,242,0.10263829171149937,0.255201921618262,0.408418286463626,-7.627071623195558,0.41573722370173927
SH600369,har,242,0.1245393947140247,0.27868465023629924,0.4565677952589363,-6.948384090138992,0.49133775980372374
SH600372,har,242,0.06444570760247124,0.2039040895404784,0.3281108928508517,-7.246813346913335,0.34881936384151124
SH600383,har,242,0.053783302919599416,0.18438636215264198,0.2726710749628425,-7.032289943996769,0.32495419158394356
SH600398,har,242,0.07342525171025921,0.21273977721765966,0.3697702437580487,-7.645314315963002,0.3703442220374229
SH600406,har,240,0.06763473017160618,0.20156161253546448,0.18878654418249707,-7.055198565912046,0.20580402806413578
SH600415,har,225,0.07673512382499692,0.22449278449110452,0.41661570504769874,-7.585368431217905,0.4571299468183464
SH600436,har,242,0.07517906120530321,0.2257320404186418,0.21188852153073046,-7.39207105719068,0.2673428270637742
SH600489,har,241,0.09038746928527303,0.24326539830788663,0.2026913426208271,-7.471791397777089,0.24457036927730902
SH600498,har,242,0.09471277696160858,0.24968891438921537,0.33902946723399485,-7.2907502663809165,0.3454929380906814
SH600516,har,241,0.08488522727726655,0.22362765671993928,0.05391110636070773,-6.81709722620237,0.08837663543213226
SH600518,har,79,0.12435815362336392,0.28567752903767724,-0.13717128233697884,-5.515680102024329,-0.3019686138632567
SH600519,har,242,0.04622042075506707,0.17355218982945017,0.42762215585959273,-7.5735713063595425,0.43785415621998036
SH600535,har,242,0.06462400519710623,0.20558404157442883,0.41574827247242474,-7.334484677047683,0.4409595224697943
SH600547,har,242,0.06844207100635916,0.21344528139139785,0.13809339634858353,-7.180936903866132,0.15754873173087602
SH600549,har,101,0.09767320379267239,0.24333468373466466,0.37810007581095073,-6.670755203178972,0.03507068145265435
SH600570,har,241,0.06875445830034581,0.2072248260176474,0.41727032130675257,-6.763850409331013,0.4353527353557408
SH600583,har,242,0.0465880007868885,0.16784392182779373,0.34826672362653865,-7.3677483473059,0.35097009902306797
SH600585,har,242,0.04498541887109782,0.1637069565399707,0.18688806569845617,-7.5089124716805955,0.20955593563079877
SH600588,har,242,0.06030740461805494,0.19165336262736418,0.37131296091132904,-6.4976688733373384,0.39057324196246346
SH600606,har,242,0.07122735417584464,0.2026263709052146,0.43027496722060987,-7.731050823866852,0.44995897666501394
SH600637,har,242,0.06339938180244264,0.20893145058778226,0.5701284511286746,-7.697295796712615,0.5858800764344974
SH600660,har,242,0.07335737507548519,0.2082858718805341,0.031583777976551874,-7.800051265473598,0.06227166888366542
SH600663,har,136,0.0820971583947806,0.23154934363073715,0.12476346068887478,-8.034624213669522,-0.11915565592693222
SH600674,har,242,0.06031223000782625,0.19481564185916828,-0.1949939073393261,-8.126662603017555,-0.17299792428430716
SH600688,har,225,0.06842129673964566,0.21115801310274246,0.1620074467301409,-8.247277248679602,0.19913299539925122
SH600690,har,242,0.05027338268143968,0.17797852575240383,0.2950725299176439,-7.384196963784253,0.3156857452924122
SH600703,har,240,0.06760821969217619,0.20928564641936054,-0.07340764526603305,-6.038589739014724,-0.05070541999508271
SH600704,har,225,0.09252429768929116,0.24058459971305182,0.05203932962188107,-7.309754076475555,0.05067572381836738
SH600705,har,242,0.09237333236925035,0.23230649371333853,0.4313369918694586,-7.2614895098041705,0.4487437848702809
SH600739,har,101,0.10639172203194398,0.26848076480085425,0.2950449319409991,-6.804738254007972,0.0867957707264303
SH600741,har,242,0.045791045116113656,0.1663793259969968,0.31781383571275756,-6.84212973094165,0.30223223765149587
SH600795,har,242,0.07005409001577839,0.21349677659472704,0.4058703184047949,-8.474369351038463,0.4306622534762333
SH600809,har,242,0.05647645491952671,0.18023487167131433,0.2622024841361722,-6.636142986873898,0.28796382479339366
SH600816,har,236,0.09858171976070523,0.23674321788123603,0.18898001232718242,-6.199735421114575,0.20544698811396034
SH600837,har,242,0.09482318145832148,0.24605471687144526,0.44233116679353535,-6.957754897421706,0.4708236015798529
SH600867,har,242,0.07544893647609484,0.2129762920774284,0.10314499282106837,-6.557770221761103,0.09848042150039615
SH600886,har,242,0.041839852008685015,0.16279704507014828,-0.14733505110498646,-7.602933902010867,-0.1482749703682813
SH600887,har,242,0.048636994730782014,0.17982671436694822,0.1865922756980306,-7.519331855780112,0.21938900967118358
SH600893,har,232,0.08009248461347311,0.23060202593922188,0.09806637796643292,-7.654173373030214,0.14739425517452043
SH600900,har,242,0.055708207705240285,0.1851548868602848,-0.010586084002035312,-8.295400041605188,0.04435794193617171
SH600958,har,241,0.08196103372020819,0.21606108815846567,0.49960765316359446,-7.0949163606247865,0.5272272330698529
SH600999,har,242,0.07651582340073314,0.21806379094547257,0.4171089442358137,-7.310721379623448,0.4568401444087
SH601006,har,242,0.049874837262086726,0.17408698408671963,0.12610274718574654,-8.671466004960624,-0.022935446622988298
SH601009,har,242,0.08965770692685741,0.23789534614305277,0.3270838801131234,-7.879275884861309,0.31552292452446207
SH601018,har,240,0.08344717122494041,0.22489520653407577,0.66416950635019,-7.268892768361053,0.6861949314252402
SH601021,har,242,0.039923675715307715,0.1572620397388824,0.45369103205595906,-7.396462021570811,0.46460787586570196
SH601088,har,242,0.050422237699112686,0.17863925961709484,0.12775802124658986,-8.058348339693016,0.1496378723232824
SH601111,har,242,0.07374061717179059,0.2159623240739736,0.3216620745695593,-7.166870337359629,0.3394225234611893
SH601117,har,242,0.056707787346252134,0.19456475483835622,0.4300197185925102,-7.832500703943742,0.4095824977013012
SH601166,har,242,0.066533171903058,0.20834798543211364,0.2588093125710751,-7.945116114905741,0.22475075426836022
SH601169,har,242,0.0744979419405737,0.21642102885227185,0.305536159623913,-8.69060932243659,0.33422120164903113
SH601186,har,242,0.07553880211119787,0.21501519812558995,0.25208084737810454,-7.737447964396681,0.30482198407707095
SH601198,har,242,0.12425393394216681,0.25713125436199147,0.3457230472232141,-6.860115278429361,0.3488721402923619
SH601211,har,242,0.07084134746631429,0.19222408744544026,0.41893043385592343,-7.414051987606226,0.4281923602718509
SH601216,har,241,0.09689187828516124,0.24228319606295895,0.4864193623618127,-7.1617254925118115,0.48452041849895067
SH601225,har,242,0.09431367442677938,0.2551547045368839,-0.20461334507463214,-7.740525351575572,-0.13633902436249223
SH601238,har,242,0.07997866467302388,0.22088864401187328,0.39587695943352086,-7.085574182291342,0.19691151617903735
SH601288,har,242,0.05270587316092148,0.18423889174081995,0.2468920395887676,-8.975107111415694,0.247884864593078
SH601318,har,242,0.043982760526192134,0.16398898064744868,0.6038800315458809,-8.02072647547142,0.6093629181867388
SH601328,har,242,0.06993754079997336,0.22151476546923268,0.477106943378532,-8.859196718302524,0.49734219164782767
SH601333,har,101,0.05568297361028814,0.19949222377397813,0.20634886220471094,-7.555795261964114,0.30355563572760713
SH601336,har,242,0.06475017633794401,0.19652067635198212,0.5134871548166937,-7.352653834566708,0.5905990825521881
SH601377,har,242,0.09725613572635354,0.24398786968880018,0.466374253220175,-7.086976242828164,0.48366470510293635
SH601390,har,242,0.06299051638120168,0.20235182131554189,0.2524001910836431,-8.322735594423216,0.3291203273690062
SH601398,har,242,0.05488503065550257,0.19006783955548764,0.29491086953530865,-8.69266952032461,0.28671493091809586
SH601555,har,242,0.09991826794081635,0.25311035161144074,0.5071743459586999,-6.764911121580031,0.5188744947353399
SH601600,har,242,0.0687465645554927,0.21238549626015393,0.5590857788842072,-7.636735607241479,0.5789181076082394
SH601601,har,242,0.05512003204291268,0.18500310466952066,0.18947699115025451,-7.340318406865469,0.20410918725771654
SH601607,har,242,0.08373896509864817,0.24361960216107384,0.3872786438956085,-7.620703008676208,0.39907131264065854
SH601618,har,241,0.09664504062599631,0.23282938834728442,0.452909121230736,-7.958589873091527,0.4585564720176455
SH601628,har,242,0.056546411914865716,0.17801040079905622,0.4376190163566115,-7.184841128410165,0.4559403952899792
SH601633,har,241,0.0773808186550689,0.22557075603539173,0.4398058764380641,-6.621533975026436,0.47279557454964727
SH601668,har,242,0.0546373427360801,0.189690568837638,0.080252684835185,-8.008903381480389,0.1430309271406901
SH601669,har,242,0.09426155035837137,0.24609605186887418,0.21342645003605798,-7.912860087826746,0.24724807724198627
SH601688,har,242,0.07631514826113488,0.2208460998915762,0.46176636556980344,-7.136964026715087,0.47809220756920356
SH601727,har,242,0.10235430647845234,0.2644054022873237,0.40756859674282264,-7.823655381434799,0.4320157191790186
SH601766,har,242,0.08577319142183683,0.23707196539498715,0.2238531598371979,-8.297620038754737,0.24444923918352424
SH601788,har,241,0.0724762573331434,0.21535320818388853,0.4540352656782467,-6.997871723537956,0.4770093290111338
SH601800,har,242,0.10151669436115338,0.24613738487714376,0.3243947079076025,-7.599628235633108,0.34463698646503427
SH601808,har,242,0.06705080732461294,0.2089702484570648,0.3614575680982326,-6.977432101311011,0.2568718069292425
SH601818,har,242,0.07882345677413151,0.21250731681675267,0.46715517638568005,-7.8963741016244695,0.4814819872430264
SH601857,har,242,0.05790476503027527,0.1967538314533171,0.17749128281873816,-9.103673184804194,0.24339307919177078
SH601877,har,242,0.03911122074667527,0.1536849805607671,0.2901638631810487,-7.333780958669129,0.2703082029652404
SH601888,har,242,0.048360071285678444,0.17128229150420332,0.18708690952309082,-7.159813896483676,0.18357287395152466
SH601898,har,242,0.06846233378785756,0.20394211118127809,0.11830050710066775,-7.895518782462805,0.11567993479721272
SH601899,har,238,0.09861719608040484,0.25316364939609326,0.30226450103063995,-7.422056664450519,0.2521727023279463
SH601901,har,240,0.116168038270459,0.26310810772278265,0.41971518791874984,-6.927923499367908,0.4468769875492059
SH601919,har,242,0.07376044332646986,0.2177701130233316,0.16719827891543548,-6.98250711998657,0.21669552032831219
SH601933,har,242,0.07257704744407126,0.21673380945105641,0.05321082789633769,-7.313605089039924,0.06476248038632082
SH601939,har,242,0.06369112499506561,0.20124104779872942,0.37469581116498374,-8.371178381694179,0.3691425004912259
SH601985,har,242,0.06411996452911367,0.20185654326963923,0.4982582286574768,-8.398682739573992,0.5108942002805164
SH601988,har,242,0.06426900269588756,0.20488882184743276,0.4373943822430608,-9.00340241964396,0.4595013669586495
SH601989,har,241,0.11104611516474315,0.26888928571089876,0.4385025172927667,-7.345322067972049,0.45487243068282424
SH601991,har,101,0.07075179364957478,0.20844306562439882,0.10453536058255353,-7.889746756688695,0.008317564599420235
SH601992,har,242,0.08075088290223346,0.22873279259627408,0.2570282332609909,-7.498854801310553,0.2627238970538146
SH601998,har,242,0.0996809007811722,0.24576930235352173,0.3676861784479094,-8.160875023041982,0.3815945621584176
SH603288,har,242,0.05222150299123982,0.18440766151443538,0.2709809466869758,-7.267818089132106,0.2892725524870461
SH603993,har,242,0.09736721508170582,0.2566137844119208,0.3022355791268463,-7.28079353198833,0.33441210695229995
SZ000001,har,242,0.04636819063191896,0.17464674362223115,0.29554757818710287,-7.333600249689989,0.3298257335828051
SZ000002,har,242,0.0721833554583792,0.2167402068120051,0.43532155394705196,-7.489704875770403,0.4363987703489315
SZ000063,har,242,0.07476860246697198,0.21863618749733255,0.29086548591361305,-6.616615966417274,0.30179253556499075
SZ000069,har,242,0.057773390160377074,0.1958547737093444,0.31087648122545164,-7.4617561997189785,0.35968913228346266
SZ000100,har,242,0.09513738181406586,0.24379761461916089,0.06706657281469364,-6.87448740372822,0.11848467743899871
SZ000157,har,242,0.03853644398816134,0.16132666697853237,0.2959524872364224,-7.41479903383905,0.11484243484293888
SZ000166,har,242,0.09093011179287515,0.24590063669908185,0.42909854992500607,-7.516989371643739,0.46186523392440637
SZ000333,har,231,0.04617782323893068,0.1711661857201998,0.3183603174712424,-7.504815328757707,0.28808472907087546
SZ000338,har,242,0.054839150223838895,0.18766261233519738,0.4461098498011197,-7.092075699372009,0.4545648611189944
SZ000402,har,225,0.05761664515567132,0.19050508536036267,-0.031214611609422516,-7.5806357517538485,0.039361351651113985
SZ000413,har,227,0.2881066929268296,0.32570084314017694,0.04928009018659629,-6.067836877780742,0.05229441886033015
SZ000415,har,242,0.09147455744231847,0.2195712214381738,0.3198387274820298,-7.136434909942121,0.340606973355701
SZ000423,har,242,0.08079545486251839,0.20994333884067343,0.08260939494950004,-7.671575405400128,0.10516996241117882
SZ000425,har,242,0.060270605198766994,0.1920917419917051,0.42677804349427473,-7.231943674178493,0.3335248731318098
SZ000503,har,91,0.5348568408497774,0.3992839480143103,-0.2781451059610536,-5.619252860221259,-0.2710535400464593
SZ000538,har,232,0.07059987516537769,0.20932720378730804,0.2764916191957374,-7.4672101866052705,0.22361342179236465
SZ000568,har,242,0.05412701729992787,0.19301690651515852,0.5119815922436225,-6.8551269560224934,0.5609972169764658
SZ000625,har,242,0.0611139279404946,0.19456331438206637,-0.18271516594318382,-6.4456325457955765,-0.03269416804460379
SZ000630,har,242,0.0876327349646515,0.23854493916618694,0.4189149836821514,-7.7681758112431005,0.4275478403670975
SZ000651,har,236,0.0789266658026175,0.20331625236838985,-0.005685499654438653,-7.297203122057609,-0.018188383119981166
SZ000709,har,242,0.09379061000690009,0.2524531995221887,0.24410602391716196,-8.309404798682586,0.2459891752751856
SZ000725,har,242,0.09896638743951634,0.24710547221228005,0.272825449787101,-6.853847401354112,0.2648536286476626
SZ000728,har,242,0.08866632427585362,0.2430182030981521,0.5647038055229409,-7.16098399056803,0.6001712367777454
SZ000768,har,242,0.06462959089317137,0.21698669432364948,0.20445054191425127,-7.432792407079189,0.23739058647318856
SZ000776,har,242,0.07557136458944337,0.2143387000649706,0.4490344877762228,-7.395226097956654,0.4601586140775231
SZ000783,har,242,0.08676418402352139,0.23480346891197437,0.5477798312301517,-7.102407969145855,0.5689599368425651
SZ000792,har,101,0.060083617791481504,0.18652984439170828,-0.40424012772513995,-6.417829656892005,-0.36768117049284266
SZ000826,har,101,0.11990292890917537,0.23700552517931398,-0.1815415747223259,-6.4727355464713465,-0.4265533543147333
SZ000839,har,101,0.08043103904079657,0.2194397627319696,0.28996067753093235,-5.810983339336543,0.07928332966380758
SZ000858,har,242,0.057064161557000045,0.1978924414842514,0.5894832495616296,-7.021835017206045,0.6160182060287601
SZ000876,har,242,0.09067929324520178,0.22395810524282692,0.47264309967861795,-5.977982714328149,0.28784721252972845
SZ000895,har,227,0.0724350649370914,0.21372014885301996,0.2508808177944719,-7.0624229921970665,0.2749971080986726
SZ000898,har,242,0.07986823772100408,0.21870672232108448,-0.010330736396929163,-8.164194350693476,0.04091954929395325
SZ000959,har,101,0.06661264361831237,0.2124419658093314,-0.21379183416602476,-7.497167721581369,-0.2942483151587092
SZ000961,har,242,0.05747564286083014,0.1937142045214789,0.044833978973084276,-6.371091838347407,-0.0072088608778149155
SZ000963,har,242,0.07098958706153663,0.2162025784219276,0.26877341338277905,-7.004317632264291,0.23547885882652775
SZ000983,har,101,0.08067688738614968,0.23330033496342828,0.15265905644146538,-7.083169942885114,0.02355146794730656
SZ001979,har,242,0.0482802943059996,0.1791283959047677,0.37114847725869626,-7.459979637026107,0.400570040536129
SZ002007,har,242,0.05722488013434783,0.19721310644784953,0.002375063275835143,-6.906003869982088,0.02901752633468846
SZ002008,har,242,0.05078554327111596,0.18439971050063925,0.006907660577453845,-6.519363755309319,0.01595459639439789
SZ002024,har,242,0.08349501044995739,0.23376530964265166,0.5645015762538379,-7.816840919777476,0.5741835255434069
SZ002027,har,242,0.047103127511893536,0.1731750821811227,0.3848271454736387,-6.854396536453711,0.36119042590887984
SZ002065,har,225,0.08000112635376758,0.22376210251279613,0.3845890254012747,-6.852674155695351,0.3896332759625505
SZ002081,har,242,0.07726394729372277,0.2245520735046595,0.16003845702153374,-7.190147751753692,0.18183131454984003
SZ002142,har,242,0.05055995349875241,0.16816732832541004,0.2958881659967407,-7.270552356333289,0.10089423494461502
SZ002146,har,242,0.05193198196245868,0.18606338000352446,0.3786311304107355,-7.271521800256762,0.43423236233648477
SZ002153,har,242,0.050859527170058406,0.18570742193249765,0.0025866667450336056,-6.570317661664393,-0.004984729139263955
SZ002202,har,236,0.05341831999143907,0.18685593067325681,0.3768487721335271,-6.852436635646986,0.37712354295096484
SZ002230,har,242,0.05590277241243704,0.18801668998592286,0.26148595321007406,-6.878447300150019,0.26743617324116253
SZ002236,har,240,0.05886504868096353,0.1995117312570992,0.1437329896573527,-6.678584907156303,0.17048488430115638
SZ002241,har,242,0.059834225318803634,0.19299189173064688,0.3239118094820528,-6.134279695084987,0.04209128333916334
SZ002294,har,242,0.09419091480068528,0.24694510036700235,0.2944613103579816,-7.488982786018644,0.3301414367213702
SZ002304,har,242,0.05597576611127746,0.19394637516747934,0.4943797856917749,-7.218498737264032,0.5050722744082663
SZ002310,har,220,0.087778174651775,0.24642798425206458,0.35336523478634296,-6.816208005974457,0.37349740805395315
SZ002415,har,240,0.04522496104146478,0.17316086539227266,0.13188619322636086,-6.973390212460314,0.1369482411885271
SZ002450,har,100,2.4853676286465642,1.1797744072184086,-0.10430071793924434,-1.0053835177971244,-0.11651637638540113
SZ002456,har,239,0.27499513249778396,0.2825961053334944,-0.11155175456482391,-5.570749329218975,-0.1098136913429748
SZ002475,har,242,0.0468135119035088,0.17126140286060634,0.012459585612280444,-6.379631125558197,-0.0720868576210274
SZ002594,har,242,0.07379252438870826,0.21529763500011,0.31391099760818875,-7.334845085385928,0.28390570031604967
SZ002673,har,242,0.10868030484927507,0.2557984849621001,0.5697180363238015,-7.081220577329739,0.5929881863549016
SZ002736,har,242,0.08571658414400742,0.22090287260560348,0.4679829048007751,-6.9216918418076085,0.4751739993030131
SZ300003,har,242,0.03583179426478185,0.14454589075810184,-0.005311407760357989,-6.778884310183045,0.02551050285352907
SZ300015,har,237,0.049839350030042584,0.17599187712052214,0.12360118296949252,-7.106794256511392,0.1755828992656726
SZ300017,har,242,0.17821944353545272,0.2710417513470649,0.01093737839941511,-6.345729394738368,-0.009375764998510006
SZ300024,har,242,0.06130665119121128,0.19482775912273903,0.4633668519755695,-7.398813720567312,0.476402371722932
SZ300059,har,242,0.07796404035681836,0.22383919025985477,0.3562168210029524,-6.839418699679323,0.35382052652829543
SZ300070,har,242,0.05029651707961996,0.18153154444403458,0.28290401741811066,-7.048441686935474,0.2804326658857754
SZ300124,har,231,0.041660398161219955,0.16245569390713793,0.16038627818820494,-7.055379879433676,0.18257902127973524
SZ300144,har,242,0.031350907886341615,0.1456404170206116,0.07863156788195846,-7.117965733411513,0.10461525032359564
SZ300251,har,225,0.08641091968358214,0.2314065270958387,0.007080687541595632,-6.760548991786122,-0.02140296337748615
SH600000,har_x,242,0.0712005969562833,0.21270023149203401,0.15022997256447645,-8.079193226288146,0.17936331845551468
SH600009,har_x,242,0.053011922999206706,0.18787557240011654,0.3439737870642382,-7.290462990244285,0.3803753224680402
SH600010,har_x,242,0.09979125546992602,0.25110246657569535,0.35123956135177425,-7.413366905953398,0.36945777316221606
SH600011,har_x,242,0.0808013297939465,0.2183846674734651,0.37069779955802995,-7.700779561908849,0.22852000163852104
SH600015,har_x,242,0.0764798995353372,0.21773499124405804,0.4172472355053247,-8.83806139992286,0.4351442833093153
SH600016,har_x,242,0.06754260933948443,0.2013224929577491,0.3535507621675569,-8.87361391672956,0.38165578497416675
SH600018,har_x,239,0.09890609915593084,0.24954103731218383,0.5912813042469623,-7.128199525608284,0.6178589754803429
SH600019,har_x,242,0.05827999612605822,0.19503841451489107,0.25712217662625836,-8.121349849571684,0.2742457112829876
SH600023,har_x,242,0.06530827647361474,0.198169355455046,0.31339816576964097,-8.728925740437147,0.3377276847493311
SH600028,har_x,242,0.05282682939880332,0.18439753919984375,0.4752006778951099,-8.817109186528851,0.43131829820926937
SH600029,har_x,242,0.09092545931663377,0.23831243235452845,0.29079094035837383,-7.4222861898834225,0.31651556559604177
SH600030,har_x,235,0.08948321019387927,0.2330718353095669,0.4184037022923899,-7.253268740428955,0.4376890854447436
SH600031,har_x,242,0.043483527288962084,0.16096898815639304,0.4012399765139575,-7.10993095660461,0.3876977534567102
SH600036,har_x,242,0.04498020482552527,0.16514837270037006,0.2642529836905452,-7.724288382882782,0.2864252179421449
SH600038,har_x,242,0.04835865491180908,0.17322868238310615,0.20181305116782366,-7.309617955854366,0.24179492575934436
SH600048,har_x,242,0.05309048436773389,0.17691242839594365,0.13430899044501832,-7.196939101094153,0.14164796019965464
SH600050,har_x,242,0.08429299221726431,0.23280585191548395,0.43509469219447106,-7.457943520386968,0.42709991364258615
SH600061,har_x,240,0.21749800917043535,0.3590703288050744,-0.044571728060229354,-6.216403128681482,-0.012645370520451005
SH600066,har_x,242,0.08721104892801147,0.2310252366246841,0.4259594279728296,-6.998487062422752,0.4312952663859244
SH600068,har_x,242,0.08638585602184456,0.23308406985765542,0.378536710916601,-7.888168056445339,0.4201853017389089
SH600085,har_x,242,0.10397091886318287,0.24855770230719595,0.1703513578193504,-7.848066576358266,0.24377200023943124
SH600089,har_x,242,0.07261613249804179,0.21492113085100434,0.5074476384748399,-8.272527028369487,0.5148470969244607
SH600100,har_x,242,0.10999282370157866,0.2597664908789584,0.42230260281869736,-7.067899603937817,0.46145949902669614
SH600104,har_x,242,0.06950344320066036,0.21230147997140167,0.3877296051200171,-7.564408461608977,0.40101038617413076
SH600109,har_x,242,0.08775596694580105,0.24250163546779838,0.5225707845807819,-7.178017675953783,0.5503759895299136
SH600111,har_x,239,0.09243806789776685,0.2401693980924934,0.4492524731420412,-6.988799267517169,0.4348002834145761
SH600115,har_x,241,0.09458106673717949,0.24203908714953834,0.4488114809563182,-7.368845800665715,0.45850249760630635
SH600118,har_x,242,0.07436204012470739,0.22486398134051364,0.5521508931204167,-7.288242686922649,0.5682368535090963
SH600153,har_x,242,0.06079961593584662,0.19848993333055537,0.2768990710410588,-7.570567212844487,0.28972857574128175
SH600157,har_x,95,0.14694921050034554,0.29886659975140667,-0.3109207638038334,-5.422809041807905,0.0005707944385643371
SH600170,har_x,242,0.07162864746427136,0.20744834218882433,0.544583100421312,-8.085047748171588,0.5715011066519342
SH600177,har_x,242,0.11317905217317374,0.26779164829276336,0.342360805094186,-8.181287736934879,0.37556411850226035
SH600188,har_x,242,0.07044358673844528,0.21039495530019472,0.13748368598473948,-7.521940311841538,0.17710597720611543
SH600196,har_x,242,0.056155147491088436,0.19010750355005834,0.2363581434091706,-7.20016710674482,0.21964239175877787
SH600208,har_x,241,0.35794052988014496,0.341266511293945,0.11051753370653639,-6.295647112860322,0.08405321015803124
SH600219,har_x,242,0.0758273184468356,0.22268299239877007,0.42485923177431284,-7.924342309657993,0.4478072612750944
SH600221,har_x,242,0.08616540444405744,0.23891483977296743,0.42023398157805714,-7.900549060587326,0.42932076885275006
SH600271,har_x,242,0.0553514986324943,0.18894184021392493,0.5165501748651335,-7.295191361152577,0.531355045584255
SH600276,har_x,242,0.057050851700683365,0.19046241214922743,0.1608790341961409,-7.21641696188748,0.08941411259894538
SH600309,har_x,242,0.04707887078879392,0.17308119825950932,0.3641764612204057,-7.145698411201659,0.3699657274406971
SH600332,har_x,242,0.052044808141987205,0.18014748811950265,0.5127247362384004,-7.4292827360807925,0.5386659559505831
SH600340,har_x,242,0.05343346147338998,0.18299632336224206,0.4536148076364378,-7.268054673345979,0.48129971470223987
SH600352,har_x,238,0.07513683095235422,0.21307473492394746,0.6008599005026497,-7.029849466688928,0.6110254722384485
SH600362,har_x,242,0.10260378783734693,0.254526774773852,0.40861715825557,-7.6306734914017635,0.41674375609227376
SH600369,har_x,242,0.12436200748873229,0.2790718666294181,0.45734183090568814,-6.950919250668573,0.49223128657398585
SH600372,har_x,242,0.06392638679843303,0.20219687749262388,0.33352515555864193,-7.247154754453937,0.35417069312692373
SH600383,har_x,242,0.05368197330726488,0.18411699298225298,0.2740413879412752,-7.032544653793723,0.32626843460087296
SH600398,har_x,242,0.07275377635396683,0.21160748897754358,0.3755337071478444,-7.649257441183425,0.37418322776133117
SH600406,har_x,240,0.06690985228041248,0.20013968390695722,0.19748075642625063,-7.056997999637485,0.21546741456422291
SH600415,har_x,225,0.07641968616055707,0.22318739291653936,0.41901384256670926,-7.586966313085924,0.458193151514218
SH600436,har_x,242,0.07644174087462337,0.22502274528660912,0.19865169301669205,-7.389208337194638,0.2565315490832122
SH600489,har_x,241,0.09005381395533082,0.242285370268813,0.20563451920544873,-7.473575549403502,0.24799663511572223
SH600498,har_x,242,0.09418511066145158,0.24962488820945825,0.3427118835533771,-7.292275904113123,0.3504171267851507
SH600516,har_x,241,0.08575053061705618,0.2241149948833452,0.04426686194194773,-6.818511224665025,0.0706887796404142
SH600518,har_x,79,0.11937609932863201,0.2798828643458895,-0.09161376233574647,-5.538294648973987,-0.25123444433736264
SH600519,har_x,242,0.04629511312239445,0.17401664296748284,0.42669719119059635,-7.57356754398155,0.4370336245538793
SH600535,har_x,242,0.06534848482264856,0.20704390434627334,0.409198408045257,-7.334489144888343,0.43546694036900657
SH600547,har_x,242,0.06997050730851886,0.21390583912175912,0.11884544954157361,-7.176134238326652,0.13732309119187114
SH600549,har_x,101,0.09653317850976474,0.24272494314088805,0.3853587876119765,-6.676445010534967,0.04958021810805169
SH600570,har_x,241,0.06864133966609556,0.20657566214734752,0.41822906037648544,-6.763794270747001,0.43511182443660057
SH600583,har_x,242,0.047152601115381956,0.16809024167987469,0.3403683631964828,-7.365991497217023,0.3402913920607198
SH600585,har_x,242,0.044988347086648964,0.16353571936525038,0.1868351381705906,-7.5091593965267815,0.21016057388363962
SH600588,har_x,242,0.06052583113548669,0.19001662112609566,0.3690359284080682,-6.4961619357860805,0.38640928312476375
SH600606,har_x,242,0.07061725527331009,0.20143614276673666,0.4351549549902952,-7.732040022174856,0.4558378586177997
SH600637,har_x,242,0.06291144484974413,0.2080324929589373,0.5734368463786734,-7.697252412207798,0.5877053868265427
SH600660,har_x,242,0.07352525342197506,0.2086183671926669,0.029367557536548627,-7.799852475695627,0.05975978146192551
SH600663,har_x,136,0.08869030873733415,0.23990028974191477,0.05447398658520852,-8.027352845719527,-0.14380078062914037
SH600674,har_x,242,0.060791152590431725,0.19583304628719592,-0.20448302038035426,-8.12609385506161,-0.1840472388297998
SH600688,har_x,225,0.06778945490472514,0.21026259339526307,0.16974595473478327,-8.25028080755689,0.21020781453789683
SH600690,har_x,242,0.05029637744443152,0.178729018774553,0.29475010005045754,-7.384686347183649,0.3128084039138269
SH600703,har_x,240,0.06984794970047302,0.2135963549992708,-0.10896757163569282,-6.033723332947219,-0.08474739509894369
SH600704,har_x,225,0.09419084660733168,0.242189416230106,0.03496464903507046,-7.304708784531776,0.03779725878686835
SH600705,har_x,242,0.09434992919723878,0.23349700042669824,0.4191687884579798,-7.256271469746608,0.43707224630609454
SH600739,har_x,101,0.10449005301858219,0.2649483311644572,0.30764545370281104,-6.810365999614915,0.11140673287280367
SH600741,har_x,242,0.0460892229097174,0.16717385446698588,0.31337164041500076,-6.841103051584066,0.2972034854568413
SH600795,har_x,242,0.06960326550934402,0.2132870971599144,0.4096937671199641,-8.477205133640409,0.4337899745663908
SH600809,har_x,242,0.05669679836779121,0.18118862668363223,0.2593239598201884,-6.6350665740993495,0.28704034208106
SH600816,har_x,236,0.1008665976871346,0.2399218676426714,0.1701825956030193,-6.180548920865374,0.18684742013123823
SH600837,har_x,242,0.0955149770088067,0.24576053349744675,0.4382626171886469,-6.953526005004033,0.4663425893714429
SH600867,har_x,242,0.07784851532004243,0.2180314544974072,0.07462140585179555,-6.549195137528581,0.08454972349688428
SH600886,har_x,242,0.042560349027091,0.16459168734250748,-0.16709256562158248,-7.601184869222214,-0.1690339969507011
SH600887,har_x,242,0.04838578889244181,0.1794643499774167,0.19079345569335526,-7.5198915592714055,0.22042263787545713
SH600893,har_x,232,0.0789603446630867,0.22806770753278088,0.1108155777325387,-7.6572253451757,0.16344977179725428
SH600900,har_x,242,0.05587291662545721,0.18495252529320175,-0.013574019703771478,-8.295438238266179,0.045242611198713534
SH600958,har_x,241,0.08266071053730317,0.2165267787239451,0.4953359534467707,-7.091747161412153,0.5239341734306504
SH600999,har_x,242,0.07669706016847329,0.2187076320795938,0.41572829790416443,-7.309788303360131,0.456767537608457
SH601006,har_x,242,0.04975322356148038,0.17365390843839615,0.12823363892792872,-8.672025459521787,-0.019996510698532255
SH601009,har_x,242,0.08911698339467652,0.23688426058746134,0.3311422214836375,-7.880661855555697,0.3192353255372181
SH601018,har_x,240,0.08536911350298221,0.2273262240232385,0.6564347106162357,-7.263362414241922,0.6758670622477666
SH601021,har_x,242,0.039736392222003196,0.157016196574004,0.45625378836802166,-7.396969739004734,0.467663360431278
SH601088,har_x,242,0.04980570465835082,0.1774384737868478,0.1384232757846774,-8.059679844858222,0.16167666883427068
SH601111,har_x,242,0.07364505570541648,0.21514329216920586,0.3225411418914437,-7.1679381815195296,0.34171697037436255
SH601117,har_x,242,0.05686268157398204,0.19492470663425576,0.4284628485462356,-7.832337771066194,0.4081032080728354
SH601166,har_x,242,0.06667103142227401,0.2082095265853433,0.25727353441870904,-7.944552836254809,0.22263727145771472
SH601169,har_x,242,0.07481303074922183,0.21645095075102974,0.3025989270183753,-8.690785675550982,0.3307614568282108
SH601186,har_x,242,0.07545623565382342,0.21459055267932,0.2528983482267887,-7.737811643876517,0.3046437651250862
SH601198,har_x,242,0.12417738751618776,0.2572109132363194,0.3461261134340502,-6.860488464978578,0.34928959959847805
SH601211,har_x,242,0.06989049484550688,0.19119123803231325,0.4267297140729217,-7.417189912516242,0.43580805358626207
SH601216,har_x,241,0.09351869176813715,0.23723924010074568,0.5042991198084292,-7.171981997623171,0.5035829233575857
SH601225,har_x,242,0.0954283824163437,0.25812074729091683,-0.21885085759073064,-7.7392881045153095,-0.14708722555771603
SH601238,har_x,242,0.07969422469767506,0.22057880169319802,0.39802549171358437,-7.0867102901779155,0.1994376778027086
SH601288,har_x,242,0.05163954075693385,0.18207948803035393,0.2621287366345716,-8.97740266539225,0.2621227931839445
SH601318,har_x,242,0.043939373765125925,0.16374334685850517,0.6042707837910621,-8.020687313601673,0.6091881863629176
SH601328,har_x,242,0.07015770500170977,0.22306519496550756,0.47546086988084013,-8.859873353835017,0.49771640064814604
SH601333,har_x,101,0.05436814186864862,0.197305678160385,0.22508919951257278,-7.558742802913895,0.32440983881315033
SH601336,har_x,242,0.06583271009509888,0.19828931031189473,0.5053533302005011,-7.351261560787474,0.5848380781765855
SH601377,har_x,242,0.09761686647922177,0.24476356451217085,0.46439499282752084,-7.086658738152215,0.48055625073905495
SH601390,har_x,242,0.06335940317443581,0.20266738089203026,0.24802207653597586,-8.323324799337843,0.32391682439234126
SH601398,har_x,242,0.05449795309536542,0.18974843087919663,0.29988352195145773,-8.693542859230984,0.2929931148155901
SH601555,har_x,242,0.09937002258205975,0.2528466655604595,0.5098784498535389,-6.765590590052702,0.5211908693097596
SH601600,har_x,242,0.06905289157063008,0.2123481713444143,0.5571211143491963,-7.636704419124166,0.5769669102824366
SH601601,har_x,242,0.05504261513644964,0.1848718471798437,0.19061538279548085,-7.340593394705219,0.20558539723468594
SH601607,har_x,242,0.08394168860785274,0.2436297738163656,0.3857953078724353,-7.621829013387061,0.39841055972660444
SH601618,har_x,241,0.09599857111726752,0.23298760413522115,0.45656867343679963,-7.964004999520574,0.4636652562574699
SH601628,har_x,242,0.05601896852730635,0.1774874719893163,0.4428646919188103,-7.186886505581664,0.4623699213267577
SH601633,har_x,241,0.07778906793162713,0.22637376360095504,0.4368503785556268,-6.620924209725662,0.4716164504112609
SH601668,har_x,242,0.05387194984471699,0.1876467153042933,0.09313706064163474,-8.011341924196172,0.15665344242086487
SH601669,har_x,242,0.0960891704980063,0.2501052589616688,0.1981757178366318,-7.910373325732912,0.23019303962606397
SH601688,har_x,242,0.07734722498294049,0.22381585067225027,0.4544873597938147,-7.136582978411665,0.47259249492283284
SH601727,har_x,242,0.10462190018691057,0.26862664067716024,0.39444366073437176,-7.824596469339646,0.42087482362771034
SH601766,har_x,242,0.08567714854093977,0.23526936154837444,0.22472223532911673,-8.297542053880544,0.2399355324895005
SH601788,har_x,241,0.07310293270470704,0.2156896939667129,0.4493145106981842,-6.993541790336433,0.4722688570326997
SH601800,har_x,242,0.10073348549665853,0.24544138181124545,0.32960705309866967,-7.60176120205489,0.34866160352274234
SH601808,har_x,242,0.06709427706242073,0.20902054274378593,0.36104359437887756,-6.977407309277591,0.2552541240841468
SH601818,har_x,242,0.07817345243738787,0.2121473906660998,0.47154919131899076,-7.896813434603749,0.48669164196760273
SH601857,har_x,242,0.05757592974812124,0.19652839753161402,0.18216222632307721,-9.104884351476306,0.24740413707009634
SH601877,har_x,242,0.040575874374118207,0.15712942432221041,0.26358161765575816,-7.330965728617401,0.24896286096107778
SH601888,har_x,242,0.04959454712479947,0.17354230075021912,0.166335873744611,-7.156523786593081,0.1675797057000754
SH601898,har_x,242,0.06827738935126675,0.20369661654269017,0.12068233382106497,-7.897024906981061,0.11763834172684928
SH601899,har_x,238,0.0997652353922327,0.25401947434950534,0.2941419036144495,-7.419017709825992,0.24121995984642652
SH601901,har_x,240,0.11704010613319252,0.26343462350536323,0.41535901781049467,-6.925870736481957,0.44358202439770134
SH601919,har_x,242,0.07346246403939172,0.21666589608200118,0.17056265217479705,-6.981687110635068,0.2185224752064323
SH601933,har_x,242,0.07272062282919856,0.2170582480678224,0.051337844290551105,-7.313371333577732,0.05778810330691664
SH601939,har_x,242,0.0630194835314359,0.20046112728265145,0.3812898259611658,-8.372497628441621,0.3782749448623479
SH601985,har_x,242,0.06444942411295368,0.20289685480714437,0.4956801917481365,-8.397882372979153,0.507999507560022
SH601988,har_x,242,0.06446374194014029,0.2036658333489408,0.4356896507516954,-9.004059988650981,0.4575752350017359
SH601989,har_x,241,0.10915746263821159,0.26697775056386464,0.4480523663602721,-7.35463275271033,0.4657522613016093
SH601991,har_x,101,0.070451390962894,0.20675022391147152,0.10833738410214033,-7.890035803598191,0.005957967710216838
SH601992,har_x,242,0.08076600437263125,0.22871876984808057,0.2568891038153014,-7.499092033928671,0.260732466713283
SH601998,har_x,242,0.09966389949087587,0.247595664735988,0.3677940240908997,-8.16307216543948,0.38198353848632305
SH603288,har_x,242,0.051970831412936944,0.18335347919652054,0.27448035490465006,-7.268466795791601,0.28898043093582393
SH603993,har_x,242,0.09469616105278111,0.25293781816142075,0.32137720155128924,-7.28448789172815,0.35681111592220827
SZ000001,har_x,242,0.04630978817144268,0.17460971565994107,0.2964348622100862,-7.333605498840084,0.3306711321749155
SZ000002,har_x,242,0.0726758023880012,0.21664495544164294,0.431469223098525,-7.491072923188333,0.43238698159218936
SZ000063,har_x,242,0.07455764534038964,0.2179432389865203,0.29286628537376225,-6.6168516600677725,0.3039094122555144
SZ000069,har_x,242,0.05766948979493606,0.19631825854182317,0.3121158093181239,-7.46259987164878,0.3604582915092359
SZ000100,har_x,242,0.09503604665138327,0.24242726230366735,0.06806028274041576,-6.875662538733478,0.11871003725833729
SZ000157,har_x,242,0.037962381785289136,0.16052808044580658,0.30644040527649685,-7.4153773406801164,0.12597863024286338
SZ000166,har_x,242,0.0901413980849666,0.24526731185137754,0.4340504606909874,-7.51876526866063,0.46662473395807547
SZ000333,har_x,231,0.046240649643292546,0.17083463143402522,0.3174329248979273,-7.505163279203182,0.28709168436426213
SZ000338,har_x,242,0.055121239502421336,0.1875633388676461,0.44326067230209265,-7.091904730398466,0.4505303368462995
SZ000402,har_x,225,0.057110855177501585,0.1892737701965074,-0.022162053716039187,-7.5818532075834915,0.052210482107527434
SZ000413,har_x,227,0.275521124551788,0.3184828472020779,0.09081106022035668,-6.329980785522181,0.09649026743472255
SZ000415,har_x,242,0.10254482239864363,0.24321850264718048,0.23752550607559486,-7.12801665250728,0.27940288019412685
SZ000423,har_x,242,0.07863986339070649,0.20816280498541406,0.10708502130660358,-7.688430987469181,0.13000928505518528
SZ000425,har_x,242,0.06034911728424394,0.1927146789038769,0.42603133038100804,-7.23207098360562,0.33489584711460296
SZ000503,har_x,91,0.5322053283644319,0.39754790205701457,-0.2718087979105581,-5.664558997158356,-0.2646066462070924
SZ000538,har_x,232,0.07028386417770986,0.2097526230072308,0.2797301036472797,-7.469582293093583,0.2285672516077627
SZ000568,har_x,242,0.05423548095773418,0.192781253015634,0.511003665429574,-6.854913903520413,0.5614135508874045
SZ000625,har_x,242,0.06487509867778685,0.20172565768073217,-0.2555037073216493,-6.436065423844195,-0.11080668109486447
SZ000630,har_x,242,0.08639165558585157,0.23608237528474502,0.4271444727123934,-7.772153289800494,0.4351165276638047
SZ000651,har_x,236,0.07711490484104803,0.2024771649648894,0.017400002683225835,-7.32400321372158,0.005463994459850352
SZ000709,har_x,242,0.09725756192198945,0.2571656236833016,0.2161645480296278,-8.30529045389932,0.21880401678666017
SZ000725,har_x,242,0.0929113771620833,0.24049407567465836,0.31731580139984217,-6.880612895518152,0.31754457405404624
SZ000728,har_x,242,0.08892349497825776,0.24403356597395937,0.563441258225511,-7.161528568115804,0.5988512825723706
SZ000768,har_x,242,0.06471008506317677,0.21759655977530395,0.2034597095038666,-7.433231744191218,0.23984187852170635
SZ000776,har_x,242,0.07663379414632285,0.21507040412879233,0.44128866965863456,-7.392754678419583,0.4526743366720867
SZ000783,har_x,242,0.08672008702098427,0.2341077799446584,0.5480096674713844,-7.102150115073591,0.5690442969352361
SZ000792,har_x,101,0.05981696399599676,0.1834142689156879,-0.39800804694183234,-6.416373826383917,-0.35678413246945806
SZ000826,har_x,101,0.10658443213586968,0.23041376847559145,-0.050299095546643136,-6.601933571514408,-0.24876613203469766
SZ000839,har_x,101,0.07957234412289262,0.21793974759294568,0.2975411733816312,-5.812912785381623,0.08992970923761234
SZ000858,har_x,242,0.05659051333579229,0.1965500291971313,0.5928906513934589,-7.022135605266635,0.6197137081945938
SZ000876,har_x,242,0.08917525859309103,0.22221854296643692,0.48139000345044514,-5.985298872738652,0.29999187393507865
SZ000895,har_x,227,0.07268087498938174,0.21434000669600273,0.24833866468796795,-7.062244940277511,0.27165877062896737
SZ000898,har_x,242,0.07982432811502434,0.21841587646499722,-0.009775281239656541,-8.165142497555415,0.04126876335378593
SZ000959,har_x,101,0.0664256142695408,0.21165224226769103,-0.21038385207798305,-7.497633526869963,-0.2874857331759977
SZ000961,har_x,242,0.055657535435013984,0.1907086077973419,0.07504842024381941,-6.376564113330982,0.03368761960202726
SZ000963,har_x,242,0.07111609270290489,0.21606583383526165,0.2674703449729663,-7.004431995889406,0.23841156450171674
SZ000983,har_x,101,0.08073086373546537,0.2329777143704544,0.15209214846768493,-7.083197287361487,0.022952244601519567
SZ001979,har_x,242,0.04807632635765718,0.17907209442708596,0.3738051626983626,-7.460353391203526,0.40349760800140744
SZ002007,har_x,242,0.05870077099625619,0.1991370649936362,-0.02335475082366778,-6.901402592669718,0.012854508789621799
SZ002008,har_x,242,0.05063519968633311,0.18456283383420483,0.009847573251659525,-6.518859807100986,0.02104262579078131
SZ002024,har_x,242,0.08480690697083887,0.23493217392800064,0.5576589054896444,-7.815421570141002,0.5680049387670073
SZ002027,har_x,242,0.048634389532913914,0.17578433306218874,0.36482866812707493,-6.852124506816465,0.3389269543751402
SZ002065,har_x,225,0.07783506082204288,0.21966043011949385,0.4012515470516418,-6.859928658915073,0.4068066849497274
SZ002081,har_x,242,0.07719917933642063,0.22545548000542473,0.16074257058622454,-7.191401634117714,0.18447441157909794
SZ002142,har_x,242,0.05019621899138389,0.16769110381276453,0.3009536328999064,-7.27082774674032,0.10779120192801195
SZ002146,har_x,242,0.0528484304090961,0.18510653517472467,0.36766577700412784,-7.269944105519505,0.41638205284367247
SZ002153,har_x,242,0.05114762863568787,0.1853132875705719,-0.0030633315765846714,-6.567549826383305,-0.01591511954945557
SZ002202,har_x,236,0.05321756254964129,0.18659139746184755,0.3791907073793317,-6.85295595867351,0.37998639719944827
SZ002230,har_x,242,0.056619023334303305,0.18815252197729898,0.25202378623699584,-6.876501241289815,0.26235666906457755
SZ002236,har_x,240,0.05870259551032563,0.19936912755074584,0.14609607766729749,-6.679187356867154,0.1727367306967037
SZ002241,har_x,242,0.059938210129129005,0.19369940919705628,0.32273684813042425,-6.133897640539383,0.03954126689817361
SZ002294,har_x,242,0.09482712860367547,0.24807151347625717,0.28969573977356045,-7.488089391991621,0.3247724105267753
SZ002304,har_x,242,0.05600808104004627,0.1943045503911567,0.4940878900672119,-7.2185253315096425,0.5058545682271762
SZ002310,har_x,220,0.08697228539750365,0.24572251835091974,0.35930197260062635,-6.817302871801675,0.3801351877332376
SZ002415,har_x,240,0.045627236852902923,0.1738642084554448,0.12416432508101649,-6.972841715505463,0.13138412939085964
SZ002450,har_x,100,2.517142974880751,1.178189915677136,-0.11841916756204274,-1.9212138625470383,-0.1138027230504779
SZ002456,har_x,239,0.27412230031748114,0.2836357945397133,-0.10802369887655083,-5.653278383257045,-0.10610182572714888
SZ002475,har_x,242,0.046116132402406536,0.1701144394327815,0.027170945933282398,-6.381400945872959,-0.05975300214023527
SZ002594,har_x,242,0.07322735501923297,0.21582960524450265,0.3191656828503303,-7.335709476432823,0.2893817064533766
SZ002673,har_x,242,0.11028413560745913,0.25902121345660256,0.5633682248377847,-7.075858094163322,0.5862729977131219
SZ002736,har_x,242,0.0859780561922804,0.2198095912717098,0.46636002632297346,-6.918315094810513,0.47300665645008444
SZ300003,har_x,242,0.03594310430875131,0.14494313730768676,-0.008434367670596021,-6.778534710915317,0.024449488897317018
SZ300015,har_x,237,0.049571432927953116,0.17417167348914953,0.12831236461997375,-7.106428281826133,0.1783723630795936
SZ300017,har_x,242,0.17771125740968272,0.2711768791987807,0.013757653739996267,-6.396343167604008,-0.006705943972202366
SZ300024,har_x,242,0.06139103357226061,0.19454524524560787,0.46262823093037375,-7.398230564892479,0.47524186088336196
SZ300059,har_x,242,0.07973643689270665,0.226957184782242,0.34158136764400227,-6.836919249287949,0.3380228946349316
SZ300070,har_x,242,0.05404331081367865,0.18987292545476617,0.22948459813698563,-7.039642943121169,0.23516207912886333
SZ300124,har_x,231,0.04148809259143603,0.16175932365996712,0.16385888351893974,-7.056063245408505,0.18417945564955507
SZ300144,har_x,242,0.03156634544188599,0.14682060430665303,0.07230009692453387,-7.117370670534131,0.09942970775222504
SZ300251,har_x,225,0.08759936518086205,0.23337804886433422,-0.006575346792658365,-6.757541612017008,-0.03088467008280804
SH600000,ewma,242,0.07993172090615815,0.2221835287771921,0.04602512379075607,-8.045788047198535,0.06424913125345033
SH600009,ewma,242,0.05819566693871526,0.19395767207046982,0.27982459735241827,-7.285591424591508,0.31393665699474393
SH600010,ewma,242,0.12655158184618243,0.28169397932112605,0.17726599025603962,-7.33409771426107,0.1827831717725582
SH600011,ewma,242,0.10041308957585834,0.2568310333006547,0.21795620957715467,-7.662279544674247,0.06425815281139857
SH600015,ewma,242,0.15282466032519823,0.3027115830169674,-0.1644758142800602,-8.733418884679004,-0.1448673435514516
SH600016,ewma,242,0.07534769606572586,0.2108834417755092,0.27884840146907397,-8.843399926189205,0.2907693085386748
SH600018,ewma,239,0.1187269777319321,0.27397548710696285,0.509373679647486,-7.067248950825147,0.5101446609574924
SH600019,ewma,242,0.08420783524046031,0.23565301928547114,-0.07337229774587506,-8.089297059443627,-0.08833738156496551
SH600023,ewma,242,0.0901737417909948,0.24009971003304073,0.05198146611439802,-8.696603915683042,0.0513030089276183
SH600028,ewma,242,0.09422489795397362,0.24914104090913758,0.06393847341578351,-8.765101497642599,-0.05053996148506679
SH600029,ewma,242,0.14565557169792187,0.30339599027964126,-0.1360982040873675,-7.367165382420522,-0.1219408757813456
SH600030,ewma,235,0.12054798124579696,0.27987928284534214,0.2164981627639735,-7.2343914847440365,0.23312307658640574
SH600031,ewma,242,0.05010200948270401,0.17596706121138744,0.3101047167768106,-7.091858889286992,0.2521245813289288
SH600036,ewma,242,0.05373527027301291,0.17762157080271637,0.12104524807508577,-7.712272856287043,0.1567836412242709
SH600038,ewma,242,0.05582114432537794,0.19160341083680757,0.07864044294347072,-7.282512813090825,0.08241833904769014
SH600048,ewma,242,0.05982892657145458,0.19310670008866082,0.0244322601111705,-7.18865012107033,0.03254791173501137
SH600050,ewma,242,0.10804932016759834,0.28206987787607823,0.2758872017482613,-7.455032019822006,0.2423004437518299
SH600061,ewma,240,0.21453722736126568,0.3514147103753389,-0.030352062406232116,-6.212627634367001,-0.004291767975795002
SH600066,ewma,242,0.11118301346970662,0.2596839793233972,0.2681711613795832,-6.969793010406467,0.26110774768244827
SH600068,ewma,242,0.15515490767255394,0.32365951400011467,-0.11619058582036579,-7.805513561146521,-0.06956766096738742
SH600085,ewma,242,0.10056448836347961,0.2510823768769242,0.19753338592550296,-7.887323961403098,0.3058808737297406
SH600089,ewma,242,0.10279770503751591,0.2622064118684341,0.30272722281153264,-8.229951225638263,0.2923430733015683
SH600100,ewma,242,0.15029341041015748,0.32350161607723854,0.21063839361909986,-7.040091487143407,0.2577338933120964
SH600104,ewma,242,0.0728037576872418,0.2196042995620913,0.35865644326106416,-7.564559183571051,0.3595306710783175
SH600109,ewma,242,0.12206227121921598,0.2876026498212189,0.3359301206666666,-7.146417892712731,0.37332920090150146
SH600111,ewma,239,0.09866046662610589,0.2575464168261984,0.4121793193138269,-7.021612719968313,0.38806979645596795
SH600115,ewma,241,0.13059965970667875,0.2873585544767152,0.23890652215454444,-7.32145872517412,0.2579970328834049
SH600118,ewma,242,0.08352159358232614,0.2375873107073872,0.4969870241822997,-7.274726511442688,0.5200323594998815
SH600153,ewma,242,0.09264091593943884,0.24508301457082957,-0.10179532130760993,-7.520695789502808,-0.14123869574531733
SH600157,ewma,95,0.1264373920092615,0.2594610467638973,-0.12793666561247719,-5.497945590533822,-0.08023510829747549
SH600170,ewma,242,0.0852502896312483,0.2209741888735816,0.45797632697987145,-8.012073973198792,0.4660005208101795
SH600177,ewma,242,0.16574895240413903,0.33107229093092627,0.03689768095286716,-8.103349325348132,0.07623768315988655
SH600188,ewma,242,0.09022767407543553,0.24038735506893352,-0.10475409428921578,-7.493524097267883,-0.08545072421171263
SH600196,ewma,242,0.06678969392933606,0.21093098381520925,0.09174121782111877,-7.1989905575634685,0.12415406832329634
SH600208,ewma,241,0.35504366169865204,0.38433732571418955,0.11771625315712275,-7.039724726257209,0.11222934674855256
SH600219,ewma,242,0.10399991048395223,0.2539409476240168,0.21117362928928496,-7.873950594320375,0.21745882183020726
SH600221,ewma,242,0.12969810660664224,0.2912530271414774,0.12732313682787344,-7.829592506292393,0.1294733858384095
SH600271,ewma,242,0.09809266662269431,0.2607977248005564,0.14324121844255655,-7.238507729078044,0.1573997083073243
SH600276,ewma,242,0.06317942675058584,0.19576185999019893,0.07073812198230967,-7.222062729590255,-0.014672892958237815
SH600309,ewma,242,0.05696885146411872,0.19748990360107477,0.23060735885902106,-7.1377572626150725,0.2537027100287351
SH600332,ewma,242,0.05033554017422142,0.17768006383983573,0.5287279463484287,-7.436679747977351,0.5465475888776782
SH600340,ewma,242,0.05898783291104516,0.1896496390829514,0.39681844403320665,-7.235165327500093,0.4081193958761081
SH600352,ewma,238,0.09425704701082416,0.2405465041642599,0.4992899401615235,-7.019483981998363,0.5208278258170298
SH600362,ewma,242,0.11089124356495199,0.2637277220086118,0.3608503143375691,-7.6068267806954335,0.3535950375744217
SH600369,ewma,242,0.15714236406115945,0.3112469500486547,0.31430354582924536,-6.944900141210546,0.3818754406965562
SH600372,ewma,242,0.08902407809077416,0.24094046176958173,0.07186513162138575,-7.1847622796965736,0.0667001096403308
SH600383,ewma,242,0.06902249037921862,0.2079783531415432,0.06658663552233668,-7.006314575578641,0.08232972739654998
SH600398,ewma,242,0.07892691515686692,0.22916732561013642,0.322547906318021,-7.643213578674701,0.31894725651711
SH600406,ewma,240,0.09776442240785946,0.25362260934121167,-0.17259009914371037,-7.007100597058332,-0.18348114452914532
SH600415,ewma,225,0.08961594616360376,0.24421422217655928,0.3186883272858331,-7.5870190358349365,0.3833791069087008
SH600436,ewma,242,0.07417363948616122,0.22137289581336428,0.2224284828557891,-7.38439063456594,0.24629742825516487
SH600489,ewma,241,0.12645146301189014,0.2878406563902069,-0.11542946157105405,-7.4215008846424695,-0.10003502776369921
SH600498,ewma,242,0.15005550477598428,0.3225626419732369,-0.047189936965498225,-7.235542516597058,-0.04856002350517086
SH600516,ewma,241,0.14829763014610203,0.30662660226884497,-0.652852272822148,-6.758010704395294,-0.8205845126786113
SH600518,ewma,79,0.11993159232797786,0.28112210177260444,-0.09669337045141924,-5.629427727548536,0.098814656335946
SH600519,ewma,242,0.055323678198393386,0.1908547717653932,0.3148905366976229,-7.565435536682475,0.3269092554662181
SH600535,ewma,242,0.10380911614119284,0.2724599905062827,0.06148411486389194,-7.30005577859253,0.13299864121669958
SH600547,ewma,242,0.09762670620050284,0.2520231377062254,-0.2294353681835828,-7.107334331631358,-0.2178372965180393
SH600549,ewma,101,0.08582478948045279,0.24121013261899074,0.45354070513821987,-6.7382387761028015,0.19951916071706455
SH600570,ewma,241,0.09038376625805986,0.24332237387939834,0.23395072301253395,-6.740092472612665,0.24406645171317787
SH600583,ewma,242,0.05644975132899224,0.1889857511995753,0.2103077882134553,-7.342818355806773,0.20280140061741847
SH600585,ewma,242,0.04877652645657365,0.17404337165742795,0.1183637549478006,-7.500467754162313,0.12846704340212778
SH600588,ewma,242,0.08367770203347663,0.2256909465167451,0.12768445164657483,-6.45272699227816,0.14480236740204977
SH600606,ewma,242,0.10178532526755607,0.23542990196786734,0.18585144084735172,-7.602894151550318,0.19881249661019107
SH600637,ewma,242,0.08677325251830878,0.24509543120293562,0.4116448551993469,-7.660661910488013,0.4425461215947645
SH600660,ewma,242,0.08754869682532952,0.23528905666235428,-0.15576079617651306,-7.773707337999959,-0.1216515923522874
SH600663,ewma,136,0.35394839203181466,0.4816640943358784,-2.773438347853438,-7.737391419850207,-2.0166448123857883
SH600674,ewma,242,0.06781507248274786,0.2096635761968122,-0.3436511704532019,-8.111438421030567,-0.3463416754584987
SH600688,ewma,225,0.1074963261256208,0.2741281885224662,-0.3165655298804404,-8.19552161638641,-0.35482481471243243
SH600690,ewma,242,0.06757045978466951,0.20878098000833203,0.05253494537788639,-7.363033388119055,0.1183724480663636
SH600703,ewma,240,0.07226472492323091,0.21476805345082167,-0.14733842377185757,-6.042664319493321,-0.11448920938513818
SH600704,ewma,225,0.08140649786157013,0.22365578111917242,0.16594710564422177,-7.362969697082556,0.2007201438768874
SH600705,ewma,242,0.08994692046138694,0.23395902642362637,0.4462743191163935,-7.2634964487429405,0.4611360896726615
SH600739,ewma,101,0.1257672131578618,0.2876501519118277,0.16666228708403463,-6.817508527622948,0.11347037861556275
SH600741,ewma,242,0.045951125976291606,0.16522487722673906,0.3154289819121142,-6.837228978234459,0.301799186695627
SH600795,ewma,242,0.07235888641974497,0.22344915799871531,0.3863233090392887,-8.475084229276986,0.39476915295662274
SH600809,ewma,242,0.055532950318639,0.1821100806473787,0.2745282462919757,-6.626077223702737,0.29888481903923225
SH600816,ewma,236,0.16454282791449146,0.31814382667791097,-0.35367411514820923,-5.944970230199428,-0.39274744905258463
SH600837,ewma,242,0.12737967303355024,0.2955181415641507,0.2508617350487876,-6.914317348541811,0.27385122922131433
SH600867,ewma,242,0.08039762937529257,0.21330531684147233,0.044320306709786594,-6.529652877690163,0.024278340665700116
SH600886,ewma,242,0.044527472172618876,0.16903867504454168,-0.22103514013727454,-7.594199570846088,-0.2179622822446039
SH600887,ewma,242,0.08170065033296912,0.2402002515415125,-0.36636608468886056,-7.477888635783515,-0.33889716370011524
SH600893,ewma,232,0.09298221589276204,0.25671827124462004,-0.047086841787880473,-7.631099358856702,-0.018667952640380125
SH600900,ewma,242,0.05915291382106426,0.19098415347489697,-0.07307547663422631,-8.295353991694814,-0.006299784153362298
SH600958,ewma,241,0.0851963553859337,0.2226135389108629,0.4798552156015009,-7.092650876122492,0.5088279084078214
SH600999,ewma,242,0.09559089209142754,0.2504543726156092,0.27179668810727686,-7.284989178064608,0.3124913015368116
SH601006,ewma,242,0.0542004450204824,0.18602550630159947,0.050310284606875366,-8.672008856200843,-0.11385843217873304
SH601009,ewma,242,0.10014014281546715,0.25347790635755624,0.24840910326565524,-7.876511906733728,0.23213407279564957
SH601018,ewma,240,0.10009965770512158,0.24654498130100524,0.59715210272771,-7.215339362030396,0.5935860873902286
SH601021,ewma,242,0.05550563014920759,0.1766034997520424,0.24047014763546493,-7.331330033770494,0.2446236236723044
SH601088,ewma,242,0.047329508581606124,0.16914931627206492,0.18125838712284859,-8.055344790500472,0.18758441536915627
SH601111,ewma,242,0.09764553995205988,0.25054615312201967,0.10176134213378552,-7.146574806674878,0.12315288483201114
SH601117,ewma,242,0.08488671484822632,0.23008282870032934,0.1467881946879187,-7.781959217786222,0.13757044557757547
SH601166,ewma,242,0.09032789058334688,0.24429717467412887,-0.006267842047651184,-7.919177335184379,-0.05786070048523806
SH601169,ewma,242,0.08211126520655536,0.22837241681605375,0.23456537069210903,-8.667992344346432,0.2547183670612869
SH601186,ewma,242,0.09524347742143655,0.257222527527933,0.05698238607302897,-7.715192166534445,0.07624584234783305
SH601198,ewma,242,0.12690100234972979,0.27315078639897555,0.33178452796234226,-6.912348025881046,0.34136945433055843
SH601211,ewma,242,0.08688678319030055,0.21424406711178792,0.28731923914844304,-7.352572638774973,0.3065860031657871
SH601216,ewma,241,0.12910248866523086,0.2779177002749389,0.31568528113134453,-7.0493593925680145,0.3167626828832171
SH601225,ewma,242,0.09518167174884515,0.25990101136097205,-0.21569976667790902,-7.7353575030735,-0.19452709156301928
SH601238,ewma,242,0.1012684101168394,0.24915517461886072,0.23506375002340785,-7.064950229804644,0.15647429589126305
SH601288,ewma,242,0.05852194927109488,0.2019352651987569,0.16378681897026515,-8.971530899443255,0.15425424896144313
SH601318,ewma,242,0.06884849834669658,0.20902907976632687,0.3799328494407249,-7.98496608145411,0.37581180572747197
SH601328,ewma,242,0.08746966103374434,0.2465870690088976,0.34602678480802795,-8.840872723371593,0.35679491874507785
SH601333,ewma,101,0.06582853511957554,0.21550477652288624,0.061743861549172885,-7.549771180428167,0.056887077773773664
SH601336,ewma,242,0.10993226986886379,0.26753099793683033,0.17400284576494152,-7.303911760776062,0.29505635094531435
SH601377,ewma,242,0.1247081857980384,0.28647917272510953,0.31575012435947514,-7.085188224469964,0.34548420603918994
SH601390,ewma,242,0.10121318834071567,0.26303030826472623,-0.20124368889783617,-8.264388179027188,-0.12889592690244367
SH601398,ewma,242,0.06794191864411017,0.2153544502052259,0.12717351586145742,-8.67558423837835,0.10139579582769198
SH601555,ewma,242,0.12457767326959704,0.2903897512837092,0.38554706188063514,-6.744652747918329,0.40274502945861856
SH601600,ewma,242,0.08711779902353883,0.24218634397098773,0.44125969420944977,-7.594956452429127,0.4518317198227
SH601601,ewma,242,0.06406937854932176,0.19998744424354445,0.05787962103322608,-7.3279470408522025,0.07657743803641226
SH601607,ewma,242,0.11850510514316234,0.2917510096075991,0.13289340699310703,-7.585747433809152,0.15800503808531918
SH601618,ewma,241,0.15122036244729598,0.31133771048590886,0.14396765272977619,-7.892577754660827,0.1396458514009017
SH601628,ewma,242,0.08544652767771488,0.23172767552382575,0.1501936080992553,-7.1352373077650375,0.17839200376755548
SH601633,ewma,241,0.08584688217780612,0.22922326443826163,0.3785162814509635,-6.584524874058946,0.4045215671195449
SH601668,ewma,242,0.0606784089562608,0.20745188098460426,-0.021440665509156576,-8.01124408048245,0.1167501136588247
SH601669,ewma,242,0.10699521411674003,0.26108179025115347,0.10716930628669563,-7.888013111881466,0.11103354828414502
SH601688,ewma,242,0.11434506254758656,0.28147235600856263,0.1935499046199397,-7.094599772928344,0.20257348790544105
SH601727,ewma,242,0.17151149960650605,0.3632773730768113,0.007283602590615779,-7.73521156314006,-0.0013397374146633112
SH601766,ewma,242,0.1057176137869337,0.2728933740393584,0.04337951602217616,-8.266021129276444,-0.004385981701312769
SH601788,ewma,241,0.08237016718636794,0.22609233413203556,0.37950429425143006,-6.9601640796769395,0.4027295110370215
SH601800,ewma,242,0.1599631424439495,0.32742790549810474,-0.06457313503913054,-7.533662019888875,-0.04696508845385705
SH601808,ewma,242,0.07538234243621116,0.21783654566675484,0.28211417308318076,-6.949558074570923,0.13136780729282505
SH601818,ewma,242,0.09022314097277595,0.23211784018644233,0.3900935634512024,-7.862024470480613,0.40345958613075217
SH601857,ewma,242,0.1017823810634041,0.2647921925982389,-0.4457686795956055,-9.055318725043405,-0.30167442913913267
SH601877,ewma,242,0.06079107488506891,0.21170320753496225,-0.10330746332322271,-7.295453201378307,-0.1202984357695216
SH601888,ewma,242,0.05162580118225355,0.17541633229891027,0.1321913208213038,-7.151017459891725,0.11129977944706682
SH601898,ewma,242,0.08538110059263365,0.23281740927415526,-0.09958964193335285,-7.868740861522388,-0.1321075157337921
SH601899,ewma,238,0.1404970053056619,0.3095526885471682,0.005956851371834326,-7.376514272322689,0.13457545214827238
SH601901,ewma,240,0.15178381931311444,0.29057112445085614,0.2418065555861001,-6.887455198313838,0.4419227739507947
SH601919,ewma,242,0.0771648278039706,0.2111103737041446,0.12876064047083635,-6.952559249217249,0.14399079232895007
SH601933,ewma,242,0.06920772195990615,0.21063866427682232,0.09716468105023912,-7.314347815735297,0.08726109884200473
SH601939,ewma,242,0.07285321780089052,0.21765290366667173,0.28474458153257687,-8.355162588604927,0.2752084423432345
SH601985,ewma,242,0.08503764966622032,0.23559783185355046,0.3345763478243756,-8.375053264629058,0.3532235618875095
SH601988,ewma,242,0.0840735579029546,0.23572283709779465,0.26402691815782275,-8.9795947779235,0.27509913282990683
SH601989,ewma,241,0.1643613694726625,0.3385743171686388,0.16891739007439988,-7.286300875915499,0.17467877386176267
SH601991,ewma,101,0.09250708558048064,0.24013426389697284,-0.17080881995960273,-7.820684310776553,-0.5810585972679525
SH601992,ewma,242,0.11818875376943694,0.2782220822630102,-0.08742968548188523,-7.456769205877781,-0.1325563087920889
SH601998,ewma,242,0.1392869471064671,0.3002115428464334,0.11644998061805811,-8.093322167647354,0.12169180779671351
SH603288,ewma,242,0.043984708717840625,0.163268650782713,0.3859676785804437,-7.267300788924834,0.386198260874142
SH603993,ewma,242,0.12476379447613076,0.3034400555759286,0.10590298053075031,-7.216270243843064,0.12960190295209417
SZ000001,ewma,242,0.04762990970010716,0.17983346427830116,0.2763788109542309,-7.333204735835746,0.29289228278622104
SZ000002,ewma,242,0.10387450479455348,0.26160764132872444,0.18740693641308015,-7.457201448978364,0.17483314842821351
SZ000063,ewma,242,0.0858286899779099,0.2474842432829866,0.18596731309720305,-6.608053857772807,0.19258746872878585
SZ000069,ewma,242,0.08049651677057709,0.23050617355396388,0.039834035495477815,-7.434390017343991,0.10915032247473133
SZ000100,ewma,242,0.10370920816416745,0.2638988632512851,-0.016990221492160673,-6.888243183666095,0.030136680952042694
SZ000157,ewma,242,0.04227866324200608,0.1711613552698042,0.22758343484812316,-7.40896395988381,0.05882226696050996
SZ000166,ewma,242,0.11671047096907917,0.2790005851775999,0.26723748820461046,-7.498726240219619,0.32889005036681007
SZ000333,ewma,231,0.04450270643551822,0.170739254795279,0.343087037051953,-7.513748374032139,0.31663353548461615
SZ000338,ewma,242,0.07434276722408616,0.22199319475286286,0.2491180783095125,-7.056019860051972,0.2643906349875763
SZ000402,ewma,225,0.05762908441302309,0.19734029319107568,-0.03143724768800826,-7.573345664194602,0.018773925282002724
SZ000413,ewma,227,0.2956895994535802,0.354632382157919,0.02425734553600012,-6.523663966762584,0.03603051821817005
SZ000415,ewma,242,0.11792543338716432,0.2554872998084731,0.12316260305031657,-7.029782538722628,0.13105608116261958
SZ000423,ewma,242,0.18292022547125403,0.32564665546433524,-1.0769645595360782,-7.583635900412739,-1.0840940235194023
SZ000425,ewma,242,0.07070402414738268,0.20472379739971508,0.3275478332940337,-7.208813586947137,0.21594378353868837
SZ000503,ewma,91,0.4376086605258,0.35268215726423124,-0.0457515451958459,-6.054609138409691,-0.03976979849340889
SZ000538,ewma,232,0.08846911560452136,0.2409603692942737,0.09336742547666588,-7.466628335039207,0.02214350035940016
SZ000568,ewma,242,0.059262211303317665,0.1952343929766405,0.4656818084005966,-6.849321318120029,0.5165465648166013
SZ000625,ewma,242,0.07258379293052558,0.2100520296675219,-0.4046872062322475,-6.404931119725607,-0.09888716073250925
SZ000630,ewma,242,0.10310136990530655,0.2550312131915245,0.31634381560744596,-7.690167337140379,0.3146313143977961
SZ000651,ewma,236,0.10468509443849786,0.2571356608487744,-0.3339000252467441,-7.373083736602701,-0.3421584093243444
SZ000709,ewma,242,0.1740476954688755,0.355919552238487,-0.402716162591803,-8.192330369095414,-0.4131976758823823
SZ000725,ewma,242,0.09926110050229069,0.2524935771490783,0.27065998892296894,-6.859505327866869,0.2586624434243596
SZ000728,ewma,242,0.10715191629050333,0.2631942965085749,0.4739511108290899,-7.150893042035355,0.5467265554683185
SZ000768,ewma,242,0.09604751499217143,0.2650237406927029,-0.18228426710617152,-7.372189531573377,-0.1732374883801826
SZ000776,ewma,242,0.11146422004272058,0.26402249447112514,0.18735169830398724,-7.354770504021802,0.1886996812212045
SZ000783,ewma,242,0.10878596132873342,0.26385330445381616,0.433000997525276,-7.061560040400895,0.46232218039903583
SZ000792,ewma,101,0.06598678161972985,0.1994231529883408,-0.5422055138463653,-6.387735021190831,-0.4606335068946046
SZ000826,ewma,101,0.09625000083449622,0.25192286527754704,0.0515379516778981,-6.663306472380385,-0.11953681877689193
SZ000839,ewma,101,0.09239384739161494,0.24530831776915368,0.1843538814788016,-5.788583398367085,-0.03863463233372344
SZ000858,ewma,242,0.05298581060985073,0.19375706612726126,0.6188227041735866,-7.041262832290197,0.6342595888171876
SZ000876,ewma,242,0.10491854155563106,0.2421042291312455,0.3898329499392583,-5.931248744011074,0.19732368488219054
SZ000895,ewma,227,0.08161619906018132,0.23104825749686883,0.155930068568505,-7.048374833352049,0.17259294034062345
SZ000898,ewma,242,0.13477207950771844,0.30208277138919176,-0.7048626365142594,-8.098246292834094,-0.625635052767211
SZ000959,ewma,101,0.12206585731154475,0.28993114913111817,-1.224240516322896,-7.427967420390396,-1.5279190142093317
SZ000961,ewma,242,0.07172471114170148,0.2214513994438704,-0.1919659100883766,-6.313351643882926,-0.3372034376746442
SZ000963,ewma,242,0.09985808949569859,0.259677143935703,-0.02858592295741813,-6.989225334681888,-0.021180481653511718
SZ000983,ewma,101,0.11068965447847329,0.2747894758798933,-0.16256190969583173,-7.02158562689834,-0.4615366943615171
SZ001979,ewma,242,0.05525578796435757,0.19143801406102748,0.280292572753872,-7.447206845674662,0.32042096776278306
SZ002007,ewma,242,0.06902170178012056,0.21742244745610298,-0.2032837938555465,-6.876428656676834,-0.1085515758250386
SZ002008,ewma,242,0.04532921222267364,0.17317426098225283,0.11360417727383576,-6.533497292840071,0.13714725487749158
SZ002024,ewma,242,0.13480226342535,0.29961722619089204,0.29689004261709384,-7.75203079563884,0.31132646364996985
SZ002027,ewma,242,0.05859869915278035,0.18187932358366948,0.23469351328645527,-6.847693889437094,0.19347287067417207
SZ002065,ewma,225,0.10625938096920282,0.2644473085737902,0.18259664353544813,-6.806296581703633,0.17316664062434828
SZ002081,ewma,242,0.10581492173637366,0.2638926834534894,-0.15034848781342403,-7.163375428935983,-0.020214803501399592
SZ002142,ewma,242,0.05767633198225698,0.17748949680821452,0.19678351975521735,-7.239936892013367,-0.031694301666969515
SZ002146,ewma,242,0.06142061443790252,0.2034891762439779,0.2650991485295767,-7.2505503429027955,0.2927674354864682
SZ002153,ewma,242,0.05276191439519827,0.1842888707217506,-0.03472131641855114,-6.551544703909199,-0.08163433503401407
SZ002202,ewma,236,0.05236693360451889,0.18463032450164876,0.38911371640875714,-6.853062958652547,0.37863204378482274
SZ002230,ewma,242,0.06215739044766005,0.19660663864783906,0.17885815002637795,-6.873977492059746,0.19492243007501353
SZ002236,ewma,240,0.07058486718164153,0.2211103476595202,-0.026746678230517906,-6.673122546974883,-0.0028339724651254006
SZ002241,ewma,242,0.06874182141708741,0.2105736795222175,0.22326171338962775,-6.118489588849189,-0.0724417021138195
SZ002294,ewma,242,0.14433732940215543,0.29892516209573516,-0.08116128257503896,-7.433893404251671,-0.04147931255949744
SZ002304,ewma,242,0.059122863691811016,0.20494687407006112,0.46595255255744017,-7.217295996010726,0.4767742036891932
SZ002310,ewma,220,0.09267568843571138,0.25925657830726423,0.31728675983092525,-6.8157451929154025,0.3400257407816526
SZ002415,ewma,240,0.05618648266642026,0.1933074250414731,-0.07852522663416739,-6.965852256704318,-0.07957677000757424
SZ002450,ewma,100,3.2953280214047997,1.078336693527645,-0.4641830278703307,-6.334479395539887,-0.44272843698455966
SZ002456,ewma,239,0.2605967725219635,0.2892790943242255,-0.05335246154967144,-6.116310950250185,-0.050655279161678335
SZ002475,ewma,242,0.05662997637374367,0.19968722671906944,-0.1946206994716393,-6.380397949879412,-0.27071953018591044
SZ002594,ewma,242,0.0780929946246082,0.22556107881026613,0.27392720035493,-7.335846593921001,0.23542443427606607
SZ002673,ewma,242,0.15345316718665755,0.30581875889094146,0.3924554205016344,-6.994966412394858,0.4212802874339949
SZ002736,ewma,242,0.09084925075213303,0.22790849262830143,0.4361259846172385,-6.899685846882415,0.4530263028123611
SZ300003,ewma,242,0.03890006665432983,0.1461742392200679,-0.09139610707893131,-6.77758018011136,0.0479731989259895
SZ300015,ewma,237,0.053663586451061535,0.19032075013612687,0.05635399227768545,-7.095476296384248,0.12949204295260142
SZ300017,ewma,242,0.16861665123137676,0.26699087713119385,0.06422989655872546,-6.5051279935975925,0.05181114093801409
SZ300024,ewma,242,0.09563438352997108,0.24478698623969852,0.1628872349755539,-7.289639845260634,0.15879458258486312
SZ300059,ewma,242,0.1050915243981366,0.2581557707879277,0.13221332099983596,-6.831581937993866,0.13901441762826894
SZ300070,ewma,242,0.06938927273614147,0.2098128184985512,0.010691562706074187,-7.019875336392081,0.0019186484769524448
SZ300124,ewma,231,0.046549895668289855,0.17621564642040255,0.06184451236509525,-7.049239308508379,0.05894758505355302
SZ300144,ewma,242,0.044168466925239465,0.16903981967659873,-0.29806228475108676,-7.0808843221612765,-0.24830466079519264
SZ300251,ewma,225,0.10351323796719121,0.26019581975891654,-0.189436398190016,-6.726031620606658,-0.20929519831973886
SH600000,garch,242,0.0783764425753114,0.22188865114349143,0.06458717195286623,-8.046447201241293,0.08247502673787055
SH600009,garch,242,0.05802266704082894,0.19365463027918656,0.28196548305185487,-7.282477295942932,0.31079771056465
SH600010,garch,242,0.10845914222321222,0.26720197621015174,0.29488811065868403,-7.405257357076157,0.3029075974346541
SH600011,garch,242,0.10360943298286245,0.2608311794795048,0.19306223884022056,-7.65944217562178,0.05590640894517607
SH600015,garch,242,0.16045153732460884,0.32072069637268463,-0.22259021666383672,-8.738865392236491,-0.20273587487617162
SH600016,garch,242,0.08070753601029783,0.2249125159205848,0.22754945875785526,-8.85046944499638,0.23985322127776476
SH600018,garch,239,0.21269448683654948,0.39184010246500345,0.12106317006150658,-6.85918914263336,0.12095717087881075
SH600019,garch,242,0.07998710626591024,0.2298775850451224,-0.019571917476764122,-8.097515347872395,-0.03501653822030315
SH600023,garch,242,0.08631501904880358,0.23796314151545062,0.09254915914860751,-8.698500572020555,0.0925610024957958
SH600028,garch,242,0.15893703611011775,0.32952025405367896,-0.578933465384915,-8.68449840247353,-0.803938660695469
SH600029,garch,242,0.14063803314757511,0.29790856956795725,-0.09696192890381128,-7.3722857580269325,-0.08334126666897923
SH600030,garch,235,0.11901258333102899,0.2758997402577624,0.22647748448032967,-7.22996448313223,0.24397090049325598
SH600031,garch,242,0.049101303628241715,0.17387026522311422,0.323884248895691,-7.091651516077839,0.26660843504660303
SH600036,garch,242,0.051644340532093956,0.17564981293423834,0.15524685574141672,-7.712236402898888,0.18177853614207373
SH600038,garch,242,0.05667565317920472,0.19314587911787012,0.06453629103870961,-7.289843802032102,0.06803229065922589
SH600048,garch,242,0.057092772977227584,0.18837996978336874,0.06904785545735714,-7.191282860912514,0.08827982096417009
SH600050,garch,242,0.09684208207778106,0.26809745760035475,0.35099461122851705,-7.473425471720216,0.32465914601302803
SH600061,garch,240,0.3986891259040487,0.5137489026415232,-0.9147733388128141,-5.223907837699486,-0.8043177964253774
SH600066,garch,242,0.11366666308316564,0.2619264550031074,0.2518232827294601,-6.962344069177843,0.2445476753474467
SH600068,garch,242,0.15958434030080512,0.33082801421431896,-0.14805610057813134,-7.80718141747324,-0.10090015858007839
SH600085,garch,242,0.10703571536705415,0.26197256320733914,0.1458954398973129,-7.8845872845118965,0.2460940313491523
SH600089,garch,242,0.1298585093830894,0.31208077525863825,0.11917485467154698,-8.191877776751719,0.08852131006800046
SH600100,garch,242,0.14484929683995781,0.3162608209676744,0.23923162482840665,-7.045929166374049,0.2828835669732297
SH600104,garch,242,0.08032897219942733,0.23236424206266354,0.2923652517926011,-7.552678815448654,0.290693820840747
SH600109,garch,242,0.12478342467568224,0.29297699054576176,0.32112590615030956,-7.1439787282672995,0.35620278912025816
SH600111,garch,239,0.0892616139000839,0.2369119463343794,0.4681778382344485,-7.033973213488246,0.4486370328698457
SH600115,garch,241,0.12293363020676365,0.2761394482663615,0.2835817155391247,-7.32694980477988,0.2963630503289427
SH600118,garch,242,0.08230806641767867,0.23250841712470452,0.5042955522424504,-7.280317896387578,0.5284754385502737
SH600153,garch,242,0.0893860845784641,0.23962796489654534,-0.06308501788712562,-7.527835085307202,-0.10100048422621954
SH600157,garch,95,0.1650935698504777,0.3044825863005107,-0.4727849707432137,-5.357346877981844,-0.4959331813434176
SH600170,garch,242,0.0863717195923267,0.22291685788481944,0.4508462446168934,-8.009175706905303,0.4578578323545408
SH600177,garch,242,0.16449203354889633,0.32866123900554584,0.044201144695954264,-8.103734241503071,0.07995862238307716
SH600188,garch,242,0.1038993193257831,0.2624815236225633,-0.2721506965042251,-7.4833554729423755,-0.2480032902918683
SH600196,garch,242,0.06423323480042907,0.20565032146976997,0.12650595948272547,-7.202141524834153,0.1590747812501182
SH600208,garch,241,0.34323434347382414,0.357242546169208,0.14706241717878732,-7.075852708147756,0.13459265852859714
SH600219,garch,242,0.13656608080921534,0.29099728338234687,-0.03583671741277561,-7.822497244432159,-0.029257323310860617
SH600221,garch,242,0.1245039238569646,0.28364923993769087,0.16227232172599215,-7.834479420589762,0.16405861111533482
SH600271,garch,242,0.09165412442059978,0.24909967064239466,0.19947659017825015,-7.244808774857992,0.2155989742525508
SH600276,garch,242,0.0641547996050614,0.2025350227421257,0.05639204673070042,-7.215326522529301,-0.023405359645665813
SH600309,garch,242,0.060260998710801476,0.2055170019396683,0.18614527475424314,-7.1341732533305295,0.2111993975549734
SH600332,garch,242,0.05343424051546294,0.18099122729034675,0.49971602220073463,-7.4274123866881,0.5175783673484828
SH600340,garch,242,0.0636123789537346,0.193926749020386,0.34953003318624387,-7.218836546745486,0.36250326043158954
SH600352,garch,238,0.09486703026457172,0.24184483570672075,0.4960496015219168,-7.01653873525232,0.5141330968780728
SH600362,garch,242,0.12314812485045155,0.28280418496976933,0.29020468381724573,-7.620697109858028,0.29183986688055275
SH600369,garch,242,0.15882073159558058,0.3129378990412713,0.30697992769467297,-6.946412075052062,0.37565477098797695
SH600372,garch,242,0.09154693379666569,0.24607200662569156,0.04556269301440241,-7.181773166695903,0.04033246274544222
SH600383,garch,242,0.059700653661684124,0.19335382576432447,0.19264883533315424,-7.024617627005438,0.21724946820501412
SH600398,garch,242,0.08480067235601751,0.23737939874331654,0.27213178268724747,-7.64047850963271,0.2629829602508249
SH600406,garch,240,0.09378109967107622,0.2432852215376365,-0.12481397887615442,-7.02455955333549,-0.1284090390267949
SH600415,garch,225,0.08591907723576832,0.23836078933367635,0.34679403905760187,-7.592164317204052,0.4072759921930207
SH600436,garch,242,0.07996849031861465,0.2280397429942348,0.16168033857393949,-7.368004549848961,0.18825577940852012
SH600489,garch,241,0.11306816248274341,0.2785918150188327,0.0026247494890905276,-7.4404681955119,0.04124624295700863
SH600498,garch,242,0.1456961766638042,0.31903683139233485,-0.016767564005433222,-7.2401538781957395,-0.02214485311184755
SH600516,garch,241,0.14675425398363648,0.2919207477378976,-0.6356505630211384,-6.768147837078228,-0.8018083434990706
SH600518,garch,79,0.12074844245146371,0.2827600247941226,-0.10416291286047463,-5.641706907408178,0.10375672614325471
SH600519,garch,242,0.05378995905578246,0.18823216332828538,0.3338835887301117,-7.566111576103468,0.3465718448670757
SH600535,garch,242,0.10359876316406966,0.27231583729511927,0.06338587087390612,-7.298887955957948,0.131863036713746
SH600547,garch,242,0.09025484641977655,0.24285134699698963,-0.13659985732345814,-7.123657900297377,-0.11882876963383038
SH600549,garch,101,0.08776337800049437,0.2489282627285913,0.44119742154729014,-6.751034138578052,0.2575581647238816
SH600570,garch,241,0.08313157177404623,0.23181511668984295,0.295416831043363,-6.745979591586202,0.31542729489085974
SH600583,garch,242,0.05679621797452381,0.1876370167731197,0.20546096417652515,-7.340089263585257,0.1899114014794736
SH600585,garch,242,0.04963054174064054,0.17692300368890157,0.10292741942004913,-7.499218917884782,0.1278672292990647
SH600588,garch,242,0.08358161047478391,0.22294740761642626,0.1286861780166375,-6.449706408922696,0.15181222258437044
SH600606,garch,242,0.0922406411472396,0.22918597515124414,0.262196344237858,-7.653020441837416,0.2829711355483393
SH600637,garch,242,0.08126365118946255,0.23510276674605296,0.44900201530975337,-7.6628965048446025,0.4732397545998881
SH600660,garch,242,0.08610503053965571,0.23484436839460007,-0.13670245543304693,-7.784861757607462,-0.10448200749491976
SH600663,garch,136,0.3683775967419875,0.4587193506253281,-2.927267876700399,-7.7462732901445825,-1.2776952970592932
SH600674,garch,242,0.06793089038686219,0.20968929514125106,-0.3459459237687317,-8.112572495330465,-0.34777148730881824
SH600688,garch,225,0.10745152996723088,0.27653153831080135,-0.3160168871487965,-8.199837616910564,-0.3453637530196698
SH600690,garch,242,0.06625783735555575,0.21046201462485625,0.07094038298274707,-7.36898623138049,0.12897541143851
SH600703,garch,240,0.07655370266505818,0.22103004420116185,-0.21543401213987967,-6.035850861080178,-0.1844361057888262
SH600704,garch,225,0.10164525212995869,0.2490070198543182,-0.04140970270797162,-7.282429419826785,-0.05237992492408905
SH600705,garch,242,0.08370105496205509,0.23032850084291256,0.4847247308546102,-7.288633257737407,0.5106879255362158
SH600739,garch,101,0.11452463524509464,0.2738364475456063,0.24115598007336103,-6.83103827342461,0.18172549135315952
SH600741,garch,242,0.0472704365380781,0.1660403283671415,0.2957741474490313,-6.8308245838780195,0.2763131772690983
SH600795,garch,242,0.10040170941821423,0.27108661902255776,0.14849174923516262,-8.440376006235482,0.16248349987521027
SH600809,garch,242,0.05815270446047702,0.18537063920140842,0.24030428338962673,-6.619554573114444,0.26643049726613566
SH600816,garch,236,0.17838760066643175,0.3304857850985227,-0.4675734004707526,-5.885849182587313,-0.5128491518318803
SH600837,garch,242,0.12598092001764757,0.29238412318526813,0.25908800367135354,-6.9097363156422364,0.2835371956030338
SH600867,garch,242,0.0855817084490954,0.2221198817783261,-0.01730239457805305,-6.512776193993664,-0.03946326864913585
SH600886,garch,242,0.046382380590442585,0.17224956100111513,-0.27190055533800406,-7.5905545965676255,-0.28260631636249434
SH600887,garch,242,0.16365686033747784,0.3489537005489403,-1.7370061631144025,-7.374419133549689,-1.6294320672607787
SH600893,garch,232,0.11928666452323224,0.2944415442484753,-0.3433052291106393,-7.609694175191705,-0.2815428896863026
SH600900,garch,242,0.05629017394893665,0.18483535318070005,-0.02114336113344728,-8.29548523069195,0.02624816903621474
SH600958,garch,241,0.08437556605614689,0.2203047709582952,0.48486633711068494,-7.092755824864136,0.5188134655315129
SH600999,garch,242,0.09367684420822076,0.24688711913272343,0.286377742611291,-7.283644977740866,0.3235847851486472
SH601006,garch,242,0.061067861660072234,0.1962263128736955,-0.07001926160761496,-8.664668579204228,-0.2564116516569568
SH601009,garch,242,0.09713239036608447,0.24839983714693858,0.27098346053167366,-7.884769457558795,0.26104749891395174
SH601018,garch,240,0.09437648781651735,0.2358137284435209,0.6201848184054014,-7.228478458692161,0.6197694067135102
SH601021,garch,242,0.0571137409687173,0.18109619581711034,0.21846502545155877,-7.3267478424163635,0.22437802247605088
SH601088,garch,242,0.049875619600964136,0.17201340743322463,0.1372138342629945,-8.056659654703225,0.14547837232976812
SH601111,garch,242,0.09334935283083026,0.2430878117949452,0.14128185024516504,-7.149599741283517,0.1609000205163439
SH601117,garch,242,0.08468496421387615,0.2367118824428888,0.14881602699671448,-7.793503690069321,0.151615202415474
SH601166,garch,242,0.0870745732438402,0.2397335378579986,0.029974658442282198,-7.919038412130685,-0.021758632640780595
SH601169,garch,242,0.08646700418076796,0.23463670514800794,0.19396152128482724,-8.665752006708084,0.21078140585843852
SH601186,garch,242,0.09229486826836272,0.2528901469076533,0.08617693506698532,-7.714329676564707,0.09837570457783851
SH601198,garch,242,0.3964656796310638,0.5079467122039931,-1.0876470347435854,-5.470997658853858,-1.0701511676159008
SH601211,garch,242,0.1033064333669942,0.23582302907807437,0.15263858518508222,-7.272782049943074,0.18923496641030535
SH601216,garch,241,0.114389328035796,0.2632279796095095,0.3936731842608421,-7.1320662583921175,0.3896875948595143
SH601225,garch,242,0.1934591826037744,0.3884779100456102,-1.470940873718801,-7.613917651710433,-1.3965164745279193
SH601238,garch,242,0.15796951780821905,0.31915592267263265,-0.1932310423696113,-6.842421697522299,-0.49461103903987835
SH601288,garch,242,0.060451478375788265,0.20003037799657516,0.1362160068113809,-8.969508224815929,0.11565739326690982
SH601318,garch,242,0.06633945623347506,0.20353934329344628,0.4025299231770926,-7.986231975023235,0.39871425767822666
SH601328,garch,242,0.10386472795503791,0.2676836816699367,0.22344788715265063,-8.823767804100676,0.236163782629766
SH601333,garch,101,0.05972227554463016,0.20655979322333004,0.14877656733184985,-7.5534870442326625,0.16877457154525877
SH601336,garch,242,0.10745729483816231,0.26376795870691383,0.19259904444801135,-7.305558256505494,0.31464204342636826
SH601377,garch,242,0.12372169381193979,0.2842614096527283,0.321162816513473,-7.0864074172269875,0.3495541049570634
SH601390,garch,242,0.11051047913556004,0.2768499766041211,-0.3115881220122112,-8.259271858926235,-0.25298260630567304
SH601398,garch,242,0.06552481652690417,0.21241898252352637,0.1582251962506398,-8.68273656461686,0.13567092986129514
SH601555,garch,242,0.12846128845511548,0.2952050734829352,0.36639195407811065,-6.737967426670198,0.38251510058435956
SH601600,garch,242,0.09502831417980566,0.25941608186561377,0.39052466982965495,-7.599008137813777,0.4024312947960266
SH601601,garch,242,0.06192153451466851,0.19512201305216242,0.08946300270019969,-7.329679853262353,0.10454249794069248
SH601607,garch,242,0.12242493622601561,0.29380014189516007,0.10421184621722912,-7.581829541920467,0.12501027616346172
SH601618,garch,241,0.13547469604248322,0.29484396299738985,0.23310115005586196,-7.934157355115633,0.23699311021318026
SH601628,garch,242,0.08060910307390497,0.22367915205888916,0.19830409848876396,-7.140947156491106,0.23118509429545175
SH601633,garch,241,0.0868950802194655,0.23126346616476554,0.37092791015336624,-6.577398180195012,0.40095776536149585
SH601668,garch,242,0.05900688299711629,0.20196108725050882,0.0066972606081074915,-8.013217409215644,0.13125820366979957
SH601669,garch,242,0.10870725479241809,0.26856007951224137,0.09288303678623677,-7.899241370293866,0.10030690000456088
SH601688,garch,242,0.11443316848720028,0.28179975012581476,0.19292851317703874,-7.09187344576188,0.199963390130799
SH601727,garch,242,0.23476739404961072,0.4279385076529936,-0.3588444050971271,-7.68958044536497,-0.30006551398476633
SH601766,garch,242,0.12975516883316932,0.30300561972329,-0.17413218064095415,-8.23444722934225,-0.2552846942048559
SH601788,garch,241,0.13235234473144797,0.28333207116787706,0.0029878005976763378,-6.809190953037396,0.00274145382217883
SH601800,garch,242,0.1503921782998744,0.3131303036304905,-0.0008772664250507045,-7.5454781032208675,0.010034792764066602
SH601808,garch,242,0.07493390344206392,0.21845883038091157,0.2863847752922797,-6.948706344383731,0.13857535768557272
SH601818,garch,242,0.08326994666313875,0.21850655694042634,0.4370970031264164,-7.872736429042158,0.453757789488061
SH601857,garch,242,0.10117826592508189,0.264604422068691,-0.43718752108142467,-9.055016948990373,-0.39412170404655944
SH601877,garch,242,0.055265102660814996,0.20077448688262556,-0.003015662122753282,-7.296834137949047,-0.00029675458982669767
SH601888,garch,242,0.05437709645913108,0.17895645242663666,0.08594316843275707,-7.139139847109768,0.06166621945847728
SH601898,garch,242,0.08339240120227055,0.23071252483778376,-0.07397796399310486,-7.891987893505482,-0.10857941336862931
SH601899,garch,238,0.13674653276913074,0.30338408340772594,0.03249216093908136,-7.380969314897941,0.1792312847242188
SH601901,garch,240,0.15620099151484582,0.2840426616319009,0.21974181231269996,-6.908362664531107,0.4992643138753293
SH601919,garch,242,0.09012763307916072,0.24789115713765145,-0.017597570738400403,-6.967520150931288,-0.01288503562283716
SH601933,garch,242,0.0715865243924709,0.21215255558813076,0.06613249573763402,-7.316521223714838,0.050639145893524584
SH601939,garch,242,0.0699463956913482,0.21839268275585083,0.313283063800489,-8.35726482374497,0.3107664436655966
SH601985,garch,242,0.13233099219754108,0.28309153364550316,-0.03549630628009415,-8.160838007383566,-0.05872232719183379
SH601988,garch,242,0.0875819240509024,0.24089194215380982,0.23331496649858208,-8.97792456845414,0.2428674246369199
SH601989,garch,241,0.16181354220561375,0.34314831580745747,0.18180031348597847,-7.302777893755237,0.2046008631379368
SH601991,garch,101,0.08225627442075199,0.23985696301721446,-0.0410702162381702,-7.884395638679449,-0.22743205868351213
SH601992,garch,242,0.19672227912278129,0.36812454717820103,-0.8100000151544438,-7.370296980050078,-0.8964800531216905
SH601998,garch,242,0.13900651835631422,0.3098918855367325,0.11822884671269251,-8.121042510400919,0.1355483528979916
SH603288,garch,242,0.055660164975108305,0.18111870956082243,0.22297677291656925,-7.258458086666809,0.22163463765198899
SH603993,garch,242,0.11631777435243465,0.2793613426698973,0.16642984612250422,-7.263290315781345,0.18464637554234442
SZ000001,garch,242,0.04834125596768017,0.18166765844850405,0.2655716262418212,-7.326140223954406,0.2780247036565827
SZ000002,garch,242,0.11000883188833988,0.2674753356587567,0.13941911056454248,-7.4513930631202285,0.12420907885756105
SZ000063,garch,242,0.08471392744753031,0.24259209905071372,0.19654015462719754,-6.605836262238046,0.2001153991878798
SZ000069,garch,242,0.07984150855103268,0.23045667931456043,0.047647002119483584,-7.434231657746388,0.1086052207856929
SZ000100,garch,242,0.10521307661115505,0.26077916247438626,-0.03173741252823503,-6.875575609433176,0.04696560696038321
SZ000157,garch,242,0.04152390267268503,0.16710347209271156,0.2413726495905565,-7.407628413320112,0.0712167427789343
SZ000166,garch,242,0.11205260840901665,0.2746886567361791,0.29648171145869506,-7.507431417054748,0.3541769504131047
SZ000333,garch,231,0.04880872135270358,0.17818993747077946,0.27952512712979327,-7.508915896058017,0.24888290707709337
SZ000338,garch,242,0.06919811162231154,0.21385217303590007,0.30108048203672644,-7.067162990015452,0.2960851950220915
SZ000402,garch,225,0.053017473436878584,0.1867922107979598,0.051100716971506754,-7.5880374311408385,0.1074783362646966
SZ000413,garch,227,0.2755107878673269,0.32289783628540025,0.09084517012463833,-6.583061615439716,0.09796792995223846
SZ000415,garch,242,0.13754988748287847,0.28456125461474896,-0.022755497495053234,-6.987340655346309,-0.005189588789548338
SZ000423,garch,242,0.18556965791404112,0.32711998351403876,-1.10704749471931,-7.583528634430952,-1.1115526063771215
SZ000425,garch,242,0.07255049172586987,0.2065473762705377,0.30998644073004344,-7.203602523023102,0.19756584212972916
SZ000503,garch,91,0.4322049200746326,0.35287073232620003,-0.03283824974173899,-6.058588381672971,-0.01793131311673357
SZ000538,garch,232,0.08503595022622533,0.2344338960607354,0.1285505460992692,-7.4719181992580666,0.061886094545159476
SZ000568,garch,242,0.06186269169542676,0.19826525762097044,0.44223543422988365,-6.841624005871836,0.49800854435064446
SZ000625,garch,242,0.07578501027122381,0.2136759508046791,-0.46663917734447224,-6.39412062032758,-0.178997251455578
SZ000630,garch,242,0.09503631474833676,0.24535310023041515,0.369822492375694,-7.750446182979162,0.36816664378683694
SZ000651,garch,236,0.10097813374009783,0.2533739984221774,-0.28666584166304876,-7.3807884560402,-0.28564246058510734
SZ000709,garch,242,0.19728555693907787,0.3907295061582102,-0.5899988713947546,-8.179722511428693,-0.6101787188428203
SZ000725,garch,242,0.08672147323447202,0.22965159494620563,0.3627973100299584,-6.888228060543736,0.3606190381540283
SZ000728,garch,242,0.1252387588587385,0.301532313914306,0.38515602651315495,-7.132090837728496,0.4539511563914427
SZ000768,garch,242,0.09662075206249501,0.2694114579847119,-0.18934045351162765,-7.384171926783235,-0.16126659169192936
SZ000776,garch,242,0.10940068541223398,0.2599976126670601,0.2023962382676915,-7.356159302671932,0.20143742263222453
SZ000783,garch,242,0.11365759057064989,0.2771613177958756,0.40760977160921874,-7.058209805287125,0.4327275905363749
SZ000792,garch,101,0.0707101868721167,0.20751963528085932,-0.6525982538096653,-6.3706014802576245,-0.5318870633238109
SZ000826,garch,101,0.09771963174726679,0.2540074398215567,0.03705598665224907,-6.660611549122089,-0.14120508839993406
SZ000839,garch,101,0.09023220726650812,0.2405789166442684,0.20343668220047673,-5.796583376889287,0.036577549008890986
SZ000858,garch,242,0.056782533696238535,0.19807199160910402,0.5915092664359376,-7.033277371345777,0.6066397127182275
SZ000876,garch,242,0.10354058177774747,0.23994756468010942,0.3978466493322086,-5.933587679497242,0.20329012267529734
SZ000895,garch,227,0.07730697986524113,0.22399527622242885,0.20049576008906245,-7.055185027382032,0.2253682191693983
SZ000898,garch,242,0.2191254119921817,0.4063004913298042,-1.7719296829197417,-8.013831313606977,-1.6480849227513832
SZ000959,garch,101,0.1385317815660431,0.319369273051288,-1.524276715405858,-7.408986247369436,-1.6125959082487742
SZ000961,garch,242,0.07441554616766821,0.22330616406864975,-0.2366838820337429,-6.305134476738222,-0.40008275890693157
SZ000963,garch,242,0.10368034289105287,0.26494452843291166,-0.06795695495184617,-6.982179046268879,-0.03239689968758719
SZ000983,garch,101,0.10317483369814284,0.2682083484070476,-0.083634529909838,-7.046076808527459,-0.32309307632404805
SZ001979,garch,242,0.06265161727810739,0.20414874102575906,0.1839617903354971,-7.437091823737381,0.21618880083512915
SZ002007,garch,242,0.07672560373362684,0.2278976483327138,-0.33758909394271575,-6.850532426775512,-0.22615496379332511
SZ002008,garch,242,0.04708875062947684,0.1758570241513121,0.07919706059916154,-6.5256030411104256,0.10492908733533002
SZ002024,garch,242,0.15543686755516573,0.32180275458501856,0.18926280208220292,-7.72857023573994,0.19435513452150122
SZ002027,garch,242,0.06066819377560532,0.18366318237402965,0.20766564949484756,-6.835885294105496,0.20226358447307413
SZ002065,garch,225,0.10065275484554395,0.25686542411133917,0.2257257768893196,-6.811541833991048,0.21496632044591857
SZ002081,garch,242,0.10364575767119864,0.2621683602679002,-0.12676679856537953,-7.167327491378784,-0.0021111765221919487
SZ002142,garch,242,0.06081303101945067,0.1828885717313294,0.15310098527960314,-7.229273843168388,-0.08433774339153555
SZ002146,garch,242,0.06001263424392827,0.2036019081372552,0.28194570489952797,-7.256230307594598,0.3051428218025477
SZ002153,garch,242,0.063775595341866,0.20008270424538094,-0.25071216092033954,-6.510819883639116,-0.30920795529927836
SZ002202,garch,236,0.05088290200126547,0.18076023988435344,0.4064256819649227,-6.851901472056592,0.40836060243365035
SZ002230,garch,242,0.06079288180707289,0.1930093938930341,0.19688424702573992,-6.873772694779871,0.223228054112255
SZ002236,garch,240,0.0691808044511368,0.21804451914239192,-0.0063227998252048945,-6.6720936691046955,0.0158765381532322
SZ002241,garch,242,0.07078360736518768,0.21192756338074212,0.20019084784869345,-6.112726026996222,-0.11945695218861707
SZ002294,garch,242,0.14895581592038562,0.30874672025947164,-0.1157561363684938,-7.429061373058292,-0.09588281841886559
SZ002304,garch,242,0.060204305602460303,0.2040123106790916,0.4561840593574118,-7.216234861429193,0.46692597804204505
SZ002310,garch,220,0.09943865341418572,0.26374784279481917,0.26746608073441014,-6.790049372525707,0.2874184050286287
SZ002415,garch,240,0.05451574643281962,0.1906411507131903,-0.04645468066872338,-6.968147042818028,-0.0492470179113349
SZ002450,garch,100,3.3720790507701563,1.0941139013972607,-0.49828511234822925,-6.30798672583661,-0.4658102643777915
SZ002456,garch,239,0.26375787211430296,0.2972585437109208,-0.06612987243074375,-6.101043323062984,-0.06230707372622346
SZ002475,garch,242,0.05648086947850728,0.2006012311087546,-0.19147525963765877,-6.374418352101561,-0.2933448502189826
SZ002594,garch,242,0.07673962273181484,0.22183324005470095,0.286510230675191,-7.327023421168466,0.25300513938349556
SZ002673,garch,242,0.15439438207301906,0.32023435521598637,0.3887290066853816,-7.005199858651763,0.41447649379451734
SZ002736,garch,242,0.10324434730042759,0.23837168901498978,0.35919334286312066,-6.836923441434326,0.36040482638058113
SZ300003,garch,242,0.039974539117808516,0.14686619551768693,-0.12154194395434503,-6.772883161723969,0.022879905551842716
SZ300015,garch,237,0.06070606272346386,0.19518811337521413,-0.06748425742618114,-7.067470724600325,0.038906924394009335
SZ300017,garch,242,0.16622741953780626,0.2741693965527473,0.07748939123324428,-6.4959831730307585,0.06336856407129621
SZ300024,garch,242,0.08489270010926385,0.2237012964853439,0.2569119986371239,-7.317205511666978,0.25819004345623564
SZ300059,garch,242,0.10167002562982855,0.25047313951054767,0.16046613273092014,-6.815573696502098,0.16276872533034448
SZ300070,garch,242,0.07039488288801526,0.21260097121805946,-0.0036457918827281777,-7.013036763591611,0.015914867640988373
SZ300124,garch,231,0.043934626108044064,0.17168517122894233,0.11455203091836397,-7.053301814173503,0.11566046735960012
SZ300144,garch,242,0.1456530572371021,0.3404385173532992,-3.280581904239333,-6.769357635788982,-3.0874741285945584
SZ300251,garch,225,0.1110752502552276,0.26695729505281557,-0.2763289815502379,-6.705140307691208,-0.2679568570694335
SH600000,egarch,242,0.07445675409330982,0.2180337708664355,0.1113681531704015,-8.060723450866643,0.15130396509029187
SH600009,egarch,242,0.062441540097387886,0.20175039785051904,0.22728162340802305,-7.28263215113761,0.25078456457126086
SH600010,egarch,242,0.11482386803673958,0.2682156343446291,0.2535099128274714,-7.359639986069452,0.277233562946691
SH600011,egarch,242,0.10732463323515483,0.2630691826205254,0.16412727329185262,-7.656635055427024,-0.021133172922763066
SH600015,egarch,242,0.11731874906423846,0.27021219302839056,0.10606805501028393,-8.794243361479838,0.13777796776352225
SH600016,egarch,242,0.07295964393629858,0.21206021141232756,0.30170441035101025,-8.860214068557728,0.3229464696976798
SH600018,egarch,239,0.21271212899459338,0.3779818988600158,0.12099026576250471,-6.722615731948593,0.08557202574195688
SH600019,egarch,242,0.09029237589110911,0.2453238296186546,-0.15093013259895627,-8.087366403619667,-0.15560440743881965
SH600023,egarch,242,0.06276359255175398,0.1929906823270511,0.34015104829276166,-8.71136694467435,0.3428311103684941
SH600028,egarch,242,0.10079093951938357,0.2614042905885584,-0.0012907709219001084,-8.75633910354694,-0.10320198279960713
SH600029,egarch,242,0.1291130560543201,0.2897945575995627,-0.007068314638577711,-7.39648352758241,0.053970220917286094
SH600030,egarch,235,0.10939627940747124,0.26813968505673463,0.2889786704285614,-7.2433603551386945,0.3052223512514892
SH600031,egarch,242,0.051211389420620784,0.1771609389496271,0.29482876289046145,-7.087954212817291,0.240670216342041
SH600036,egarch,242,0.06061258570215672,0.190105474517182,0.00855211188687277,-7.699252669514252,0.06571776174004951
SH600038,egarch,242,0.06680849092712948,0.21240768547242808,-0.10271192667490014,-7.2665888824179605,-0.10233067579447286
SH600048,egarch,242,0.06016994589145786,0.19145139832381802,0.018871614678618864,-7.187315442606155,0.032843482452916684
SH600050,egarch,242,0.1029461960312822,0.2758488122593678,0.3100867459234776,-7.462081362949737,0.28468469645017447
SH600061,egarch,240,0.37512516409174107,0.49446661114205315,-0.8016033451926001,-5.378062189728847,-0.7085709773222151
SH600066,egarch,242,0.11256304877864441,0.2604980152689843,0.259087492877737,-6.960194563225195,0.2524848421830045
SH600068,egarch,242,0.1301424465219585,0.2950611794199704,0.0637500559762385,-7.833654775727207,0.120565412646786
SH600085,egarch,242,0.08503415054949083,0.22616402840469657,0.321459612805712,-7.9129039959384935,0.3908346144306045
SH600089,egarch,242,0.0830385426118479,0.23397337850932415,0.43675284190911323,-8.256408228119763,0.4363974405630542
SH600100,egarch,242,0.1400733729898239,0.30633985824693416,0.2643154319760803,-7.046184624996805,0.3207410040191493
SH600104,egarch,242,0.08098032413459336,0.2319039268527831,0.2866273561116841,-7.556748353512468,0.2803353105714804
SH600109,egarch,242,0.11178797182774487,0.28095526786071534,0.3918266125881986,-7.147589259344934,0.4191390912976789
SH600111,egarch,239,0.08198776778920175,0.22673912734097076,0.5115155328381942,-7.038426772819856,0.5011608770512392
SH600115,egarch,241,0.12207315033288231,0.27650993285032105,0.28859631987499557,-7.334692231568966,0.3126923513196179
SH600118,egarch,242,0.0734445694778997,0.22012149554165253,0.5576764059905852,-7.2893082527818125,0.583244788533075
SH600153,egarch,242,0.07232456062684463,0.21897150504686339,0.13983080039516405,-7.551546539625724,0.12837731000205443
SH600157,egarch,95,0.16591778227888243,0.29986701306061486,-0.48013769609983203,-5.291121713185313,-0.340613894419886
SH600170,egarch,242,0.09045605346093515,0.23223025720766924,0.4248779381761819,-8.014889637090109,0.43967442474744933
SH600177,egarch,242,0.16718617029328933,0.3328950773352334,0.028546570059317267,-8.10012077161025,0.06783444319036303
SH600188,egarch,242,0.0812990678349291,0.22677138374290015,0.004568399076277929,-7.51073953944912,0.03645790552282424
SH600196,egarch,242,0.06465405680868286,0.20559415642660422,0.12078329087557427,-7.204553416449644,0.10983077866585056
SH600208,egarch,241,0.34564341681306476,0.3403466124741323,0.1410758682512684,-7.095514563793767,0.12999800945357953
SH600219,egarch,242,0.1068711759769849,0.2533760033942233,0.18939543806127068,-7.864053415983971,0.19596335188445846
SH600221,egarch,242,0.11725323733292478,0.2742694350830268,0.21105874226206045,-7.845577485600944,0.21389289995457206
SH600271,egarch,242,0.0889491216376239,0.2473964352486736,0.22310256516949112,-7.245012695043737,0.22250240254815712
SH600276,egarch,242,0.07126069815454346,0.21312993771318223,-0.048123631405515566,-7.203619409110686,-0.12052548341213076
SH600309,egarch,242,0.057977677491022006,0.19992215277774047,0.21698266218105222,-7.136168227898797,0.22619591014892104
SH600332,egarch,242,0.0540612216080697,0.18660459412317612,0.4938458424809823,-7.43267885460394,0.5102021532504284
SH600340,egarch,242,0.05096921576219547,0.17989022733225524,0.47881301358857553,-7.263470443061812,0.4964872662037062
SH600352,egarch,238,0.09539214990290171,0.2418567559434715,0.49326007337660605,-7.011382183761957,0.49999082889591706
SH600362,egarch,242,0.10520334954285157,0.2588683910172559,0.39363392789833995,-7.620777572111274,0.39062442237766304
SH600369,egarch,242,0.1357643070998544,0.2918901393327041,0.4075874794330575,-6.973894955025162,0.47358766437807187
SH600372,egarch,242,0.09085918996955203,0.2500654448577833,0.052732877083093044,-7.186482093011978,0.06365598500010616
SH600383,egarch,242,0.06737034875019311,0.2070305164945807,0.08892907880523804,-7.020685912858525,0.12557456064366002
SH600398,egarch,242,0.08815538732471886,0.24412232631714606,0.24333731283198823,-7.631988930619924,0.23269694693321352
SH600406,egarch,240,0.08460286989954326,0.23360819288476892,-0.014729951448806844,-7.024151518781094,-0.0022545181985158536
SH600415,egarch,225,0.08375521835569806,0.23339579379805309,0.3632449317414401,-7.5888082665983365,0.41195827588625233
SH600436,egarch,242,0.07036883579949431,0.2061960233732674,0.26231471461645994,-7.387684608862419,0.29423306280500827
SH600489,egarch,241,0.11053640863970415,0.2726187078844421,0.024957372289240998,-7.446629293957716,0.07647789928597692
SH600498,egarch,242,0.12012056455660886,0.2896033312237635,0.16171654872586028,-7.278342215722656,0.16556591228127926
SH600516,egarch,241,0.10453780528558713,0.25289354993615254,-0.1651268391267917,-6.807780095068323,-0.22750472040399639
SH600518,egarch,79,0.10104964488991931,0.25743890638853073,0.07596927976922851,-5.616025929853927,0.01551970893073129
SH600519,egarch,242,0.050440976851691854,0.17946222315455285,0.3753562361601295,-7.5731561218607055,0.3811930121180189
SH600535,egarch,242,0.09816334617726756,0.2629706794583968,0.11252630645486339,-7.310632340326447,0.18598460079643298
SH600547,egarch,242,0.08654603821882548,0.23709884530297876,-0.08989399011234989,-7.139966972594483,-0.07320925432920133
SH600549,egarch,101,0.09517532000575347,0.25082689092261146,0.39400447617254164,-6.710063371225695,0.14349470957358812
SH600570,egarch,241,0.08704208393429302,0.23419683032548266,0.26227321314571195,-6.7284283270035115,0.26773319320219524
SH600583,egarch,242,0.06603142010211441,0.2047764884415167,0.07626699923008973,-7.317632021751669,0.05767469033622641
SH600585,egarch,242,0.05750766660186247,0.19056817091586908,-0.03945169793341874,-7.486296263211167,0.006203826367897403
SH600588,egarch,242,0.07427802960971756,0.20601592372062727,0.2256732850563835,-6.463009263012545,0.24497916990491153
SH600606,egarch,242,0.09333470857824006,0.22631100340948243,0.2534452455876012,-7.642525842433541,0.2635087521275127
SH600637,egarch,242,0.0687822182211462,0.21913886168649255,0.5336308045768603,-7.693372217914099,0.5542581086200516
SH600660,egarch,242,0.0878542004761341,0.23771796304953993,-0.1597938561247747,-7.785898292213165,-0.13611495804999607
SH600663,egarch,136,0.19114852785850386,0.3438355011302317,-1.0378315070638227,-7.913169907662838,-0.5691948030209779
SH600674,egarch,242,0.06912479874248131,0.21125000662470259,-0.3696013782379368,-8.109490658828333,-0.36598725642960583
SH600688,egarch,225,0.09312536553552822,0.2488616392397215,-0.14055661844959033,-8.215218282005585,-0.13860047071753456
SH600690,egarch,242,0.06499634945517775,0.20404130079454197,0.08862881822864654,-7.367273621094888,0.1445534250853625
SH600703,egarch,240,0.07251701561824989,0.21707089970233703,-0.1513440130640451,-6.033584690978144,-0.09196941167855832
SH600704,egarch,225,0.09586396694909886,0.24294465535755744,0.017822640714931115,-7.3077394969909415,0.010658239003309311
SH600705,egarch,242,0.08692181262226102,0.23889760829931453,0.4648973013082677,-7.2861951952106,0.4929328200321199
SH600739,egarch,101,0.12289338162717617,0.2829726870138492,0.18570438983048987,-6.825874364287475,0.1795670824432225
SH600741,egarch,242,0.04467064329401463,0.16553621465984544,0.33450536611002324,-6.84678319413541,0.3162302874064231
SH600795,egarch,242,0.0848887665944063,0.2448514139148738,0.28005722640341546,-8.463060981452122,0.2873852778436006
SH600809,egarch,242,0.05789557547666683,0.18594575227714322,0.24366336684807088,-6.617148944132212,0.2643570042701572
SH600816,egarch,236,0.24637303689330994,0.39654828992037794,-1.0268814322690756,-5.54001866870099,-1.0951481518450459
SH600837,egarch,242,0.12251909869898059,0.2911520977602024,0.2794474751197865,-6.907826053536711,0.2994201833642298
SH600867,egarch,242,0.07449325098074287,0.20845683751948338,0.11450514396204903,-6.545497898055421,0.1247124664967375
SH600886,egarch,242,0.049900560215977253,0.1801398790445767,-0.36837629812078077,-7.589632207604036,-0.3879083923124591
SH600887,egarch,242,0.1518435790785877,0.33438690112499964,-1.539440209902835,-7.388525771225885,-1.448061670505688
SH600893,egarch,232,0.09690844069662569,0.26091440961211004,-0.0913006550483455,-7.638002185542826,-0.02611612421794729
SH600900,egarch,242,0.06228709305072234,0.1963994562760125,-0.1299316930650185,-8.292943265223297,-0.031501756302374284
SH600958,egarch,241,0.08433774718051819,0.229291600145413,0.4850972306837842,-7.1082197577795085,0.5186071493421707
SH600999,egarch,242,0.0832203102049433,0.23103015856977915,0.36603473215818916,-7.305895421011231,0.40522129663813555
SH601006,egarch,242,0.060378034544135525,0.19884097202583262,-0.057932244293332325,-8.665639656886404,-0.25440593494396313
SH601009,egarch,242,0.1020019070111445,0.25641220639311046,0.23443583558302816,-7.877680609854926,0.22529668195850427
SH601018,egarch,240,0.07902665454963932,0.21467347776398574,0.6819597354911136,-7.288571447137112,0.6979999909374777
SH601021,egarch,242,0.04731517973579262,0.166695546737978,0.35254691492154755,-7.372927474358876,0.3526559234620804
SH601088,egarch,242,0.04940434041177743,0.17503118497238085,0.1453663778881804,-8.059784683903631,0.17109657713664106
SH601111,egarch,242,0.09018399627396013,0.23842460608284902,0.1703998788484884,-7.162015251574534,0.21430410937744881
SH601117,egarch,242,0.08712847332331543,0.24395804767989518,0.12425587265114013,-7.781131482488783,0.13589543946044746
SH601166,egarch,242,0.08401545039104595,0.23275184300393256,0.06405379979895476,-7.928373234636444,0.041376155671185355
SH601169,egarch,242,0.08789419770997901,0.23947411047884676,0.1806573376599101,-8.66752352087533,0.20857039657419618
SH601186,egarch,242,0.0834463791684736,0.23916556245838225,0.17378693528688693,-7.736129796631,0.1977533313022921
SH601198,egarch,242,0.19756540170862127,0.341530053389578,-0.040309026064339504,-6.552518486117734,-0.029173587078089813
SH601211,egarch,242,0.08529657762312942,0.2097787651922716,0.3003627524643834,-7.355584178653435,0.3179839094081989
SH601216,egarch,241,0.1027442600772089,0.25131426003999524,0.4553984963650157,-7.158222607891356,0.4549918107379928
SH601225,egarch,242,0.09979121163394564,0.2666984755043933,-0.2745747208560192,-7.732336137376507,-0.24701558905599263
SH601238,egarch,242,0.13531167488144702,0.28585789115271926,-0.022083836829730474,-7.004602566961914,-0.029646636267523174
SH601288,egarch,242,0.0624846743380102,0.2092231573483183,0.10716391124035773,-8.968038569289245,0.10348073937038393
SH601318,egarch,242,0.0735335448799381,0.21806017742334594,0.3377381244450407,-7.981806671759767,0.3391445998216639
SH601328,egarch,242,0.08113094061538441,0.23959705399342202,0.39341868416154946,-8.851652788113302,0.4285954469378591
SH601333,egarch,101,0.04873722429216509,0.18872433529111027,0.3053468411515592,-7.574211168132754,0.393467661811607
SH601336,egarch,242,0.10282964573768451,0.2567285180870278,0.2273697718454607,-7.313989257095934,0.3054904881523153
SH601377,egarch,242,0.12314684631982668,0.2859099467911012,0.32431689435105504,-7.073969495801345,0.3510280590868903
SH601390,egarch,242,0.09283047741483741,0.24934816024706122,-0.10175390144376983,-8.277937348955135,-0.016913835675948397
SH601398,egarch,242,0.06966496593313638,0.21843360735092293,0.10503811937430552,-8.676624441942687,0.0779774982873167
SH601555,egarch,242,0.13118305643359485,0.30036983357232466,0.35296741108125573,-6.715623568478349,0.35925910154647445
SH601600,egarch,242,0.08360879444404612,0.24220493095197781,0.4637651100227723,-7.613898945890729,0.47762198096769315
SH601601,egarch,242,0.06487513940663012,0.2008995001771566,0.046031157048835314,-7.333752354684312,0.08681815935434956
SH601607,egarch,242,0.12293534968267196,0.2930828594460653,0.10047713054492546,-7.578587292707945,0.11449077638394889
SH601618,egarch,241,0.12133369233845943,0.2766278513545197,0.31315092905127573,-7.949979281032339,0.32261815944446526
SH601628,egarch,242,0.0747326532092307,0.21215464770149847,0.2567481896930328,-7.156679225502766,0.27322175463333176
SH601633,egarch,241,0.09200862197494901,0.24274328133547796,0.33390870963573505,-6.580230003749627,0.36199222756752536
SH601668,egarch,242,0.058434587339356046,0.2025381197988692,0.01633110018277395,-8.01550207552559,0.1217165928039664
SH601669,egarch,242,0.10454579677687781,0.26043927387782595,0.12760867827913336,-7.908454415835272,0.1488084657231532
SH601688,egarch,242,0.09196746696660017,0.2501576215777336,0.3513740702515127,-7.129165978763002,0.3689665881772003
SH601727,egarch,242,0.21824484527489083,0.40713750739413535,-0.2632111377460056,-7.6709775237062745,-0.22915510925155336
SH601766,egarch,242,0.11136902803403873,0.2794372347181754,-0.007759158400807875,-8.262454658824915,-0.05420189453703239
SH601788,egarch,241,0.190267221496271,0.32262987107509117,-0.43328583534411913,-6.435730536978885,-0.45019022563837563
SH601800,egarch,242,0.13545853351562923,0.3034704971841179,0.0985078594397728,-7.54947795222007,0.11464969729705021
SH601808,egarch,242,0.07747378002248317,0.2263561111827144,0.2621968641678163,-6.947686125244235,0.12418139695427288
SH601818,egarch,242,0.08739074730352578,0.23239587392575645,0.40924048198108376,-7.885003202347658,0.4226997943626144
SH601857,egarch,242,0.10385202106545785,0.2634855673589385,-0.475166898243522,-9.05446978984213,-0.4074101865893536
SH601877,egarch,242,0.38459164096335946,0.5893026939943312,-5.9800185077961014,-6.086369782866733,-5.843329996012913
SH601888,egarch,242,0.04862375318740052,0.17143623484632786,0.18265452421154982,-7.166951923180019,0.1901187579236383
SH601898,egarch,242,0.07758922390461094,0.22270673796943743,0.0007588759224937958,-7.885213637653575,-0.02154287149916878
SH601899,egarch,238,0.11437855623156809,0.28033043807887875,0.1907498674109479,-7.426845688823951,0.19076559966266837
SH601901,egarch,240,0.12418178735746911,0.261374084466038,0.379684754830129,-6.91559715578084,0.504529490986725
SH601919,egarch,242,0.09232442027658247,0.24982286609387575,-0.042400677611984294,-6.989690695538315,0.0012674598835501483
SH601933,egarch,242,0.07085995816606097,0.21241802856691774,0.07561076827980717,-7.318759867684269,0.04555465623085819
SH601939,egarch,242,0.07100315554905688,0.2164461064171815,0.3029080489821899,-8.357338538205276,0.29797021466367746
SH601985,egarch,242,114.29387509126387,10.350909894117363,-893.3550072591488,328083829.19593734,-878.3010528352025
SH601988,egarch,242,0.08297619542832635,0.23152927551924385,0.27363313992950444,-8.9850464469558,0.28648021483559505
SH601989,egarch,241,0.14050536973062883,0.31665327641017993,0.28954370629216175,-7.339572983303395,0.3228577503757144
SH601991,egarch,101,0.06485069013101216,0.21287050408330027,0.17922222379604114,-7.910864716269443,-0.022817769332428073
SH601992,egarch,242,0.15997397701177374,0.3264039392860147,-0.4718866724541504,-7.399888596595281,-0.5280260139891919
SH601998,egarch,242,0.12572085852797044,0.2861824104205564,0.20250483410914555,-8.12789650437006,0.21019160263362235
SH603288,egarch,242,0.05160473649522639,0.17723031470803,0.27959108812841094,-7.257888126322163,0.27193443708049825
SH603993,egarch,242,0.11108936277644565,0.2793405823114526,0.20389830583294233,-7.268883970512452,0.24824875738671914
SZ000001,egarch,242,0.04581135235176514,0.1772940260931897,0.3040073880193731,-7.342474802365911,0.3377360693407021
SZ000002,egarch,242,0.10186634957848581,0.259888787608536,0.20311640239233986,-7.461737012564415,0.19046885287480275
SZ000063,egarch,242,0.08450691247125365,0.24126160976890643,0.1985035652001771,-6.587839283796554,0.20336849896950837
SZ000069,egarch,242,0.0891360995083793,0.24379635568430244,-0.06321928438917346,-7.4214293470306645,-0.0020815382712069397
SZ000100,egarch,242,0.10719571762577133,0.2631998487852549,-0.051179529195467754,-6.869710078539431,0.04138496385813906
SZ000157,egarch,242,0.04241000377421192,0.16798374709299707,0.22518388871841355,-7.408862299292269,0.07593949828748914
SZ000166,egarch,242,0.09859446758988409,0.26341280679404294,0.38097816656542094,-7.527028751169893,0.43688001306159996
SZ000333,egarch,231,0.041865869940171545,0.1619598882248453,0.3820098849798097,-7.514670380281452,0.3594969746507328
SZ000338,egarch,242,0.07335322853044067,0.21816828430482915,0.2591126849621269,-7.050297877923078,0.2611528487781313
SZ000402,egarch,225,0.05631945765903314,0.1944458870927702,-0.007997732235135224,-7.582480624130628,0.08812031376520102
SZ000413,egarch,227,0.2656512543953928,0.3143602441938539,0.12338052943203237,-6.609323123383098,0.14260587089114918
SZ000415,egarch,242,0.12318244318639371,0.2656360134633845,0.08407398021726276,-7.039968740688375,0.1325522720204222
SZ000423,egarch,242,0.09336127341632405,0.22364741535460775,-0.06006897607577888,-7.693474864982139,-0.051546932925035094
SZ000425,egarch,242,0.07901491037707088,0.21578607143558448,0.24850461729898632,-7.192974038652481,0.1160488615421984
SZ000503,egarch,91,0.42079404032565904,0.35296968983090066,-0.005569719189360889,-6.031012979767344,-0.002655603105886639
SZ000538,egarch,232,0.0897278928328797,0.2442041671363919,0.08046746110492364,-7.4653402043596495,0.012807028035346835
SZ000568,egarch,242,0.06038538944976117,0.19835532480590456,0.4555550429145766,-6.8482078813684195,0.5135227668637551
SZ000625,egarch,242,0.07712532158739129,0.21880752433522388,-0.49257772481044504,-6.386866785136539,-0.21772902753400025
SZ000630,egarch,242,0.09421936903723689,0.2391174018017435,0.3752395880769379,-7.706947516918037,0.3738690214704118
SZ000651,egarch,236,0.09435685968481267,0.2461890735485323,-0.2022974062436269,-7.387347027976508,-0.20382742760303918
SZ000709,egarch,242,0.14541600671533778,0.33012024641650506,-0.17196256100753282,-8.239572320492234,-0.1688295528276107
SZ000725,egarch,242,0.11579150515670031,0.27397854551049244,0.14919966405505458,-6.839004834404953,0.12177884613125622
SZ000728,egarch,242,0.11715742900671533,0.28861894541539945,0.4248303014944348,-7.1356398483907295,0.4824617112351992
SZ000768,egarch,242,0.08441783505007605,0.24615681454719165,-0.03913024976235713,-7.394963405759388,0.010310292475635197
SZ000776,egarch,242,0.10156772506172992,0.2585503496797859,0.2595037291167699,-7.3716633255970585,0.2617741563808432
SZ000783,egarch,242,0.10884320973359411,0.26690675663425995,0.43270261538062404,-7.064052308297886,0.4594843698109522
SZ000792,egarch,101,0.053153869672935575,0.17152341268466467,-0.24228199769273662,-6.425748463324837,-0.18657597438068385
SZ000826,egarch,101,0.09093476287111806,0.23370424679128904,0.10391510952056315,-6.673031899508439,-0.037801581565881426
SZ000839,egarch,101,0.0838119718154575,0.22840096636261167,0.2601140505911004,-5.813824407870554,0.043605966028102516
SZ000858,egarch,242,0.05176282307748442,0.19083882903894006,0.6276208158765364,-7.0424414082195135,0.6431444892581364
SZ000876,egarch,242,0.10468346740705473,0.2438473972522626,0.3912000533859481,-5.93772764055895,0.21544293856557784
SZ000895,egarch,227,0.08438326741357069,0.2342596244404924,0.1273132103687079,-7.035188397653826,0.15064429852811345
SZ000898,egarch,242,0.242254242506669,0.42291161514702336,-2.0645086734232017,-7.978924931671411,-1.8992162924117815
SZ000959,egarch,101,0.0861419083450892,0.2401881088120171,-0.569647130773886,-7.46924343400939,-0.7457353346387585
SZ000961,egarch,242,0.07104100916112789,0.21684369762988517,-0.1806037248591661,-6.319871217844106,-0.28748255413709134
SZ000963,egarch,242,0.08836007811379615,0.24448652571338098,0.08984907524008345,-7.005985919916205,0.07840270462815513
SZ000983,egarch,101,0.11228210464501587,0.28141943357475113,-0.17928724789870087,-7.022566041073398,-0.42479011828958724
SZ001979,egarch,242,0.04574489139158447,0.1741935819607647,0.4041721364225669,-7.4640680985755905,0.436680628895716
SZ002007,egarch,242,0.08127793225512982,0.23788875649705102,-0.4169517145816726,-6.834151763189957,-0.35239788895476765
SZ002008,egarch,242,0.04958113603802722,0.18200959710799688,0.030459394391548877,-6.528315063083201,0.04461802758695488
SZ002024,egarch,242,0.13661468365802779,0.3011501130388039,0.2874367094149871,-7.750179826340924,0.3030673730268538
SZ002027,egarch,242,0.06633274584610573,0.19405761708400446,0.1336858767941269,-6.830791763542114,0.10096597362583204
SZ002065,egarch,225,0.09499719360001127,0.24904382782385698,0.2692313450812621,-6.828198424889124,0.27480312616508584
SZ002081,egarch,242,0.09488554696894017,0.25234370622189406,-0.031531694017681744,-7.173929084567849,0.07710306650173071
SZ002142,egarch,242,0.06418441912382329,0.19189637253836214,0.10615010623330112,-7.231054170965076,-0.1150811068943236
SZ002146,egarch,242,0.06021292174127916,0.20004620392586597,0.2795492545597017,-7.2588156038696505,0.30231885617798604
SZ002153,egarch,242,0.04921009360904857,0.17909598583434616,0.0349339400605817,-6.563348339107587,0.003970087064256278
SZ002202,egarch,236,0.049609661920746374,0.17880480002798985,0.4212786597386795,-6.865806758933127,0.40953246682155375
SZ002230,egarch,242,0.05777498582786883,0.1878437068392407,0.23675272717820528,-6.878744086086454,0.2686771344481915
SZ002236,egarch,240,0.07271708353345827,0.22434060680237314,-0.05776247728079964,-6.669705379112353,-0.04837570932360258
SZ002241,egarch,242,0.0657857012711099,0.20206118147580976,0.2566639661939186,-6.125777027484993,-0.032666779001084834
SZ002294,egarch,242,0.24529121352678052,0.40977045376935156,-0.8373581118582167,-7.278382430736447,-0.7612026303552448
SZ002304,egarch,242,0.06614753557439083,0.21400895607821646,0.40249980595895485,-7.205914292109243,0.417112770363956
SZ002310,egarch,220,0.08464530210939387,0.2432731499076945,0.3764441414613062,-6.820339858311854,0.407446167575109
SZ002415,egarch,240,0.06093767180201876,0.1999352781430532,-0.16972647462251444,-6.958875978122891,-0.16976462408540982
SZ002450,egarch,100,3.5511075082724965,1.156294546395367,-0.577831193126247,-6.228339672354013,-0.6034642290910617
SZ002456,egarch,239,0.26761056292060836,0.29247297774994024,-0.08170274889094453,-6.106816511343545,-0.07920185539525715
SZ002475,egarch,242,0.06370823299996412,0.2115779275974424,-0.34393794138692546,-6.355797688376483,-0.46565402964343905
SZ002594,egarch,242,0.08660641060997216,0.24004021741748907,0.19477336832748615,-7.326310477841184,0.16012096627930628
SZ002673,egarch,242,0.14631963117408173,0.3139107974003213,0.4206981815769082,-7.013998885783593,0.44857856981489397
SZ002736,egarch,242,0.1311090039267031,0.2721514853442666,0.18624578755539634,-6.717791120479613,0.17636308301071835
SZ300003,egarch,242,0.04517642863537794,0.1700241797664527,-0.26748827405653386,-6.759628839841536,-0.2640823166914077
SZ300015,egarch,237,0.08944863018678219,0.2464707321799843,-0.572907223578178,-7.00453689106681,-0.43014751460046785
SZ300017,egarch,242,0.1487447554792102,0.24925897717799947,0.17451275301317026,-6.539698846405515,0.16001016001477864
SZ300024,egarch,242,0.07831892904929592,0.22174058061663177,0.31445393560086077,-7.3478846087755265,0.32088417017270865
SZ300059,egarch,242,0.12174494209048864,0.2641029463064463,-0.005301232300382486,-6.690658880511426,-0.02341447175081357
SZ300070,egarch,242,0.07033476994313412,0.21539827420302865,-0.00278873947078484,-7.021561421917497,0.0009422487116483858
SZ300124,egarch,231,0.04214057876520735,0.16728919215046795,0.15070883289602388,-7.058635389828133,0.1565632985445088
SZ300144,egarch,242,0.057173080095993804,0.19475978629160878,-0.6802534509807472,-7.042411206417399,-0.6857687476470549
SZ300251,egarch,225,0.0900299180808835,0.24645378395298198,-0.034504026677332655,-6.7697202149346465,-0.05919351499547765
SH600000,har_pooled,242,0.07548916307349421,0.2206737324564302,0.09904648390188908,-8.083398241667831,0.1383006029064544
SH600009,har_pooled,242,0.05367188015063437,0.18881034465421506,0.33580677167870987,-7.292047809186138,0.36948473358804157
SH600010,har_pooled,242,0.0987387295902488,0.24454053106351545,0.35808221653405914,-7.396325154222477,0.3710644621618656
SH600011,har_pooled,242,0.08216964685821637,0.2204381625331034,0.3600409831214292,-7.702403659180124,0.21366454705858628
SH600015,har_pooled,242,0.08524476562540716,0.23245951047384206,0.3504617144017844,-8.832563480938353,0.3735871276948637
SH600016,har_pooled,242,0.0759112796406986,0.217084578332179,0.2734543520525816,-8.866685758027137,0.3062491056705592
SH600018,har_pooled,239,0.09625773387572319,0.24661494011274615,0.6022253856781548,-7.136745740803549,0.6258752685923431
SH600019,har_pooled,242,0.059113043007494925,0.19752014185108932,0.24650357513027643,-8.125220412716942,0.25930117057601765
SH600023,har_pooled,242,0.07486014859137845,0.2224010956846183,0.21297700522898555,-8.72607694482543,0.261787542933246
SH600028,har_pooled,242,0.05944570937465039,0.19596020765046676,0.4094465191854285,-8.809865426159497,0.36520540454808437
SH600029,har_pooled,242,0.08932722061545299,0.2353314404852086,0.30325703483693,-7.417726120958094,0.3234945909126752
SH600030,har_pooled,235,0.08854278685803535,0.2303716984524733,0.42451598558240167,-7.253841260912876,0.4461168984946192
SH600031,har_pooled,242,0.04384796373738296,0.16082221603497754,0.39622175490176914,-7.105861928915434,0.37497628996554444
SH600036,har_pooled,242,0.04616263105627071,0.16622571331959496,0.24491188520841223,-7.725453635546337,0.2680071049677616
SH600038,har_pooled,242,0.04429067894874508,0.16420739319590402,0.26895729510517474,-7.312641692135052,0.30127126699025064
SH600048,har_pooled,242,0.04796904732735096,0.16953589261529517,0.21781890855297814,-7.202807621342792,0.22498324359972455
SH600050,har_pooled,242,0.08680671921839786,0.23851532453984142,0.4182484789095714,-7.447686761830628,0.40723696024065636
SH600061,har_pooled,240,0.10211551442821717,0.24778274067234538,0.5095726173545987,-6.758580410712908,0.5264586691319095
SH600066,har_pooled,242,0.08297064598991527,0.22505825136721197,0.45387060847267335,-7.003706809759407,0.46160458468678733
SH600068,har_pooled,242,0.08521696178756684,0.23124614468321164,0.3869457825965895,-7.887759401021304,0.4278785457786266
SH600085,har_pooled,242,0.10025466458513169,0.24504641654644782,0.20000566259509645,-7.852123829408313,0.2745705093961299
SH600089,har_pooled,242,0.06675159332131746,0.20314523037487617,0.5472265763138976,-8.279902454780983,0.5561995925868615
SH600100,har_pooled,242,0.10723508559325265,0.2523694821994204,0.4367866216271422,-7.054324278732449,0.4779309065988935
SH600104,har_pooled,242,0.06705590174271799,0.20704603896470056,0.4092905106799487,-7.564765815279878,0.4182420261538615
SH600109,har_pooled,242,0.0842571871683741,0.23624073689853753,0.541605611979963,-7.173821460270934,0.5649616589496823
SH600111,har_pooled,239,0.09270034166681516,0.23700096201141282,0.44768984171812587,-6.972304432506106,0.4287994287903918
SH600115,har_pooled,241,0.0946273601903497,0.24156237596002342,0.44854169736458505,-7.360628528269523,0.4556381541941994
SH600118,har_pooled,242,0.07283558151624198,0.22054593402123265,0.5613440664564822,-7.285246351774453,0.5751453121094846
SH600153,har_pooled,242,0.0592127459117383,0.1950864217289334,0.29577200585993313,-7.568606192489208,0.3066278996960893
SH600157,har_pooled,95,0.11872601562899034,0.27257496494659295,-0.05914416662603239,-5.539364763463531,0.10800894584614196
SH600170,har_pooled,242,0.07380338848901273,0.21016518604945258,0.5307560375081344,-8.078141478025609,0.5584392212397223
SH600177,har_pooled,242,0.11181734366488588,0.27016256348664486,0.35027316051589963,-8.204522630635676,0.38499986088171434
SH600188,har_pooled,242,0.061463362323449455,0.19531552150607637,0.2474381959703138,-7.520563379122027,0.26905915437815686
SH600196,har_pooled,242,0.05617233983959408,0.18953494273374238,0.23612434833394447,-7.197073372314644,0.2186156600587681
SH600208,har_pooled,241,0.39553305769300273,0.3354666382484263,0.017100075883632382,-2.1636255838178897,-0.01847093413335754
SH600219,har_pooled,242,0.07524216673966982,0.2204773440489459,0.42929753460871745,-7.922543464335546,0.44864815291904736
SH600221,har_pooled,242,0.08831130188816969,0.24321776649049254,0.4057952584600971,-7.906500867365517,0.41551686017246237
SH600271,har_pooled,242,0.05359759145020896,0.18626128924956023,0.5318691118682386,-7.295371219653198,0.5469547985260215
SH600276,har_pooled,242,0.05971636358432645,0.1965495420748846,0.12167388932119672,-7.211871797299094,0.05119820507696271
SH600309,har_pooled,242,0.04567841602301742,0.1673949321629702,0.3830902985779643,-7.141658960443226,0.39884005810933754
SH600332,har_pooled,242,0.05217525288068156,0.1816297234923524,0.5115034329668005,-7.431728049984287,0.5342191519123909
SH600340,har_pooled,242,0.04695462944110179,0.17242593419549435,0.5198642660963935,-7.2779235449666295,0.5515255139792206
SH600352,har_pooled,238,0.07887877891042741,0.21536716486995475,0.5809820129025414,-7.006485838427482,0.5860141003489416
SH600362,har_pooled,242,0.10035860517845767,0.24927718909862254,0.42155783548625947,-7.614923956510118,0.4247342783012463
SH600369,har_pooled,242,0.12487105418525131,0.27491659575008176,0.4551205870234555,-6.946305757130343,0.4939695719807119
SH600372,har_pooled,242,0.06292034864177988,0.1996618628811818,0.3440137684388228,-7.243470759680932,0.3607682073639753
SH600383,har_pooled,242,0.05217275023936853,0.18100962839135176,0.29445109749844567,-7.028248263425657,0.33946850557057107
SH600398,har_pooled,242,0.07180006448617994,0.21327827475756533,0.38371968654812216,-7.654478194091521,0.3837489794951685
SH600406,har_pooled,240,0.06623174229529397,0.1987552535664173,0.20561403267436484,-7.049435993225186,0.21660317730368017
SH600415,har_pooled,225,0.0764246934597794,0.22406810597988955,0.4189757742144238,-7.586480023148502,0.46063672223038443
SH600436,har_pooled,242,0.07764875907779946,0.23345711805069544,0.18599837059694724,-7.393098605124935,0.25108469255803656
SH600489,har_pooled,241,0.09059916945300486,0.2439645357640577,0.20082393358906747,-7.469572335854451,0.24136732116524118
SH600498,har_pooled,242,0.09248902948084924,0.24232363314177727,0.354548298000517,-7.281114789476477,0.36152808011677884
SH600516,har_pooled,241,0.08509125247535007,0.2214353151779976,0.05161485107614605,-6.789564635134961,0.09195775606643875
SH600518,har_pooled,79,0.11797041857293934,0.2775750120436423,-0.07875976168574716,-5.541290645800607,-0.22699712301213038
SH600519,har_pooled,242,0.04719937105872179,0.17720498765535098,0.4154991709284126,-7.573510707917312,0.4288244228270385
SH600535,har_pooled,242,0.0662997294806957,0.21013668130224902,0.400598409746323,-7.334865819482875,0.4319361948795881
SH600547,har_pooled,242,0.0689609711601967,0.2131972576265472,0.13155876841210923,-7.175904357291155,0.1490000502917458
SH600549,har_pooled,101,0.10493612958094889,0.24542066023093,0.3318559390187601,-6.615927101738947,-0.1134949329263506
SH600570,har_pooled,241,0.06726883061757606,0.20443529446350778,0.42986178611702586,-6.757386914584749,0.4530499594600057
SH600583,har_pooled,242,0.04608121019510771,0.16657244180998992,0.3553563666083748,-7.368085240837198,0.3574781544768275
SH600585,har_pooled,242,0.044443848475271414,0.16201070367775053,0.19667695648043748,-7.506624183315631,0.21346312792200162
SH600588,har_pooled,242,0.061059746314536714,0.19300410948056634,0.36347001896183473,-6.487281582866953,0.38718812872366426
SH600606,har_pooled,242,0.0627529145504438,0.2000459370344597,0.4980593240766702,-7.784787847274608,0.5353930356702086
SH600637,har_pooled,242,0.06391045091487309,0.21076207563992752,0.5666632111737275,-7.70335160066286,0.5849376201121808
SH600660,har_pooled,242,0.07297571905916014,0.20787612074495715,0.03662215178779715,-7.8033601630259914,0.07086026448466531
SH600663,har_pooled,136,0.07922225915240508,0.22825951767246855,0.15541271716697602,-8.035922341674189,-0.0766452406024809
SH600674,har_pooled,242,0.06488206194794159,0.20243382866917037,-0.2855380859461172,-8.119715255668218,-0.2527886484854809
SH600688,har_pooled,225,0.0668400089443545,0.20867855861741622,0.181374331898552,-8.247869136971492,0.2071055992669033
SH600690,har_pooled,242,0.0483424156601999,0.1732508728662219,0.32214832280232586,-7.380912643221992,0.3379056910062266
SH600703,har_pooled,240,0.06671252659757242,0.20718742594063913,-0.05918683276812686,-6.038322291767106,-0.017102180412270407
SH600704,har_pooled,225,0.07588929386233526,0.21987097709758469,0.22247379681988322,-7.387795689103566,0.2918970182381174
SH600705,har_pooled,242,0.08439255525191465,0.22534164503551507,0.4804677594444765,-7.269349325362102,0.49916342329400176
SH600739,har_pooled,101,0.1002917824585565,0.2586203612428598,0.3354633332506617,-6.815151857740633,0.1357761397053744
SH600741,har_pooled,242,0.04696352075621239,0.16763639364911312,0.3003465196117384,-6.8383592695613515,0.28364504991424344
SH600795,har_pooled,242,0.07500796152999598,0.22550952050265638,0.36385646732568255,-8.472834452018192,0.3926145507490768
SH600809,har_pooled,242,0.05650138748724613,0.18229636382249326,0.26187676987960795,-6.627379637469854,0.29242787334404297
SH600816,har_pooled,236,0.0962318606917761,0.2355923377687742,0.20831202111889158,-6.215962428624625,0.22925719009853107
SH600837,har_pooled,242,0.09077697436946404,0.24000830945852047,0.4661274954069836,-6.970255996731305,0.4996018158548302
SH600867,har_pooled,242,0.08139621035365478,0.2224768454466975,0.03245026065815626,-6.552180150468247,0.04187508128223005
SH600886,har_pooled,242,0.045603041609516067,0.170061492897921,-0.25052947282739124,-7.598152684603888,-0.2490365873865561
SH600887,har_pooled,242,0.04390889928580686,0.1688119268242047,0.26566519904511654,-7.519655237784917,0.29080544629250316
SH600893,har_pooled,232,0.0710523492541225,0.21044591370533033,0.19986871394941763,-7.653628097405632,0.24015821041466712
SH600900,har_pooled,242,0.06435160774924491,0.20064205653383668,-0.1673834422863152,-8.291715849999985,-0.07662212178268057
SH600958,har_pooled,241,0.07994801936753078,0.22194983113555566,0.5118976027949064,-7.122579747285985,0.5436411938010104
SH600999,har_pooled,242,0.07724588518832458,0.21915064528980782,0.4115473954315414,-7.307292843859467,0.44713197014731665
SH601006,har_pooled,242,0.05690258264164567,0.1902592201621831,0.0029639517967696705,-8.667365957373738,-0.18133260327877787
SH601009,har_pooled,242,0.09175889604151483,0.24239794007081228,0.3113136348698753,-7.882080661679685,0.29903727576460204
SH601018,har_pooled,240,0.08104891067395362,0.22412914154624097,0.6738212298647918,-7.2889385592974385,0.6935293544653947
SH601021,har_pooled,242,0.04094191510961924,0.1596891795197761,0.43975761278382,-7.398660921718575,0.4542770557559951
SH601088,har_pooled,242,0.050494809442914186,0.1784204958433357,0.12650262036984294,-8.059457442468732,0.15099728691873604
SH601111,har_pooled,242,0.07220738366418984,0.21274520794698823,0.33576624777336317,-7.165193661325648,0.35235861706648397
SH601117,har_pooled,242,0.0525881971854561,0.18708198370029275,0.4714264683356606,-7.834662408684315,0.45035672952350103
SH601166,har_pooled,242,0.06864343886578587,0.21092276696543036,0.2353005848789428,-7.951202935941902,0.20594654242293753
SH601169,har_pooled,242,0.08134646528019213,0.2274882611848255,0.24169477427221386,-8.687563692943716,0.2752204410614225
SH601186,har_pooled,242,0.07825646752658312,0.21830737676971898,0.22517290129242717,-7.736154180833338,0.28804355617301547
SH601198,har_pooled,242,0.11054453637803373,0.25314432493533545,0.41791185105490125,-6.9583506326846285,0.42907746593597296
SH601211,har_pooled,242,0.0676833421233496,0.20896254287555815,0.44483367906719984,-7.459113889117851,0.45989690203360634
SH601216,har_pooled,241,0.09192311785270536,0.23811455042949858,0.5127565455843501,-7.167321860157235,0.5119649475136095
SH601225,har_pooled,242,0.057677681900841944,0.19263693265389475,0.2633167379703333,-7.77551899625684,0.2886189791178402
SH601238,har_pooled,242,0.08248248442164101,0.22467168793824724,0.37696422557194664,-7.069834403168839,0.1605181834941286
SH601288,har_pooled,242,0.06436221734535481,0.2079523820205775,0.08033592225081054,-8.966187368290518,0.09497102932377832
SH601318,har_pooled,242,0.047669334302679334,0.17034988711477075,0.5706778070703105,-8.017652270387819,0.577783895864176
SH601328,har_pooled,242,0.08159859123222454,0.23951467479114288,0.3899222606717697,-8.850328772786236,0.4140218353090659
SH601333,har_pooled,101,0.05686106971923952,0.20307052620508448,0.18955742208074622,-7.555436220984832,0.2849060253614806
SH601336,har_pooled,242,0.06429176645576312,0.19559879320549622,0.5169315052208683,-7.351348411029545,0.5936923639197869
SH601377,har_pooled,242,0.09723520413047732,0.24318216619524916,0.466489100868576,-7.083107013337908,0.4839464178321061
SH601390,har_pooled,242,0.06599899376364678,0.20626871229238802,0.21669422698844543,-8.321084175610522,0.30379501716851964
SH601398,har_pooled,242,0.06459299103700619,0.2077241520318538,0.17019603814632767,-8.687727774693883,0.15145706225417988
SH601555,har_pooled,242,0.09769332269350828,0.24925458934311467,0.5181484162594399,-6.768870362753572,0.5289414856253709
SH601600,har_pooled,242,0.06738988655265714,0.20911484767994015,0.5677869936837092,-7.629230805321788,0.5813753886325261
SH601601,har_pooled,242,0.05438587779697323,0.18347607801171964,0.20027250208020808,-7.341113773236463,0.21746256020299737
SH601607,har_pooled,242,0.08294984108106478,0.24162567690696307,0.39305269588703984,-7.619561499002713,0.4048007062817023
SH601618,har_pooled,241,0.10280813626518898,0.24213780673062754,0.418020901542017,-7.949375302516104,0.4254598842460795
SH601628,har_pooled,242,0.05747985673962172,0.17988890906094954,0.4283354632372117,-7.183731273141635,0.4458031939239122
SH601633,har_pooled,241,0.08116896632425044,0.23316782085193954,0.4123817925327262,-6.608412927256056,0.46560430184539003
SH601668,har_pooled,242,0.05620791777787721,0.19422698089926152,0.05381413373405586,-8.010538519914139,0.13378226337396437
SH601669,har_pooled,242,0.09034277624114148,0.24008064127511444,0.24612699503216073,-7.910622631577239,0.2788962184922008
SH601688,har_pooled,242,0.07477846473303502,0.21858268146656293,0.4726042500415475,-7.136557085133035,0.4927441847334293
SH601727,har_pooled,242,0.09755113733954704,0.25099847603412945,0.43536955921275333,-7.814133178212833,0.45574296641804646
SH601766,har_pooled,242,0.074911137758594,0.21537986036098244,0.322142013133362,-8.309164580878655,0.37581876762579247
SH601788,har_pooled,241,0.07170523990595684,0.21381483202770282,0.45984335152981637,-7.000597307625399,0.4816528597880413
SH601800,har_pooled,242,0.10183921333693488,0.24718490384718383,0.32224830698104134,-7.605678783238837,0.3439729400236722
SH601808,har_pooled,242,0.06521321318332575,0.2058970293810083,0.37895745927993396,-6.976963324463624,0.2711501239100931
SH601818,har_pooled,242,0.08484481121753025,0.22916555287840393,0.4264509535868004,-7.903974249508743,0.4377871076835016
SH601857,har_pooled,242,0.07255142412972047,0.22184949666158288,-0.030557308356395696,-9.09265283745559,0.07225254932258396
SH601877,har_pooled,242,0.03908837823711304,0.15463143680149719,0.29057843573678477,-7.335230498675763,0.2689072656373469
SH601888,har_pooled,242,0.04863135409933497,0.17163814509127698,0.1825267559794771,-7.158252231481733,0.1803944925557115
SH601898,har_pooled,242,0.06661727859399973,0.20121775666574038,0.142062247882637,-7.899372880597553,0.137556622895871
SH601899,har_pooled,238,0.10230483263454465,0.25881761980201556,0.27617376804100424,-7.416029123836218,0.2224273439964749
SH601901,har_pooled,240,0.1155498317424772,0.25867248079696825,0.42280326502031995,-6.90506245649238,0.44495972250577265
SH601919,har_pooled,242,0.07143066897851555,0.21250732784133006,0.19350289422431244,-6.9828333044351005,0.24204893820499584
SH601933,har_pooled,242,0.07416413707343737,0.22052975583764786,0.032506771598101,-7.296455568284231,0.029950100248643197
SH601939,har_pooled,242,0.07199592513376278,0.2156137271686039,0.2931612753161149,-8.369084852022164,0.276112861778945
SH601985,har_pooled,242,0.07374236404957721,0.22219869415653667,0.4229624948650683,-8.405666720931919,0.4469702109918563
SH601988,har_pooled,242,0.07717586904088175,0.22635392256467438,0.32440872494739614,-8.993854342483772,0.3578452845582495
SH601989,har_pooled,241,0.10386115325854979,0.2590593081478386,0.47483281140246847,-7.347109183633221,0.49141790057403956
SH601991,har_pooled,101,0.07305006079470802,0.21468204192837492,0.07544751907008496,-7.887914095074723,-0.009436584786396418
SH601992,har_pooled,242,0.07486406567763651,0.22053040866658036,0.3111915914390532,-7.49633782984448,0.31446601014170295
SH601998,har_pooled,242,0.10276445865451536,0.24770483994380407,0.3481259994407898,-8.146126214839875,0.3571447115407618
SH603288,har_pooled,242,0.04294593742092509,0.1674740031587445,0.40046906257188375,-7.280645269924369,0.4210359329233656
SH603993,har_pooled,242,0.09581394228134833,0.2539700641427283,0.3133668258723753,-7.264470929964251,0.3402711604097134
SZ000001,har_pooled,242,0.04697110517459646,0.1772967637619473,0.2863877510740085,-7.335658265603108,0.3162460787012006
SZ000002,har_pooled,242,0.06725715068317678,0.20560979632578538,0.4738584387972422,-7.480847476460214,0.4792943214228924
SZ000063,har_pooled,242,0.07515029359728331,0.21734339680499198,0.28724537873902767,-6.611440725379109,0.2991835530911282
SZ000069,har_pooled,242,0.05542064737427641,0.19162145071441944,0.3389400998399792,-7.4604018211471965,0.38277009397963635
SZ000100,har_pooled,242,0.09522221562350275,0.24414386740272923,0.06623467797935101,-6.868835821456535,0.11138996448233962
SZ000157,har_pooled,242,0.04028443288931782,0.16544097769500227,0.26401733414924,-7.411562497779743,0.06744887773009378
SZ000166,har_pooled,242,0.08601205543131528,0.238933633021542,0.4599763906425085,-7.533591219122853,0.48986776541958554
SZ000333,har_pooled,231,0.04222096763067044,0.16024767258760886,0.37676822004108,-7.5079130533897835,0.34839735035294717
SZ000338,har_pooled,242,0.05540583181570763,0.18644472978079027,0.4403862134800982,-7.086389630824446,0.45011141650183817
SZ000402,har_pooled,225,0.053454080140853774,0.183465505055118,0.043286391589503315,-7.586856041143397,0.11362066252945169
SZ000413,har_pooled,227,0.3059593463550936,0.32402996136060513,-0.009631672274818204,-4.668941996403759,-0.00196000109504757
SZ000415,har_pooled,242,0.07669096062625445,0.21106110301560457,0.4297625172652958,-7.225596155265726,0.4556960998274815
SZ000423,har_pooled,242,0.08259415576169996,0.2098497315427196,0.062186076471834606,-7.64668991679323,0.08284455393208501
SZ000425,har_pooled,242,0.06218877721490284,0.1938428075806014,0.408534684026127,-7.222173613835366,0.29918008156596276
SZ000503,har_pooled,91,0.6042762705935407,0.4273550739319822,-0.4440364204380782,-3.901149075342948,-0.4430371203901933
SZ000538,har_pooled,232,0.071667067446731,0.21065193647290584,0.2655550196949582,-7.457278014497276,0.2122985530108631
SZ000568,har_pooled,242,0.052670567977808655,0.1905992198774219,0.5251131874176175,-6.854870294145163,0.5757059707583508
SZ000625,har_pooled,242,0.06159643565113695,0.19478272566890273,-0.19205295859197058,-6.443155378367604,-0.02046882374068848
SZ000630,har_pooled,242,0.08622700189907861,0.23638769832339884,0.42823627693719424,-7.764766275772399,0.4386048450661625
SZ000651,har_pooled,236,0.07856468998881826,0.19967527515978276,-0.0010731950111144695,-7.27101600994372,-0.013304743995903978
SZ000709,har_pooled,242,0.07883841309251277,0.22665078575103295,0.3646114303321355,-8.322616470899066,0.367214809157123
SZ000725,har_pooled,242,0.09577580752604399,0.24107729921351903,0.2962688488392844,-6.861627656844984,0.2959051550796855
SZ000728,har_pooled,242,0.08609367450118584,0.23474352792061587,0.5773339068131567,-7.156190649030087,0.6088173992202612
SZ000768,har_pooled,242,0.05938784576307992,0.20070066134851117,0.26897311493441356,-7.429539152733292,0.28599317797740853
SZ000776,har_pooled,242,0.07610915486451998,0.21516850788851544,0.44511363897342193,-7.392347801504288,0.4532626202817166
SZ000783,har_pooled,242,0.0861521341794725,0.23189163623358236,0.5509698719927816,-7.099215960526313,0.5705693696062529
SZ000792,har_pooled,101,0.05727043520477853,0.18666693222937872,-0.3384920249964458,-6.430979497345445,-0.3411661690886105
SZ000826,har_pooled,101,0.14124622797413874,0.24974245364692316,-0.3918616679544822,-6.354206832035123,-0.7273392101562117
SZ000839,har_pooled,101,0.08987513604922034,0.23442147073242578,0.20658888075739967,-5.777064051337646,-0.03401430595658406
SZ000858,har_pooled,242,0.05457755610360177,0.19418059421466355,0.6073717659701594,-7.027864655274705,0.6341660228798254
SZ000876,har_pooled,242,0.0878988442897304,0.22114085575528636,0.48881315229133837,-5.989900120283971,0.31027862199577994
SZ000895,har_pooled,227,0.07513171086335804,0.21984565331057448,0.22299226419495255,-7.054175023284507,0.25316022989647013
SZ000898,har_pooled,242,0.0755668309797407,0.21122003314125976,0.04408192581335091,-8.167680633811498,0.08845932916937937
SZ000959,har_pooled,101,0.05724338804150623,0.1928406871965098,-0.04306860065340912,-7.498998235307357,-0.18600977787329476
SZ000961,har_pooled,242,0.05617268008643555,0.19247889658404335,0.06648742566489729,-6.371135246043972,0.029407265344125966
SZ000963,har_pooled,242,0.07167349686983138,0.2172826709001239,0.26172881634575296,-7.004446189450126,0.2285987987923508
SZ000983,har_pooled,101,0.08226809752763127,0.23267754305529956,0.13594674209263002,-7.0662660061721745,-0.029544326429636003
SZ001979,har_pooled,242,0.04485596389686177,0.17465770888398102,0.41575042973453447,-7.462003270464794,0.4482463015850877
SZ002007,har_pooled,242,0.05736883960403798,0.19622916441060725,-0.00013464153269060475,-6.907011298496004,0.02839642480845539
SZ002008,har_pooled,242,0.051752595849484974,0.18550509310940044,-0.012002691572767121,-6.511638523171959,0.006841032536248237
SZ002024,har_pooled,242,0.07101483844542006,0.2160370352050547,0.6295964269133814,-7.825035690397587,0.6451092187001637
SZ002027,har_pooled,242,0.048670881331315294,0.17890269424925376,0.3643520805844811,-6.848033541541067,0.33626618919664497
SZ002065,har_pooled,225,0.06916043123264068,0.20861003643310447,0.4679813856577896,-6.885666663265952,0.48051379766970614
SZ002081,har_pooled,242,0.07560228705850063,0.21937920596108892,0.17810290679365326,-7.178550544665621,0.19028361092113477
SZ002142,har_pooled,242,0.0510077581760285,0.16907868507285762,0.2896519147588934,-7.268959295532564,0.08668660449697396
SZ002146,har_pooled,242,0.045927251570611685,0.17468136098976966,0.4504780423669843,-7.273760363494101,0.505036973064318
SZ002153,har_pooled,242,0.050953612718523084,0.18186511124225432,0.0007415418347783698,-6.563959084500594,-0.011854612213497484
SZ002202,har_pooled,236,0.05275280036995458,0.18514443182535634,0.38461238898564354,-6.85079562922674,0.38554669869944425
SZ002230,har_pooled,242,0.05368536375862731,0.1837995418520811,0.29077944560129765,-6.875782330164613,0.3025004096391074
SZ002236,har_pooled,240,0.05838795175892091,0.19935641897657533,0.15067297126333445,-6.673923614971687,0.19812969294377125
SZ002241,har_pooled,242,0.06204652873198585,0.1967206757001246,0.29891420646261513,-6.122836810323444,0.008736134097067971
SZ002294,har_pooled,242,0.09416291455378069,0.24707163983751257,0.29467104669563715,-7.4848739917199225,0.32939787030190315
SZ002304,har_pooled,242,0.05292812368525502,0.18791756546407618,0.5219086561947165,-7.218381861829246,0.5313312903010093
SZ002310,har_pooled,220,0.08940542586116806,0.24353961887852546,0.34137777653827783,-6.803520422541077,0.35715289177576903
SZ002415,har_pooled,240,0.04605003589560078,0.17414532274064848,0.1160485041271816,-6.967799090255922,0.12616910654416225
SZ002450,har_pooled,100,2.4486206266448094,1.1421978241451094,-0.08797325787863719,4.485782637172563,-0.11057778190844281
SZ002456,har_pooled,239,0.277445078813412,0.2868411977570168,-0.12145462848477573,-5.36081606225216,-0.11575436451096555
SZ002475,har_pooled,242,0.04824983552560074,0.17201815216744432,-0.017839949015225898,-6.372079758085842,-0.11901513847278511
SZ002594,har_pooled,242,0.06975414390578101,0.21001223901447627,0.3514580047035861,-7.342799728511416,0.32012434504449716
SZ002673,har_pooled,242,0.10571828116647003,0.2550949664092702,0.5814451415105262,-7.092754159909157,0.6054167166813527
SZ002736,har_pooled,242,0.08564613974022958,0.2275181566244498,0.46842013205901445,-6.93803148727269,0.48257588227239456
SZ300003,har_pooled,242,0.037988163660333626,0.1462307812031775,-0.06581138542472553,-6.769592554655453,-0.03393277181451948
SZ300015,har_pooled,237,0.0480981815269163,0.1734876028173883,0.15421871741708904,-7.110981280450072,0.20436369143843858
SZ300017,har_pooled,242,0.19477297919735234,0.26219670893018626,-0.0809296090275784,-5.885114035972205,-0.10315975079516093
SZ300024,har_pooled,242,0.061591006441808344,0.19422971209185716,0.4608778161153453,-7.396552812294365,0.472980308078532
SZ300059,har_pooled,242,0.0784044330386557,0.22123803147845852,0.35258030602216506,-6.833928039265412,0.34952919577661756
SZ300070,har_pooled,242,0.05235954290316731,0.18261861750144429,0.2534906978499464,-7.040425649100532,0.2539096785599989
SZ300124,har_pooled,231,0.04124646323930206,0.16167984229607127,0.16872862381424547,-7.054679342848232,0.19051992065076695
SZ300144,har_pooled,242,0.03067388570822961,0.14388953125697898,0.09852849925688556,-7.126841758346044,0.1633138351119301
SZ300251,har_pooled,225,0.07943846415962269,0.2210897862328868,0.08719886902082807,-6.770921867588867,0.062053218133144905
