stock,model,har_beta_0,har_beta_1,har_beta_2,har_beta_3,calib_a,calib_b,converged,persistence,median_sigma,har_pooled_beta_0,har_pooled_beta_1,har_pooled_beta_2,har_pooled_beta_3
SH600000,naive,,,,,,,,,,,,,
SH600000,har,0.07543737789087314,0.43453835220317416,0.40575190084499074,-0.34945571515685125,,,,,,,,,
SH600000,har_x,,,,,,,,,,,,,
SH600000,ewma,,,,,-0.765039537102078,0.8666679388069192,True,,,,,,
SH600000,garch,,,,,-0.23459247190323354,1.0167228616228159,True,0.9937311925111809,0.020728931442961892,,,,
SH600000,egarch,,,,,-0.21015716018446326,1.025700514019216,True,0.9886583217037944,0.020723227391823324,,,,
SH600008,naive,,,,,,,,,,,,,
SH600008,har,0.11076372600645518,0.3961897351026485,0.32700535142476533,-0.658506871090863,,,,,,,,,
SH600008,har_x,,,,,,,,,,,,,
SH600008,ewma,,,,,-1.5491121364480491,0.6575534594387697,True,,,,,,
SH600008,garch,,,,,0.9777547519243651,1.4136512493838522,True,0.9428236295922923,0.02811014176729632,,,,
SH600008,egarch,,,,,1.0454989567998316,1.4290729884402367,True,0.9579031943345093,0.02828104127729232,,,,
SH600009,naive,,,,,,,,,,,,,
SH600009,har,0.06676417546670715,0.3644925514149765,0.4629460082952997,-0.4381130951428767,,,,,,,,,
SH600009,har_x,,,,,,,,,,,,,
SH600009,ewma,,,,,-1.1055676955853184,0.758848898736394,True,,,,,,
SH600009,garch,,,,,-0.8496352411826689,0.8319624508561642,True,0.9982567005485995,0.019510436741235454,,,,
SH600009,egarch,,,,,-0.7709138886435543,0.8532097838767312,True,0.9953861524919905,0.019136326266165155,,,,
SH600010,naive,,,,,,,,,,,,,
SH600010,har,0.07452948826628726,0.35645750688807293,0.2332949094159061,-1.299384990416783,,,,,,,,,
SH600010,har_x,,,,,,,,,,,,,
SH600010,ewma,,,,,-0.9917346852145303,0.7933442895985856,True,,,,,,
SH600010,garch,,,,,0.5424441029374011,1.2378303086133522,True,0.92738700671625,0.02639857128494566,,,,
SH600010,egarch,,,,,0.7486695856323271,1.2996131478655863,True,0.9147450277678059,0.027008547113495106,,,,
SH600011,naive,,,,,,,,,,,,,
SH600011,har,0.13215846900401654,0.36029710114409363,0.372614158913505,-0.5462801768700348,,,,,,,,,
SH600011,har_x,,,,,,,,,,,,,
SH600011,ewma,,,,,-0.5421463102198425,0.9029601374285579,True,,,,,,
SH600011,garch,,,,,0.29455014901063215,1.1371030753239362,True,0.9858444965717537,0.02004552484283908,,,,
SH600011,egarch,,,,,0.25800268576396473,1.1272868395038536,True,0.9829424916398928,0.02000089905401839,,,,
SH600015,naive,,,,,,,,,,,,,
SH600015,har,0.06753035016397936,0.363251211012766,0.45977825165827463,-0.44413856210344543,,,,,,,,,
SH600015,har_x,,,,,,,,,,,,,
SH600015,ewma,,,,,-0.622266763591887,0.8946532073855636,True,,,,,,
SH600015,garch,,,,,0.10994933985364118,1.102833548707903,True,0.9884413868910087,0.021316237099193645,,,,
SH600015,egarch,,,,,0.20668269905028663,1.131546721798972,True,0.9819566728127684,0.02184854999676227,,,,
SH600016,naive,,,,,,,,,,,,,
SH600016,har,0.1161230162473492,0.3725213513059041,0.3935074538403493,-0.4910775938212216,,,,,,,,,
SH600016,har_x,,,,,,,,,,,,,
SH600016,ewma,,,,,-0.8966811921851513,0.827966371120309,True,,,,,,
SH600016,garch,,,,,-0.39324866108856454,0.9698207977457277,True,0.9941337044473593,0.01911840609638092,,,,
SH600016,egarch,,,,,-0.3369043571102671,0.9880505100605145,True,0.983365708540582,0.019292174983313273,,,,
SH600018,naive,,,,,,,,,,,,,
SH600018,har,0.09156297048063092,0.3852723817746276,0.36344690647751343,-0.6531025482943288,,,,,,,,,
SH600018,har_x,,,,,,,,,,,,,
SH600018,ewma,,,,,-2.194577700886362,0.5034946449727591,True,,,,,,
SH600018,garch,,,,,35.428623922913005,11.826734441952683,True,0.80085219380907,0.03536140512121832,,,,
SH600018,egarch,,,,,-4.001826230135258,0.08958457152569278,False,0.9917628947997228,0.09089663700135663,,,,
SH600019,naive,,,,,,,,,,,,,
SH600019,har,0.10966521585787888,0.3754076238345233,0.43563949944576136,-0.3364774400665568,,,,,,,,,
SH600019,har_x,,,,,,,,,,,,,
SH600019,ewma,,,,,-0.714071887837969,0.8663673661165393,True,,,,,,
SH600019,garch,,,,,0.14105625888117487,1.0951930314894915,True,0.9924283425711541,0.01875772936473125,,,,
SH600019,egarch,,,,,0.06410681230709349,1.0768478118544078,True,0.9931771833887785,0.018857646736262626,,,,
SH600027,naive,,,,,,,,,,,,,
SH600027,har,0.1236629134418224,0.3512936930687046,0.3797807096340575,-0.5837795962506869,,,,,,,,,
SH600027,har_x,,,,,,,,,,,,,
SH600027,ewma,,,,,-0.9762034554268172,0.7961935076727852,True,,,,,,
SH600027,garch,,,,,0.23478270097578763,1.1357095459002808,True,0.9828962997161325,0.022157491518982105,,,,
SH600027,egarch,,,,,0.15206735948267802,1.1156843541313801,True,0.9741805858681716,0.02207893705411945,,,,
SH600028,naive,,,,,,,,,,,,,
SH600028,har,0.1275901297210535,0.3483183938093273,0.4081981280706748,-0.4929543483962649,,,,,,,,,
SH600028,har_x,,,,,,,,,,,,,
SH600028,ewma,,,,,-1.1808300077007363,0.7609103976512487,True,,,,,,
SH600028,garch,,,,,0.3965056716993395,1.1956980208295376,True,0.9429999226752535,0.018015994656093444,,,,
SH600028,egarch,,,,,-1.3604340844357512,0.7793480182048903,True,0.8710359192754492,0.018315571990511294,,,,
SH600029,naive,,,,,,,,,,,,,
SH600029,har,0.10344452924622376,0.2073925385908625,0.5816056664638725,-0.4220185498649706,,,,,,,,,
SH600029,har_x,,,,,,,,,,,,,
SH600029,ewma,,,,,-0.811082385185023,0.828907828907304,True,,,,,,
SH600029,garch,,,,,-0.5910709334512431,0.8979451611165142,True,0.9991776529820425,0.025435778441740848,,,,
SH600029,egarch,,,,,-0.49637336150200345,0.9233100554310378,True,0.9963237828208744,0.025806883955250423,,,,
SH600030,naive,,,,,,,,,,,,,
SH600030,har,0.03569413940376224,0.3250118298569133,0.4747459155355662,-0.6469176687084502,,,,,,,,,
SH600030,har_x,,,,,,,,,,,,,
SH600030,ewma,,,,,-0.871644692854971,0.8363654506670668,True,,,,,,
SH600030,garch,,,,,0.45072455414532586,1.214725721981914,True,0.9708701045513949,0.025419745671988302,,,,
SH600030,egarch,,,,,0.40860036270722416,1.205386244558123,True,0.9748123084234784,0.025654739330150608,,,,
SH600031,naive,,,,,,,,,,,,,
SH600031,har,0.0794219729448427,0.4192764102485161,0.35033709002089325,-0.5921290421268918,,,,,,,,,
SH600031,har_x,,,,,,,,,,,,,
SH600031,ewma,,,,,-0.8910855039723323,0.8238942494227931,True,,,,,,
SH600031,garch,,,,,-0.1269414031816056,1.044713803090439,True,0.9939179782260673,0.026002748694761317,,,,
SH600031,egarch,,,,,-0.1060726001261023,1.0520522569173745,True,0.9868732961124093,0.025466528967752956,,,,
SH600036,naive,,,,,,,,,,,,,
SH600036,har,0.0943202647071139,0.4380149562773295,0.3648684467743943,-0.42761206863030427,,,,,,,,,
SH600036,har_x,,,,,,,,,,,,,
SH600036,ewma,,,,,-0.7710053992843366,0.8540905010050572,True,,,,,,
SH600036,garch,,,,,-0.22606172130209606,1.004478009934636,True,0.9942937186482589,0.01870546821591297,,,,
SH600036,egarch,,,,,-0.22010787217372554,1.0097714184219522,True,0.9861428404200597,0.018582501728443473,,,,
SH600048,naive,,,,,,,,,,,,,
SH600048,har,0.07798334026432986,0.4692160084793704,0.30526802576934253,-0.5543376462021163,,,,,,,,,
SH600048,har_x,,,,,,,,,,,,,
SH600048,ewma,,,,,-0.5938185909034008,0.8783229322252196,True,,,,,,
SH600048,garch,,,,,0.487807416900111,1.1919402325120867,True,0.987063243920029,0.027418500639727717,,,,
SH600048,egarch,,,,,0.31032168341787053,1.1436139185995815,True,0.9857971890060224,0.027726899538111412,,,,
SH600050,naive,,,,,,,,,,,,,
SH600050,har,0.123541787739242,0.23933834974899543,0.4964892332646641,-0.5843039812482754,,,,,,,,,
SH600050,har_x,,,,,,,,,,,,,
SH600050,ewma,,,,,-0.8758037187421329,0.8204173477928651,True,,,,,,
SH600050,garch,,,,,-0.05482556906385821,1.038506365401815,True,0.9872936499306814,0.018439578307504485,,,,
SH600050,egarch,,,,,-0.13975909932944913,1.018449490278474,True,0.9924523153499748,0.01857808849295509,,,,
SH600060,naive,,,,,,,,,,,,,
SH600060,har,0.22273878798795602,0.23141352687244263,0.26978684659470925,-1.1619526628653591,,,,,,,,,
SH600060,har_x,,,,,,,,,,,,,
SH600060,ewma,,,,,-1.6055343415688852,0.6548882198099368,True,,,,,,
SH600060,garch,,,,,2.6325900545499867,1.752760126725184,True,0.8519721310491077,0.021380736600963544,,,,
SH600060,egarch,,,,,2.817983298156583,1.8014824249106005,True,0.9389600205157276,0.022413870939537762,,,,
SH600066,naive,,,,,,,,,,,,,
SH600066,har,0.06842676538924689,0.24895871635558608,0.47091363169581085,-0.8269445056004935,,,,,,,,,
SH600066,har_x,,,,,,,,,,,,,
SH600066,ewma,,,,,-1.4619265299379804,0.650222723415635,True,,,,,,
SH600066,garch,,,,,-0.987639570084038,0.7830786526111534,True,0.9932387095999464,0.023013779646565476,,,,
SH600066,egarch,,,,,-0.9804106748769039,0.7858720987310334,True,0.9920861867101078,0.023001511607223277,,,,
SH600068,naive,,,,,,,,,,,,,
SH600068,har,0.11214482580525413,0.25344168389104954,0.5522315850895297,-0.3264325358618878,,,,,,,,,
SH600068,har_x,,,,,,,,,,,,,
SH600068,ewma,,,,,-0.5087194471010195,0.920594405438001,True,,,,,,
SH600068,garch,,,,,0.5594941449627333,1.2231073471826621,True,0.9955142367526254,0.02507818791218316,,,,
SH600068,egarch,,,,,0.6582828039610122,1.252251593653341,True,0.990566802419598,0.025709051603817836,,,,
SH600085,naive,,,,,,,,,,,,,
SH600085,har,0.11561433945178012,0.3808853675146381,0.29084899147417664,-0.8512451977522323,,,,,,,,,
SH600085,har_x,,,,,,,,,,,,,
SH600085,ewma,,,,,-1.2937965577367028,0.7073674322890967,True,,,,,,
SH600085,garch,,,,,-0.8676638392354957,0.8267698926673286,True,0.9965265895452755,0.02305243310416113,,,,
SH600085,egarch,,,,,-0.8482239783051231,0.8321427544856117,True,0.9976003035542816,0.02309861014771017,,,,
SH600089,naive,,,,,,,,,,,,,
SH600089,har,0.09092252208601066,0.3473011398602744,0.39598197708841565,-0.6595535378155137,,,,,,,,,
SH600089,har_x,,,,,,,,,,,,,
SH600089,ewma,,,,,-0.6856546527650005,0.8768361301584298,True,,,,,,
SH600089,garch,,,,,0.5342687767843607,1.2134400352156305,True,0.989124530892082,0.023862884882339425,,,,
SH600089,egarch,,,,,0.6178352582226374,1.2377425271562255,True,0.9886047311639027,0.024057113585711047,,,,
SH600100,naive,,,,,,,,,,,,,
SH600100,har,0.06293699996658299,0.26726886286213647,0.5407163702049128,-0.49323594730560866,,,,,,,,,
SH600100,har_x,,,,,,,,,,,,,
SH600100,ewma,,,,,-0.8671675468705171,0.8193045583825673,True,,,,,,
SH600100,garch,,,,,-0.2899137641588042,0.9903400127413859,True,0.9940116019104548,0.02846563700789482,,,,
SH600100,egarch,,,,,-0.21603354698039792,1.0127782297889152,True,0.9907562935629449,0.028730077878029,,,,
SH600104,naive,,,,,,,,,,,,,
SH600104,har,0.06591662805310272,0.39135003035374427,0.37566701590234425,-0.651061104704903,,,,,,,,,
SH600104,har_x,,,,,,,,,,,,,
SH600104,ewma,,,,,-1.0444617264789833,0.7699680143129278,True,,,,,,
SH600104,garch,,,,,-0.4255867637096881,0.9448542631795047,True,0.9948929540410129,0.02341548353234292,,,,
SH600104,egarch,,,,,-0.5088887187958671,0.9224596070597695,True,0.996976825502659,0.023504240281659827,,,,
SH600109,naive,,,,,,,,,,,,,
SH600109,har,0.047970272344671924,0.3679504764384746,0.4133449935480073,-0.6309240616114029,,,,,,,,,
SH600109,har_x,,,,,,,,,,,,,
SH600109,ewma,,,,,-0.646653321167426,0.8801014627333045,True,,,,,,
SH600109,garch,,,,,0.5344279108164208,1.2362908755185462,True,0.9815512119751538,0.0310650953211185,,,,
SH600109,egarch,,,,,0.5065517932032384,1.2311270585557605,True,0.9766018161778282,0.03119984126897227,,,,
SH600111,naive,,,,,,,,,,,,,
SH600111,har,0.09751408351707012,0.2896653537427008,0.45071387043089284,-0.6057844034524466,,,,,,,,,
SH600111,har_x,,,,,,,,,,,,,
SH600111,ewma,,,,,-0.6609386869045593,0.883343532625074,True,,,,,,
SH600111,garch,,,,,0.18866633439467043,1.1405071109237213,True,0.9877285033627274,0.031118086021646285,,,,
SH600111,egarch,,,,,0.11587329425112505,1.1203240358923863,True,0.9837209339040405,0.03141624554430719,,,,
SH600115,naive,,,,,,,,,,,,,
SH600115,har,0.05310356356303876,0.31374050194290165,0.49569906262609764,-0.5454348435337716,,,,,,,,,
SH600115,har_x,,,,,,,,,,,,,
SH600115,ewma,,,,,-1.077572361607839,0.7737373271640673,True,,,,,,
SH600115,garch,,,,,-0.5792380719863763,0.9267747911389709,True,0.9956302737146498,0.02448159115748982,,,,
SH600115,egarch,,,,,-0.5205514226959126,0.9430170632014045,True,0.9904586744554659,0.02392328430088353,,,,
SH600118,naive,,,,,,,,,,,,,
SH600118,har,0.12155531763687087,0.31968029883129045,0.3489922426033378,-0.7963612179107715,,,,,,,,,
SH600118,har_x,,,,,,,,,,,,,
SH600118,ewma,,,,,-1.0207957312599125,0.7788157145304803,True,,,,,,
SH600118,garch,,,,,0.5169714395784407,1.2288920750669978,True,0.9559905926013167,0.028613803790771098,,,,
SH600118,egarch,,,,,0.7901218788928365,1.3079037387850494,True,0.9626670117253066,0.029515702428978073,,,,
SH600150,naive,,,,,,,,,,,,,
SH600150,har,0.09753139144275821,0.3479016302180541,0.30679850063399855,-0.9642193384645297,,,,,,,,,
SH600150,har_x,,,,,,,,,,,,,
SH600150,ewma,,,,,-1.3466220588434032,0.7017304807986875,True,,,,,,
SH600150,garch,,,,,-0.32718239149978656,0.995582136455429,True,0.9760306157250082,0.026854358337704966,,,,
SH600150,egarch,,,,,-0.4127050144936015,0.97278056069152,True,0.9788951497550271,0.027022469167039397,,,,
SH600153,naive,,,,,,,,,,,,,
SH600153,har,0.11079522713035023,0.2327655652996419,0.48238295687497806,-0.68169174607288,,,,,,,,,
SH600153,har_x,,,,,,,,,,,,,
SH600153,ewma,,,,,-0.9056169937825603,0.8080621993604962,True,,,,,,
SH600153,garch,,,,,0.04247458371852346,1.0762588456773465,True,0.9906279598496743,0.02450211108305575,,,,
SH600153,egarch,,,,,0.012380864668774983,1.069473807468325,True,0.9919051719479434,0.02476664012012255,,,,
SH600157,naive,,,,,,,,,,,,,
SH600157,har,0.07622116596690287,0.1204660721648739,-0.06040018485247807,-3.3917199181361326,,,,,,,,,
SH600157,har_x,,,,,,,,,,,,,
SH600157,ewma,,,,,-2.0340706863195424,0.530073024308278,True,,,,,,
SH600157,garch,,,,,-1.5016606061285869,0.6849629719821113,True,0.9036781058766858,0.0254281345869923,,,,
SH600157,egarch,,,,,-1.5250231654241606,0.6781717404128905,True,0.9125346529937509,0.026291567500763245,,,,
SH600166,naive,,,,,,,,,,,,,
SH600166,har,0.07467677202702931,0.3657565295311084,0.30271930709551703,-1.0337724991331556,,,,,,,,,
SH600166,har_x,,,,,,,,,,,,,
SH600166,ewma,,,,,-1.3821107791449154,0.6926104907144591,True,,,,,,
SH600166,garch,,,,,-0.18072198967033867,1.0181566824642296,True,0.9841657662928212,0.0237271910438297,,,,
SH600166,egarch,,,,,0.049416359536994615,1.0794650079895831,True,0.9796305713132311,0.02390860046569055,,,,
SH600170,naive,,,,,,,,,,,,,
SH600170,har,0.10009026338454981,0.3759454211747399,0.33687221880564994,-0.7416858547857611,,,,,,,,,
SH600170,har_x,,,,,,,,,,,,,
SH600170,ewma,,,,,-1.0368992101582388,0.796648348634742,True,,,,,,
SH600170,garch,,,,,-0.3048705055871236,1.012161471523682,True,0.9943269317874213,0.026503486465931723,,,,
SH600170,egarch,,,,,-0.17762456270204785,1.0478426435574044,True,0.9844642333168497,0.026125646422099767,,,,
SH600177,naive,,,,,,,,,,,,,
SH600177,har,0.05543972703755197,0.2372451784250171,0.5679995358961315,-0.5642388605515763,,,,,,,,,
SH600177,har_x,,,,,,,,,,,,,
SH600177,ewma,,,,,-0.938314783410303,0.8156002914922759,True,,,,,,
SH600177,garch,,,,,-0.14327906713793276,1.0355693645461115,True,0.9910742109490147,0.02146664347454967,,,,
SH600177,egarch,,,,,-0.1404925178693686,1.0375732705426846,True,0.9915076327960107,0.02182035124755463,,,,
SH600188,naive,,,,,,,,,,,,,
SH600188,har,0.07005785266041653,0.4075918449181279,0.33192525984600374,-0.7267392647567132,,,,,,,,,
SH600188,har_x,,,,,,,,,,,,,
SH600188,ewma,,,,,-0.6644664035654009,0.8833559261059553,True,,,,,,
SH600188,garch,,,,,0.3878161294389698,1.193658333983284,True,0.9777515676298336,0.028730932966028314,,,,
SH600188,egarch,,,,,0.38789509209140505,1.1962087506373988,True,0.9746410883243692,0.028881572121933482,,,,
SH600196,naive,,,,,,,,,,,,,
SH600196,har,0.0926158038848657,0.28985903875729224,0.4717684920498314,-0.5775727334068256,,,,,,,,,
SH600196,har_x,,,,,,,,,,,,,
SH600196,ewma,,,,,-0.881830961650286,0.8099726246957573,True,,,,,,
SH600196,garch,,,,,-0.22609153056111378,0.9922872614856744,True,0.9919316103532725,0.022200155645718787,,,,
SH600196,egarch,,,,,-0.2980851357234088,0.973785976194193,True,0.9941723956619907,0.022557459314615076,,,,
SH600208,naive,,,,,,,,,,,,,
SH600208,har,0.13862670140734426,0.13125604304490018,0.5294048633752797,-0.7633108478496345,,,,,,,,,
SH600208,har_x,,,,,,,,,,,,,
SH600208,ewma,,,,,-1.246783749460812,0.7058416843017546,True,,,,,,
SH600208,garch,,,,,-0.42234046332585967,0.9505284181351514,True,0.9920721868359309,0.027360627261198145,,,,
SH600208,egarch,,,,,-0.4729984012966059,0.9386236874844751,True,0.9710902404409536,0.027619395997184513,,,,
SH600221,naive,,,,,,,,,,,,,
SH600221,har,0.10762024245128267,0.29631006180829483,0.48290787564885573,-0.44249360614154937,,,,,,,,,
SH600221,har_x,,,,,,,,,,,,,
SH600221,ewma,,,,,-0.9209914242847356,0.8009726673583019,True,,,,,,
SH600221,garch,,,,,-0.6552368423730186,0.8854744911813172,True,1.0,0.025167567016390117,,,,
SH600221,egarch,,,,,-0.5288057348478287,0.9220285735881161,True,0.9894631804841758,0.024718245621660938,,,,
SH600252,naive,,,,,,,,,,,,,
SH600252,har,0.010087784478678332,0.3307318869824734,0.5145632186015997,-0.5774272794143267,,,,,,,,,
SH600252,har_x,,,,,,,,,,,,,
SH600252,ewma,,,,,-1.0412346055740072,0.7709142416204631,True,,,,,,
SH600252,garch,,,,,-0.2204200351770446,0.9963097217323581,True,0.9958063011747537,0.025392019807774606,,,,
SH600252,egarch,,,,,-0.06829223398401883,1.0345824836278559,True,0.9981220478122755,0.02416118967367297,,,,
SH600256,naive,,,,,,,,,,,,,
SH600256,har,0.1156978730867244,0.19568246699784583,0.47958704304046224,-0.7887932110906997,,,,,,,,,
SH600256,har_x,,,,,,,,,,,,,
SH600256,ewma,,,,,-1.0622011894909549,0.7587027971855589,True,,,,,,
SH600256,garch,,,,,-0.06812244055697528,1.049618587399531,True,0.9883856359555819,0.028328215048255077,,,,
SH600256,egarch,,,,,-0.09519847391660868,1.0432336336786745,True,0.986867263085894,0.028443891098535512,,,,
SH600271,naive,,,,,,,,,,,,,
SH600271,har,0.08719144050644102,0.31140144295068295,0.3436467189836574,-1.0067905816585838,,,,,,,,,
SH600271,har_x,,,,,,,,,,,,,
SH600271,ewma,,,,,-1.076669256797107,0.7626646412414414,True,,,,,,
SH600271,garch,,,,,0.8115305152857419,1.2858599449998773,True,0.9743629143717933,0.02521064112953919,,,,
SH600271,egarch,,,,,0.8094697061004343,1.286812192677197,True,0.9691794715468146,0.025288207076429828,,,,
SH600276,naive,,,,,,,,,,,,,
SH600276,har,0.04160918458958695,0.26111694858086326,0.4356529192690711,-1.0676457171375735,,,,,,,,,
SH600276,har_x,,,,,,,,,,,,,
SH600276,ewma,,,,,-2.5138005167640447,0.3945974724559966,True,,,,,,
SH600276,garch,,,,,-2.2456081796397465,0.47235890655845003,True,0.9999999999999987,0.019212056041832362,,,,
SH600276,egarch,,,,,-2.058388907891958,0.5189992511546561,True,0.987722457467282,0.019325431471065968,,,,
SH600309,naive,,,,,,,,,,,,,
SH600309,har,0.06713234705766191,0.3309567253852003,0.456415793751301,-0.5617363100708856,,,,,,,,,
SH600309,har_x,,,,,,,,,,,,,
SH600309,ewma,,,,,-0.9234110311831286,0.7911674627446275,True,,,,,,
SH600309,garch,,,,,-0.3555856968807568,0.9510350321204816,True,0.9969729214788875,0.02503910068185007,,,,
SH600309,egarch,,,,,-0.4072383113733925,0.937469154641253,True,0.9967722314090496,0.024639235891711887,,,,
SH600315,naive,,,,,,,,,,,,,
SH600315,har,0.018547170721794192,0.08672669216618517,0.3360198663187892,-2.2370010767620565,,,,,,,,,
SH600315,har_x,,,,,,,,,,,,,
SH600315,ewma,,,,,-2.678367128017163,0.3426866599344328,True,,,,,,
SH600315,garch,,,,,-1.8067877284958953,0.5776168020358979,True,0.9819193432842442,0.02272815432309875,,,,
SH600315,egarch,,,,,-3.1296765570703164,0.22956818280757776,True,0.9424890135743147,0.0221621631920076,,,,
SH600332,naive,,,,,,,,,,,,,
SH600332,har,0.08130859774574516,0.15807267482332787,0.5480214045019198,-0.8867172646417268,,,,,,,,,
SH600332,har_x,,,,,,,,,,,,,
SH600332,ewma,,,,,-1.5279815013335074,0.6760788503090008,True,,,,,,
SH600332,garch,,,,,-0.2583884252782078,1.0195589080648344,True,0.9707824742773787,0.02325868034041757,,,,
SH600332,egarch,,,,,-0.3854951394577295,0.9841371138860705,True,0.9831239840599943,0.02245187429774764,,,,
SH600340,naive,,,,,,,,,,,,,
SH600340,har,0.08192669488245241,0.4209302205985265,0.2974659542623976,-0.746705293900195,,,,,,,,,
SH600340,har_x,,,,,,,,,,,,,
SH600340,ewma,,,,,-0.7026322386018249,0.8605752231233517,True,,,,,,
SH600340,garch,,,,,1.3739827670083582,1.4615819898218838,True,0.9689714112424499,0.028820363877891206,,,,
SH600340,egarch,,,,,1.3994031588090423,1.4697876456668362,True,0.9748747147137701,0.028939379967659887,,,,
SH600352,naive,,,,,,,,,,,,,
SH600352,har,0.05381973070759709,0.3532483137671525,0.3665595307980112,-0.888205865027128,,,,,,,,,
SH600352,har_x,,,,,,,,,,,,,
SH600352,ewma,,,,,-1.162858978675241,0.7406691402955828,True,,,,,,
SH600352,garch,,,,,0.861122425330359,1.2948844951505696,True,0.9771398143413839,0.0251142206529331,,,,
SH600352,egarch,,,,,0.8718467112934684,1.2981730199647286,True,0.9810100993028357,0.025262002835468297,,,,
SH600362,naive,,,,,,,,,,,,,
SH600362,har,0.06751250302671202,0.3706251954905612,0.4499676475905139,-0.4372588442448791,,,,,,,,,
SH600362,har_x,,,,,,,,,,,,,
SH600362,ewma,,,,,-0.7273589259554781,0.8732270107231355,True,,,,,,
SH600362,garch,,,,,-0.20871486445317405,1.025703328965174,True,0.9944046139545815,0.02604590704156617,,,,
SH600362,egarch,,,,,-0.29007687170135116,1.0040897106805569,True,0.9932326087039013,0.026149343884129733,,,,
SH600369,naive,,,,,,,,,,,,,
SH600369,har,0.2660947977494108,0.011213218236405158,0.25412650538676573,-1.8477575897638847,,,,,,,,,
SH600369,har_x,,,,,,,,,,,,,
SH600369,ewma,,,,,-1.150298224994384,0.7441729583312262,True,,,,,,
SH600369,garch,,,,,0.24244668601253164,1.1370051420393104,True,0.9637075078101833,0.024929231179918056,,,,
SH600369,egarch,,,,,0.44493307656034387,1.1947301318813868,True,0.9471668864183423,0.02511441426943946,,,,
SH600372,naive,,,,,,,,,,,,,
SH600372,har,0.06744027207954806,0.2838993606968293,0.1603318687051951,-1.8634048813494624,,,,,,,,,
SH600372,har_x,,,,,,,,,,,,,
SH600372,ewma,,,,,-1.8070803184886808,0.5472856228130509,True,,,,,,
SH600372,garch,,,,,0.222965464974012,1.119484317611318,True,0.9221602880081294,0.0259782191217742,,,,
SH600372,egarch,,,,,0.4462800631697408,1.1838983105628995,True,0.9012868431533569,0.026192436109949542,,,,
SH600383,naive,,,,,,,,,,,,,
SH600383,har,0.08457012400437548,0.41419950612953077,0.3702363546826224,-0.4904548229330467,,,,,,,,,
SH600383,har_x,,,,,,,,,,,,,
SH600383,ewma,,,,,-0.6184414106000765,0.872284391517378,True,,,,,,
SH600383,garch,,,,,0.13407536285972482,1.0954790122892255,True,0.9878197833661387,0.027206245120031773,,,,
SH600383,egarch,,,,,0.13720227361580556,1.0982151302651983,True,0.9825330724324811,0.027475361325643252,,,,
SH600406,naive,,,,,,,,,,,,,
SH600406,har,0.09947210710171706,0.2317788763635488,0.3563825364378114,-1.23121273588071,,,,,,,,,
SH600406,har_x,,,,,,,,,,,,,
SH600406,ewma,,,,,-1.7687616818401197,0.5714717857260028,True,,,,,,
SH600406,garch,,,,,0.78537246877281,1.2577049410470393,True,0.9642967145558362,0.023046587071445676,,,,
SH600406,egarch,,,,,0.4906214463062729,1.18007805905198,True,0.9712886967115244,0.023239120897069553,,,,
SH600415,naive,,,,,,,,,,,,,
SH600415,har,0.09902505011718517,0.326099358051921,0.3486960340920586,-0.9075453045790591,,,,,,,,,
SH600415,har_x,,,,,,,,,,,,,
SH600415,ewma,,,,,-1.1363572961804274,0.7503255544960044,True,,,,,,
SH600415,garch,,,,,0.687191758510333,1.2455907055621973,True,0.9386237108611839,0.022319197930857227,,,,
SH600415,egarch,,,,,0.8255235510039259,1.2855995298611114,True,0.9440510475163756,0.02289102338252492,,,,
SH600489,naive,,,,,,,,,,,,,
SH600489,har,0.11303965320525948,0.37949312216779496,0.3301223636812433,-0.7176429420392259,,,,,,,,,
SH600489,har_x,,,,,,,,,,,,,
SH600489,ewma,,,,,-1.0985824922199416,0.79286064412252,True,,,,,,
SH600489,garch,,,,,-0.34140501395149425,1.0132598767473209,True,0.9828747102919049,0.025614821088501424,,,,
SH600489,egarch,,,,,-0.34366489514788223,1.0152035188032118,True,0.9723359385405149,0.0261809571891223,,,,
SH600518,naive,,,,,,,,,,,,,
SH600518,har,0.08084631618771906,0.24260879191114743,0.46912461106199177,-0.8258720614878355,,,,,,,,,
SH600518,har_x,,,,,,,,,,,,,
SH600518,ewma,,,,,-1.2885334752558377,0.6986764188739649,True,,,,,,
SH600518,garch,,,,,-0.28563960353287543,0.9685077007826871,True,0.9918124035767224,0.022526320640697536,,,,
SH600518,egarch,,,,,-0.03051832381764995,1.0351070942251197,True,0.9888320159017834,0.022521379544572593,,,,
SH600519,naive,,,,,,,,,,,,,
SH600519,har,0.09939339996765907,0.34508829101114463,0.279680356165866,-1.155691704121094,,,,,,,,,
SH600519,har_x,,,,,,,,,,,,,
SH600519,ewma,,,,,-1.2064279508779272,0.756948350141893,True,,,,,,
SH600519,garch,,,,,1.2402102027590365,1.3911963636624065,True,0.9698542355533247,0.019823122125051187,,,,
SH600519,egarch,,,,,0.9013958634892277,1.3052781132116518,True,0.9736565655308455,0.01977652766505383,,,,
SH600535,naive,,,,,,,,,,,,,
SH600535,har,0.08613715934208906,0.14834384464344263,0.3854851306116204,-1.5679290127198602,,,,,,,,,
SH600535,har_x,,,,,,,,,,,,,
SH600535,ewma,,,,,-2.2254690449487797,0.4714424912207252,True,,,,,,
SH600535,garch,,,,,-0.48552718153859076,0.9104010477191238,True,0.964611722233767,0.01811667942159427,,,,
SH600535,egarch,,,,,-0.7951145604245664,0.8336407596058805,True,0.9566872956784784,0.01814745000734954,,,,
SH600547,naive,,,,,,,,,,,,,
SH600547,har,0.09902529964428063,0.23297008137199804,0.46456370695397625,-0.8195151764666301,,,,,,,,,
SH600547,har_x,,,,,,,,,,,,,
SH600547,ewma,,,,,-0.9744209404142378,0.8390787598840176,True,,,,,,
SH600547,garch,,,,,-0.053838272116362475,1.109134053103684,True,0.9809061518304022,0.0281660126336439,,,,
SH600547,egarch,,,,,-0.00449201026917669,1.1271828847995928,True,0.9649946202296029,0.02865754990220942,,,,
SH600549,naive,,,,,,,,,,,,,
SH600549,har,0.08519364215648013,0.36324886913704146,0.37336803592924883,-0.6607586152722202,,,,,,,,,
SH600549,har_x,,,,,,,,,,,,,
SH600549,ewma,,,,,-0.7383383749735855,0.846758172688006,True,,,,,,
SH600549,garch,,,,,0.08558698133108127,1.0917595079979534,True,0.984904706442821,0.030382205203555453,,,,
SH600549,egarch,,,,,0.03991484227833696,1.0796494563020065,True,0.9820994340233082,0.03045721267145806,,,,
SH600583,naive,,,,,,,,,,,,,
SH600583,har,0.06947164816544295,0.32217473581730705,0.44511011578656723,-0.6453411102698937,,,,,,,,,
SH600583,har_x,,,,,,,,,,,,,
SH600583,ewma,,,,,-0.8759746211842031,0.8113919964741793,True,,,,,,
SH600583,garch,,,,,-0.08198346620471102,1.0355142427913056,True,0.991467752077913,0.02384630280932738,,,,
SH600583,egarch,,,,,-0.10625051582608157,1.029793240272731,True,0.9853818210798061,0.023976113698814153,,,,
SH600585,naive,,,,,,,,,,,,,
SH600585,har,0.0893776929948962,0.21545150248928358,0.5476638399925964,-0.5773543279566723,,,,,,,,,
SH600585,har_x,,,,,,,,,,,,,
SH600585,ewma,,,,,-0.8155834204989404,0.8378964974134551,True,,,,,,
SH600585,garch,,,,,0.0723301670083467,1.089379372016419,True,0.9941597856386102,0.025248724988836596,,,,
SH600585,egarch,,,,,0.030339672383868716,1.0776684699481434,True,0.9926098709056173,0.025249042584316775,,,,
SH600588,naive,,,,,,,,,,,,,
SH600588,har,0.07102183022433323,0.3428286515148585,0.33029206417528284,-0.9710814996481679,,,,,,,,,
SH600588,har_x,,,,,,,,,,,,,
SH600588,ewma,,,,,-1.2779020937040133,0.6912334047852856,True,,,,,,
SH600588,garch,,,,,-0.2901984491338372,0.9772813324697028,True,0.9816726340638692,0.028216783884412445,,,,
SH600588,egarch,,,,,-0.00821579761474204,1.058444083086574,True,0.9745030780080285,0.028612293416177055,,,,
SH600600,naive,,,,,,,,,,,,,
SH600600,har,0.07783038468633316,0.3127726354589329,0.4541256941108639,-0.6410792058196635,,,,,,,,,
SH600600,har_x,,,,,,,,,,,,,
SH600600,ewma,,,,,-1.0003542497579232,0.7729559742102408,True,,,,,,
SH600600,garch,,,,,-0.4936551580923846,0.9042623805423046,True,0.9945895484414693,0.017637814228055243,,,,
SH600600,egarch,,,,,-0.550691516448961,0.8903658030186133,True,0.9976006556501015,0.01796332815205575,,,,
SH600637,naive,,,,,,,,,,,,,
SH600637,har,0.07565105698171494,0.12976811939924035,0.48762038478343755,-1.1060519848914003,,,,,,,,,
SH600637,har_x,,,,,,,,,,,,,
SH600637,ewma,,,,,-0.5258908750407162,0.9153907123607716,True,,,,,,
SH600637,garch,,,,,2.3079675387044887,1.7755936601970488,True,0.8753775518621636,0.03295612273109838,,,,
SH600637,egarch,,,,,-3.7842358679777117,-0.008026424253557481,False,0.9968952719711575,1e-10,,,,
SH600642,naive,,,,,,,,,,,,,
SH600642,har,0.07931098956078397,0.3432839648255708,0.4706607988201568,-0.45202188895614864,,,,,,,,,
SH600642,har_x,,,,,,,,,,,,,
SH600642,ewma,,,,,-0.9967955263959897,0.800388645110308,True,,,,,,
SH600642,garch,,,,,-0.5466591628825961,0.9236660143445733,True,0.9949751145593616,0.016989290526047487,,,,
SH600642,egarch,,,,,-0.5409669441938574,0.9252758795470988,True,0.991191375878653,0.017463031888084513,,,,
SH600648,naive,,,,,,,,,,,,,
SH600648,har,0.10015165287474853,0.036314058879180655,0.624636218290645,-0.9383221586878332,,,,,,,,,
SH600648,har_x,,,,,,,,,,,,,
SH600648,ewma,,,,,-3.2992904215221457,0.19262068113227185,True,,,,,,
SH600648,garch,,,,,-3.4223527429427048,0.174725253252362,True,1.0,0.028149282134043614,,,,
SH600648,egarch,,,,,-3.4234831405913573,0.2180593692088309,True,0.8423435269883031,0.03299555145769398,,,,
SH600649,naive,,,,,,,,,,,,,
SH600649,har,0.08883845160396094,0.11757799108105739,0.6355361631167803,-0.6398308453018421,,,,,,,,,
SH600649,har_x,,,,,,,,,,,,,
SH600649,ewma,,,,,-1.0816926956197348,0.7724794605471431,True,,,,,,
SH600649,garch,,,,,-0.6027813947568401,0.9057405263577251,True,0.9948566496977073,0.02403712242261717,,,,
SH600649,egarch,,,,,-0.5884687792026393,0.909580963573659,True,0.99607418099768,0.024380838576164854,,,,
SH600660,naive,,,,,,,,,,,,,
SH600660,har,0.09245120647250574,0.22621806658060006,0.590103540972838,-0.3636679467817904,,,,,,,,,
SH600660,har_x,,,,,,,,,,,,,
SH600660,ewma,,,,,-0.755984288259764,0.8431832655537769,True,,,,,,
SH600660,garch,,,,,-0.2474579678885063,0.9844023377361728,True,0.9966691587295666,0.0213789313652342,,,,
SH600660,egarch,,,,,-0.3087106195529214,0.9687332994806368,True,0.9975765129999487,0.02110382730807065,,,,
SH600663,naive,,,,,,,,,,,,,
SH600663,har,0.10555302928468561,0.18983118081928368,0.5699166199510873,-0.5171469371985264,,,,,,,,,
SH600663,har_x,,,,,,,,,,,,,
SH600663,ewma,,,,,-1.0867321652401472,0.773057454420545,True,,,,,,
SH600663,garch,,,,,2.018409942068423,1.7078532180406254,True,0.9491567957679373,0.030946842535673157,,,,
SH600663,egarch,,,,,2.3399631984110867,1.8018740499177357,True,0.9517224492261674,0.031282389887248914,,,,
SH600674,naive,,,,,,,,,,,,,
SH600674,har,0.14781874184026964,0.050979337040310664,0.595261824419716,-0.8174160049732818,,,,,,,,,
SH600674,har_x,,,,,,,,,,,,,
SH600674,ewma,,,,,-1.2818207997636486,0.7097167833087642,True,,,,,,
SH600674,garch,,,,,-0.805268099352863,0.8448006974201441,True,0.9889449589330922,0.021190476329710366,,,,
SH600674,egarch,,,,,-0.8490832287329907,0.8343269139668104,True,0.9878072080173529,0.021568651841090337,,,,
SH600688,naive,,,,,,,,,,,,,
SH600688,har,0.07447979869003898,0.16522872844571543,0.35165395871707084,-1.6041512772267117,,,,,,,,,
SH600688,har_x,,,,,,,,,,,,,
SH600688,ewma,,,,,-1.6776580916454367,0.6036126561590045,True,,,,,,
SH600688,garch,,,,,-0.050687061909776704,1.0530522152233568,True,0.9127493160935201,0.024568855512957878,,,,
SH600688,egarch,,,,,-0.02054596307209514,1.0619238773596245,True,0.9377673598709158,0.02482408745399705,,,,
SH600690,naive,,,,,,,,,,,,,
SH600690,har,0.06700207787873551,0.2508522456285634,0.4671218059792069,-0.832882292028622,,,,,,,,,
SH600690,har_x,,,,,,,,,,,,,
SH600690,ewma,,,,,-1.2669322280634605,0.6983246978964942,True,,,,,,
SH600690,garch,,,,,-0.5497684855105598,0.8983475680423898,True,0.9919391000482404,0.024544282212062882,,,,
SH600690,egarch,,,,,-0.6032800513593661,0.8843411315116854,True,0.994506336324012,0.024745879795272673,,,,
SH600703,naive,,,,,,,,,,,,,
SH600703,har,0.07162629088522725,0.14241749266726664,0.6042799460898549,-0.7030609479202719,,,,,,,,,
SH600703,har_x,,,,,,,,,,,,,
SH600703,ewma,,,,,-0.6632411514229496,0.872590168515657,True,,,,,,
SH600703,garch,,,,,1.045574162732271,1.3549709564109733,True,0.9905766187070145,0.027047632059909076,,,,
SH600703,egarch,,,,,1.076882380878793,1.3641454642967146,True,0.9861903666518548,0.027484289746190767,,,,
SH600717,naive,,,,,,,,,,,,,
SH600717,har,0.05355768747887208,0.2800754990467912,0.5664307487252803,-0.4137237125052348,,,,,,,,,
SH600717,har_x,,,,,,,,,,,,,
SH600717,ewma,,,,,-0.6714084186338278,0.8892471428665841,True,,,,,,
SH600717,garch,,,,,0.15820826770232305,1.105794678091675,True,0.9975884571470696,0.02623707778515464,,,,
SH600717,egarch,,,,,1.6545958834703938,1.5639870395546889,False,1.0,0.023425057526828143,,,,
SH600718,naive,,,,,,,,,,,,,
SH600718,har,0.06954943143286302,0.38282398487848635,0.3600604667827183,-0.7273298613324267,,,,,,,,,
SH600718,har_x,,,,,,,,,,,,,
SH600718,ewma,,,,,-1.1602476083576445,0.7360273023090139,True,,,,,,
SH600718,garch,,,,,-0.10073148368517326,1.0343645296726744,True,0.9802926585076697,0.026175118776264234,,,,
SH600718,egarch,,,,,-0.001471413877197472,1.0600093836837798,True,0.9762725291262773,0.026464111552113978,,,,
SH600739,naive,,,,,,,,,,,,,
SH600739,har,0.0319980302168785,0.3144061596186969,0.4878021456223354,-0.6256245931075807,,,,,,,,,
SH600739,har_x,,,,,,,,,,,,,
SH600739,ewma,,,,,-0.9293334974777715,0.7957407078227059,True,,,,,,
SH600739,garch,,,,,-0.25006039369481353,0.9969024155483016,True,0.9914794363461378,0.027860496172891346,,,,
SH600739,egarch,,,,,-0.27933777596564574,0.9902397808528903,True,0.9860560056072072,0.027845556466867823,,,,
SH600741,naive,,,,,,,,,,,,,
SH600741,har,0.06179428048378233,0.24226224796886842,0.48857871895056115,-0.8188631349141494,,,,,,,,,
SH600741,har_x,,,,,,,,,,,,,
SH600741,ewma,,,,,-1.0965583044867782,0.7610040324270094,True,,,,,,
SH600741,garch,,,,,-0.43019841524674174,0.94671126862927,True,0.9941844361662168,0.022581950959807095,,,,
SH600741,egarch,,,,,-0.5378492138663307,0.9184057863427675,True,0.9960267153731174,0.023138355065648687,,,,
SH600783,naive,,,,,,,,,,,,,
SH600783,har,0.028110940381224074,0.4705044551797019,0.28143456740768663,-0.8427621595097955,,,,,,,,,
SH600783,har_x,,,,,,,,,,,,,
SH600783,ewma,,,,,-1.3846603527957906,0.6806322721612343,True,,,,,,
SH600783,garch,,,,,-0.23841899476346415,1.0179244721450538,True,0.9858801127399344,0.030355101414782027,,,,
SH600783,egarch,,,,,0.07936839879671613,1.1091647829707643,True,0.9758121754677128,0.030386714921451504,,,,
SH600795,naive,,,,,,,,,,,,,
SH600795,har,0.10166957177192171,0.2963534629755182,0.4977506715292998,-0.43473863954775926,,,,,,,,,
SH600795,har_x,,,,,,,,,,,,,
SH600795,ewma,,,,,-0.9602364184429811,0.7952605472436519,True,,,,,,
SH600795,garch,,,,,-0.385278482874146,0.9507245008706409,True,0.9864083813090687,0.016565920170526747,,,,
SH600795,egarch,,,,,-0.3503278902310541,0.9607219500961236,True,0.9792570648486093,0.01670641561410817,,,,
SH600804,naive,,,,,,,,,,,,,
SH600804,har,0.06682467268341803,0.3634579210994411,0.38870391160331336,-0.6811477266714184,,,,,,,,,
SH600804,har_x,,,,,,,,,,,,,
SH600804,ewma,,,,,-1.1490674499798548,0.7255870466089426,True,,,,,,
SH600804,garch,,,,,-0.3610819529568197,0.9530779405110567,True,0.9892962403863806,0.028232787974158763,,,,
SH600804,egarch,,,,,-0.29880678825229656,0.9713951012046894,True,0.9878002766223336,0.02881204137179357,,,,
SH600827,naive,,,,,,,,,,,,,
SH600827,har,0.07485776298204877,0.20993882952670054,0.5112753797895211,-0.792854097104685,,,,,,,,,
SH600827,har_x,,,,,,,,,,,,,
SH600827,ewma,,,,,-1.3189409412416524,0.6999112788242747,True,,,,,,
SH600827,garch,,,,,-0.7168031725070668,0.8755508563536327,True,0.9913674114976708,0.02726289980086417,,,,
SH600827,egarch,,,,,-0.6482572416133354,0.8955496825139381,True,0.9868366030056818,0.0268076774498514,,,,
SH600837,naive,,,,,,,,,,,,,
SH600837,har,0.07707766214131738,0.15755759758943536,0.5984216962323774,-0.6503060258550633,,,,,,,,,
SH600837,har_x,,,,,,,,,,,,,
SH600837,ewma,,,,,-1.0006030424212564,0.7982002093746823,True,,,,,,
SH600837,garch,,,,,-0.4620741983612033,0.9613925496081304,True,0.9920850563480506,0.026478110890284786,,,,
SH600837,egarch,,,,,-0.5163444303461171,0.9474994397256284,True,0.987032191300295,0.02624462761147142,,,,
SH600839,naive,,,,,,,,,,,,,
SH600839,har,0.09421619593013662,0.1945750631900765,0.5429654225646714,-0.6749925077793004,,,,,,,,,
SH600839,har_x,,,,,,,,,,,,,
SH600839,ewma,,,,,-1.0376606449845793,0.7790696242617875,True,,,,,,
SH600839,garch,,,,,-0.12692199565003381,1.0354476674878514,True,0.9947387726622334,0.024758705269883143,,,,
SH600839,egarch,,,,,-0.27134959697067923,0.9976483316590551,True,0.9919147322495194,0.02486544206949898,,,,
SH600863,naive,,,,,,,,,,,,,
SH600863,har,0.07230788791254372,0.367123237711601,0.37432122927606876,-0.7361763408362922,,,,,,,,,
SH600863,har_x,,,,,,,,,,,,,
SH600863,ewma,,,,,-1.563850660355588,0.6295915488253382,True,,,,,,
SH600863,garch,,,,,-1.3296099269180235,0.7031820262090167,True,0.9989819515961399,0.023274640923292393,,,,
SH600863,egarch,,,,,-1.3028528288714094,0.7108303023363535,True,0.9986721797799898,0.02386087793412548,,,,
SH600873,naive,,,,,,,,,,,,,
SH600873,har,0.019360331184747125,0.418253146339707,0.23915784269501197,-1.282224826616091,,,,,,,,,
SH600873,har_x,,,,,,,,,,,,,
SH600873,ewma,,,,,-1.1348615766323604,0.7441820667743038,True,,,,,,
SH600873,garch,,,,,1.9591464875887523,1.5819387053076337,True,0.9117985289260786,0.02309154294610674,,,,
SH600873,egarch,,,,,1.275236735509114,1.398801747964584,True,0.933430936813726,0.023147914201678423,,,,
SH600875,naive,,,,,,,,,,,,,
SH600875,har,0.08975392881110897,0.2348461733530289,0.4813618284840477,-0.7661736153766793,,,,,,,,,
SH600875,har_x,,,,,,,,,,,,,
SH600875,ewma,,,,,-1.1259688509387522,0.758863962505789,True,,,,,,
SH600875,garch,,,,,-0.3854183801517517,0.9690531457622372,True,0.9892431989112526,0.024024883069714016,,,,
SH600875,egarch,,,,,-0.3892737078675299,0.9698563007435718,True,0.986185492526814,0.024564130329581883,,,,
SH600886,naive,,,,,,,,,,,,,
SH600886,har,0.13148660911803978,0.12564771088984106,0.572438229793613,-0.6812928144842587,,,,,,,,,
SH600886,har_x,,,,,,,,,,,,,
SH600886,ewma,,,,,-1.3182696486162278,0.7107351086206612,True,,,,,,
SH600886,garch,,,,,-0.44744729981712184,0.9614912637896633,True,0.9844708578017443,0.022263421571026787,,,,
SH600886,egarch,,,,,-0.2731237993104681,1.0077320764391446,True,0.9822878580981077,0.022239173686017525,,,,
SH600887,naive,,,,,,,,,,,,,
SH600887,har,0.06130251521729273,0.11539711510400653,0.5278892155749957,-1.1503991998313257,,,,,,,,,
SH600887,har_x,,,,,,,,,,,,,
SH600887,ewma,,,,,-2.87223627452513,0.28075535172452976,True,,,,,,
SH600887,garch,,,,,7.61435007639154,3.524469181673354,True,0.7606945410829471,0.038242285796085754,,,,
SH600887,egarch,,,,,-6.165011162534224,-0.6921629713116586,True,0.8948137693783123,0.03805583780701831,,,,
SH600893,naive,,,,,,,,,,,,,
SH600893,har,0.12796580478717837,0.018409810857988505,0.14145241500898617,-2.7464297097452506,,,,,,,,,
SH600893,har_x,,,,,,,,,,,,,
SH600893,ewma,,,,,-2.475541833151135,0.37685021577422556,True,,,,,,
SH600893,garch,,,,,-0.7240464553501822,0.8651844242929108,True,0.9130539341785242,0.025969893204718462,,,,
SH600893,egarch,,,,,-0.5241962163763976,0.920059115185763,True,0.9162108216940732,0.026091750411887434,,,,
SH600900,naive,,,,,,,,,,,,,
SH600900,har,0.09722583843514063,0.34068718584744595,0.4099484501554086,-0.6872156092519622,,,,,,,,,
SH600900,har_x,,,,,,,,,,,,,
SH600900,ewma,,,,,-1.3433934080425614,0.7209922170952169,True,,,,,,
SH600900,garch,,,,,-0.4685227409212458,0.9308136597341672,True,0.9801579449910794,0.01179528036035793,,,,
SH600900,egarch,,,,,-0.4085646631272928,0.946001451369073,True,0.9814105521269771,0.012063491680272083,,,,
SH600999,naive,,,,,,,,,,,,,
SH600999,har,0.04638286441455855,0.46571630102204825,0.3611816096013127,-0.5068018008354074,,,,,,,,,
SH600999,har_x,,,,,,,,,,,,,
SH600999,ewma,,,,,-0.5247668819555151,0.9138953229657103,True,,,,,,
SH600999,garch,,,,,0.6815939806063964,1.2500017894076274,True,0.9870496137780183,0.022380243916903738,,,,
SH600999,egarch,,,,,0.6939152670787861,1.2536886898365502,True,0.9861046942138652,0.022749773211662272,,,,
SH601006,naive,,,,,,,,,,,,,
SH601006,har,0.0764220549032428,0.3554092770722803,0.4884135554849727,-0.33817163717107246,,,,,,,,,
SH601006,har_x,,,,,,,,,,,,,
SH601006,ewma,,,,,-0.5341717746980579,0.9030191521289663,True,,,,,,
SH601006,garch,,,,,-0.05092052605458575,1.032587140181734,True,0.9954327981112486,0.016234438106837095,,,,
SH601006,egarch,,,,,0.036209597027223366,1.0555569562377813,True,0.9923744026218163,0.016574183094559426,,,,
SH601009,naive,,,,,,,,,,,,,
SH601009,har,0.08242258358679597,0.3531919315454975,0.4539909571304447,-0.45886117589137876,,,,,,,,,
SH601009,har_x,,,,,,,,,,,,,
SH601009,ewma,,,,,-0.8861588801349983,0.8361188595365272,True,,,,,,
SH601009,garch,,,,,0.02045124415849529,1.0905880558432444,True,0.9882991261430816,0.021090312500888754,,,,
SH601009,egarch,,,,,0.47605572157968407,1.211746825516962,True,0.9714227017891403,0.021407106852357232,,,,
SH601018,naive,,,,,,,,,,,,,
SH601018,har,0.2104592133308729,0.3349627239840148,0.2767296480829653,-0.7877828353600302,,,,,,,,,
SH601018,har_x,,,,,,,,,,,,,
SH601018,ewma,,,,,-1.6995273983030117,0.6406474072770434,True,,,,,,
SH601018,garch,,,,,-1.291780629934094,0.7553468717505987,True,1.0000000000001372,0.013286258777140977,,,,
SH601018,egarch,,,,,-1.0684576813561921,0.8093522680283569,True,0.9510070642250744,0.013565385046194655,,,,
SH601088,naive,,,,,,,,,,,,,
SH601088,har,0.08504961645588566,0.3628709572399585,0.44340875152903364,-0.4548337195727477,,,,,,,,,
SH601088,har_x,,,,,,,,,,,,,
SH601088,ewma,,,,,-0.8477487709374371,0.8431143059075049,True,,,,,,
SH601088,garch,,,,,-0.296047874656692,0.9947237879549751,True,0.9960838647480295,0.019874734158716597,,,,
SH601088,egarch,,,,,-0.35546387434803733,0.9808823378220967,True,0.9941234565788648,0.019669893957714183,,,,
SH601098,naive,,,,,,,,,,,,,
SH601098,har,0.0762628542220369,0.5271905270981055,0.13605001460425895,-1.0334092240964836,,,,,,,,,
SH601098,har_x,,,,,,,,,,,,,
SH601098,ewma,,,,,-1.0279706971558369,0.7710282556158197,True,,,,,,
SH601098,garch,,,,,0.9443102621760286,1.304976373478646,True,0.9256090135393267,0.022359891763158876,,,,
SH601098,egarch,,,,,1.302027764770371,1.3999633308103334,True,0.9514212180858227,0.023008784444039896,,,,
SH601099,naive,,,,,,,,,,,,,
SH601099,har,0.07704178083794186,0.31319359472604497,0.28381106208022283,-1.3068047139006627,,,,,,,,,
SH601099,har_x,,,,,,,,,,,,,
SH601099,ewma,,,,,-2.380470237221663,0.4280703942071123,True,,,,,,
SH601099,garch,,,,,-1.3567766076330523,0.7262022162364379,True,0.952927922024602,0.024906741827555826,,,,
SH601099,egarch,,,,,0.5413713590797948,1.2461751039041098,True,0.9380480268855075,0.02544506734593014,,,,
SH601106,naive,,,,,,,,,,,,,
SH601106,har,0.07026486814473731,0.0919551307692569,0.45407932770876125,-1.6742513315124326,,,,,,,,,
SH601106,har_x,,,,,,,,,,,,,
SH601106,ewma,,,,,-2.2895001667103294,0.5019979227962769,True,,,,,,
SH601106,garch,,,,,-0.5776625775073421,0.9360492008165192,True,0.40612830901992186,0.01677499373252938,,,,
SH601106,egarch,,,,,0.20440625689502903,1.1319734572219713,True,0.5585519670604697,0.017438989462284685,,,,
SH601111,naive,,,,,,,,,,,,,
SH601111,har,0.09875632915494018,0.29859884929886943,0.5150519007241858,-0.3422845338069286,,,,,,,,,
SH601111,har_x,,,,,,,,,,,,,
SH601111,ewma,,,,,-0.584977413714602,0.891853634387777,True,,,,,,
SH601111,garch,,,,,-0.10091144808858386,1.0343469087751882,True,0.9968477039272415,0.024671523819427756,,,,
SH601111,egarch,,,,,-0.10811602919171724,1.0329908724122439,True,0.9951291351572962,0.02487636750283069,,,,
SH601117,naive,,,,,,,,,,,,,
SH601117,har,0.03626668004292265,0.3677146549304901,0.43364740687700654,-0.624201541924304,,,,,,,,,
SH601117,har_x,,,,,,,,,,,,,
SH601117,ewma,,,,,-0.30736463553477766,0.9552894098227475,True,,,,,,
SH601117,garch,,,,,1.9517533546231682,1.5797182065660265,True,0.9773438508038296,0.024500616077256697,,,,
SH601117,egarch,,,,,1.6618687867467041,1.5026843193698587,True,0.9708636389084404,0.024743664391359315,,,,
SH601118,naive,,,,,,,,,,,,,
SH601118,har,0.09196184677629687,0.3160399039663151,0.35375055034437775,-0.9138732161838979,,,,,,,,,
SH601118,har_x,,,,,,,,,,,,,
SH601118,ewma,,,,,-1.0149283434215828,0.7812208695644496,True,,,,,,
SH601118,garch,,,,,0.6285892739212859,1.254402971681812,True,0.9763150525091545,0.027900732861669032,,,,
SH601118,egarch,,,,,0.4633486568538776,1.2088440270010317,True,0.9735363759948016,0.02804511891925809,,,,
SH601158,naive,,,,,,,,,,,,,
SH601158,har,0.09843971746760045,0.35368938952348405,0.3825932703810857,-0.6948082563573857,,,,,,,,,
SH601158,har_x,,,,,,,,,,,,,
SH601158,ewma,,,,,-0.8069998744653663,0.8415742773390007,True,,,,,,
SH601158,garch,,,,,-0.13728922551371672,1.0232090519064276,True,0.9903602552181886,0.01957363336766219,,,,
SH601158,egarch,,,,,0.1293672313620315,1.0922554118994119,True,0.9744619705963754,0.019631769237707854,,,,
SH601166,naive,,,,,,,,,,,,,
SH601166,har,0.08276748811095515,0.3717006724622012,0.44156262810100444,-0.422204694507764,,,,,,,,,
SH601166,har_x,,,,,,,,,,,,,
SH601166,ewma,,,,,-0.7995064069921414,0.8545673881360526,True,,,,,,
SH601166,garch,,,,,-0.16517908068567969,1.03582071103301,True,0.9939554534436862,0.022701212783374072,,,,
SH601166,egarch,,,,,-0.198738782483052,1.029039874583147,True,0.9874086552605028,0.022623743546187132,,,,
SH601169,naive,,,,,,,,,,,,,
SH601169,har,0.09420080482233252,0.3976209641386254,0.3967293212953656,-0.4629601082513062,,,,,,,,,
SH601169,har_x,,,,,,,,,,,,,
SH601169,ewma,,,,,-0.6049097656421014,0.9032117174450498,True,,,,,,
SH601169,garch,,,,,0.3319013579670052,1.1595890356542906,True,0.9906977510731452,0.020794105994193252,,,,
SH601169,egarch,,,,,0.32626429071062946,1.1599231063707265,True,0.9838282903721235,0.020218517110451653,,,,
SH601179,naive,,,,,,,,,,,,,
SH601179,har,0.05941642527410246,0.30175776694849704,0.4566278366017403,-0.7543472978622959,,,,,,,,,
SH601179,har_x,,,,,,,,,,,,,
SH601179,ewma,,,,,-2.2970159122961835,0.47707075326792403,True,,,,,,
SH601179,garch,,,,,-1.0187529426011919,0.817079214618557,True,0.955586101553839,0.019760497831030815,,,,
SH601179,egarch,,,,,-0.7940089898947985,0.871758605997608,True,0.9780962261260812,0.020097078933697755,,,,
SH601186,naive,,,,,,,,,,,,,
SH601186,har,0.1267552673625841,0.09924921566600067,0.5531949287442329,-0.9539075986255673,,,,,,,,,
SH601186,har_x,,,,,,,,,,,,,
SH601186,ewma,,,,,-1.0702353807968847,0.8001115283582451,True,,,,,,
SH601186,garch,,,,,0.0952713358468675,1.1071097820562203,True,0.9800785963024209,0.018494346344889095,,,,
SH601186,egarch,,,,,-0.05516045680760144,1.07053837965998,True,0.9834184277934506,0.01858778590666845,,,,
SH601216,naive,,,,,,,,,,,,,
SH601216,har,0.0784698849568842,0.20965489573426394,-0.3609441016515769,-4.299641608378032,,,,,,,,,
SH601216,har_x,,,,,,,,,,,,,
SH601216,ewma,,,,,-3.9771735037186327,0.008607684571854353,True,,,,,,
SH601216,garch,,,,,-2.9600384423919017,0.30339601445608805,True,0.7255849091703066,0.02680408098465406,,,,
SH601216,egarch,,,,,-3.5976671251096612,0.11604354602467934,True,0.9771562907317131,0.029208674893440277,,,,
SH601258,naive,,,,,,,,,,,,,
SH601258,har,0.09716792335112391,0.3302248891416272,0.34285270127941325,-0.9060876754183442,,,,,,,,,
SH601258,har_x,,,,,,,,,,,,,
SH601258,ewma,,,,,-1.76050662488594,0.5875611768559766,True,,,,,,
SH601258,garch,,,,,-0.7339746156587793,0.8713411368622228,True,0.9807077493884527,0.024944770307426478,,,,
SH601258,egarch,,,,,-0.5581921552873815,0.9184907855861699,True,0.9842833376084476,0.025340070420035447,,,,
SH601288,naive,,,,,,,,,,,,,
SH601288,har,0.1299035681300111,0.44319693759228135,0.22207175118666023,-0.9627562258596537,,,,,,,,,
SH601288,har_x,,,,,,,,,,,,,
SH601288,ewma,,,,,-1.5630222879537008,0.6852687113180307,True,,,,,,
SH601288,garch,,,,,0.2671275002352988,1.114008665458722,True,0.9228503509360884,0.010243237736608677,,,,
SH601288,egarch,,,,,0.6732342846714967,1.2076182600608376,True,0.9178823109988488,0.010461015606513562,,,,
SH601318,naive,,,,,,,,,,,,,
SH601318,har,0.06075219257672,0.27089277729055694,0.5632271511494639,-0.42786029270001275,,,,,,,,,
SH601318,har_x,,,,,,,,,,,,,
SH601318,ewma,,,,,-0.8655680851071172,0.8469584707638149,True,,,,,,
SH601318,garch,,,,,-0.1166016811257338,1.056294494092373,True,0.9936168816699968,0.02217382388104306,,,,
SH601318,egarch,,,,,-0.20842937366888148,1.0332551222869835,True,0.9903880122067683,0.02193838658737768,,,,
SH601328,naive,,,,,,,,,,,,,
SH601328,har,0.09835190829800293,0.352779972040631,0.46319751294261563,-0.3694474092520894,,,,,,,,,
SH601328,har_x,,,,,,,,,,,,,
SH601328,ewma,,,,,-0.7799180075561304,0.8607732482129052,True,,,,,,
SH601328,garch,,,,,-0.15633523831482707,1.0349411315243744,True,0.9921627504079782,0.016690632654096094,,,,
SH601328,egarch,,,,,-0.1480271723645643,1.03982118492852,True,0.9766046469722327,0.01679098250177581,,,,
SH601333,naive,,,,,,,,,,,,,
SH601333,har,0.1409744108961817,0.4039679384398709,0.2629179568984431,-0.8117115793627879,,,,,,,,,
SH601333,har_x,,,,,,,,,,,,,
SH601333,ewma,,,,,-1.13842690565072,0.7612259280452137,True,,,,,,
SH601333,garch,,,,,-0.42865003474841656,0.9518526661325618,True,0.9894959638132517,0.01846573418585626,,,,
SH601333,egarch,,,,,-0.47412236435817523,0.940884924054884,True,0.9889945590657678,0.018684310155171066,,,,
SH601336,naive,,,,,,,,,,,,,
SH601336,har,0.06698610123598484,0.39430268009019936,0.418557651147117,-0.47162745145900126,,,,,,,,,
SH601336,har_x,,,,,,,,,,,,,
SH601336,ewma,,,,,-0.8016811228191884,0.8393112869956534,True,,,,,,
SH601336,garch,,,,,-0.17123109102498124,1.024291911133605,True,0.9903690870736356,0.024615819116785342,,,,
SH601336,egarch,,,,,-0.12151583414943534,1.0378098034670864,True,0.9896993050684855,0.024716329366768184,,,,
SH601377,naive,,,,,,,,,,,,,
SH601377,har,0.05357954651085274,0.4615486062613049,0.2865353762104451,-0.7653802506601308,,,,,,,,,
SH601377,har_x,,,,,,,,,,,,,
SH601377,ewma,,,,,-0.582292951419622,0.889926027693287,True,,,,,,
SH601377,garch,,,,,0.531399192949563,1.2096619241724282,True,0.9909944073216795,0.026644247621337394,,,,
SH601377,egarch,,,,,0.33168755945853057,1.1568866663057997,True,0.987984597014663,0.02663496368801971,,,,
SH601390,naive,,,,,,,,,,,,,
SH601390,har,0.08140632993673351,0.4431582686846768,0.34746088723079427,-0.5406985760476424,,,,,,,,,
SH601390,har_x,,,,,,,,,,,,,
SH601390,ewma,,,,,-0.8280668404724378,0.8442775322673498,True,,,,,,
SH601390,garch,,,,,0.40436646168446055,1.1667447157146187,True,0.9777805365237581,0.017854575831706875,,,,
SH601390,egarch,,,,,0.30421100985282035,1.1443101855768667,True,0.9800191848021106,0.018205740609473497,,,,
SH601398,naive,,,,,,,,,,,,,
SH601398,har,0.07637291571610996,0.3089090051950548,0.49794528064957666,-0.5306705828997306,,,,,,,,,
SH601398,har_x,,,,,,,,,,,,,
SH601398,ewma,,,,,-1.1660983103806637,0.769989310708652,True,,,,,,
SH601398,garch,,,,,-0.8020782933126579,0.866751110190512,True,0.9930692334679581,0.012407738581704172,,,,
SH601398,egarch,,,,,-0.7444331204209019,0.8827128865861025,True,0.9799730767471404,0.012762985418911884,,,,
SH601555,naive,,,,,,,,,,,,,
SH601555,har,0.05627437227286155,0.5192615847882082,0.2953821205296954,-0.49479758657117423,,,,,,,,,
SH601555,har_x,,,,,,,,,,,,,
SH601555,ewma,,,,,-0.4662836910313524,0.9189838417733046,True,,,,,,
SH601555,garch,,,,,0.1565822949712394,1.10693430154862,True,0.9993683025971348,0.028383197912609036,,,,
SH601555,egarch,,,,,0.27063099233951254,1.140505368868078,True,0.9914365913422949,0.027413191114731946,,,,
SH601600,naive,,,,,,,,,,,,,
SH601600,har,0.12673384004759794,0.3841884979281687,0.3164889202347542,-0.6817692924065627,,,,,,,,,
SH601600,har_x,,,,,,,,,,,,,
SH601600,ewma,,,,,-0.9690119456700756,0.8043600180431856,True,,,,,,
SH601600,garch,,,,,-0.1306373378993098,1.0481811403600103,True,0.9794199601452283,0.02457374007622998,,,,
SH601600,egarch,,,,,-0.1683474049706729,1.0404638838333982,True,0.9717557736422255,0.025022700982777955,,,,
SH601601,naive,,,,,,,,,,,,,
SH601601,har,0.05940417735431281,0.2549017795206709,0.5524242006228344,-0.5295920246173861,,,,,,,,,
SH601601,har_x,,,,,,,,,,,,,
SH601601,ewma,,,,,-0.8755023110352791,0.8214275164756764,True,,,,,,
SH601601,garch,,,,,0.09146053551338777,1.0868286014336666,True,0.9924706081883539,0.022371491428420213,,,,
SH601601,egarch,,,,,-0.00526551942956667,1.0617246845747401,True,0.991940844313619,0.022385657695415243,,,,
SH601607,naive,,,,,,,,,,,,,
SH601607,har,0.0483036019750532,0.36948269104790793,0.3338710861778715,-1.0163828285943932,,,,,,,,,
SH601607,har_x,,,,,,,,,,,,,
SH601607,ewma,,,,,-1.4150507272658808,0.6856904742170007,True,,,,,,
SH601607,garch,,,,,0.5106925555900435,1.1870650506550984,True,0.9830430535633161,0.020410563454211907,,,,
SH601607,egarch,,,,,0.5396413462412181,1.1942982217901654,True,0.9861075583511115,0.020404193736139685,,,,
SH601618,naive,,,,,,,,,,,,,
SH601618,har,0.12056575979817545,0.4538779414874202,0.22279132427499634,-0.8872913131933013,,,,,,,,,
SH601618,har_x,,,,,,,,,,,,,
SH601618,ewma,,,,,-0.9573173922149483,0.8147059005543118,True,,,,,,
SH601618,garch,,,,,0.30819800863008884,1.13788702556458,True,0.9430185789398096,0.0153697010884283,,,,
SH601618,egarch,,,,,0.5405103306965574,1.1971815116860243,True,0.9294495263848839,0.015635953047427875,,,,
SH601628,naive,,,,,,,,,,,,,
SH601628,har,0.0709581725957885,0.341030439882348,0.4849260997027212,-0.4208627312074051,,,,,,,,,
SH601628,har_x,,,,,,,,,,,,,
SH601628,ewma,,,,,-0.5407124151092512,0.9137030065912298,True,,,,,,
SH601628,garch,,,,,0.2449380132926115,1.1293061876407073,True,0.9906157564531599,0.020834554798770777,,,,
SH601628,egarch,,,,,0.16770784059529004,1.1113097077574414,True,0.9878773855696252,0.020977537204827583,,,,
SH601633,naive,,,,,,,,,,,,,
SH601633,har,0.03439891941212605,0.34897804168954977,0.3022341006432388,-1.197908405583586,,,,,,,,,
SH601633,har_x,,,,,,,,,,,,,
SH601633,ewma,,,,,-2.9024194625231705,0.2518708924184329,True,,,,,,
SH601633,garch,,,,,-2.6028582567210177,0.339559500439825,True,0.9747256772708053,0.027964476897806293,,,,
SH601633,egarch,,,,,-1.5722116133247497,0.6270989919542229,True,0.9636173405085863,0.027356151996855246,,,,
SH601668,naive,,,,,,,,,,,,,
SH601668,har,0.09787292909940751,0.3409511708614501,0.40855575100982244,-0.66267189398893,,,,,,,,,
SH601668,har_x,,,,,,,,,,,,,
SH601668,ewma,,,,,-1.1483610004446407,0.7643090262765337,True,,,,,,
SH601668,garch,,,,,0.14138089474408935,1.0882805645141205,True,0.9726704249941377,0.015315924841972585,,,,
SH601668,egarch,,,,,0.20736464682892325,1.1063039188883776,True,0.9759816409064825,0.015544131164693886,,,,
SH601669,naive,,,,,,,,,,,,,
SH601669,har,0.1792304346581802,0.15844377471317647,0.3028742698572139,-1.506746276030884,,,,,,,,,
SH601669,har_x,,,,,,,,,,,,,
SH601669,ewma,,,,,-1.1556326969384967,0.7757712041513202,True,,,,,,
SH601669,garch,,,,,0.19425052148911187,1.1469328473811284,True,0.7829154093733572,0.02001234109416901,,,,
SH601669,egarch,,,,,1.5904408253061175,1.5022310552113773,True,0.7650668505647127,0.020238267530565596,,,,
SH601688,naive,,,,,,,,,,,,,
SH601688,har,0.14673905702068252,0.08936402132114644,0.4707994195023999,-1.1825023406874937,,,,,,,,,
SH601688,har_x,,,,,,,,,,,,,
SH601688,ewma,,,,,-0.7151095979565774,0.8719139028061457,True,,,,,,
SH601688,garch,,,,,0.28103094579102816,1.1518647375260311,True,0.9876792403588072,0.02384516626910655,,,,
SH601688,egarch,,,,,0.2773082823394878,1.1514208133883446,True,0.9807487602350778,0.02387209168425828,,,,
SH601699,naive,,,,,,,,,,,,,
SH601699,har,0.06719354512300339,0.38891201663685476,0.36803056442653337,-0.6589027028257729,,,,,,,,,
SH601699,har_x,,,,,,,,,,,,,
SH601699,ewma,,,,,-0.7838807503321696,0.842549645322973,True,,,,,,
SH601699,garch,,,,,0.24697331488686292,1.1487219656542382,True,0.9937266555468027,0.030314304368281947,,,,
SH601699,egarch,,,,,0.0016018098645332185,1.0785466117354228,True,0.9938002051614193,0.03037576346287034,,,,
SH601727,naive,,,,,,,,,,,,,
SH601727,har,0.1336474324098736,0.25062133246044715,0.3356877792805533,-1.1546734505427916,,,,,,,,,
SH601727,har_x,,,,,,,,,,,,,
SH601727,ewma,,,,,-1.5901841598437454,0.6529114747916888,True,,,,,,
SH601727,garch,,,,,-1.9492689858345178,0.6341852230328756,True,1.0000000000229017,0.02634445311520385,,,,
SH601727,egarch,,,,,-2.8093855892867228,0.3719156374302002,True,0.8893457567600148,0.026161875474632598,,,,
SH601766,naive,,,,,,,,,,,,,
SH601766,har,0.08260268090014418,0.2709448995180921,0.34457927042450337,-1.2422152703795697,,,,,,,,,
SH601766,har_x,,,,,,,,,,,,,
SH601766,ewma,,,,,-1.4119028470266133,0.6842469759462939,True,,,,,,
SH601766,garch,,,,,4.171039977102099,2.1242611823126536,True,0.9659421397129954,0.020180406932047153,,,,
SH601766,egarch,,,,,2.5720945692210875,1.7158269115208582,True,0.9420252178323162,0.020298926659473734,,,,
SH601788,naive,,,,,,,,,,,,,
SH601788,har,-0.002087185556448039,0.4333422404548868,0.28316911526102456,-1.1454170289460759,,,,,,,,,
SH601788,har_x,,,,,,,,,,,,,
SH601788,ewma,,,,,-1.8350830648282392,0.5747879529868131,True,,,,,,
SH601788,garch,,,,,-0.4153849052090111,0.9628224740166241,True,0.9807936352790498,0.02437031660836418,,,,
SH601788,egarch,,,,,-0.3637259836970253,0.9773102617029077,True,0.9826847245650892,0.024517032298742483,,,,
SH601800,naive,,,,,,,,,,,,,
SH601800,har,0.16240508159998085,0.3284688797256221,0.5098452721059923,0.026608383386689832,,,,,,,,,
SH601800,har_x,,,,,,,,,,,,,
SH601800,ewma,,,,,-0.3179933532078846,0.9650221930515744,True,,,,,,
SH601800,garch,,,,,-0.04363588328613352,1.0581881909807038,True,0.9923485527182108,0.019908486520547164,,,,
SH601800,egarch,,,,,-0.3096296952180188,0.9930477826010569,True,0.9910672897287185,0.01971004644700738,,,,
SH601808,naive,,,,,,,,,,,,,
SH601808,har,0.0777174702739409,0.3086862527908941,0.4644092331070704,-0.5843539517992767,,,,,,,,,
SH601808,har_x,,,,,,,,,,,,,
SH601808,ewma,,,,,-0.6655245058802555,0.8748964134759267,True,,,,,,
SH601808,garch,,,,,0.2698357209396902,1.1392026557608235,True,0.9907540834541264,0.024500618649577633,,,,
SH601808,egarch,,,,,0.2887951862286649,1.1464128435425234,True,0.9879054583267498,0.024774868251287913,,,,
SH601818,naive,,,,,,,,,,,,,
SH601818,har,0.12570763141071598,0.40580881399789676,0.33446466969301875,-0.6015506753681116,,,,,,,,,
SH601818,har_x,,,,,,,,,,,,,
SH601818,ewma,,,,,-0.9921923846610241,0.8078063427145117,True,,,,,,
SH601818,garch,,,,,0.05350190046727928,1.0697051428921667,True,0.9636510981878161,0.012710301481061333,,,,
SH601818,egarch,,,,,0.08169457025241623,1.0784098215519504,True,0.9501730245214517,0.013062154478436474,,,,
SH601857,naive,,,,,,,,,,,,,
SH601857,har,0.11229529643464921,0.3941886371910713,0.38827241408222296,-0.48192229986379714,,,,,,,,,
SH601857,har_x,,,,,,,,,,,,,
SH601857,ewma,,,,,-1.0828381854371003,0.7985988874251644,True,,,,,,
SH601857,garch,,,,,-0.6982599967922407,0.9020356413326396,True,0.9971622453856098,0.012165763163843515,,,,
SH601857,egarch,,,,,-0.6420225308143976,0.918493528264591,True,0.9799507660603863,0.012591570688473976,,,,
SH601866,naive,,,,,,,,,,,,,
SH601866,har,0.11192756446602195,0.27009996128176184,0.3596949495865533,-1.0378399439367496,,,,,,,,,
SH601866,har_x,,,,,,,,,,,,,
SH601866,ewma,,,,,-1.389158406013741,0.6945028503365669,True,,,,,,
SH601866,garch,,,,,-0.2650868994083628,1.0072421093191928,True,0.9372173584881618,0.021972540665933932,,,,
SH601866,egarch,,,,,-0.0015273758325844505,1.0797598526945447,True,0.9345175193573895,0.022546272080897767,,,,
SH601888,naive,,,,,,,,,,,,,
SH601888,har,0.07274310159557218,0.2314146515019525,0.41464108929710297,-1.1215214731881797,,,,,,,,,
SH601888,har_x,,,,,,,,,,,,,
SH601888,ewma,,,,,-1.7680531900561622,0.5788589716617664,True,,,,,,
SH601888,garch,,,,,-0.16573282725912739,1.0075711443297775,True,0.9819822214645926,0.021923735710108014,,,,
SH601888,egarch,,,,,-4.0449917700972815,-0.018632340293452718,False,0.9942196166901107,0.13621694712932408,,,,
SH601898,naive,,,,,,,,,,,,,
SH601898,har,0.09029490667694076,0.3277397635882862,0.46755979178943624,-0.4711020634281131,,,,,,,,,
SH601898,har_x,,,,,,,,,,,,,
SH601898,ewma,,,,,-0.98098824354912,0.8078242104961141,True,,,,,,
SH601898,garch,,,,,-0.17850455437765714,1.0275107856578147,True,0.9922379994266686,0.021138250130175132,,,,
SH601898,egarch,,,,,-0.30100542560670907,0.9962996174171741,True,0.9923105303910696,0.021123589230898042,,,,
SH601899,naive,,,,,,,,,,,,,
SH601899,har,0.11538781437560305,0.36282848458914474,0.39779068013604213,-0.5161090360093809,,,,,,,,,
SH601899,har_x,,,,,,,,,,,,,
SH601899,ewma,,,,,-0.9539707452148544,0.8264007478950901,True,,,,,,
SH601899,garch,,,,,-0.3903037145945485,0.9894136468072604,True,0.9948076538170021,0.02161075545420007,,,,
SH601899,egarch,,,,,-0.3761320285972742,0.9945070603377649,True,0.9817697515412754,0.021915212562783472,,,,
SH601901,naive,,,,,,,,,,,,,
SH601901,har,0.10453952209326625,0.49529813357549346,0.27338033739679196,-0.48304901572029985,,,,,,,,,
SH601901,har_x,,,,,,,,,,,,,
SH601901,ewma,,,,,-0.27217452961266625,0.9789726606388014,True,,,,,,
SH601901,garch,,,,,0.49459987149788825,1.2199097376753902,True,0.9894229441741582,0.02667019405560913,,,,
SH601901,egarch,,,,,0.4277738531210174,1.202496345016418,True,0.9776851062353605,0.026519331840436935,,,,
SH601928,naive,,,,,,,,,,,,,
SH601928,har,0.11504500647885985,0.3143455562494422,0.411753292629592,-0.6157833549111953,,,,,,,,,
SH601928,har_x,,,,,,,,,,,,,
SH601928,ewma,,,,,-0.5583434377605212,0.8876435850947673,True,,,,,,
SH601928,garch,,,,,1.1973270039023391,1.38047712837513,True,0.9886408822642335,0.02667236587661358,,,,
SH601928,egarch,,,,,1.2769704081108049,1.400022455855576,True,0.9852809631061133,0.026208907377849634,,,,
SH601933,naive,,,,,,,,,,,,,
SH601933,har,0.09060181947712072,0.2820184024203937,0.15590727725146697,-1.9147321286369632,,,,,,,,,
SH601933,har_x,,,,,,,,,,,,,
SH601933,ewma,,,,,-3.0059788157492613,0.27121570592918226,True,,,,,,
SH601933,garch,,,,,0.9215777445269463,1.2955433809407084,True,0.8251866579953773,0.020983296470241608,,,,
SH601933,egarch,,,,,1.3202101229818142,1.4013313181939457,True,0.8307381405487245,0.0212094758709244,,,,
SH601939,naive,,,,,,,,,,,,,
SH601939,har,0.07797334939151425,0.36336248115573677,0.45062560035094595,-0.48683197495876457,,,,,,,,,
SH601939,har_x,,,,,,,,,,,,,
SH601939,ewma,,,,,-1.0583586951438155,0.7976095640430678,True,,,,,,
SH601939,garch,,,,,-0.4760355656083313,0.9478511535147605,True,0.986748513416927,0.012705942759936636,,,,
SH601939,egarch,,,,,-0.357930627511855,0.9782278295466101,True,0.9762220900277747,0.01301265443955042,,,,
SH601958,naive,,,,,,,,,,,,,
SH601958,har,0.08407782831529824,0.37892110581822497,0.39348067661348746,-0.5568091258155653,,,,,,,,,
SH601958,har_x,,,,,,,,,,,,,
SH601958,ewma,,,,,-0.8088957162043734,0.8415342053851688,True,,,,,,
SH601958,garch,,,,,0.20230782228702662,1.1331871754308895,True,0.9808673327889886,0.02677021630233469,,,,
SH601958,egarch,,,,,0.3854621896629181,1.187777710412222,True,0.966225730452907,0.02746388306624063,,,,
SH601988,naive,,,,,,,,,,,,,
SH601988,har,0.120801612672054,0.2902040079987566,0.45536349796710085,-0.6121739330080426,,,,,,,,,
SH601988,har_x,,,,,,,,,,,,,
SH601988,ewma,,,,,-1.3543014575761154,0.7299538475749485,True,,,,,,
SH601988,garch,,,,,-0.8436294225560728,0.8612235692982171,True,0.9948889176895193,0.011685112742395405,,,,
SH601988,egarch,,,,,-0.8545051869067737,0.860853962875521,True,0.9911448602832785,0.011668424911279927,,,,
SH601989,naive,,,,,,,,,,,,,
SH601989,har,0.1094484563717465,0.08446463905855126,0.4665620593300361,-1.3500073210413703,,,,,,,,,
SH601989,har_x,,,,,,,,,,,,,
SH601989,ewma,,,,,-1.4937917539537404,0.6507070808950501,True,,,,,,
SH601989,garch,,,,,-0.566503170139914,0.9080250449347356,True,0.9782899968227409,0.023194208930429776,,,,
SH601989,egarch,,,,,-0.6380929581982736,0.8905979025327488,True,0.9637825937156813,0.02335436177558947,,,,
SH601991,naive,,,,,,,,,,,,,
SH601991,har,0.11275543063902983,0.23732830762349535,0.5138635692454869,-0.5556960309283854,,,,,,,,,
SH601991,har_x,,,,,,,,,,,,,
SH601991,ewma,,,,,-1.214211162680902,0.7482070450641827,True,,,,,,
SH601991,garch,,,,,1.6242024833742377,1.5479744001264684,True,0.9631596275900862,0.022760090320968887,,,,
SH601991,egarch,,,,,-0.8677707312124665,0.8290479917532924,True,0.9999999999953045,0.019278424077740174,,,,
SH601992,naive,,,,,,,,,,,,,
SH601992,har,0.12202352299250199,0.3302208358172885,0.21313124528008276,-1.2884519765355729,,,,,,,,,
SH601992,har_x,,,,,,,,,,,,,
SH601992,ewma,,,,,-1.0316334779993102,0.7697423748507694,True,,,,,,
SH601992,garch,,,,,3.4441488320298417,2.020723338010865,True,0.947192676341598,0.026694766770752824,,,,
SH601992,egarch,,,,,2.9617612871155177,1.8870237006345205,True,0.956426496840825,0.026915989601483253,,,,
SH601998,naive,,,,,,,,,,,,,
SH601998,har,0.12260337143357133,0.3289317764462276,0.3774468699298906,-0.7019754917023274,,,,,,,,,
SH601998,har_x,,,,,,,,,,,,,
SH601998,ewma,,,,,-1.1702053726301944,0.752900919834772,True,,,,,,
SH601998,garch,,,,,-0.15117601242248452,1.031720258582293,True,0.9859725765938339,0.021035591935133203,,,,
SH601998,egarch,,,,,-0.09888042735484655,1.0479086590766666,True,0.9838153573187309,0.021668628903313846,,,,
SH603993,naive,,,,,,,,,,,,,
SH603993,har,0.1253754138617939,0.3822800579697879,0.20727297974633985,-1.1613322267325341,,,,,,,,,
SH603993,har_x,,,,,,,,,,,,,
SH603993,ewma,,,,,-1.3137628426639572,0.7081255700760152,True,,,,,,
SH603993,garch,,,,,-0.33042134526142053,0.99662529437792,True,0.8168246534982024,0.022236517318606656,,,,
SH603993,egarch,,,,,0.46333778332792797,1.194008995053771,True,0.8412663319553026,0.022611546337687926,,,,
SZ000001,naive,,,,,,,,,,,,,
SZ000001,har,0.09407718289241716,0.34819279203367887,0.4571737942527469,-0.4044767762566955,,,,,,,,,
SZ000001,har_x,,,,,,,,,,,,,
SZ000001,ewma,,,,,-0.7741205361870922,0.8602720832781612,True,,,,,,
SZ000001,garch,,,,,-0.15438995543461306,1.039218274504386,True,0.9956762446571377,0.024053908378998283,,,,
SZ000001,egarch,,,,,-0.22181317367150377,1.0243489028403978,True,0.9912363020149817,0.02353625367681065,,,,
SZ000002,naive,,,,,,,,,,,,,
SZ000002,har,0.06029282786440722,0.2974892427874215,0.4737360706625656,-0.6668944108064216,,,,,,,,,
SZ000002,har_x,,,,,,,,,,,,,
SZ000002,ewma,,,,,-0.8409973362346893,0.8248892286986153,True,,,,,,
SZ000002,garch,,,,,0.04386485152645995,1.0724969410977174,True,0.98829745029461,0.023833373322335753,,,,
SZ000002,egarch,,,,,-0.0925559157363207,1.0379886084048429,True,0.985994411674292,0.023633871906376967,,,,
SZ000009,naive,,,,,,,,,,,,,
SZ000009,har,0.14264896585032355,0.23765502894076354,0.360134253169213,-0.9572902099400119,,,,,,,,,
SZ000009,har_x,,,,,,,,,,,,,
SZ000009,ewma,,,,,-0.8550727523109893,0.8202665327846853,True,,,,,,
SZ000009,garch,,,,,0.41431761025786873,1.2029812811727234,True,0.9788182370934168,0.03213467006290306,,,,
SZ000009,egarch,,,,,0.5844653613660007,1.2557875958659532,True,0.9721078512074961,0.03227206504082643,,,,
SZ000027,naive,,,,,,,,,,,,,
SZ000027,har,0.09283245782073783,0.33378326586740187,0.4351244178046393,-0.5640164614310345,,,,,,,,,
SZ000027,har_x,,,,,,,,,,,,,
SZ000027,ewma,,,,,-1.3438378156249815,0.7120579055112374,True,,,,,,
SZ000027,garch,,,,,-0.2172035824892619,1.029361437258176,True,0.9745463476642022,0.021079878786964067,,,,
SZ000027,egarch,,,,,-0.05557346473155901,1.0745902753755012,True,0.965820653619744,0.021623760305934298,,,,
SZ000039,naive,,,,,,,,,,,,,
SZ000039,har,0.0914889181200225,0.2516828421095751,0.3814463167177757,-1.0678866186334437,,,,,,,,,
SZ000039,har_x,,,,,,,,,,,,,
SZ000039,ewma,,,,,-1.4384343716583643,0.6714982262578825,True,,,,,,
SZ000039,garch,,,,,-0.10218737657044448,1.04897569226836,True,0.9888433776702221,0.026814330399409454,,,,
SZ000039,egarch,,,,,-0.15308095509872235,1.0351976946724757,True,0.9843157992905002,0.027033632235621788,,,,
SZ000046,naive,,,,,,,,,,,,,
SZ000046,har,0.09300792979772796,0.22534470556753894,0.54100009354363,-0.5283272627812078,,,,,,,,,
SZ000046,har_x,,,,,,,,,,,,,
SZ000046,ewma,,,,,-0.8507427336083159,0.8081542933855678,True,,,,,,
SZ000046,garch,,,,,-0.27858082887793295,0.980129135692326,True,0.9921469675410379,0.029938483180598163,,,,
SZ000046,egarch,,,,,-0.33468354805350875,0.9654649748307564,True,0.9897249739892204,0.029714331200705525,,,,
SZ000060,naive,,,,,,,,,,,,,
SZ000060,har,0.06504461728306389,0.32634650952605404,0.4488303964128574,-0.6146593315409418,,,,,,,,,
SZ000060,har_x,,,,,,,,,,,,,
SZ000060,ewma,,,,,-0.8620999929771219,0.8319766368791107,True,,,,,,
SZ000060,garch,,,,,0.011639979234146247,1.0911126386465506,True,0.9816299363371432,0.02874829597553378,,,,
SZ000060,egarch,,,,,0.058194334772996736,1.1080831848199466,True,0.9677889610410177,0.0290349767519466,,,,
SZ000061,naive,,,,,,,,,,,,,
SZ000061,har,0.04490262399905697,0.43013400305259447,0.16878510287672685,-1.3464786047158412,,,,,,,,,
SZ000061,har_x,,,,,,,,,,,,,
SZ000061,ewma,,,,,-1.4962113498392824,0.6291107646123975,True,,,,,,
SZ000061,garch,,,,,0.37051969783088107,1.157088665269412,True,0.9720925706391573,0.027699409921828334,,,,
SZ000061,egarch,,,,,0.4941022315308014,1.1927372092859296,True,0.9697729771499631,0.027912340902231644,,,,
SZ000063,naive,,,,,,,,,,,,,
SZ000063,har,0.043679759064342794,0.2817197877220338,0.4850130524272405,-0.7390621308591896,,,,,,,,,
SZ000063,har_x,,,,,,,,,,,,,
SZ000063,ewma,,,,,-1.239730460557707,0.7200295096615004,True,,,,,,
SZ000063,garch,,,,,-0.29201045497470013,0.990156371537826,True,0.9892345372837437,0.026557310350604733,,,,
SZ000063,egarch,,,,,-0.12752341867179628,1.0360537488294603,True,0.9835640797348313,0.026401937567881752,,,,
SZ000069,naive,,,,,,,,,,,,,
SZ000069,har,0.1009759453827444,0.28142657328065185,0.4608632160698915,-0.5967081252121083,,,,,,,,,
SZ000069,har_x,,,,,,,,,,,,,
SZ000069,ewma,,,,,-0.9411023251233759,0.7784910993790055,True,,,,,,
SZ000069,garch,,,,,-0.20515570591850188,0.988582635824985,True,0.9935916894905511,0.024651298821857272,,,,
SZ000069,egarch,,,,,-0.32816342362479006,0.9553326268333487,True,0.9946165419632593,0.02480539484993869,,,,
SZ000100,naive,,,,,,,,,,,,,
SZ000100,har,0.1293478759325798,0.3202822915911122,0.31094690589754265,-0.9666543300978876,,,,,,,,,
SZ000100,har_x,,,,,,,,,,,,,
SZ000100,ewma,,,,,-1.2392934473469648,0.7387128173047157,True,,,,,,
SZ000100,garch,,,,,-0.15727494782113013,1.0433632609704342,True,0.965862380011365,0.023608479387722925,,,,
SZ000100,egarch,,,,,0.08612980032465373,1.1122475522515922,True,0.9507426917844989,0.024059642242736923,,,,
SZ000156,naive,,,,,,,,,,,,,
SZ000156,har,0.13724699371540025,-0.01988499749341386,0.4369959186007743,-1.756986543324327,,,,,,,,,
SZ000156,har_x,,,,,,,,,,,,,
SZ000156,ewma,,,,,-1.4531816254971563,0.6924437774154288,True,,,,,,
SZ000156,garch,,,,,1.3707921517865127,1.4939519302986368,True,0.9676051709860136,0.030274972619739295,,,,
SZ000156,egarch,,,,,-1.6570015837242813,0.6355301331656021,True,0.9414775490472649,0.02804719504878967,,,,
SZ000157,naive,,,,,,,,,,,,,
SZ000157,har,0.06463498085595717,0.2799390500884832,0.51530828286999,-0.5566416458149936,,,,,,,,,
SZ000157,har_x,,,,,,,,,,,,,
SZ000157,ewma,,,,,-1.0023494463512843,0.796600195195836,True,,,,,,
SZ000157,garch,,,,,-0.5536011879095911,0.9287393125383419,True,0.9977859048532726,0.02446126971442501,,,,
SZ000157,egarch,,,,,-0.4528233670981414,0.9572382453415693,True,0.9911085033628942,0.02446089574595265,,,,
SZ000166,naive,,,,,,,,,,,,,
SZ000166,har,0.09154509263370021,0.1323913132894571,0.5551828591910786,-0.8323902796053737,,,,,,,,,
SZ000166,har_x,,,,,,,,,,,,,
SZ000166,ewma,,,,,-0.799378606109421,0.8498592055536915,True,,,,,,
SZ000166,garch,,,,,0.20423246438286066,1.1486945258538555,True,0.9941495000457643,0.030180324537179063,,,,
SZ000166,egarch,,,,,0.11234875011229917,1.122999564236915,True,0.991037207266245,0.029774667763659435,,,,
SZ000333,naive,,,,,,,,,,,,,
SZ000333,har,0.14277964266418025,0.32980482984607606,0.21124154498561906,-1.30205927353187,,,,,,,,,
SZ000333,har_x,,,,,,,,,,,,,
SZ000333,ewma,,,,,-0.06765241213236146,1.0138319849442619,True,,,,,,
SZ000333,garch,,,,,2.884223739802831,1.778651025294956,True,0.9176109016703694,0.02000895531035445,,,,
SZ000333,egarch,,,,,3.2609736063828962,1.8770360409959774,True,0.9521413615298963,0.02067613722596118,,,,
SZ000338,naive,,,,,,,,,,,,,
SZ000338,har,0.09119246036849067,0.31493971458825415,0.4188275358636157,-0.6979436481647165,,,,,,,,,
SZ000338,har_x,,,,,,,,,,,,,
SZ000338,ewma,,,,,-1.035871874890328,0.7920219819568837,True,,,,,,
SZ000338,garch,,,,,-0.3822691400661806,0.979377569485823,True,0.9940253260964539,0.024583120914230948,,,,
SZ000338,egarch,,,,,-0.3707660262424749,0.983858105830709,True,0.9912065878985401,0.024503233487847463,,,,
SZ000400,naive,,,,,,,,,,,,,
SZ000400,har,0.16762018756079528,0.40886333432266425,0.21382232376692936,-0.8485164871880022,,,,,,,,,
SZ000400,har_x,,,,,,,,,,,,,
SZ000400,ewma,,,,,-3.27157115279985,0.2180121183178481,True,,,,,,
SZ000400,garch,,,,,-2.602737103258747,0.4036472808772946,True,0.9707791221133848,0.014479118245228403,,,,
SZ000400,egarch,,,,,-2.6102141648521973,0.5004304556557038,True,0.6735023927394764,0.02796067761234125,,,,
SZ000402,naive,,,,,,,,,,,,,
SZ000402,har,0.09968481731113943,0.39582908408171075,0.40160212634738945,-0.4123103882675738,,,,,,,,,
SZ000402,har_x,,,,,,,,,,,,,
SZ000402,ewma,,,,,-0.5072215363167197,0.9190523088887285,True,,,,,,
SZ000402,garch,,,,,0.23395301058445842,1.127965777196396,True,0.9886851312755731,0.022444757060166125,,,,
SZ000402,egarch,,,,,0.2135607713895671,1.1248968014954748,True,0.9860797944855834,0.02256965317882728,,,,
SZ000423,naive,,,,,,,,,,,,,
SZ000423,har,0.07877886566231267,0.19277488238199528,0.5202260178934724,-0.8397901782767668,,,,,,,,,
SZ000423,har_x,,,,,,,,,,,,,
SZ000423,ewma,,,,,-0.8743787908662393,0.8179550244541305,True,,,,,,
SZ000423,garch,,,,,0.016345657531283305,1.056113512957354,True,0.995862299522382,0.021577202791267756,,,,
SZ000423,egarch,,,,,0.02034462383729784,1.0565440332050322,True,0.9982712761821863,0.02184091433302131,,,,
SZ000425,naive,,,,,,,,,,,,,
SZ000425,har,0.08776730060586611,0.3894040869918957,0.3600890648205392,-0.6382858940963322,,,,,,,,,
SZ000425,har_x,,,,,,,,,,,,,
SZ000425,ewma,,,,,-0.7687899049524115,0.859024810980317,True,,,,,,
SZ000425,garch,,,,,0.023589419831377724,1.087958395139861,True,0.9936692037309577,0.025803632922781358,,,,
SZ000425,egarch,,,,,0.07841117481207852,1.1047503510833003,True,0.9887125060126752,0.026157513288596966,,,,
SZ000503,naive,,,,,,,,,,,,,
SZ000503,har,0.10798574886546917,0.2615147497638489,0.49306185826079496,-0.48414833554444764,,,,,,,,,
SZ000503,har_x,,,,,,,,,,,,,
SZ000503,ewma,,,,,-4.012523267454147,-0.17717940811785343,True,,,,,,
SZ000503,garch,,,,,-6.497248214082543,-1.1247527870485072,True,1.0000000131614062,0.08777722648943077,,,,
SZ000503,egarch,,,,,-4.682407788739068,-0.46843082178964135,True,0.8436561535073742,0.07175791170973053,,,,
SZ000538,naive,,,,,,,,,,,,,
SZ000538,har,0.10461479548098694,0.27311444366863435,0.3835673457060571,-0.9758166271939338,,,,,,,,,
SZ000538,har_x,,,,,,,,,,,,,
SZ000538,ewma,,,,,-1.2812492986605126,0.7089431764935361,True,,,,,,
SZ000538,garch,,,,,0.078044323854609,1.0634929713376537,True,0.9850449825047927,0.019631631566043143,,,,
SZ000538,egarch,,,,,-0.05024094878919007,1.0311307505850766,True,0.9884043202769227,0.01984788397697116,,,,
SZ000539,naive,,,,,,,,,,,,,
SZ000539,har,0.12450502317990259,0.2742238659107912,0.512404217892903,-0.36366066306350014,,,,,,,,,
SZ000539,har_x,,,,,,,,,,,,,
SZ000539,ewma,,,,,-1.4850969722397254,0.6727468471230199,True,,,,,,
SZ000539,garch,,,,,5.341869699256211,2.6985420076304596,True,0.9978191749151166,0.030490848371665685,,,,
SZ000539,egarch,,,,,3.546985301822399,2.1435704929657797,True,0.99999999996402,0.03433066814545063,,,,
SZ000559,naive,,,,,,,,,,,,,
SZ000559,har,0.10454300165476277,0.3013545263893777,0.433787599497911,-0.5956001699551389,,,,,,,,,
SZ000559,har_x,,,,,,,,,,,,,
SZ000559,ewma,,,,,-1.4299714203492118,0.6593861192980095,True,,,,,,
SZ000559,garch,,,,,-1.4172222451009628,0.739908120617992,True,1.0000008276753325,0.041500516511321243,,,,
SZ000559,egarch,,,,,-1.8572929420762914,0.6136420282135965,True,0.9703202837483208,0.04232863606362476,,,,
SZ000568,naive,,,,,,,,,,,,,
SZ000568,har,0.09995046185540783,0.3020210720929683,0.3869718540115246,-0.8387409490240121,,,,,,,,,
SZ000568,har_x,,,,,,,,,,,,,
SZ000568,ewma,,,,,-1.0303876427352177,0.7736383194247204,True,,,,,,
SZ000568,garch,,,,,0.16529799986750277,1.1002106498133046,True,0.9785702705221544,0.02275068578308473,,,,
SZ000568,egarch,,,,,0.2967440425381495,1.1370471366300434,True,0.977975531931013,0.02297258094411011,,,,
SZ000581,naive,,,,,,,,,,,,,
SZ000581,har,0.03260240871510708,0.29877319656032797,0.4578080491541469,-0.8377828809153125,,,,,,,,,
SZ000581,har_x,,,,,,,,,,,,,
SZ000581,ewma,,,,,-1.3190031846483616,0.6897167744943359,True,,,,,,
SZ000581,garch,,,,,-0.6660997837788247,0.867969225003834,True,0.9935774227439197,0.024842239719591326,,,,
SZ000581,egarch,,,,,-0.6241415331999679,0.8795829285784985,True,0.9900153087106571,0.024989738528144394,,,,
SZ000623,naive,,,,,,,,,,,,,
SZ000623,har,0.045946512408894497,0.3574987177640876,0.44876403384299846,-0.5745779460871717,,,,,,,,,
SZ000623,har_x,,,,,,,,,,,,,
SZ000623,ewma,,,,,-0.8197451512348455,0.8409153919205046,True,,,,,,
SZ000623,garch,,,,,-0.32819434513423085,0.9885820022909175,True,0.9958635455090561,0.027265346510819802,,,,
SZ000623,egarch,,,,,-0.2982636400697996,0.9977658408939292,True,0.9892343621098527,0.027038116258565406,,,,
SZ000625,naive,,,,,,,,,,,,,
SZ000625,har,0.1879811617413869,0.13549645692603166,0.35334004473601766,-1.2394777977127258,,,,,,,,,
SZ000625,har_x,,,,,,,,,,,,,
SZ000625,ewma,,,,,-1.4515860306514499,0.6579089517752009,True,,,,,,
SZ000625,garch,,,,,-0.9829418760444447,0.7935356014628947,True,0.9940172104502127,0.026232920240919444,,,,
SZ000625,egarch,,,,,-0.9998594242282804,0.7896869997328976,True,0.9959964921405576,0.026530107954406745,,,,
SZ000629,naive,,,,,,,,,,,,,
SZ000629,har,0.22193812738218285,0.35906380073872185,0.2990899511658091,-0.5088429245350673,,,,,,,,,
SZ000629,har_x,,,,,,,,,,,,,
SZ000629,ewma,,,,,-0.5762625886709579,0.9464655474939468,True,,,,,,
SZ000629,garch,,,,,3.190795206963688,2.002139374618849,True,0.9340357425748064,0.02401642979969782,,,,
SZ000629,egarch,,,,,4.66453168014241,2.4096413348063854,True,0.9123622421701448,0.024941269080115673,,,,
SZ000630,naive,,,,,,,,,,,,,
SZ000630,har,0.08295526379581948,0.3889310599297911,0.3926763111653882,-0.5209002662335667,,,,,,,,,
SZ000630,har_x,,,,,,,,,,,,,
SZ000630,ewma,,,,,-0.6917951866446926,0.8773592332256428,True,,,,,,
SZ000630,garch,,,,,0.0920155520648793,1.1088886597109053,True,0.9915223249904486,0.027423421518708194,,,,
SZ000630,egarch,,,,,0.06981326361938477,1.1046679898014111,True,0.9896999761271771,0.027355083942134296,,,,
SZ000651,naive,,,,,,,,,,,,,
SZ000651,har,0.07143628259947693,0.32429179673061215,0.4645739600840459,-0.5518071518277264,,,,,,,,,
SZ000651,har_x,,,,,,,,,,,,,
SZ000651,ewma,,,,,-0.6531175611271772,0.8676460878672709,True,,,,,,
SZ000651,garch,,,,,0.3056742120207399,1.1298213196435438,True,0.9942287423523479,0.02398433419920658,,,,
SZ000651,egarch,,,,,0.3364394341622224,1.1397789413448705,True,0.9911479343688084,0.02406441227254302,,,,
SZ000686,naive,,,,,,,,,,,,,
SZ000686,har,0.051744474434867654,0.40685317711476315,0.378713614046539,-0.6172529786276151,,,,,,,,,
SZ000686,har_x,,,,,,,,,,,,,
SZ000686,ewma,,,,,-0.709975632692974,0.8693037551697403,True,,,,,,
SZ000686,garch,,,,,0.625951338877922,1.2605543589249009,True,0.9820071133577428,0.028902859208748365,,,,
SZ000686,egarch,,,,,0.6613483349556325,1.272271444438354,True,0.9778618062487069,0.028990910183549132,,,,
SZ000709,naive,,,,,,,,,,,,,
SZ000709,har,0.11809470341763555,0.31277914891475134,0.45450372272620326,-0.46667300534504785,,,,,,,,,
SZ000709,har_x,,,,,,,,,,,,,
SZ000709,ewma,,,,,-0.9174258975807064,0.8111045357150141,True,,,,,,
SZ000709,garch,,,,,-0.18641604857653374,1.0148333093757165,True,0.9879640948688985,0.020244553555744758,,,,
SZ000709,egarch,,,,,-0.255261164279173,0.9979691732562612,True,0.9870073568812125,0.020579514168303187,,,,
SZ000725,naive,,,,,,,,,,,,,
SZ000725,har,0.15076330979783273,0.15591016211950767,0.5491059738305588,-0.5801382524645564,,,,,,,,,
SZ000725,har_x,,,,,,,,,,,,,
SZ000725,ewma,,,,,-1.8509688511300515,0.5832608665123362,True,,,,,,
SZ000725,garch,,,,,-1.2798422334429478,0.7757762169499791,False,1.0001227835961128,0.02640862066411687,,,,
SZ000725,egarch,,,,,-0.9877446738249205,0.8470359084644631,True,0.9999999999999999,0.02577946605156013,,,,
SZ000728,naive,,,,,,,,,,,,,
SZ000728,har,0.04054576931705863,0.3987793845235837,0.42829736039072563,-0.5160589551025562,,,,,,,,,
SZ000728,har_x,,,,,,,,,,,,,
SZ000728,ewma,,,,,-0.7504918363603151,0.8570960198510749,True,,,,,,
SZ000728,garch,,,,,0.07074456834746316,1.0910772568813796,True,0.9909316346523168,0.02509627120473037,,,,
SZ000728,egarch,,,,,0.034624012516839366,1.0796689842775005,True,0.9946445837229456,0.02492255771812106,,,,
SZ000729,naive,,,,,,,,,,,,,
SZ000729,har,0.12194413037055818,0.2455204399734892,0.47318570700086465,-0.6460693038580435,,,,,,,,,
SZ000729,har_x,,,,,,,,,,,,,
SZ000729,ewma,,,,,-0.9702527839878619,0.7761727403403582,True,,,,,,
SZ000729,garch,,,,,-0.12194962611368063,0.9994824016546106,True,0.9887216333097143,0.01928683463683664,,,,
SZ000729,egarch,,,,,-0.08350457104803577,1.011950672002656,True,0.9886285551418238,0.01962022925402032,,,,
SZ000738,naive,,,,,,,,,,,,,
SZ000738,har,0.20297214714328626,0.05914482313591091,0.08687944006632155,-2.4954541070023413,,,,,,,,,
SZ000738,har_x,,,,,,,,,,,,,
SZ000738,ewma,,,,,-2.421024922440625,0.39637203969147744,True,,,,,,
SZ000738,garch,,,,,-1.1226169624285125,0.7730833772742733,True,0.9104928213745588,0.02915434377641394,,,,
SZ000738,egarch,,,,,-1.2557045715549298,0.7350939400952295,True,0.9079157456382624,0.029420911567867476,,,,
SZ000750,naive,,,,,,,,,,,,,
SZ000750,har,0.08570404952511701,0.47456797317480387,0.32723036248297777,-0.4380748834707949,,,,,,,,,
SZ000750,har_x,,,,,,,,,,,,,
SZ000750,ewma,,,,,-0.48513170703994407,0.9216885431132715,True,,,,,,
SZ000750,garch,,,,,0.08370983205271898,1.1009703045331338,True,0.9866694864012205,0.02718550026112289,,,,
SZ000750,egarch,,,,,0.11017812260581655,1.112765014660317,True,0.9676978534745684,0.027097712608866356,,,,
SZ000768,naive,,,,,,,,,,,,,
SZ000768,har,0.12767596337185969,0.29131750280222957,0.3414543213026493,-0.9225730826018746,,,,,,,,,
SZ000768,har_x,,,,,,,,,,,,,
SZ000768,ewma,,,,,-1.1583367969340082,0.7427189511586354,True,,,,,,
SZ000768,garch,,,,,-0.41286889429737794,0.9600703414353305,True,0.9859775617264086,0.027164547684577905,,,,
SZ000768,egarch,,,,,-0.5071443299354818,0.934194806566639,True,0.9873742295938769,0.02742583833393083,,,,
SZ000776,naive,,,,,,,,,,,,,
SZ000776,har,0.05737076546655931,0.4267941507027149,0.3338046121031543,-0.7194646774232568,,,,,,,,,
SZ000776,har_x,,,,,,,,,,,,,
SZ000776,ewma,,,,,-0.4958055957132553,0.9228024471017963,True,,,,,,
SZ000776,garch,,,,,0.2706709175604359,1.1442371341890132,True,0.9962849931943932,0.025847338772916704,,,,
SZ000776,egarch,,,,,0.36570612771162236,1.172325830818834,True,0.9877820164044732,0.025644577060681687,,,,
SZ000778,naive,,,,,,,,,,,,,
SZ000778,har,0.12086501065484441,0.2379987349586886,0.4796519100585257,-0.6484465025548459,,,,,,,,,
SZ000778,har_x,,,,,,,,,,,,,
SZ000778,ewma,,,,,-0.9532301657074925,0.8031290217284569,True,,,,,,
SZ000778,garch,,,,,-0.1692991686049223,1.0208219674624106,True,0.9971231355531077,0.023483569443249447,,,,
SZ000778,egarch,,,,,-0.1600256662075809,1.024196894580264,True,0.9973734822026051,0.023278168025437748,,,,
SZ000783,naive,,,,,,,,,,,,,
SZ000783,har,0.06305161364089922,0.3934027980736765,0.3835751645419707,-0.6162774722430121,,,,,,,,,
SZ000783,har_x,,,,,,,,,,,,,
SZ000783,ewma,,,,,-0.7668603430279548,0.863360087924606,True,,,,,,
SZ000783,garch,,,,,0.5201127897315226,1.237540642212305,True,0.988429806787459,0.027002318122955695,,,,
SZ000783,egarch,,,,,0.7404887749806836,1.2923322911626995,False,0.9982518670954441,0.025406516027530524,,,,
SZ000792,naive,,,,,,,,,,,,,
SZ000792,har,0.293454969216602,0.08028181586965479,0.21668139614821252,-1.6418254856226533,,,,,,,,,
SZ000792,har_x,,,,,,,,,,,,,
SZ000792,ewma,,,,,-2.140309191748512,0.5028245042116403,True,,,,,,
SZ000792,garch,,,,,-1.3424128330833525,0.7266780481757935,True,0.9826264248817936,0.025744583257503333,,,,
SZ000792,egarch,,,,,-1.1993180036213071,0.7667443110423693,True,0.9791529787714258,0.02577256836093794,,,,
SZ000793,naive,,,,,,,,,,,,,
SZ000793,har,0.12044627768801867,0.32664839236434295,0.3230627243586073,-0.8658668685946288,,,,,,,,,
SZ000793,har_x,,,,,,,,,,,,,
SZ000793,ewma,,,,,-2.7338877569946827,0.29753075220818015,True,,,,,,
SZ000793,garch,,,,,-2.3305928154140094,0.45431836022416416,True,1.0000000000104958,0.03341786305044803,,,,
SZ000793,egarch,,,,,-2.130328372961192,0.5115053857908366,True,0.8483516512618539,0.033317691044373494,,,,
SZ000800,naive,,,,,,,,,,,,,
SZ000800,har,0.07412675361761963,0.31763836358679676,0.42023330449042345,-0.7074560286894139,,,,,,,,,
SZ000800,har_x,,,,,,,,,,,,,
SZ000800,ewma,,,,,-0.7916345555136022,0.832379964119221,True,,,,,,
SZ000800,garch,,,,,0.31965505671284083,1.1562145718424326,True,0.9847862942414518,0.02840977706446362,,,,
SZ000800,egarch,,,,,0.3215466634538058,1.1577231378499322,True,0.9791975679966087,0.02853239026241891,,,,
SZ000825,naive,,,,,,,,,,,,,
SZ000825,har,0.08920822708159291,0.3941552649989658,0.4210085692950567,-0.3834566607123666,,,,,,,,,
SZ000825,har_x,,,,,,,,,,,,,
SZ000825,ewma,,,,,-1.0251997238687,0.7831712958466633,True,,,,,,
SZ000825,garch,,,,,-0.2549000848620016,1.0729312925918584,True,1.0000023995981646,0.026680144986910917,,,,
SZ000825,egarch,,,,,-1.7220405855398018,0.66193304155017,True,0.991493754188664,0.027205320731839948,,,,
SZ000839,naive,,,,,,,,,,,,,
SZ000839,har,0.09602287843811098,0.3745999242598076,0.3960699776004817,-0.5097969515693315,,,,,,,,,
SZ000839,har_x,,,,,,,,,,,,,
SZ000839,ewma,,,,,-0.6120426738698276,0.8903158894324069,True,,,,,,
SZ000839,garch,,,,,0.13109193852416287,1.108885662451764,True,0.9852961895119637,0.02709475142123633,,,,
SZ000839,egarch,,,,,0.12190940724619492,1.1086673988264428,True,0.9824615226970099,0.02750505004643757,,,,
SZ000858,naive,,,,,,,,,,,,,
SZ000858,har,0.08199406803188872,0.32453700736135954,0.41321474314005013,-0.7341133981294464,,,,,,,,,
SZ000858,har_x,,,,,,,,,,,,,
SZ000858,ewma,,,,,-0.9828662226287179,0.800619789491183,True,,,,,,
SZ000858,garch,,,,,-0.19893116044026862,1.0116327930468147,True,0.9933279060224938,0.02093105654578019,,,,
SZ000858,egarch,,,,,-0.3132269436993627,0.9824178935887737,True,0.9957546305006145,0.020421135729192724,,,,
SZ000876,naive,,,,,,,,,,,,,
SZ000876,har,0.19658170140472428,0.10989880604324273,0.4562626487010198,-0.9173779601662571,,,,,,,,,
SZ000876,har_x,,,,,,,,,,,,,
SZ000876,ewma,,,,,-1.044887135691392,0.7733556137780774,True,,,,,,
SZ000876,garch,,,,,-0.40361249608625716,0.9593806885973508,True,0.9880056402554058,0.025219214418621433,,,,
SZ000876,egarch,,,,,-0.3987016763731899,0.9629701210954306,True,0.9881899623196287,0.025767374762362,,,,
SZ000883,naive,,,,,,,,,,,,,
SZ000883,har,0.12047315552009476,0.452413681714866,0.00648067283441039,-1.6887297957113951,,,,,,,,,
SZ000883,har_x,,,,,,,,,,,,,
SZ000883,ewma,,,,,-3.2424220738002743,0.21404571484052745,True,,,,,,
SZ000883,garch,,,,,-2.1053785573659862,0.5522988297883542,True,0.909266417471522,0.02435049480292626,,,,
SZ000883,egarch,,,,,-0.6857886582244801,0.9386393754760886,True,0.8317497573956175,0.023795067847269646,,,,
SZ000895,naive,,,,,,,,,,,,,
SZ000895,har,0.22912219053236127,0.07686819841183008,0.32950107920091715,-1.4597784461226901,,,,,,,,,
SZ000895,har_x,,,,,,,,,,,,,
SZ000895,ewma,,,,,-2.1725131302328182,0.4786483111343154,True,,,,,,
SZ000895,garch,,,,,-1.5935524872046973,0.6387789152336579,True,0.8537447993341072,0.021676544088128427,,,,
SZ000895,egarch,,,,,-1.169827866199778,0.7541653659276243,True,0.8893816193604737,0.02219050808196929,,,,
SZ000898,naive,,,,,,,,,,,,,
SZ000898,har,0.04630573209153173,0.45082212510568453,0.4076080417881398,-0.3833066098345176,,,,,,,,,
SZ000898,har_x,,,,,,,,,,,,,
SZ000898,ewma,,,,,-0.7750792742440845,0.8594340004519656,True,,,,,,
SZ000898,garch,,,,,0.33336561797924197,1.3052892539456433,True,1.0,0.031199567893086574,,,,
SZ000898,egarch,,,,,-1.3139765616139347,0.8017823359166267,True,0.9720889805151307,0.029110942930312477,,,,
SZ000917,naive,,,,,,,,,,,,,
SZ000917,har,0.07288712591959641,0.44297919850855677,0.23065717764178126,-0.9332596137173882,,,,,,,,,
SZ000917,har_x,,,,,,,,,,,,,
SZ000917,ewma,,,,,-3.4399189956101273,0.06836540580892682,True,,,,,,
SZ000917,garch,,,,,-2.322611540787509,0.43373935658745405,True,1.0000000000004432,0.03558278946206703,,,,
SZ000917,egarch,,,,,-1.6652413648100006,0.6407310856268972,True,0.8663370962958553,0.03605223406728969,,,,
SZ000937,naive,,,,,,,,,,,,,
SZ000937,har,0.042370254994168174,0.3375394582167091,0.40100078438728104,-0.8212942652835011,,,,,,,,,
SZ000937,har_x,,,,,,,,,,,,,
SZ000937,ewma,,,,,-1.2339842729202941,0.7109959109929633,True,,,,,,
SZ000937,garch,,,,,-0.40484230799084947,0.9558151937786004,True,0.990143822383415,0.03054215681927025,,,,
SZ000937,egarch,,,,,-0.459013809156976,0.940807972379776,True,0.9873848085021794,0.030438300182954476,,,,
SZ000963,naive,,,,,,,,,,,,,
SZ000963,har,0.09873545861645872,0.3085317768052087,0.10873706715003571,-1.9018742008676444,,,,,,,,,
SZ000963,har_x,,,,,,,,,,,,,
SZ000963,ewma,,,,,-2.5285538869442803,0.3631384652760054,True,,,,,,
SZ000963,garch,,,,,0.1237402085824298,1.065401906747186,True,0.9501065286412238,0.021589547331612266,,,,
SZ000963,egarch,,,,,-1.5767162070973988,0.6193458782817977,True,0.8833249868056612,0.021174574639153274,,,,
SZ000983,naive,,,,,,,,,,,,,
SZ000983,har,0.0807274530973134,0.3687262509482024,0.42245692894961095,-0.4943204949150404,,,,,,,,,
SZ000983,har_x,,,,,,,,,,,,,
SZ000983,ewma,,,,,-0.9453814754176139,0.8036088161927896,True,,,,,,
SZ000983,garch,,,,,-0.369260048162622,0.9755661638740337,True,0.9930592208731334,0.027527171084114604,,,,
SZ000983,egarch,,,,,-0.41549969178845264,0.962577096826277,True,0.9905746484832261,0.027307730385899457,,,,
SZ000999,naive,,,,,,,,,,,,,
SZ000999,har,0.06273374498823195,0.3289637753575609,0.3546226592613892,-1.0148708259296855,,,,,,,,,
SZ000999,har_x,,,,,,,,,,,,,
SZ000999,ewma,,,,,-1.6199348789740395,0.6118412713950554,True,,,,,,
SZ000999,garch,,,,,-0.2922554929655678,0.9602057081120111,True,0.9856142630347214,0.02077398056067544,,,,
SZ000999,egarch,,,,,0.1272712669786304,1.06877714074661,True,0.9898868801966781,0.020866290253971038,,,,
SZ001979,naive,,,,,,,,,,,,,
SZ001979,har,0.09298410636359386,0.4887111093852391,0.17309969426410887,-0.9318816351552639,,,,,,,,,
SZ001979,har_x,,,,,,,,,,,,,
SZ001979,ewma,,,,,-2.7262713848993005,0.3150268768996551,True,,,,,,
SZ001979,garch,,,,,-2.563044321453576,0.3655491805162976,True,0.9853022056631928,0.029126029068681687,,,,
SZ001979,egarch,,,,,-2.432615449969638,0.40419201226642054,True,0.9912215322989056,0.029385750665936995,,,,
SZ002007,naive,,,,,,,,,,,,,
SZ002007,har,0.04898128616694996,0.3328397738442437,0.31159489017081105,-1.2379041150873085,,,,,,,,,
SZ002007,har_x,,,,,,,,,,,,,
SZ002007,ewma,,,,,-1.5145114318483743,0.6522923971108083,True,,,,,,
SZ002007,garch,,,,,0.17020513278177507,1.1028366635645708,True,0.9689652326987706,0.022210348753270596,,,,
SZ002007,egarch,,,,,0.5509034018136997,1.205326731375428,True,0.963711876944032,0.022588397038318466,,,,
SZ002024,naive,,,,,,,,,,,,,
SZ002024,har,0.0834985729879279,0.32036936893783047,0.3839144253903361,-0.8249840436300308,,,,,,,,,
SZ002024,har_x,,,,,,,,,,,,,
SZ002024,ewma,,,,,-1.1051747644622083,0.7550283842584516,True,,,,,,
SZ002024,garch,,,,,-0.07071281762694534,1.0469304727918478,True,0.9882553335438486,0.025419372699978085,,,,
SZ002024,egarch,,,,,0.057527555355687016,1.0843420491292304,True,0.9766738277311252,0.025761372043015505,,,,
SZ002038,naive,,,,,,,,,,,,,
SZ002038,har,0.08630671595875383,0.23847814388713975,0.48122825581334117,-0.7818307279575293,,,,,,,,,
SZ002038,har_x,,,,,,,,,,,,,
SZ002038,ewma,,,,,-1.4059054842446768,0.6746296575379434,True,,,,,,
SZ002038,garch,,,,,0.05946761836930965,1.0614129081523096,True,0.9866797739381975,0.02251900529969715,,,,
SZ002038,egarch,,,,,0.3661504737711701,1.1427361946881933,True,0.9991803479228959,0.022449081241490018,,,,
SZ002081,naive,,,,,,,,,,,,,
SZ002081,har,0.07009381690490225,0.24164203390287098,0.03762432324580575,-2.514663734788349,,,,,,,,,
SZ002081,har_x,,,,,,,,,,,,,
SZ002081,ewma,,,,,-3.185410600330682,0.18534949158207628,True,,,,,,
SZ002081,garch,,,,,-1.5035851759649672,0.6479362886105714,True,0.9476607198038932,0.026109531497534887,,,,
SZ002081,egarch,,,,,-2.1187282622475694,0.4792705369591613,True,0.9496713374779376,0.026211633697421532,,,,
SZ002142,naive,,,,,,,,,,,,,
SZ002142,har,0.09396518124501073,0.34822398961206064,0.42688132358189146,-0.5338209361861039,,,,,,,,,
SZ002142,har_x,,,,,,,,,,,,,
SZ002142,ewma,,,,,-0.7627730382425773,0.8604581511421863,True,,,,,,
SZ002142,garch,,,,,0.21367298711774005,1.1328785816950084,True,0.9910186387664962,0.02225918418449408,,,,
SZ002142,egarch,,,,,0.21842731289994247,1.136810891314252,True,0.9769624536555195,0.02218095087867679,,,,
SZ002146,naive,,,,,,,,,,,,,
SZ002146,har,0.05661832720038662,0.4149667986815761,0.26265690852140594,-0.9953574377531131,,,,,,,,,
SZ002146,har_x,,,,,,,,,,,,,
SZ002146,ewma,,,,,-1.067054827590534,0.7484833410016898,True,,,,,,
SZ002146,garch,,,,,0.09432696755152858,1.0879200114499685,True,0.9794381339181041,0.029427572207127342,,,,
SZ002146,egarch,,,,,0.4036562156624956,1.1774017258558584,True,0.9656237108881086,0.029809417258280933,,,,
SZ002202,naive,,,,,,,,,,,,,
SZ002202,har,0.06939186617755952,0.280208773700061,0.4949398020756711,-0.6095123203012015,,,,,,,,,
SZ002202,har_x,,,,,,,,,,,,,
SZ002202,ewma,,,,,-0.8181135641736408,0.8433064877628139,True,,,,,,
SZ002202,garch,,,,,0.6715894853923328,1.2588668888365553,True,0.9906244041823111,0.025017437602390766,,,,
SZ002202,egarch,,,,,0.8189803502491809,1.2987761020740896,True,0.9917746323205631,0.025446452220612523,,,,
SZ002236,naive,,,,,,,,,,,,,
SZ002236,har,0.012428639106841893,0.2568080504555779,0.36254278397167566,-1.4514683982220635,,,,,,,,,
SZ002236,har_x,,,,,,,,,,,,,
SZ002236,ewma,,,,,-2.3020343921512976,0.44276725877504536,True,,,,,,
SZ002236,garch,,,,,1.4169815078456198,1.4665924234856353,True,0.8481240795353854,0.025499085348039064,,,,
SZ002236,egarch,,,,,-0.22520531680525643,1.0182632295646272,True,0.8457211283752103,0.02565874564620696,,,,
SZ002241,naive,,,,,,,,,,,,,
SZ002241,har,0.03793774827876192,0.2122837064854053,0.60609268744728,-0.5592267863901756,,,,,,,,,
SZ002241,har_x,,,,,,,,,,,,,
SZ002241,ewma,,,,,-0.7217002816984601,0.8441763406615317,True,,,,,,
SZ002241,garch,,,,,0.5389407778310783,1.1953831800872563,True,0.9938187957452596,0.02620246584354101,,,,
SZ002241,egarch,,,,,0.7170137181526511,1.2449882165147346,True,0.989549919842335,0.025520908020346088,,,,
SZ002294,naive,,,,,,,,,,,,,
SZ002294,har,0.10553641531847163,0.29261922023010817,0.3049057090533229,-1.225270937517788,,,,,,,,,
SZ002294,har_x,,,,,,,,,,,,,
SZ002294,ewma,,,,,-3.0146035829327684,0.29720056819191565,True,,,,,,
SZ002294,garch,,,,,-2.8265254911626143,0.3888298890564624,True,1.0000000000000246,0.030245299161454287,,,,
SZ002294,egarch,,,,,-3.1584826859750588,0.2847573828127571,True,1.0,0.027142241451915957,,,,
SZ002304,naive,,,,,,,,,,,,,
SZ002304,har,0.06866397336439577,0.3806384012100212,0.15068176757862625,-1.6066424943029047,,,,,,,,,
SZ002304,har_x,,,,,,,,,,,,,
SZ002304,ewma,,,,,-1.6704822973712579,0.6157034705519652,True,,,,,,
SZ002304,garch,,,,,0.0390799009231733,1.0743524113565108,True,0.9761602895366472,0.022468011242553453,,,,
SZ002304,egarch,,,,,-0.1741969152730416,1.0195208199400674,True,0.9581993573343982,0.022418374388268582,,,,
SZ002353,naive,,,,,,,,,,,,,
SZ002353,har,0.03493236646080533,0.18542361251944003,0.4104771039201188,-1.4640210515768164,,,,,,,,,
SZ002353,har_x,,,,,,,,,,,,,
SZ002353,ewma,,,,,-1.071713006363189,0.7714943902020508,True,,,,,,
SZ002353,garch,,,,,20.33683623391048,6.539983779141962,True,0.5042962013666591,0.02419814571954623,,,,
SZ002353,egarch,,,,,5.624298311373035,2.580942418479408,True,0.6438419255791495,0.024210003229265382,,,,
SZ002375,naive,,,,,,,,,,,,,
SZ002375,har,0.07645945185938417,0.12716642429825487,0.538121202291255,-0.9994266017078195,,,,,,,,,
SZ002375,har_x,,,,,,,,,,,,,
SZ002375,ewma,,,,,-0.6763965046463996,0.8890571207804042,True,,,,,,
SZ002375,garch,,,,,1.9824985582200103,1.6488992055193281,True,0.9503147054402072,0.029542114713952426,,,,
SZ002375,egarch,,,,,5.241777390754668,2.5831594424473194,True,0.0,0.027353607233975105,,,,
SZ002385,naive,,,,,,,,,,,,,
SZ002385,har,0.062426926508657256,0.38846814466991303,0.13475821243455358,-1.6446901102761118,,,,,,,,,
SZ002385,har_x,,,,,,,,,,,,,
SZ002385,ewma,,,,,-2.1505925206893224,0.47672578584668535,True,,,,,,
SZ002385,garch,,,,,0.10907181319967793,1.0811933731238996,True,0.9159496160038633,0.022559300559566092,,,,
SZ002385,egarch,,,,,-0.07641121436020766,1.0338212817577084,True,0.9138602954072397,0.02295986184694429,,,,
SZ002399,naive,,,,,,,,,,,,,
SZ002399,har,0.11191188353184421,0.3255065471288996,0.16743255366700943,-1.6479973363999614,,,,,,,,,
SZ002399,har_x,,,,,,,,,,,,,
SZ002399,ewma,,,,,-1.4253451260656098,0.7024737649813713,True,,,,,,
SZ002399,garch,,,,,1.4154655348759722,1.4561139854416243,True,0.9007796909077734,0.020582713023486385,,,,
SZ002399,egarch,,,,,2.1626433212819807,1.6567145299836037,True,0.8404900470614212,0.020958855399007728,,,,
SZ002415,naive,,,,,,,,,,,,,
SZ002415,har,0.0547770165301337,0.21498598183181652,0.3561206489224139,-1.4636108211993628,,,,,,,,,
SZ002415,har_x,,,,,,,,,,,,,
SZ002415,ewma,,,,,-1.9372347558163048,0.521931682518901,True,,,,,,
SZ002415,garch,,,,,1.7192438132109094,1.4980268313973089,True,0.9701476362443202,0.023129682831939738,,,,
SZ002415,egarch,,,,,-3.770392744326377,0.032513932235691094,True,0.9973112193410072,0.019580943897158844,,,,
SZ002422,naive,,,,,,,,,,,,,
SZ002422,har,0.0549757836791663,0.29505981556137234,0.21836741821987213,-1.7432484029823714,,,,,,,,,
SZ002422,har_x,,,,,,,,,,,,,
SZ002422,ewma,,,,,-2.691180356507394,0.35173155658927674,True,,,,,,
SZ002422,garch,,,,,0.37035018772324624,1.1575356093708686,True,0.8484359180743439,0.0216291883305004,,,,
SZ002422,egarch,,,,,0.9887737669833934,1.320521279332268,True,0.8831296541042231,0.021951924406026092,,,,
SZ002450,naive,,,,,,,,,,,,,
SZ002450,har,0.04681921230110223,0.28948686915895233,0.2320362650465362,-1.724003214779519,,,,,,,,,
SZ002450,har_x,,,,,,,,,,,,,
SZ002450,ewma,,,,,-1.982511932806962,0.5181211599577801,True,,,,,,
SZ002450,garch,,,,,3.677821173173881,1.9981107656424262,True,0.9482060908155844,0.021970044096903903,,,,
SZ002450,egarch,,,,,-8.9720274780499,-1.29761267257654,True,0.4795998636058113,0.02164634621260286,,,,
SZ002500,naive,,,,,,,,,,,,,
SZ002500,har,0.07972976238901074,0.4994513991933568,0.24122716386589044,-0.6900083652176635,,,,,,,,,
SZ002500,har_x,,,,,,,,,,,,,
SZ002500,ewma,,,,,-0.6054618651112947,0.8818195196640777,True,,,,,,
SZ002500,garch,,,,,0.013760677272046573,1.0667396318551798,True,0.9935158800960089,0.02796066464142988,,,,
SZ002500,egarch,,,,,0.16980167006021632,1.111687467195408,True,0.9812065030685874,0.02754166743643159,,,,
SZ002594,naive,,,,,,,,,,,,,
SZ002594,har,0.0866736412887794,0.3457081600416304,0.3024388279119817,-1.02111460180392,,,,,,,,,
SZ002594,har_x,,,,,,,,,,,,,
SZ002594,ewma,,,,,-1.4602843501059148,0.6559535037227786,True,,,,,,
SZ002594,garch,,,,,0.29771212851266177,1.1617631250508456,True,0.9641232032061384,0.02731601909678235,,,,
SZ002594,egarch,,,,,0.5628956356302912,1.23686132704193,True,0.9562343081397529,0.02776551173297122,,,,
SZ002673,naive,,,,,,,,,,,,,
SZ002673,har,0.06182439079104836,0.4625936638098643,0.42403132501159657,-0.191133945878896,,,,,,,,,
SZ002673,har_x,,,,,,,,,,,,,
SZ002673,ewma,,,,,-0.05563449187715815,1.020764727461315,True,,,,,,
SZ002673,garch,,,,,0.43666733208309866,1.1808176342180678,True,0.9996571358332299,0.027781142456108195,,,,
SZ002673,egarch,,,,,0.626908997452638,1.2359563005029806,True,0.9887105790787558,0.02752840332230391,,,,
SZ300003,naive,,,,,,,,,,,,,
SZ300003,har,0.06141224018070316,0.20289792580784924,0.5067075673574037,-0.8898123836879862,,,,,,,,,
SZ300003,har_x,,,,,,,,,,,,,
SZ300003,ewma,,,,,-0.9090383972442144,0.8107232690251925,True,,,,,,
SZ300003,garch,,,,,1.609217869766282,1.5131080246996726,True,0.9720927990544469,0.02671181279798423,,,,
SZ300003,egarch,,,,,1.270089153062561,1.4159821947369948,True,0.9690098466603705,0.026763961535561487,,,,
__pooled__,har_pooled,,,,,,,,,,0.09748356394424357,0.29858057545991634,0.4712231213415343,-0.5296814022289628
