stock,model,n,mse,mae,r2,qlike,r2_offset22
SH600000,naive,226,0.1051057664412331,0.254721822285084,0.5902176137342768,-8.332061032982201,0.3611228150935636
SH600008,naive,226,0.10506775950469752,0.260264632419919,0.3099092313172458,-7.468322539651601,-0.04733758226138862
SH600009,naive,226,0.09985328582626195,0.2581785519883144,0.4038459482768485,-8.101737790170027,0.18647317604590785
SH600010,naive,226,0.10714221794990679,0.2684283930943463,0.5389361525515812,-7.47465209501769,0.38095890720975
SH600011,naive,211,0.13790404756375654,0.29863406026804784,0.29503499637583197,-8.152862046541488,-0.015073450123910925
SH600015,naive,226,0.13293469796511306,0.27918101139842766,0.37464849741726314,-8.269739008692707,0.11117520592191832
SH600016,naive,226,0.20799642464887397,0.3643207540622636,0.13140933959150602,-8.167907184773414,-0.03506684344073485
SH600018,naive,226,0.1526332711400388,0.30837000074712784,0.2836046933106473,-7.8280656015761725,-0.15677962137787937
SH600019,naive,153,0.18414346561152126,0.3428452343089972,0.44588371446594277,-6.915725787071218,0.20482257891296785
SH600027,naive,211,0.10940465485029804,0.2599740805446552,0.5184245562835171,-8.240817977594833,0.1709336498321684
SH600028,naive,226,0.09109775201857488,0.23455948349956549,0.5506140435894628,-8.155919768235506,0.5139218405676287
SH600029,naive,226,0.15327689208405146,0.3118044893359606,0.34536984836426377,-6.756839980554435,0.07383272106826899
SH600030,naive,226,0.10201030736323213,0.2521501162358668,0.508178925583398,-7.550907548918642,0.26953093729489075
SH600031,naive,226,0.11150926789711921,0.2681749289067342,0.11635040539960884,-7.363202575864766,-0.057000488614423084
SH600036,naive,226,0.13525281574649994,0.27196252099652146,-0.11308063182200301,-7.937904609168175,-0.47173247733049983
SH600048,naive,219,0.13766250748983136,0.28877423425053955,0.4414746619075317,-7.299182026976287,0.1341654945423998
SH600050,naive,226,0.1661881989034281,0.332174411910756,0.4132614726598446,-6.851916467452551,0.34657981084992917
SH600060,naive,226,0.11721227412085121,0.2727246197020217,0.4477675285344346,-7.031253647849521,0.2526793578113564
SH600066,naive,226,0.11227150702147394,0.2799851204315731,0.22826486911477462,-7.707897231538615,-0.07742230674747863
SH600068,naive,226,0.09639000496084675,0.25065470272476215,0.16318782214710892,-6.850054922247993,0.05959761447461909
SH600085,naive,226,0.13756955893038403,0.2982387538766981,0.40776954640820884,-7.273981166257934,-0.06269707785432677
SH600089,naive,226,0.09971438303371134,0.250925101278989,0.3854334403999654,-7.911009957562795,-0.13843972213269562
SH600100,naive,226,0.11257202755982489,0.26030899826105697,0.5895766555623747,-7.117781906089116,0.4819012054803936
SH600104,naive,226,0.10538725464031365,0.25802647414399604,0.24269981440337474,-7.616238565415735,0.12214843607720338
SH600109,naive,226,0.09777785275525529,0.2562793394458523,0.44634962732297934,-7.104235584972609,0.3412290375676984
SH600111,naive,226,0.1130327829907078,0.27473298097669285,0.5229430467831673,-6.984267579033237,0.48742434619873876
SH600115,naive,225,0.17416900095370225,0.33414839081735265,0.26810784630750384,-6.748390368241255,0.012509606880863666
SH600118,naive,226,0.09791515075641088,0.24328258197567043,0.6260917328581241,-7.242823243216302,0.417431633029406
SH600150,naive,226,0.1091663610309164,0.26021068237398964,0.463945312391298,-6.8704435360527425,0.299233300476236
SH600153,naive,137,0.4023716832741303,0.4134842188380054,-0.9099800819093218,-1.2828243912687425,-0.03791687510847619
SH600157,naive,222,0.14512752515527158,0.3075765517676847,0.2786665519779655,-7.127944881881825,0.01642589761689106
SH600166,naive,81,0.11540446194974263,0.2742199167622901,-0.14191256886796078,-6.894112420329064,-1.7975754627121563
SH600170,naive,215,0.2058225456564166,0.33781526093256575,-0.07105641685355368,-7.091734601612444,-0.47509470141747645
SH600177,naive,226,0.12287433343084497,0.2775239297933357,0.4809793548459007,-7.938996243800984,0.17494472353228097
SH600188,naive,226,0.1201649515297283,0.28400351995901724,0.2264662452205597,-6.314719269301671,0.025646143678298094
SH600196,naive,225,0.063702702704123,0.19938806120231206,0.3016815756359198,-7.7328849208317205,-0.003998283786972534
SH600208,naive,225,0.20501630935344073,0.3429984840610185,-0.7317394676012896,-6.811814072958737,-0.8685746474715186
SH600221,naive,226,0.15983827617248159,0.31896538522965784,0.2994172290812688,-7.656793645363278,-0.04910708575848233
SH600252,naive,225,0.13110523423748266,0.29711977973415366,0.45524416764074704,-7.606435748532776,-0.14035834990950957
SH600256,naive,226,0.12599090751179304,0.2899169389654419,0.37513081535639814,-7.411780828048945,0.20223891263951332
SH600271,naive,174,0.08199076814843802,0.23340778158308567,0.5852589901997374,-7.74297927759709,0.48946118434082786
SH600276,naive,225,0.06472354695364779,0.2040910547696215,0.26198239103628285,-7.94210333345023,-0.6947035663021279
SH600309,naive,226,0.0963038718836858,0.24501180142052983,-0.19503517132949555,-6.924762538189469,-0.45457118753108205
SH600315,naive,83,0.07822731620753681,0.21422225082658655,0.4030333870747185,-7.531458666556222,-0.10680936426572685
SH600332,naive,226,0.07301429749292652,0.20664664481214556,0.586257953924492,-7.546325885923694,0.4470089870689027
SH600340,naive,226,0.0905730805679966,0.24215887552315862,0.36807257524250203,-7.3026729744995365,-0.10211812308589208
SH600352,naive,212,0.10400285198628385,0.2500980375303601,0.5649868117448773,-7.262102043242098,0.5112511608880179
SH600362,naive,226,0.09524453083016658,0.25147131299615755,0.581485166017899,-6.984874464077643,0.5512900436597168
SH600369,naive,224,0.11831011457894905,0.28003982875044825,0.49278849762722154,-7.529215838000606,0.2607337119372013
SH600372,naive,226,0.11577235943631066,0.2818040754156601,0.5556881347997646,-7.033031567640708,0.2804679988463853
SH600383,naive,225,0.1651233199231629,0.3219219286791194,0.37104741640312255,-6.974639584048592,-0.04604061608643395
SH600406,naive,224,0.08290729759439085,0.23403399555147636,0.42705966629031933,-7.028428896269295,-0.2852571389362004
SH600415,naive,226,0.1030986738275381,0.2605287597400672,0.06815519838485806,-6.963952648964764,-0.4659137445789574
SH600489,naive,220,0.10413924145887656,0.2478815673042658,0.2887203355743019,-6.743949612500785,0.2467922695996163
SH600518,naive,224,0.1426304393722462,0.30742325107067864,0.12399850309066418,-7.436189351892198,-0.31414931899681076
SH600519,naive,226,0.1083378426149163,0.266428592335274,0.042656233716723446,-7.648569760286329,0.012796421602012775
SH600535,naive,226,0.13396203222719666,0.29495635329319253,-0.17009676389435224,-7.30441778635357,-0.5929590296535128
SH600547,naive,226,0.09063571558072535,0.2338173572334125,0.42613473785613654,-6.588936999536302,0.37461066712153657
SH600549,naive,226,0.09584035820878348,0.2517559524822459,0.38222337902662773,-6.201722556196998,0.37280005071566336
SH600583,naive,226,0.090675975038469,0.23322971476218435,0.4375993705253254,-7.48819185559845,0.10644344928054328
SH600585,naive,226,0.09419030877626335,0.2462428300607705,0.15070026025217387,-7.4514650239874385,0.11296457085040257
SH600588,naive,226,0.0870504374235031,0.23567297491031067,0.3343301844495644,-6.553616752485307,0.06446140107332132
SH600600,naive,206,0.10974086563071159,0.26530392865044516,0.07765704530337125,-7.792963870343545,-0.14464342885188786
SH600637,naive,224,0.08338784043807934,0.2330920507532656,0.5635200908938669,-7.625439648365647,0.3152179912649925
SH600642,naive,206,0.08262132606590038,0.21919347091138258,0.4707879384150421,-8.13650441198117,-0.05810060352579893
SH600648,naive,226,0.11910344159963152,0.2847910980109053,0.3745996859134396,-7.031644217892375,0.3036737692054654
SH600649,naive,121,0.3703276599465301,0.42638008445285713,-0.3759946258569984,-6.316662578196251,-0.9761034150515913
SH600660,naive,226,0.11156701015440616,0.2677030456456877,0.02468614529901858,-7.607258107967693,-0.23397233506653325
SH600663,naive,125,0.24312515117825623,0.39151716593959895,-0.17458885649172062,-6.4567276191138365,-0.5181634810948932
SH600674,naive,226,0.0962116926312242,0.2434032072470415,0.3043446306735931,-8.006141639755738,-0.28329802007449945
SH600688,naive,226,0.10970649927828595,0.26926414399994436,0.5622833145002556,-7.1418507818018595,0.46465430325365975
SH600690,naive,206,0.15489306339705497,0.3073416714568905,0.29089457033484434,-7.433983369221473,0.31300764150245797
SH600703,naive,225,0.12487104141590288,0.276385769992378,0.2584022801859339,-7.2255372357467245,-0.11264192357141689
SH600717,naive,83,0.1303529776575847,0.2975576414825813,0.1849453210791907,-7.305930826999489,-0.9446163249820139
SH600718,naive,226,0.09211989090499495,0.2295945764353849,0.6797004181063886,-6.845425810486102,0.5408645622711516
SH600739,naive,215,0.10652434217851249,0.25648127708488944,0.2518719722825481,-7.09391373621175,-0.11787585025969483
SH600741,naive,226,0.12456270330247425,0.2733356645044151,0.24492806471209994,-7.411602875274602,0.009500777787705972
SH600783,naive,226,0.10267306539007408,0.25693344414537345,0.25461797531453534,-6.618408969087363,-0.4443120365264208
SH600795,naive,226,0.11504970533998582,0.25558721711707033,0.4826073888147443,-8.16702679150357,0.2131661420318698
SH600804,naive,226,0.08825956616543401,0.24203156181938093,0.28461706215505245,-6.92322747403084,-0.2513246010976422
SH600827,naive,226,0.12606164805108896,0.28557314200314227,0.521512752215193,-7.405641425764558,0.40093633201288403
SH600837,naive,226,0.09115954321960398,0.23491327048133523,0.5182001339562754,-7.691156515052864,0.2470203176411787
SH600839,naive,226,0.13450823650370028,0.29673684540989564,0.4941894268737388,-6.928188940368083,0.3654815028374693
SH600863,naive,196,0.07767679969343816,0.2138035380236392,0.6053691632101836,-7.927516734039713,0.3213260196175185
SH600873,naive,148,0.2364566198074854,0.34089893062343124,-0.5947147293441339,-5.712154530595319,0.13381427494821174
SH600875,naive,210,0.10511866470635603,0.2559998714257601,0.551033992598147,-7.761142787354469,0.19930373183587324
SH600886,naive,226,0.11245609350262623,0.2601679739403935,0.19542671364862763,-7.864908982133671,-0.2144889460294772
SH600887,naive,206,0.16291980356638186,0.3097982262636423,-0.2723466659691627,-6.963749819161313,-0.43991138995687895
SH600893,naive,206,0.1476204588372416,0.3172001339121322,0.4584092643823071,-7.041618214617871,-0.10140518711312962
SH600900,naive,226,0.13277460871030153,0.29479274637677055,-0.02283994599269379,-8.421075959867801,-0.4696185627144265
SH600999,naive,226,0.09439587201044873,0.25294384043972906,0.37961399258133655,-7.193018406311483,0.10515848607673717
SH601006,naive,226,0.1360299843705787,0.3040576330416135,0.30903115816986304,-8.11750851336042,0.07167783129329142
SH601009,naive,226,0.124771932485211,0.2825398071696207,0.08727897466299028,-7.542646933185175,-0.20473076027098958
SH601018,naive,194,0.16989603699202033,0.32892800472925215,-0.16404722166329888,-7.524397322890363,-0.29471397745612027
SH601088,naive,226,0.12211092985308478,0.2752224105852905,0.2756626817252803,-7.500121289084572,0.23138555269454453
SH601098,naive,206,0.0932332433070858,0.2320762593564375,0.44064505208522353,-7.406906943690117,0.2655901025678029
SH601099,naive,220,0.12748163030231074,0.2903939121362455,0.10397126220138508,-6.999544415211161,-0.42893561992838114
SH601106,naive,199,0.1675111045966504,0.32308893086520174,0.15509198291371473,-6.45205770194696,-0.4425425997928101
SH601111,naive,226,0.1499507044196917,0.31514905201082927,0.3131670857593266,-6.83603207804577,-0.02439172798728162
SH601117,naive,208,0.1049111505446644,0.2620099485074735,0.447951621064099,-7.564458779458134,0.17521538789005386
SH601118,naive,222,0.1126943350161233,0.27240458220631497,0.32386720534451774,-6.766747813815821,0.23836804409963297
SH601158,naive,83,0.10879725674838198,0.2707478312437406,0.34371474085040365,-6.966881076591815,0.06699239469261609
SH601166,naive,221,0.1364063139257014,0.2780091852146008,0.22133098387700767,-8.665540586635876,-0.06403088656414013
SH601169,naive,226,0.1380814963560761,0.27888726210547776,0.22692495703246596,-8.152103930148254,-0.1302360966334799
SH601179,naive,206,0.12828133888647272,0.28551392311892726,0.2729154494420385,-7.459273484392098,-0.2760640476269265
SH601186,naive,226,0.19124334720068004,0.3485066701184269,0.29696385305031625,-6.850502920401262,0.13449184616429377
SH601216,naive,223,0.15951512608448412,0.3051445099091832,0.09458901643632389,-6.61523188953461,-0.13461931614607714
SH601258,naive,223,0.12012149515834145,0.28329356462721705,0.39002425542294816,-7.719350890834677,-0.03883342769656162
SH601288,naive,226,0.10700877532849323,0.2557303258170526,0.16445544440943038,-9.06941499168448,-0.22853526823065917
SH601318,naive,226,0.13067898518789367,0.2710779200924819,0.2693282831001177,-8.244928829118036,-0.11698656946302322
SH601328,naive,226,0.13215022154830242,0.27343584595107223,0.05521897419101496,-8.407713490483326,-0.41822635008208064
SH601333,naive,226,0.14348612358108778,0.3086347099498515,0.21927697805419333,-7.292571463702785,-0.09595266391214663
SH601336,naive,226,0.1281797138170485,0.2650566925442176,0.27350181478597435,-7.144487255124567,-0.1136218763231609
SH601377,naive,222,0.09416031242205469,0.25441051190881575,0.4911612405861967,-7.315971396715875,0.2532879346580965
SH601390,naive,226,0.19831443067178975,0.34771138932002493,0.21012283373199303,-6.65989244270742,-0.0435893914450487
SH601398,naive,226,0.12661393687124545,0.27592784419422023,-0.032015938221492624,-8.85176110435192,-0.4050942316965038
SH601555,naive,224,0.0848846932097079,0.24418306572454565,0.4259590441262011,-6.901004422734462,0.2927268282551376
SH601600,naive,226,0.12992917319697594,0.29822164860288897,0.5184452363609188,-7.10768031961358,0.33948446906776863
SH601601,naive,226,0.20887194510658935,0.3698834245180044,-0.05676588284368811,-7.630020122644798,-0.5444382329863733
SH601607,naive,226,0.08759420718713484,0.23572243467000856,0.35201830825244707,-7.494141351118785,0.13678614393815425
SH601618,naive,226,0.1264921117500608,0.2899043800291569,0.272185529396745,-6.810429928524198,-0.17472423913150648
SH601628,naive,226,0.10526869131463283,0.25226460692035607,0.39378549191341583,-7.5010522005650495,0.15732312741366927
SH601633,naive,226,0.1586911141795198,0.3200977002402132,-0.05051395161044181,-7.029421821823862,-0.19275617132167766
SH601668,naive,226,0.15541455176936742,0.323404776844966,0.42358252104250915,-7.173485509635872,0.37952649840628394
SH601669,naive,217,0.1515328277041814,0.3118851375746057,0.1987523249044163,-6.868103396084221,-0.06386526974442464
SH601688,naive,226,0.07709266405408581,0.21392395429563674,0.4403245577719378,-6.864896445627104,0.29455370547685245
SH601699,naive,64,0.1580334741027221,0.33199584059009557,0.29428217574786697,-5.823902613683134,-0.4523582599943541
SH601727,naive,140,0.17821679957525072,0.33419517889184364,0.1574614760159464,-6.872805219188018,-0.7609173541733039
SH601766,naive,216,0.1496405194703908,0.3059630845049574,0.36840495357199365,-7.517976741598101,0.12437602812941806
SH601788,naive,226,0.10220118560102265,0.2598719704947389,0.4953338922993189,-7.23937384146677,0.277438717152364
SH601800,naive,226,0.189591562607924,0.3550930212603351,-0.011345912520491108,-6.444324482831762,-0.2954370707263836
SH601808,naive,211,0.13838301249515106,0.2892142744656634,0.40433504877330084,-7.742685144818015,0.08659259524351737
SH601818,naive,225,0.1239483952022741,0.26704020386859006,-0.02997301422206866,-8.07546340481374,-0.5717644053949618
SH601857,naive,226,0.10173101641407446,0.25216752678284005,0.6216340915669951,-8.696223537994907,0.5010604861270245
SH601866,naive,221,0.150227020493656,0.3023892613297932,0.41053429889521553,-6.918746242456088,-0.006455387607743557
SH601888,naive,226,0.06811398314481526,0.20323156037829476,0.5684649729464809,-7.934547161743218,0.1014111017050181
SH601898,naive,211,0.11856729452116929,0.2687773263665654,0.35239974975432165,-6.911391404534363,0.22582209435455425
SH601899,naive,224,0.14876984750897604,0.3032147097350587,0.31028742001254794,-7.327619813357262,0.2186071987921987
SH601901,naive,226,0.10202918471383596,0.2596617311566111,0.4585423834070568,-7.180315242828945,0.30752272614776477
SH601928,naive,226,0.07700372755873981,0.22499814688581912,0.6302530902287837,-7.6495771642360735,0.4028933724447469
SH601933,naive,226,0.09653120477342385,0.24811465825466544,0.42940723809442216,-7.370650832738428,0.27242728989987497
SH601939,naive,226,0.12690200378861347,0.27103068840934974,0.1226000030308938,-8.513357219988174,-0.15740980821593809
SH601958,naive,226,0.10127435268141105,0.26827057737006116,0.5446334751680117,-7.0102042888015585,0.43989122633776356
SH601988,naive,226,0.11588471680625745,0.2644611681542629,0.17145124914551435,-8.630010596312658,-0.4385025114220511
SH601989,naive,211,0.13785257317241073,0.295539029447969,0.42618649321099467,-6.868872849885828,0.22345541669289193
SH601991,naive,201,0.08372239348491146,0.2149082514698969,0.5916259524868259,-8.065183401232776,0.04743969015256655
SH601992,naive,203,0.11876228730600885,0.2877352832025498,0.07888813024257524,-7.128165476582356,-0.6512418588391018
SH601998,naive,226,0.15288576595839953,0.31025212138533836,0.18518889106363734,-7.443814603008645,-0.1437547155839496
SH603993,naive,207,0.22819795034068904,0.3599585913131782,0.21375813142280953,-6.462952235591905,0.0689891180530181
SZ000001,naive,226,0.12648009233487567,0.2804203258523309,0.3669208112946153,-8.65482220867381,0.05299834658184743
SZ000002,naive,123,0.21789374927104735,0.3431286897624727,-0.8772135352349151,-5.6308352998998945,-0.18302630080973037
SZ000009,naive,226,0.09603380936316755,0.25474423574347993,0.39969154680456154,-6.712200909899327,0.1589675312510438
SZ000027,naive,226,0.0994355895412194,0.2525242385942383,0.45019065160743954,-7.77188415321775,-0.16707390275672895
SZ000039,naive,226,0.11612122075450151,0.276065779189163,0.3704788359312249,-7.388049975801826,-0.14099234605197686
SZ000046,naive,204,0.11885107081569482,0.2672704626500337,0.1917963671133054,-7.176856244752711,-0.22033629462925086
SZ000060,naive,226,0.11054457749752045,0.2782227603110327,0.37254454897141387,-6.5947829377891445,0.11535203637415214
SZ000061,naive,226,0.09454246014330193,0.24962509022440546,0.5393798782558219,-7.461528349106615,0.2359681533411736
SZ000063,naive,208,0.07877841813589043,0.22438616498356204,0.41830653724875544,-7.536652243670462,0.13744444339137973
SZ000069,naive,226,0.11531475972802409,0.2750572494749538,0.3565534796906502,-7.486775576514412,0.03646166344964319
SZ000100,naive,136,0.09691975791258575,0.25093783067121433,0.0959632850451716,-7.481616852645993,-0.8125730293393982
SZ000156,naive,226,0.10068911077706583,0.24894344438909302,0.604331983614576,-7.1757911677677395,0.4489709780646941
SZ000157,naive,226,0.15099085458034592,0.297697103576938,0.039847699419635396,-7.58978474718533,-0.046746975073173935
SZ000166,naive,218,0.10499039957708561,0.2628957943522286,0.32978177249331486,-7.584804114909474,0.08504091895399513
SZ000333,naive,216,0.1272082002275579,0.27215606589453817,0.285008420911264,-7.054352832775721,0.2011613876007875
SZ000338,naive,224,0.12482072962764694,0.27747727148407025,-0.21213443093148254,-7.290549850934701,-0.34643039037448564
SZ000400,naive,83,0.09498081675168156,0.24899728346406397,-0.08460888443762671,-6.346266917372289,-0.8958370968095524
SZ000402,naive,226,0.11661904658669774,0.2645040007930688,0.33175793453430524,-6.8304173274725315,0.04048011535568319
SZ000423,naive,226,0.08386309387161708,0.22092115442657995,0.11983569360287305,-7.4531391802396785,-0.18337228551975904
SZ000425,naive,216,0.11756402141962724,0.2856608127780463,0.43979868807914135,-7.374956451441552,0.3490086713952728
SZ000503,naive,210,0.12939275052573815,0.28530340776507745,0.15437348839581266,-6.243845104656693,-0.0720500403373252
SZ000538,naive,115,0.17658196354249908,0.29748852492705313,-0.5149817788217252,-7.209297837817457,-1.223920406859746
SZ000539,naive,83,0.06748779704162426,0.18973941499141017,0.6344770912816666,-7.334048802925714,0.2760406919969993
SZ000559,naive,226,0.10902180050730136,0.2689716545054235,0.5804240309447914,-7.166693660043757,0.4282551404441989
SZ000568,naive,208,0.09581780244338892,0.2458975102297936,0.07716968431335058,-6.9394926300586395,-0.08129979925716002
SZ000581,naive,83,0.1044015951218907,0.2553253265133215,-0.0015304441273831237,-6.849870638062097,-1.1153907634159457
SZ000623,naive,225,0.09715523922091279,0.2289701140075378,0.4824106256453706,-7.52554801487141,0.3418301514324551
SZ000625,naive,212,0.09988168937387551,0.2384999106523628,0.4856659957163062,-7.487226337111941,0.2953281972693864
SZ000629,naive,77,0.09294862544417425,0.24606024246934027,0.39256552095685315,-6.285804173846353,-0.5677777470851268
SZ000630,naive,226,0.19228199171570118,0.3536303842075219,0.16933452509863955,-6.9885749797790035,0.08449278032897423
SZ000651,naive,90,0.505412596329809,0.46394110607175143,-0.285886939198978,-3.907402990710379,-0.43590463140412683
SZ000686,naive,220,0.10048949595918265,0.2606950176562263,0.4807991182086667,-7.126301905259517,0.3177573772493578
SZ000709,naive,226,0.11931329167745928,0.2730160908923485,0.443381691605536,-7.134533005037218,-0.12091645521463779
SZ000725,naive,226,0.15175187687256952,0.3110068200979142,-0.07445187573928269,-7.5903312582656906,-0.3906801212764721
SZ000728,naive,206,0.11885299554731132,0.28026455683094204,-0.043915555269958384,-6.616470331267162,-0.39710441748936876
SZ000729,naive,206,0.10507430710935446,0.26609267053649255,0.45224603475099745,-7.592269672828522,0.3480868692791097
SZ000738,naive,226,0.13259344920078137,0.279035350009347,0.4122473758883134,-6.673333590621301,-0.1389588475258594
SZ000750,naive,207,0.09878623838937968,0.2686460050392404,0.5185183903962381,-7.0086310757543675,0.42429366692166604
SZ000768,naive,226,0.09767952175777123,0.24961660346064485,0.37553094351684724,-6.733291648013747,0.011269858527023668
SZ000776,naive,226,0.08720789811810252,0.23929725044267922,0.468905419264417,-7.361486480049407,0.23677259091432934
SZ000778,naive,226,0.11781864916984999,0.27810399206467906,0.4761853163134182,-7.1534789209814855,0.1828843645322521
SZ000783,naive,226,0.11284575885037572,0.27314679764888194,0.3199449474052921,-7.0605393562764265,0.2329587229915805
SZ000792,naive,226,0.09672316236297945,0.2588403617419369,0.47119830694765497,-7.0606597350462135,0.23511169339102655
SZ000793,naive,226,0.09847682744551002,0.23506288340644585,0.3318407092915988,-6.49891359695745,-0.01741064474319698
SZ000800,naive,226,0.15539526851371668,0.31426953819690545,-0.005940421976201371,-6.956244888910263,-0.4576634293884829
SZ000825,naive,206,0.15451082194643428,0.30864950481421494,0.14745824877488511,-7.031624632969587,-0.2236904327625986
SZ000839,naive,138,0.07389324553947407,0.20917562222777428,0.485734262087384,-6.399987060001407,0.5848878992382559
SZ000858,naive,226,0.09920144602688681,0.24685116106957783,0.19462452883676595,-7.214270966005556,0.07117699759167118
SZ000876,naive,194,0.10554417726316725,0.2573341241176506,0.4557278494923439,-7.915247475201102,0.39940968367007545
SZ000883,naive,206,0.08251359456557007,0.20692219453424887,0.5685279852301834,-7.950617189732497,0.42119601081362534
SZ000895,naive,226,0.11115375506258239,0.2743027106914419,0.21035919857783647,-7.389118115338284,0.17527653804438403
SZ000898,naive,210,0.17966454987490227,0.3401494780220119,0.16667426926795836,-6.801710878321996,-0.2266172942871607
SZ000917,naive,181,0.1000932119560552,0.24035815413479078,0.6642199739597996,-7.068217519576473,0.5320269671148374
SZ000937,naive,83,0.13242493665487454,0.2922936118446269,0.13566111392684388,-6.039962715078969,0.011344293968177377
SZ000963,naive,226,0.09639668662199913,0.2490855329088167,0.18280172981565435,-7.7438672707118155,-0.13566839784021734
SZ000983,naive,103,0.09256782109409684,0.2521037804721497,0.44401283480450116,-6.026230384761319,-0.041703730018808116
SZ000999,naive,206,0.07155003088566726,0.20471473121262465,0.20489817070221306,-7.337624603756222,-0.05041111268098453
SZ001979,naive,226,0.09702970756713095,0.22976010986191972,0.4145790054901042,-7.019651358569108,0.011505634417655952
SZ002007,naive,226,0.055888786910861264,0.18550723863357424,0.7168735870431975,-7.080452936884652,0.5730005479354219
SZ002024,naive,226,0.10284423770030604,0.2667861496953863,0.4032788046479351,-7.400016479975094,0.1633048792417623
SZ002038,naive,83,0.09614248302678273,0.24557363002858848,-0.5272379742047115,-6.3873842896110045,-0.8182299144560694
SZ002081,naive,226,0.08917742979979752,0.23723253051533785,0.42512702259360147,-6.893853788336456,0.33596475815557925
SZ002142,naive,225,0.12278514836801345,0.26718019333944387,-0.1346213151724187,-7.289416314012938,-0.6285102657193653
SZ002146,naive,226,0.0846583418339005,0.23083353107423676,0.2780069944508178,-7.103629626993405,-0.19408558771715922
SZ002202,naive,226,0.11359972395393257,0.2755319442298194,0.42850168804885125,-7.212842074282379,0.07378815460261379
SZ002236,naive,226,0.08459266444819791,0.2313062427893697,0.44618629123549003,-7.097630803480093,0.277949939863684
SZ002241,naive,226,0.07157830268199948,0.20650281355101038,0.5359674541512637,-6.911885659500117,0.33110574253034586
SZ002294,naive,211,0.09817678147836482,0.242407737932033,0.17078327102559776,-7.531862364922788,-0.5701717269682809
SZ002304,naive,226,0.1160954846294578,0.27135319270180047,0.3977447102637466,-7.498460281967148,0.3149928812653632
SZ002353,naive,66,0.10151536489068459,0.24435501765214943,-0.11721087683984188,-5.988977337515618,-0.1386563928355662
SZ002375,naive,83,0.09758653483171272,0.2658621611204635,0.2042969205674119,-6.357874496394927,-0.18716223893559314
SZ002385,naive,226,0.10838935241425803,0.2693116798968475,0.6226840957775732,-7.46488789854524,0.5777306792652239
SZ002399,naive,206,0.09765192760380563,0.24909331252845687,0.366858804719853,-7.564059156219776,-0.23284993271265408
SZ002415,naive,226,0.06656738394086316,0.19914688074461062,0.37254833474793736,-7.356591515733599,0.048209252602642194
SZ002422,naive,211,0.08937175512523786,0.2412905622883693,-0.002284406926940541,-7.410883392375692,-0.6583362618843662
SZ002450,naive,208,0.11083226890511916,0.2637149025670275,0.2672977254548651,-7.10747296445326,0.08886228734771495
SZ002500,naive,226,0.10354628522383123,0.2619285702809003,0.5083469374856686,-6.728217358229016,0.4609879891198423
SZ002594,naive,226,0.10880301659220407,0.25958702768306907,0.5577624137330504,-7.524121114562823,0.4046154658853197
SZ002673,naive,218,0.08857087544327241,0.2478710666453057,0.5703181586085374,-6.85149672726611,0.45253571582190644
SZ300003,naive,200,0.09167385810202125,0.2449173198870665,0.43611783393207537,-7.266998817685469,0.14509892325420382
SH600000,har,226,0.09474918106235772,0.2449680913284629,0.6305954770410739,-8.398066453900453,0.42336287459764
SH600008,har,226,0.08718615838533668,0.2407994212761816,0.4273565616868099,-7.516129306509008,0.1301039287403286
SH600009,har,226,0.08525443343767028,0.23490295263453256,0.49100547367404024,-8.150123091133388,0.30684629070294656
SH600010,har,226,0.12926555405092363,0.29774126240317195,0.443733060285017,-7.465432423660227,0.14153356022346564
SH600011,har,211,0.11376529770994132,0.2808751868736343,0.4184322002926377,-8.239153964999046,0.16431421109752686
SH600015,har,226,0.11299451669039698,0.26939464730437784,0.4684511126320533,-8.383851384372491,0.2478819292651926
SH600016,har,226,0.15892554362254716,0.3297290123101239,0.336328770439591,-8.34794171031124,0.22128792113597684
SH600018,har,226,0.12823155259606642,0.2936473212953628,0.39813592565262834,-7.9316731859950345,0.06295623154425756
SH600019,har,153,0.19130354674425953,0.359438547271974,0.42433791837581436,-6.88895548979762,0.19106570623624264
SH600027,har,211,0.1119710911802587,0.2785763600615891,0.507127662965202,-8.284677021808696,0.14504064606951284
SH600028,har,226,0.08168862097535094,0.22823457273915018,0.5970293640464276,-8.19114441438658,0.5492829996021424
SH600029,har,226,0.12814758489970976,0.29290158938075106,0.4526945856349398,-6.878191601282573,0.2634895793324957
SH600030,har,226,0.09563697176163437,0.25282238883678626,0.5389066122673926,-7.600655920584163,0.29956542013125753
SH600031,har,226,0.08446861425998883,0.2372103568776853,0.3306327074431069,-7.436111836210548,0.1976229728022797
SH600036,har,226,0.10058760944416119,0.23881667062341033,0.17220119037359727,-8.12327421283088,-0.08684770031852018
SH600048,har,219,0.13542562064104896,0.29833203893725824,0.45055017568591504,-7.334571317851585,0.13774278325014966
SH600050,har,226,0.13951524577769475,0.3012879803837886,0.507432113776787,-6.8871058921389166,0.4754682444275281
SH600060,har,226,0.08631329587452245,0.24135232582531635,0.5933445958741375,-7.112181451999969,0.47220316639890214
SH600066,har,226,0.10901399062145894,0.26664508681110244,0.25065647952439984,-7.764147470051339,-0.08068207342107536
SH600068,har,226,0.08223093561510741,0.233378176527425,0.286110127840433,-6.885480536562559,0.2546830016050854
SH600085,har,226,0.11668010998712615,0.28199337292752097,0.4976976374709171,-7.351019031610624,0.07858780363595785
SH600089,har,226,0.10142957917946176,0.264014164555938,0.3748622252726883,-7.9336323633212595,-0.1801506684206029
SH600100,har,226,0.10611873050179516,0.2649828709312505,0.6131045587068614,-7.19352147932134,0.5186183103862578
SH600104,har,226,0.1007056570276625,0.26190995063025607,0.2763412139544853,-7.664594786513213,0.15366700334683603
SH600109,har,226,0.09285609955710303,0.2554220259469679,0.4742182132613718,-7.13903804671762,0.32897760920868835
SH600111,har,226,0.09581110906080723,0.25486251223063555,0.5956274404335256,-7.052175216861549,0.5423239155931259
SH600115,har,225,0.14294239348205937,0.3080250044724991,0.39932814882853684,-6.84784134262258,0.23281559842366262
SH600118,har,226,0.1055865249135793,0.2747365708301107,0.5967970813609348,-7.262953590797723,0.3939365533497252
SH600150,har,226,0.09528109154786552,0.24872541085745714,0.5321280723991315,-6.924350585610927,0.4052765399975644
SH600153,har,137,0.19336840549763254,0.35884470167635846,0.08211780718320627,-7.805282060337009,-0.032450775350415295
SH600157,har,222,0.2329282960746035,0.41526558663019264,-0.15773331605860408,-7.049900993667483,-0.7567707532580739
SH600166,har,81,0.0808544727571649,0.22875465118911378,0.19995520857064553,-6.954664079947934,-0.7676290101895595
SH600170,har,215,0.1631296108653854,0.3053515651342781,0.15110846608680428,-7.306814985780572,-0.1156891933024109
SH600177,har,226,0.11976957119873147,0.28452731512127116,0.4940938568884983,-7.98741178928946,0.18216299715612516
SH600188,har,226,0.09433225472776524,0.24931986566691272,0.39275818558187003,-6.375778808351196,0.2711042015216323
SH600196,har,225,0.05925641134426274,0.20331230149955112,0.3504224774325446,-7.7515230275011895,0.06113815410941825
SH600208,har,225,0.13809964740210878,0.304020919556537,-0.1665052922973227,-7.1058170567247885,-0.4165329950317955
SH600221,har,226,0.13679437121904214,0.3047957384907604,0.40042033779627584,-7.785573963476108,0.12916877940015115
SH600252,har,225,0.12410211400303223,0.29366952562782167,0.48434285782362374,-7.641513826978466,-0.05143506975612255
SH600256,har,226,0.12251517440551811,0.28718898721768465,0.39236919037130547,-7.466577086771684,0.19968707695893106
SH600271,har,174,0.09506165135557375,0.2546579242631045,0.5191414086386719,-7.763186831935084,0.38028854558340286
SH600276,har,225,0.07133361716731407,0.20711709450009927,0.18661031327197342,-7.9410125545395704,-0.902144997903155
SH600309,har,226,0.06932006437229758,0.2083077998863855,0.13980701519692829,-7.012006020119221,-0.03561005336066847
SH600315,har,83,0.1446223925425746,0.33560611596906126,-0.10363929142405315,-7.4572021554843335,-2.076890437838595
SH600332,har,226,0.0726110539302714,0.21973555185942092,0.5885429696324891,-7.5612169727075145,0.46781356818847086
SH600340,har,226,0.0860618821304152,0.23613988168535152,0.3995471590079366,-7.34550064392096,-0.059911375312795334
SH600352,har,212,0.09647058019152614,0.2544098624448543,0.5964920782415482,-7.3063861514320845,0.5353775671800616
SH600362,har,226,0.10102578782646034,0.2519055263538191,0.5560816935988255,-6.955391836292448,0.49506298525775083
SH600369,har,224,0.17193837681251398,0.33913076717600515,0.2628768662005062,-7.5357854269711835,-0.16606498893793908
SH600372,har,226,0.14932734375570242,0.3235997447822805,0.42691061188925195,-7.0217959811391975,0.11422490792802353
SH600383,har,225,0.15127627333963917,0.30641996928770876,0.42379063721497523,-7.035012642788735,0.041876109029366004
SH600406,har,224,0.07735555253811295,0.2230525939576169,0.4654256335514465,-7.042296071492487,-0.03205069538823957
SH600415,har,226,0.07389653416765211,0.22048766884173768,0.33209517964614677,-7.0285790586634525,-0.012971032052407017
SH600489,har,220,0.08582222051785768,0.22871223015324546,0.4138271092140082,-6.793814547286264,0.3673517411549644
SH600518,har,224,0.09974874525922098,0.26104035710237133,0.38736744732409156,-7.570859270969657,0.08036121311979028
SH600519,har,226,0.08244482401291921,0.23596280806636727,0.27146381701879185,-7.733608341857118,0.2600364160667129
SH600535,har,226,0.09603911820925598,0.25243374549988834,0.1611424553986167,-7.450187012268882,-0.15560695403237945
SH600547,har,226,0.07448094026117592,0.21673428201022138,0.5284196297911649,-6.617637160491254,0.49435890948291794
SH600549,har,226,0.07051653717190533,0.21791632816578027,0.5454580004604948,-6.265238504815831,0.5437935270522198
SH600583,har,226,0.08195258791692792,0.22515515326554425,0.49170453351061005,-7.5330143207236695,0.22888709225738446
SH600585,har,226,0.07812535890420072,0.2281613308560204,0.29555547861454357,-7.5099692049144,0.22992024387247645
SH600588,har,226,0.06905256702021687,0.21475028361029705,0.4719588905911546,-6.601200383948829,0.28968055959859085
SH600600,har,206,0.09345694289195466,0.24506582297909976,0.21451910964554843,-7.848187102703592,0.01496190110229445
SH600637,har,224,0.16176565061792214,0.34867231990951314,0.15326435956048556,-7.565505524705762,-0.5172538113976677
SH600642,har,206,0.0808516675075203,0.22523573041253686,0.4821230827243309,-8.155024231689573,-0.013485369985892559
SH600648,har,226,0.10237804341578191,0.2639793586998232,0.46242308662224574,-7.065200802955089,0.4541073669349629
SH600649,har,121,0.2604408335596826,0.36625667845779486,0.03230240111261751,-6.568313688913416,-0.3575916232912437
SH600660,har,226,0.08894651576656505,0.24102094312167804,0.22243350400401407,-7.662142120939917,-0.008630588660390792
SH600663,har,125,0.19110497968872453,0.34686585228865957,0.07673155790503094,-6.655513269467942,-0.09016099166805125
SH600674,har,226,0.1035405297293484,0.2762772020169709,0.25135372344810203,-8.01541743159688,-0.39219370822736166
SH600688,har,226,0.11895214645951764,0.28103274146648544,0.5253942143458238,-7.166908619257311,0.43347021751619574
SH600690,har,206,0.17309737545585718,0.35249529571875177,0.20755464380033584,-7.495247189877124,0.2299047473912299
SH600703,har,225,0.10807453978669261,0.2763563563798967,0.3581551705905881,-7.300014806519077,0.02740191127449465
SH600717,har,83,0.10764287012065994,0.2751265619682106,0.32694422083112307,-7.397669773846401,-0.5521552357697421
SH600718,har,226,0.08070966325718472,0.2289056669946665,0.7193736212441746,-6.883475749664172,0.6263436068821138
SH600739,har,215,0.11068150521477275,0.26555971773506254,0.2226759207546689,-7.129848613552261,-0.07721604097580381
SH600741,har,226,0.11736071539763514,0.28021643153966297,0.28858494434822857,-7.491133311644,0.09200358238833617
SH600783,har,226,0.07703031708741576,0.22705607160757704,0.4407782265519844,-6.688048894918764,-0.035875159200409845
SH600795,har,226,0.11435171256297201,0.2758870543168785,0.48574634779269577,-8.202508466451128,0.22566492484853073
SH600804,har,226,0.07367779704562966,0.22484118194632674,0.4028087696958469,-6.97703772726036,-0.034743095528059875
SH600827,har,226,0.13451993679918062,0.30892058387506705,0.4894079577228714,-7.429030363215075,0.3415121990790826
SH600837,har,226,0.08053354870248006,0.2293299783758021,0.5743610421192145,-7.7433535164744,0.32074322375114284
SH600839,har,226,0.1278255344986808,0.29351549546870453,0.519319347680469,-6.938836382646621,0.4323915283004369
SH600863,har,196,0.0904149481573544,0.24845469111014068,0.5406540074969285,-7.929478331297826,0.14883125384801377
SH600873,har,148,0.1408911710745465,0.3064608873650085,0.049799384216644094,-7.456824752891618,0.12441034928037731
SH600875,har,210,0.1086901289019382,0.27210158870094237,0.5357801266462876,-7.807084017751426,0.19204140121130742
SH600886,har,226,0.1050081167956974,0.2631170485725463,0.24871367133244804,-7.903309658400577,-0.1475871911951756
SH600887,har,206,0.13487778766596495,0.30553731294782493,-0.053348332697712664,-7.184050165112164,-0.1841645749648373
SH600893,har,206,0.2410078316009752,0.40552716029384916,0.11578916747366341,-6.898760151249186,-0.6088566469220447
SH600900,har,226,0.09642186286137612,0.25536344519870297,0.25720637432394133,-8.537385492682867,-0.07478602909067189
SH600999,har,226,0.08072635348648399,0.2310034616984662,0.4694524340280053,-7.238486565298362,0.21866717322620277
SH601006,har,226,0.10711037584803948,0.2673565386230937,0.4559292740482166,-8.204436923683302,0.2721528689041277
SH601009,har,226,0.0985421812491698,0.24781460263520239,0.2791526193653502,-7.639526279145724,0.05225411941390368
SH601018,har,194,0.12287368996400971,0.2795154477186085,0.15812764117128308,-7.648510167607846,0.06579633055639833
SH601088,har,226,0.11822154736109018,0.26601857383631994,0.2987337113815567,-7.512189273566936,0.19904584956391103
SH601098,har,206,0.0839368906255621,0.23264679267145705,0.49641872985854496,-7.444262673244811,0.3236186232308971
SH601099,har,220,0.09839758757017403,0.2526126610567086,0.3083939546125055,-7.090170201854781,-0.08312200084807397
SH601106,har,199,0.1647777001232596,0.29550441376470593,0.1688789814477426,-6.328893382004693,0.03428960592274144
SH601111,har,226,0.13362005418705675,0.3078822047830839,0.3879678553464606,-6.937203766854951,0.11965289982061833
SH601117,har,208,0.10358927702403123,0.26548814940035415,0.4549073939293786,-7.613827128731014,0.19201438896074974
SH601118,har,222,0.08837094106265737,0.23103510667371802,0.46980040000696677,-6.853586205885396,0.39585133245479787
SH601158,har,83,0.08791984372042543,0.25384569343702834,0.46965117370655096,-7.020303390623733,0.29392683977156586
SH601166,har,221,0.11278690870649752,0.26989340741062895,0.35616124571859276,-8.779861669375736,0.1293326480125142
SH601169,har,226,0.11069806443414118,0.267296912396193,0.38023621428490706,-8.260697216765287,0.06470154068265122
SH601179,har,206,0.09707664374661987,0.2546018207579141,0.44978023693180036,-7.557338139773633,0.09183239755923556
SH601186,har,226,0.16876897146564138,0.3357596703853038,0.379582667001952,-6.91623726449142,0.31504396370204
SH601216,har,223,0.1846822086356034,0.3559723903333189,-0.048259837621370094,-6.71207216110295,-0.15991663332096584
SH601258,har,223,0.10714115546088197,0.265098298260753,0.4559382898876706,-7.787204052727205,0.029019374334098402
SH601288,har,226,0.09104383456321347,0.24036150540011447,0.2891126914044211,-9.155100877253956,-0.06414295246637858
SH601318,har,226,0.10796451188025832,0.2615593625797199,0.39633281398397113,-8.424708409260166,0.08653605199026648
SH601328,har,226,0.09772893965181863,0.24371525808262473,0.3013069007854744,-8.536596095771452,-0.03854128690368963
SH601333,har,226,0.10480081806542757,0.2620702525316132,0.4297677758630476,-7.386989839428536,0.20891669852858652
SH601336,har,226,0.09867962862666159,0.23769201443522836,0.44070267454967227,-7.319702732357524,0.13572637399117926
SH601377,har,222,0.08838205536884951,0.25101397358386957,0.5223867226911001,-7.355655631455857,0.28487771721211763
SH601390,har,226,0.1612555167653208,0.31264844882568554,0.3577267665484448,-6.843536296194444,0.18628562423513062
SH601398,har,226,0.10036973752182021,0.2552725546913267,0.18189757464882672,-8.98143063713553,-0.12332064531901277
SH601555,har,224,0.07202698432234349,0.22515934078113994,0.5129105452857246,-6.934755938377888,0.38453113604169187
SH601600,har,226,0.11436744708770163,0.27879551618177223,0.5761214545186906,-7.152581976374995,0.42185617742105774
SH601601,har,226,0.14649074676984625,0.30786574160669494,0.2588453022751882,-7.899706865435326,-0.06952209866852277
SH601607,har,226,0.08030334471501113,0.22825498017038579,0.40595275837986766,-7.528372902512821,0.21668710163176352
SH601618,har,226,0.10418954845978659,0.26379690404112077,0.40051075118037704,-6.838807036324659,0.09913560633389884
SH601628,har,226,0.08478901145165367,0.22596613778154517,0.5117225432708776,-7.582828535441657,0.3215992595754664
SH601633,har,226,0.14152886061017453,0.3090086470549248,0.06309787164059266,-7.19249104069686,-0.16437368554191667
SH601668,har,226,0.1263608324153567,0.2849363813167268,0.5313399444865485,-7.242853795404276,0.5036362316782124
SH601669,har,217,0.12301951860566936,0.28665610518823376,0.34951980526229853,-6.964281399556902,0.21535834038815294
SH601688,har,226,0.06809034823097326,0.2109038402622393,0.5056793506202227,-6.8900794154568885,0.38113765516271436
SH601699,har,64,0.1554629465613635,0.32954446359768796,0.30576118115458617,-5.768726984544529,-0.1820771092214606
SH601727,har,140,0.14309911959591995,0.2985581519516399,0.3234839740410913,-6.95432775099731,-0.2399804065609834
SH601766,har,216,0.14320712204442845,0.31604236605190295,0.3955587081855261,-7.608623420988385,0.18075655617200292
SH601788,har,226,0.09135148307518637,0.24585792737495676,0.5489093680751034,-7.281314870748987,0.3593818455063167
SH601800,har,226,0.15044512255484926,0.3152460202518867,0.19747452016553024,-6.594836965299393,-0.004159362620125062
SH601808,har,211,0.12265589101537394,0.27891277451792096,0.47203190607011736,-7.828769534195382,0.1939092952361915
SH601818,har,225,0.09113087226005265,0.2366388441395947,0.24273050056681478,-8.171407266898632,-0.14747476986471808
SH601857,har,226,0.0907343360092304,0.2450696160896832,0.6625338006015606,-8.725879142181848,0.5539352133888089
SH601866,har,221,0.11712366846931897,0.2767404818656056,0.5404263152969409,-7.06567351639544,0.22505837551216112
SH601888,har,226,0.08568897451433162,0.2436222655465865,0.45711890234619024,-7.927297149941799,-0.22801162421866406
SH601898,har,211,0.12367341206809461,0.2902977491101019,0.3245107520798213,-6.912110691378626,0.10326255259630623
SH601899,har,224,0.1349168680239478,0.28757019443565535,0.3745112824491589,-7.35454523537049,0.26455532962321915
SH601901,har,226,0.08965091975706758,0.24086548427922927,0.5242324686492932,-7.225112906311706,0.3635153764401601
SH601928,har,226,0.07666237150503119,0.22905574978077545,0.6318921712186512,-7.671516563774074,0.39732939208524276
SH601933,har,226,0.10473095673271238,0.2617630781990591,0.38093877519299135,-7.385045203984992,0.20129924868904558
SH601939,har,226,0.09949521082701708,0.2485101743099994,0.3120904708212474,-8.62542675058223,0.08126195200418629
SH601958,har,226,0.08828983818969455,0.2437505457961016,0.6030166006501736,-7.047159043164478,0.5068026520188247
SH601988,har,226,0.0881683317592298,0.23914728981311115,0.36961695073073564,-8.730110799156549,-0.08889494382035346
SH601989,har,211,0.1273601491367936,0.3002579705038315,0.46986137349824686,-6.9391489013523024,0.34032187743621345
SH601991,har,201,0.09015891907291762,0.23920065620452027,0.5602304094679811,-8.077649998402718,-0.005913085415455432
SH601992,har,203,0.09664475020319264,0.26192352733711277,0.2504301779526439,-7.213825802296187,-0.3772564033315813
SH601998,har,226,0.11294365955085062,0.27247982605719956,0.3980620242240177,-7.586949224013122,0.15547744168082878
SH603993,har,207,0.17272315344511904,0.31633942699447454,0.404893099572153,-6.805524800574617,0.2817728621526039
SZ000001,har,226,0.11629746229549645,0.2767144923179886,0.4178886042904443,-8.736170250385706,0.12652994805906492
SZ000002,har,123,0.13091604707286306,0.2898068780122294,-0.12787712528146788,-6.331866034444995,-0.006511482565010995
SZ000009,har,226,0.0812075070561878,0.23874669899197576,0.49237093402800103,-6.7684644605037665,0.3027666175338686
SZ000027,har,226,0.08915093272138964,0.24663535274019485,0.5070576193665806,-7.815889486255219,-0.0436942866251917
SZ000039,har,226,0.10806811410502376,0.2646626614252427,0.41413667073014726,-7.464870789098438,-0.06562471530517455
SZ000046,har,204,0.09137156429424668,0.25196234373043536,0.3786607920456485,-7.3049757142790375,0.07191151961012476
SZ000060,har,226,0.0927711101109238,0.24620928523057453,0.47342746198131713,-6.636934544947104,0.2511559268210726
SZ000061,har,226,0.13173330648903658,0.306795832168029,0.35818243378933157,-7.461363380862966,-0.10000002079486037
SZ000063,har,208,0.07918307147809255,0.23309856883621446,0.4153186097248315,-7.552123397923647,0.11756317750669998
SZ000069,har,226,0.11593450456295677,0.28671618352383504,0.35309535639006273,-7.527468442986475,0.00349053780323072
SZ000100,har,136,0.08057497689101474,0.2306230524510626,0.24842221044533785,-7.538206738472488,-0.5247957525034015
SZ000156,har,226,0.13096815474071594,0.29337359823807274,0.4853474263900096,-7.161494449467446,0.2796109703216785
SZ000157,har,226,0.11313557680407872,0.2591214721879452,0.28056977591235877,-7.7812540405617225,0.1992951804573263
SZ000166,har,218,0.11295933180483268,0.26889743255734017,0.2789111819029805,-7.626565011187256,-0.06775106384672203
SZ000333,har,216,0.10099272806556298,0.24735092541052242,0.4323561689662746,-7.162774615979488,0.36365988584429876
SZ000338,har,224,0.09297600427231686,0.24198757609857488,0.09710978004132953,-7.38481213120855,-0.06906580781807259
SZ000400,har,83,0.07433523753309187,0.21420479158889275,0.15114797058485618,-6.382050661912748,-0.40482465882152563
SZ000402,har,226,0.10839899892879593,0.264353717625253,0.37885985987082493,-6.866961582717335,0.0980559430547947
SZ000423,har,226,0.07047876019859531,0.22156134083832799,0.2603076487866053,-7.500090282637242,0.02357500808392432
SZ000425,har,216,0.09563683351873058,0.2572347370265143,0.544283370386604,-7.452795670913188,0.4521636519179092
SZ000503,har,210,0.1039489208858084,0.26337051083438956,0.3206577416699956,-6.308817302706995,0.16585020015430785
SZ000538,har,115,0.1360114999513602,0.2619887420287405,-0.16690821646079468,-7.403642180466111,-0.6742929310678467
SZ000539,har,83,0.0911650497169593,0.24788300142484468,0.5062379332749305,-7.285879614276301,-0.6380940884305275
SZ000559,har,226,0.10001766589104442,0.2634221751403569,0.6150769030267063,-7.217116570105751,0.4809245681463654
SZ000568,har,208,0.06967741439421203,0.2124794572799815,0.3289302334017713,-7.00655385330982,0.22447422132767614
SZ000581,har,83,0.08718535267159498,0.23384943645845838,0.16362594957827203,-6.890020348253177,-0.47941561374763264
SZ000623,har,225,0.09632199234026283,0.2376811649132747,0.48684970412530626,-7.571373826696551,0.3225035823816501
SZ000625,har,212,0.13010538515741485,0.301955915694678,0.33003111835242915,-7.519978863648997,0.05335271217228266
SZ000629,har,77,0.07662412549024955,0.21688645203372214,0.4992487997871333,-6.3064535294839255,-0.32864907014103273
SZ000630,har,226,0.14536866445926688,0.3155841271457045,0.3720018727631418,-7.162641400323467,0.2660531490568361
SZ000651,har,90,0.4006222998263205,0.41105826693511516,-0.019276105580788183,-6.618029146127212,-0.10061045929662193
SZ000686,har,220,0.09635236960503443,0.25419875446975476,0.5021744831724675,-7.164623176157435,0.31191676340304153
SZ000709,har,226,0.11790196057712059,0.28206803913166956,0.4499658090882609,-7.120256129684794,-0.058337577568387866
SZ000725,har,226,0.10589617397442791,0.26453182664589253,0.2502211827272347,-7.742639495567155,0.03185241659669402
SZ000728,har,206,0.09128346171309991,0.24115177738829754,0.19823454863397127,-6.680899632642883,-0.059617041202817855
SZ000729,har,206,0.0987184104505645,0.2556752054863885,0.48537942095493225,-7.6292410019512,0.38176571885739674
SZ000738,har,226,0.15966544213272035,0.3339641770640003,0.2922442009080338,-6.705218370603789,-0.13270902298637144
SZ000750,har,207,0.08169719786674697,0.24233501820106867,0.6018099386075292,-7.049981453477806,0.5095381937760657
SZ000768,har,226,0.08644255131822219,0.24100128893729603,0.4473693411854557,-6.760636127619885,0.17192839946452687
SZ000776,har,226,0.08017926431009349,0.2361908221445859,0.5117096767452384,-7.397049244237827,0.2681067209159035
SZ000778,har,226,0.09844252832588,0.2507571274066376,0.5623303933659092,-7.223595998195344,0.33446796597951534
SZ000783,har,226,0.10043678317707562,0.2678016676390511,0.3947265492140203,-7.11225191672862,0.2619004655565791
SZ000792,har,226,0.09277321121016271,0.2460448825242532,0.4927933500175352,-7.085928459929716,0.30542980358738403
SZ000793,har,226,0.07810912912124941,0.21932260093873024,0.4700343048684955,-6.586260839444422,0.2132038030674086
SZ000800,har,226,0.11213247522960341,0.2785198138444298,0.274118250004848,-7.143451143314766,-0.036233740861670416
SZ000825,har,206,0.12183787028603738,0.2697869475017556,0.32773724202174703,-7.084029566880323,0.030930275353221237
SZ000839,har,138,0.06199832654966711,0.1941794217268284,0.5685178676394782,-6.420905860338575,0.6263924017686534
SZ000858,har,226,0.0780726843316773,0.22533805196971377,0.3661601977902508,-7.290451480187222,0.2876519076493891
SZ000876,har,194,0.12665610470333932,0.29397801239801186,0.346857474572722,-7.9427554937048725,0.29427504136195637
SZ000883,har,206,0.13624042992905275,0.3178150700188748,0.28758487490347673,-7.909334409884588,-0.3446442566876755
SZ000895,har,226,0.09896766162185494,0.25850126576685684,0.2969297025191888,-7.459877403412743,0.2350681252422695
SZ000898,har,210,0.15464529957961118,0.3233960692666012,0.28271933797632776,-6.8576167071107,-0.006606320100515761
SZ000917,har,181,0.10868458668162308,0.2719763190254754,0.6353987185250269,-7.074655615727889,0.47517431362403184
SZ000937,har,83,0.15465943070789404,0.313035877051121,-0.00946365114873493,-5.921478987518477,-0.12066720351936899
SZ000963,har,226,0.15178693237011118,0.3322599978950597,-0.28676641196021535,-7.735574885079089,-0.9225636684544114
SZ000983,har,103,0.10203562279705282,0.26186070964074853,0.3871466779992254,-5.9771856654751385,0.13559651848196774
SZ000999,har,206,0.05983636544169645,0.19483985381600727,0.33506662355957073,-7.370193766911421,0.11674322797380243
SZ001979,har,226,0.0929790511494936,0.23487301944816374,0.43901831761304866,-7.085973853974244,0.023243278723404148
SZ002007,har,226,0.069086618088761,0.21655988612162938,0.6500148340312935,-7.044523248418327,0.5485471736506937
SZ002024,har,226,0.09805467078557582,0.2596380728224335,0.4310687533945533,-7.447267236575877,0.2044421712315585
SZ002038,har,83,0.07323198177171948,0.21562819511696593,-0.1633011751618776,-6.4285260210711614,-0.2720014045803434
SZ002081,har,226,0.11218851377833801,0.2684296901245366,0.2767884756115906,-6.8831865689009675,0.11449151146474101
SZ002142,har,225,0.08663892442650874,0.23173561255145028,0.19939527145990144,-7.412786447720884,-0.15477096402240997
SZ002146,har,226,0.07942242115177922,0.23339469192106957,0.32266057528185743,-7.149328499175228,-0.17256870792302004
SZ002202,har,226,0.10919552710668635,0.2662033894349919,0.45065835336541904,-7.247666871721573,0.08624370714991625
SZ002236,har,226,0.08058335150693141,0.22288617236516858,0.4724345774679217,-7.137861383988622,0.307814197172396
SZ002241,har,226,0.05613938385754835,0.19366557591858635,0.6360558963023749,-6.955449013601824,0.510081720214953
SZ002294,har,211,0.08197531859604928,0.23327891550000837,0.30762340627523854,-7.614964598217424,-0.26152011472516556
SZ002304,har,226,0.11766480999397062,0.2722689523612657,0.3896037002570981,-7.556781799904711,0.27448999780478567
SZ002353,har,66,0.11289898894437539,0.27923045784257317,-0.2424915043028284,-5.898538219263893,-0.18068680420526495
SZ002375,har,83,0.07959907706493492,0.23546028230349528,0.3509634208266006,-6.378490675966719,0.16721915832651846
SZ002385,har,226,0.1428192911603364,0.31258810611987264,0.5028294866214209,-7.446311284415942,0.3966465422019656
SZ002399,har,206,0.08504922428922673,0.23709000620926612,0.448570357539652,-7.619936209888873,-0.06525930161130478
SZ002415,har,226,0.07809088733270843,0.23039938218127107,0.263929954924352,-7.368833948543297,-0.10989052536071164
SZ002422,har,211,0.0779338759890911,0.22018990554004458,0.12598887013257587,-7.479132876063058,-0.41954128870673335
SZ002450,har,208,0.09226594384484227,0.2482924260717958,0.390038049513871,-7.168565113326206,0.2345723219009399
SZ002500,har,226,0.08548320033187187,0.23795531192083394,0.5941131336016472,-6.7816884632532854,0.5443130160485332
SZ002594,har,226,0.11427045059968777,0.2752631404225744,0.5355396400060517,-7.580690559185961,0.3402788782972178
SZ002673,har,218,0.0719792039928168,0.2204739193896639,0.6508089509250249,-6.896817320243329,0.5468504306877467
SZ300003,har,200,0.08060127382552461,0.23269760435609455,0.5042248486805134,-7.310053517776455,0.3305407593099505
SH600000,har_x,226,0.09504220315515642,0.24529173761420234,0.6294530535900945,-8.397585794888268,0.42125914623097016
SH600008,har_x,226,0.08674488284081092,0.2404290358416062,0.43025488350463703,-7.517098634391409,0.13531776699707776
SH600009,har_x,226,0.08533941140473258,0.23486926659895419,0.49049812973485796,-8.150147347550188,0.3056839457134235
SH600010,har_x,226,0.12592357466906312,0.2954628696479104,0.4581145608865287,-7.475479760967573,0.1462274952951358
SH600011,har_x,211,0.11343439017519891,0.28111251818662636,0.4201237984404085,-8.239898883828353,0.16809248488349293
SH600015,har_x,226,0.11318454714844646,0.2700454307587928,0.46755717121347107,-8.385064328969799,0.24649089373725253
SH600016,har_x,226,0.15946038426112524,0.3305149169106282,0.3340952821271832,-8.348434024909157,0.21677044677169088
SH600018,har_x,226,0.12831227129556574,0.2943646218646479,0.39775706659358123,-7.9323337074946965,0.0632050736835813
SH600019,har_x,153,0.1849502335549511,0.3561158166329513,0.4434560244329747,-6.931313931347832,0.21340763526191142
SH600027,har_x,211,0.11225048697857283,0.2796795361873096,0.5058978235609302,-8.284520841194203,0.14424954417807556
SH600028,har_x,226,0.08144766482971894,0.2283754320458489,0.5982180026852357,-8.191230593185063,0.550636754540228
SH600029,har_x,226,0.1262934868923211,0.291547284979192,0.46061325128128383,-6.887869307190193,0.2739306557756166
SH600030,har_x,226,0.09812799999393047,0.2563839523206142,0.5268966476542329,-7.599272495468062,0.2799619819147299
SH600031,har_x,226,0.0840382114391571,0.236885295546935,0.3340434129863782,-7.437523305345332,0.20017422620058467
SH600036,har_x,226,0.10063570012157778,0.23910735113385018,0.17180542189137993,-8.123478781080454,-0.08746219734362337
SH600048,har_x,219,0.13592131875638716,0.2994361687892502,0.44853902564579606,-7.3346617144097594,0.13380138315165324
SH600050,har_x,226,0.138427299266238,0.3000751085920273,0.5112731815431446,-6.89199261830863,0.4803251420381417
SH600060,har_x,226,0.08832718563618379,0.24347756250259756,0.5838563803379831,-7.104888923703161,0.47390146881846407
SH600066,har_x,226,0.10999499181259323,0.26843725844346666,0.24391324517471058,-7.762833552455711,-0.08895478775448873
SH600068,har_x,226,0.08233233849832196,0.23407602843145886,0.2852297962378174,-6.884772523204551,0.25760923842924477
SH600085,har_x,226,0.11631547435056681,0.2816169869570405,0.49926737666405174,-7.350719703178133,0.0840563992986123
SH600089,har_x,226,0.10134719564792279,0.26388661425550014,0.37536997713360587,-7.9336183669926035,-0.17877228702242265
SH600100,har_x,226,0.10634090508328625,0.2653850982498639,0.6122945383424672,-7.1939236607787835,0.5168042993672564
SH600104,har_x,226,0.10107552922327596,0.2624307999651399,0.2736833566704987,-7.664404892609797,0.15012490933809886
SH600109,har_x,226,0.09421948273000906,0.25738932233546863,0.4664982891629115,-7.138644060520681,0.3163397109335093
SH600111,har_x,226,0.09696433140125348,0.2560809461292589,0.5907602441957749,-7.051276036215383,0.5345381909530703
SH600115,har_x,225,0.14180178201842147,0.3067950874400144,0.40412122093710456,-6.857054373576678,0.23564934890732192
SH600118,har_x,226,0.10647245502107713,0.275677219662568,0.5934139829461917,-7.261502460077607,0.39168351866003426
SH600150,har_x,226,0.09515958956677503,0.24800013015261357,0.5327247003887634,-6.925154043319466,0.40838468240717163
SH600153,har_x,137,0.19824025722292166,0.3626783735173836,0.05899207507004878,-7.813943978440516,-0.03895190180345187
SH600157,har_x,222,0.19408610412355576,0.37313068489368095,0.03532566581824104,-7.120428957474211,-0.4803990424708875
SH600166,har_x,81,0.08094459732066353,0.230464410297009,0.1990634374026673,-6.955048878475176,-0.7174127585765042
SH600170,har_x,215,0.16098133396495057,0.3032484087033996,0.16228763866991847,-7.322040762879203,-0.08806117600959773
SH600177,har_x,226,0.12095230392942183,0.28672585828186786,0.4890979990247136,-7.986916684983877,0.17353100732988902
SH600188,har_x,226,0.09266290577749048,0.24848621858626646,0.4035042287925119,-6.379675211439406,0.2751284346624202
SH600196,har_x,225,0.059363234814160386,0.20372484000833002,0.34925146279709807,-7.751522369655675,0.06242139387426049
SH600208,har_x,225,0.13282037945460906,0.3020085049269894,-0.12191217337151694,-7.134515255360821,-0.39558351192535124
SH600221,har_x,226,0.1367620709526484,0.30564800918016677,0.4005619122093228,-7.788179179883421,0.1290348806437277
SH600252,har_x,225,0.12422927689404618,0.2941361603316519,0.48381448283583306,-7.643343237402522,-0.057264280271284385
SH600256,har_x,226,0.1241186279024182,0.289103589074821,0.3844166428501431,-7.4666057582973595,0.18274195957548267
SH600271,har_x,174,0.09505993809634637,0.2546031083909048,0.5191500749663336,-7.7631723395986,0.3804598406508847
SH600276,har_x,225,0.07147525385848293,0.20735788974260644,0.18499528478422955,-7.940642836704881,-0.9035719535984679
SH600309,har_x,226,0.06928814733827496,0.20824274308079996,0.1402030738130099,-7.0120863472820565,-0.03576384209278172
SH600315,har_x,83,0.1404363265382857,0.3281366562849268,-0.07169467456627476,-7.46819881944614,-2.0537690984791994
SH600332,har_x,226,0.07259368349592868,0.2210303771146508,0.58864140075205,-7.561618465948157,0.4682082636156323
SH600340,har_x,226,0.08642196333325129,0.23709918332202998,0.3970348762658147,-7.344511193630347,-0.06215596870408979
SH600352,har_x,212,0.09641112744310934,0.2540890674148213,0.5967407515148806,-7.306611138900054,0.5350524796772125
SH600362,har_x,226,0.0978540895851756,0.2486995010657445,0.5700184808486838,-6.968067602040468,0.5100897937847582
SH600369,har_x,224,0.17571938202755527,0.34244030402529957,0.24666718419296607,-7.5317921362741815,-0.1946832493323074
SH600372,har_x,226,0.14884000090189214,0.3235310852470494,0.4287809392577425,-7.017905051388067,0.131423579402403
SH600383,har_x,225,0.1509027082942377,0.3060374452390754,0.4252135416269994,-7.036844241626723,0.043623520196252596
SH600406,har_x,224,0.07828734158726791,0.22368146061668756,0.45898639907800265,-7.038077975440748,-0.0330943837675155
SH600415,har_x,226,0.0732458779543867,0.22010100507768712,0.337976056552325,-7.0305137249051235,0.0021748025467845933
SH600489,har_x,220,0.08603452928284008,0.23219816232460275,0.41237702272407584,-6.795875544003095,0.3606043056451228
SH600518,har_x,224,0.09912932032959405,0.2595314013590643,0.3911718047106659,-7.573456476283596,0.081093378809169
SH600519,har_x,226,0.08231786835584101,0.23578314343967677,0.2725856799243531,-7.734140794612484,0.26198965469997426
SH600535,har_x,226,0.09623071472895812,0.2530590478356192,0.15946894788346722,-7.449815040960965,-0.16331049987323953
SH600547,har_x,226,0.08527950766156284,0.2319090150900227,0.4600478773059993,-6.5964498535016,0.4123601735986546
SH600549,har_x,226,0.07063427279799564,0.21866870912193817,0.5446990893022559,-6.2652263653730635,0.5424425933038973
SH600583,har_x,226,0.08232896735426116,0.22602404476379453,0.48937011105319794,-7.534165906761082,0.21959434186311222
SH600585,har_x,226,0.07793763444664582,0.22790148943097407,0.2972481615987813,-7.510270597697524,0.23240625347669086
SH600588,har_x,226,0.06838163223801036,0.21369762722183755,0.4770894912628657,-6.6037078796475885,0.2896206979498741
SH600600,har_x,206,0.09359627559037352,0.2445788091901029,0.2133480551618161,-7.849258534230038,0.011644895562509028
SH600637,har_x,224,0.15269152659703655,0.3380210079149917,0.20076136640280773,-7.576640625158241,-0.42553857634865366
SH600642,har_x,206,0.08083227074639866,0.22540080734402496,0.4822473242540912,-8.155474602573971,-0.012675533478290424
SH600648,har_x,226,0.10294584561980213,0.2648825307078091,0.4594416137784384,-7.062074899333663,0.4571782340441446
SH600649,har_x,121,0.258338117031052,0.36219109052590487,0.04011528401613662,-6.587498520301802,-0.35080139990824
SH600660,har_x,226,0.08892771565617742,0.24096618442834147,0.22259785373522567,-7.662270601225558,-0.00828879029420393
SH600663,har_x,125,0.1838248325627626,0.34084916508317575,0.11190348333657762,-6.682027478881625,-0.061141516530668794
SH600674,har_x,226,0.10515247098471427,0.27923716961744666,0.2396986370582166,-8.01513089648343,-0.42863510219664525
SH600688,har_x,226,0.117511849577834,0.2785353999224975,0.5311408381222964,-7.1696606515715855,0.43482477443829237
SH600690,har_x,206,0.17730342715891287,0.35737902761917517,0.18829920372653663,-7.49291105047925,0.21042052345865758
SH600703,har_x,225,0.10828425022143809,0.27693553121443143,0.35690971945584116,-7.299823697175514,0.02792414153625422
SH600717,har_x,83,0.10728739712761523,0.2746989366820217,0.3291668775852492,-7.398636763697899,-0.5505244105366014
SH600718,har_x,226,0.08262904817877254,0.23138690655659847,0.7126999465161886,-6.8789217011825095,0.6250458363143121
SH600739,har_x,215,0.11072151635674718,0.2653524622486256,0.22239491966027214,-7.133470482597397,-0.0849001199329964
SH600741,har_x,226,0.11627044077028297,0.28035965132205876,0.2951939513065236,-7.494228669436943,0.09385028841269472
SH600783,har_x,226,0.0783801142974931,0.22740200155704343,0.4309790199777984,-6.6854725782868485,-0.04129230861421607
SH600795,har_x,226,0.11466883423562409,0.2771079220777635,0.48432021280354454,-8.205396061725295,0.22265915762635113
SH600804,har_x,226,0.0743105488649511,0.225668545531724,0.39768003549626507,-6.975486227729754,-0.03655284927186764
SH600827,har_x,226,0.1346446433136236,0.3095586634048792,0.4889346141025145,-7.430808990836175,0.33817982773189614
SH600837,har_x,226,0.08157025481029054,0.229567277062699,0.5688818037835579,-7.742898502794689,0.3086892098869828
SH600839,har_x,226,0.12650917732251066,0.29285966120543533,0.524269433972762,-6.944353403266721,0.4333243819264134
SH600863,har_x,196,0.09254658456579345,0.25214792996150054,0.5298243973312948,-7.927704309496509,0.12172458234906824
SH600873,har_x,148,0.13729360566332394,0.3075933368199927,0.07406214563024516,-7.506655457451083,0.13584741587890037
SH600875,har_x,210,0.10966038593823055,0.27242936462051026,0.5316361201660438,-7.808929413459268,0.1714980966337093
SH600886,har_x,226,0.10711816998324285,0.26724195057792094,0.23361718011883514,-7.902552142689935,-0.17950680411301656
SH600887,har_x,206,0.13373605894633162,0.30397654504634924,-0.04443183084792479,-7.184663409868081,-0.17797954485687018
SH600893,har_x,206,0.23890244067257688,0.402526525851744,0.12351343706783424,-6.894283669257376,-0.583047173457601
SH600900,har_x,226,0.09631664003221116,0.255083672319443,0.25801696690595455,-8.53841162706178,-0.07657700317499239
SH600999,har_x,226,0.08059822024873654,0.23007461552309447,0.4702945478417849,-7.238363012187974,0.2259579621139136
SH601006,har_x,226,0.10701795247916708,0.26719426372257776,0.45639874163246497,-8.204603366618855,0.27296357791456394
SH601009,har_x,226,0.0980983634689888,0.24705690885374315,0.2823991974323977,-7.640526323810096,0.05711424269224097
SH601018,har_x,194,0.12070210903025287,0.27649574286942474,0.17300628576659738,-7.653418348850003,0.09370184932861403
SH601088,har_x,226,0.11749577354627204,0.2649000297912618,0.3030388547404016,-7.5134173248364515,0.2017276384604627
SH601098,har_x,206,0.08386832994139061,0.23327440451684922,0.4968300612309551,-7.444290804234479,0.3267343364110432
SH601099,har_x,220,0.09882192256553027,0.2542739336785707,0.30541143588105235,-7.0900510943039174,-0.0903642125393036
SH601106,har_x,199,0.15812328558279745,0.29285866173932323,0.2024431335544945,-6.378080324566122,0.01575351454321816
SH601111,har_x,226,0.13259667680141993,0.30619351772458053,0.39265532430410977,-6.938118748198238,0.125004661233998
SH601117,har_x,208,0.10358274214302386,0.2655378522631894,0.45494178084104553,-7.614166908983742,0.19108605389181377
SH601118,har_x,222,0.08877583142346866,0.2322901800393637,0.4673711771791713,-6.854467422728962,0.39187559096795654
SH601158,har_x,83,0.08884506881035865,0.25572840965730287,0.4640700441260244,-7.016036838852394,0.3048571159248452
SH601166,har_x,221,0.11322009592545829,0.2702054910059362,0.3536884168892105,-8.778824673523847,0.12599167331498662
SH601169,har_x,226,0.11073831064001291,0.26698779598555566,0.3800108883856762,-8.260269689947002,0.06158641545412913
SH601179,har_x,206,0.09648329156420156,0.25463382272076013,0.4531432919842424,-7.559648578956603,0.09869036459616443
SH601186,har_x,226,0.16695876140203406,0.3341685487163417,0.3862372415370472,-6.924191797560944,0.320173754259512
SH601216,har_x,223,0.19252308082946468,0.3593720030575243,-0.09276478194421167,-6.677317826361075,-0.16752312223424348
SH601258,har_x,223,0.10719399707989241,0.2657444313596872,0.45566996067766485,-7.7794032431979145,0.04671761529110985
SH601288,har_x,226,0.09472683607583536,0.24510729787842,0.26035512593695,-9.151392024543412,-0.10438406380586418
SH601318,har_x,226,0.10801003702391532,0.2615279079190828,0.3960782670510412,-8.423987991997343,0.08567928356783638
SH601328,har_x,226,0.09706663180065232,0.24357536347542968,0.30604193553377057,-8.539563004655427,-0.030394803012181226
SH601333,har_x,226,0.10422831271108315,0.2630640006703654,0.4328828374395166,-7.387496789004722,0.21794028665141685
SH601336,har_x,226,0.09809524766796449,0.2373116653399112,0.44401483443304546,-7.324310803857166,0.15074968954343848
SH601377,har_x,222,0.08844858586484294,0.25173828048077557,0.5220271944124264,-7.356131969854513,0.2838528106896965
SH601390,har_x,226,0.16080231914694967,0.31328499454741954,0.359531831612776,-6.851561747027586,0.20064992037581375
SH601398,har_x,226,0.10015104541065505,0.25581613905679684,0.18368010941445256,-8.982704956099273,-0.11949585201740942
SH601555,har_x,224,0.07254165910562568,0.22541841588139983,0.5094300072359544,-6.933984884547381,0.38209311089166054
SH601600,har_x,226,0.11534090622044214,0.27946123804990186,0.5725135359039197,-7.150838773914348,0.41734233334289095
SH601601,har_x,226,0.1463173256760955,0.30728053649130355,0.25972270826261123,-7.8999122616679935,-0.06692599764750384
SH601607,har_x,226,0.08046419856834781,0.22844703002785746,0.4047628354916275,-7.527876085811144,0.21789417742012185
SH601618,har_x,226,0.10547356216266753,0.26740408620589745,0.39312275092897664,-6.833908333691035,0.10850650706308362
SH601628,har_x,226,0.08400849218328274,0.22548656516392918,0.516217346981445,-7.585417837538357,0.32872086008356516
SH601633,har_x,226,0.1401476653644042,0.3075724626054736,0.07224119943863383,-7.197109281473048,-0.15920226602700627
SH601668,har_x,226,0.12186907207292112,0.27953718535695277,0.5479994473657267,-7.255928814595171,0.5291929918601683
SH601669,har_x,217,0.12634274162229386,0.28968484479065937,0.3319478721291518,-6.955560467024421,0.19829158109795098
SH601688,har_x,226,0.06985890346002391,0.21159323933088536,0.49284003650300345,-6.884634840272305,0.37474010373835787
SH601699,har_x,64,0.15507490649850864,0.3294642795932804,0.30749402155713657,-5.770303202735,-0.18298381857933776
SH601727,har_x,140,0.14352592736684838,0.29988983446026024,0.3214661957497068,-6.953343792389522,-0.23475980666604834
SH601766,har_x,216,0.143384173328653,0.3165548755932085,0.39481141918602447,-7.609328840133485,0.17798699470779977
SH601788,har_x,226,0.09162345134713598,0.24773459575228093,0.547566397654401,-7.281846163079795,0.3529709158925476
SH601800,har_x,226,0.14905646321300633,0.31055395123787016,0.20488210165247944,-6.58651210084748,0.03124757477978457
SH601808,har_x,211,0.12266574275746253,0.2789289472032503,0.4719894995827538,-7.828836377328994,0.19378124136439845
SH601818,har_x,225,0.08982252571804353,0.23632439339337383,0.25360245763669886,-8.176641784372162,-0.12189872716014372
SH601857,har_x,226,0.09064367852474184,0.2448152962856405,0.6628709809688063,-8.726029934730844,0.554917493852319
SH601866,har_x,221,0.1182180633733088,0.2793637882259978,0.5361320927446597,-7.064145919902668,0.2217610826639137
SH601888,har_x,226,0.08562866474020663,0.24305815786933826,0.4575009939345398,-7.9270967820948925,-0.22090891983296546
SH601898,har_x,211,0.12327110930064848,0.2895546049231401,0.3267080812330654,-6.912636646149373,0.10178332092733089
SH601899,har_x,224,0.13411325629614504,0.28758025398021003,0.37823691050734176,-7.35644484984787,0.26637147289820573
SH601901,har_x,226,0.08944768017237142,0.23953346369396164,0.5253110386823241,-7.226236074769439,0.36584203451970987
SH601928,har_x,226,0.07726444235858002,0.22986814235953384,0.6290012223695427,-7.669987747823512,0.3974970017192623
SH601933,har_x,226,0.10483839493376904,0.26223301810068184,0.3803037115364363,-7.385108111194069,0.20071542863761405
SH601939,har_x,226,0.09734822854627564,0.2469581828446154,0.32693469857475976,-8.632273679950043,0.10402339308326136
SH601958,har_x,226,0.0879410282150979,0.24366892552905653,0.604584977852825,-7.0487902325256595,0.5049376645439361
SH601988,har_x,226,0.08802435001754264,0.23947513561706973,0.37064638666938665,-8.732717427954576,-0.07929583086211212
SH601989,har_x,211,0.12484931860275304,0.29643867014123765,0.48031274513777944,-6.945066900190309,0.3549215072317955
SH601991,har_x,201,0.09001852906521393,0.2402612438579487,0.5609151920367772,-8.07937824424364,-0.0072192845321634724
SH601992,har_x,203,0.09701273000265083,0.26161886872580353,0.24757615274985767,-7.211755612883208,-0.3652897058350717
SH601998,har_x,226,0.11214537384019371,0.27200912180240916,0.40231652143682817,-7.589541126672225,0.16277794266234336
SH603993,har_x,207,0.1637840257850721,0.3128016373872188,0.43569230887439436,-6.969701899936652,0.3308023165876166
SZ000001,har_x,226,0.1168743548445159,0.2773821324393703,0.4150010457809482,-8.735925757364353,0.12150570498122726
SZ000002,har_x,123,0.12337223338471195,0.27846137208553345,-0.06288513166043108,-6.372256443346417,0.08269757219047691
SZ000009,har_x,226,0.08148611065311448,0.2382758318759722,0.49062937972087917,-6.768638504857963,0.294119363138582
SZ000027,har_x,226,0.09026228737565288,0.24884725596067428,0.5009126044769145,-7.814242060413254,-0.04939824021021266
SZ000039,har_x,226,0.10825615347688063,0.26487057033555467,0.41311726391119596,-7.464890193805217,-0.06751057458022491
SZ000046,har_x,204,0.09188893886364156,0.25443906155574236,0.3751425737941987,-7.306414999245514,0.05905915771229864
SZ000060,har_x,226,0.09073056963309156,0.24329137693661718,0.4850096514911466,-6.641031247324093,0.2619371748977125
SZ000061,har_x,226,0.13285446601525056,0.3092350276577578,0.35272003481350056,-7.459899905167246,-0.10948399527732455
SZ000063,har_x,208,0.07950005813843669,0.23308281199465355,0.4129780058835171,-7.55194093153121,0.11154573837909276
SZ000069,har_x,226,0.11644817835639638,0.28706030105988123,0.3502291004507332,-7.527688905665425,-0.0020433276361500052
SZ000100,har_x,136,0.08019612783391884,0.23046630959564882,0.25195599410738134,-7.5391848767603316,-0.5225318995021482
SZ000156,har_x,226,0.12739661318408774,0.28899780055536906,0.49938215916541384,-7.164683112223946,0.3064835142757564
SZ000157,har_x,226,0.11259450154982795,0.2585291670528151,0.28401047867279994,-7.787549902756996,0.19863675579347306
SZ000166,har_x,218,0.11415496664740242,0.2698993664738222,0.27127871009450844,-7.626249969800568,-0.08377574369624208
SZ000333,har_x,216,0.10096032267904771,0.24771355430476763,0.4325383079984604,-7.163595219642658,0.36809872581160386
SZ000338,har_x,224,0.09275976020872781,0.2421214227679664,0.09920972670678119,-7.385099521109436,-0.06613137894341925
SZ000400,har_x,83,0.07355211691504614,0.21355898765516587,0.1600906140466335,-6.38576133176792,-0.40618243106019136
SZ000402,har_x,226,0.10799584419628869,0.26401276939123364,0.3811699880963427,-6.8684117393747615,0.10601092228814346
SZ000423,har_x,226,0.070619504985053,0.22157927527238977,0.2588304967804893,-7.500097565058579,0.015721923919153835
SZ000425,har_x,216,0.09536485771714329,0.257219663977775,0.5455793553233228,-7.453769810825941,0.45427289890723155
SZ000503,har_x,210,0.1013940265568927,0.2608678511063204,0.337354862413623,-6.3164675906311905,0.1822958513499946
SZ000538,har_x,115,0.12760774843647701,0.25710950597006543,-0.09480838155478333,-7.484616679354427,-0.5552726944757325
SZ000539,har_x,83,0.09123760204554004,0.24850991479806647,0.5058449801880076,-7.286704471576476,-0.6445974556104659
SZ000559,har_x,226,0.10008556965073735,0.26359047176352324,0.6148155719384003,-7.217095340794565,0.48091314279584596
SZ000568,har_x,208,0.0695560290218252,0.2124061332184928,0.33009930740120563,-7.006836151508386,0.22735373237185097
SZ000581,har_x,83,0.08661578251632444,0.23263813645485443,0.1690898684954476,-6.892770985674395,-0.4846002745879281
SZ000623,har_x,225,0.09583706427406513,0.23855999227899224,0.48943313263006827,-7.580015388388038,0.3235986930608655
SZ000625,har_x,212,0.12940874705197142,0.30059410271377807,0.3336184091617397,-7.521141636062043,0.05704603684245402
SZ000629,har_x,77,0.07381619010886661,0.2126170403927646,0.517599117044935,-6.318491881397034,-0.3057545563123225
SZ000630,har_x,226,0.1449101700969443,0.3150983976774668,0.3739825857452571,-7.165887923611699,0.2659866372622166
SZ000651,har_x,90,0.4042154655731035,0.4135731367333665,-0.02841795312815365,-6.570423888215224,-0.11281051747657722
SZ000686,har_x,220,0.09706417137149734,0.2548687049329446,0.4984968042142779,-7.163721960393704,0.30724712966983325
SZ000709,har_x,226,0.11683956754945513,0.281099269597574,0.45492206669875257,-7.124397847555806,-0.05812830005698033
SZ000725,har_x,226,0.10519799332086503,0.26380104913283225,0.2551645252959427,-7.744608665502772,0.040803532466264114
SZ000728,har_x,206,0.09147957369254704,0.2424322421290307,0.1965120481199799,-6.680157522524941,-0.05548719239417377
SZ000729,har_x,206,0.0989529938859994,0.25518202789048083,0.4841565339288253,-7.629896174580871,0.3786246243806477
SZ000738,har_x,226,0.1588441753769252,0.33322793985989074,0.29588466500127397,-6.707903827147068,-0.13078479909357488
SZ000750,har_x,207,0.08154391724472417,0.24022893668522033,0.6025570244548686,-7.051392190288911,0.5089428692256297
SZ000768,har_x,226,0.08552339079747001,0.23896180956647017,0.4532455708477392,-6.7614328976201925,0.18810653199065652
SZ000776,har_x,226,0.0812716304310726,0.23762300979161233,0.50505718609301,-7.3951254002368385,0.2590950038010067
SZ000778,har_x,226,0.09660077384446598,0.24824462724807583,0.57051872388835,-7.228805046810105,0.3439868254330728
SZ000783,har_x,226,0.09996602308264788,0.268115991810309,0.39756354356841184,-7.113714100074417,0.2696463589584328
SZ000792,har_x,226,0.09517942461788377,0.24961267846854931,0.47963817919016816,-7.077941752852673,0.30634788027918347
SZ000793,har_x,226,0.07871114368612002,0.22050413818060863,0.46594967262460407,-6.584705642609677,0.21223483229772766
SZ000800,har_x,226,0.10999231263741976,0.275045120776971,0.28797244313228476,-7.15084527543949,-0.016688411725863883
SZ000825,har_x,206,0.12000263375357632,0.26815131920084173,0.337863495623835,-7.090689532910341,0.037924521084386265
SZ000839,har_x,138,0.06595594225020351,0.19895205097533397,0.540974536124507,-6.415588903930765,0.6229875843929049
SZ000858,har_x,226,0.07833572081589321,0.22561041943872157,0.3640247134712915,-7.289131657397833,0.2823626090554673
SZ000876,har_x,194,0.12816784304964846,0.2963222864311129,0.33906171452146905,-7.941128324217179,0.2898648258962099
SZ000883,har_x,206,0.14301124345935737,0.3261710136391435,0.25217959931304357,-7.894424366913003,-0.39326315169837667
SZ000895,har_x,226,0.09984198746578213,0.26029390130181734,0.29071845612707137,-7.45895111937152,0.22653875553759073
SZ000898,har_x,210,0.15418004425207432,0.3218938247519059,0.28487729977828913,-6.85777038738394,-0.0054765406681274165
SZ000917,har_x,181,0.11000570975976026,0.2739113109494682,0.630966782203771,-7.076089235160376,0.4558400102727559
SZ000937,har_x,83,0.1539501324428361,0.3129094531570025,-0.004834054278233246,-5.926942812707161,-0.12860341208967196
SZ000963,har_x,226,0.1500184071460309,0.33076248141086806,-0.2717738245120287,-7.737135703836369,-0.8934230395262488
SZ000983,har_x,103,0.10138364117683944,0.2607131837038896,0.3910626545070177,-5.97886297140818,0.13416863107343824
SZ000999,har_x,206,0.0604089833870731,0.1956973229822295,0.32870338974650304,-7.368762498503546,0.11784895572836218
SZ001979,har_x,226,0.09312763572485108,0.235712465298041,0.4381218444394649,-7.085977036096469,0.02767465042676176
SZ002007,har_x,226,0.06878978302416064,0.21591987033794866,0.651518567637359,-7.046528575593825,0.5429016104695457
SZ002024,har_x,226,0.09856066342725815,0.2600888911721361,0.4281328909608807,-7.446589539277503,0.19750180903132442
SZ002038,har_x,83,0.07725954880050258,0.21687206550049237,-0.22727969034437878,-6.408264314452797,-0.2897910897454967
SZ002081,har_x,226,0.11187978535311222,0.26817728041810107,0.2787786611262212,-6.881920868440001,0.1240318208526845
SZ002142,har_x,225,0.08693103123448633,0.23245914595404807,0.19669599866475052,-7.4117272083782195,-0.16035649951719533
SZ002146,har_x,226,0.079076153610452,0.23261591437616544,0.32561365394453046,-7.150100616171623,-0.16566266258598872
SZ002202,har_x,226,0.10917028476345149,0.26614001767189144,0.4507853427281244,-7.248028869294844,0.08826780300136561
SZ002236,har_x,226,0.08014831476487805,0.2222239800588229,0.4752826886266964,-7.139208858560096,0.3094748591638634
SZ002241,har_x,226,0.056603543368588756,0.19422672253581016,0.6330468123828403,-6.954239497505808,0.5081183475448288
SZ002294,har_x,211,0.08255491487119145,0.2342062024906223,0.3027280438467499,-7.613640498653734,-0.26512886684008463
SZ002304,har_x,226,0.11854299408054499,0.27262029045283087,0.385048044942943,-7.555951514190842,0.2684103311372763
SZ002353,har_x,66,0.10767546575029113,0.27080577784222437,-0.18500486733767252,-5.921277614781223,-0.1425843029924474
SZ002375,har_x,83,0.08317248222360382,0.24409815836139898,0.32182651691135744,-6.370367021806952,0.13582192049909536
SZ002385,har_x,226,0.14394812548263988,0.31371181217034994,0.49889988344961333,-7.445559497602404,0.3903222329682605
SZ002399,har_x,206,0.08245418200375644,0.23246766001415242,0.46539571075839536,-7.628874418136969,-0.06735918368988258
SZ002415,har_x,226,0.0789529111667291,0.231796022795644,0.2558046800806877,-7.367306452850908,-0.114952896859845
SZ002422,har_x,211,0.07751058785301242,0.21966012507129895,0.13073595267374694,-7.480284842904792,-0.4157480457047493
SZ002450,har_x,208,0.09242060188427882,0.2486153076000774,0.38901561896732273,-7.168102725518671,0.23365300603478467
SZ002500,har_x,226,0.08560862556630969,0.23706824181304778,0.5935175960553738,-6.782338214804629,0.54345084187436
SZ002594,har_x,226,0.11603604285048628,0.27780288370280665,0.5283632649405399,-7.578107929205177,0.3338720818756644
SZ002673,har_x,218,0.07164436834935893,0.2192634879964867,0.6524333313449364,-6.897557540949116,0.5532713014160506
SZ300003,har_x,200,0.08139691851423318,0.23387335963361436,0.499330870617649,-7.3077954033802826,0.32788336281211516
SH600000,ewma,226,0.14962178704525275,0.31470527582477537,0.41666023655299056,-8.278628869921777,0.1026715041347308
SH600008,ewma,226,0.11402434890951989,0.2847229125301249,0.25108186413737044,-7.489208983668355,-0.2518527194342788
SH600009,ewma,226,0.09808221469990445,0.25575038793741767,0.414419773856359,-8.153842115791488,0.159456417050158
SH600010,ewma,226,0.12526575339937746,0.29680207272615833,0.46094535542614234,-7.483320989302416,0.12328858281736066
SH600011,ewma,211,0.18719259880220662,0.35161350632346344,0.04307209669096468,-8.104093630097884,-0.42540221136183587
SH600015,ewma,226,0.1987494624691568,0.37102315901693705,0.06504263450302283,-8.248119334855192,-0.3799718219349255
SH600016,ewma,226,0.23638918609097073,0.40506800681577204,0.012841496642071126,-8.214384167626605,-0.15324658681799574
SH600018,ewma,226,0.2184636655499071,0.39812995047247746,-0.025375028086199958,-7.839320436475833,-0.6943878237724765
SH600019,ewma,153,0.32650936120210683,0.4781491094322327,0.017482625188034895,-6.880475196869703,-0.599997741498312
SH600027,ewma,211,0.20914615127034708,0.39529345659443,0.07938422969817849,-8.154814369510381,-0.7289602003169342
SH600028,ewma,226,0.10312092023882764,0.26152467167401605,0.4913036563403749,-8.145165940140602,0.3847429562583592
SH600029,ewma,226,0.16701123340857055,0.34329694377715575,0.2867118613602174,-6.886908614166094,-0.012797913753652246
SH600030,ewma,226,0.1291016292673678,0.3062569093619496,0.3775638594135211,-7.540172576671058,0.02400232456388529
SH600031,ewma,226,0.13009047072366278,0.2858797020406081,-0.03089540344214292,-7.364151843435565,-0.42282477040429467
SH600036,ewma,226,0.10698640183498592,0.2502948839410716,0.11954149646654944,-8.134739221059757,-0.17225806167787305
SH600048,ewma,219,0.2754615106793722,0.44370256989119056,-0.11760446754191922,-7.104061641647753,-0.7989659240606
SH600050,ewma,226,0.16321098827885208,0.3414888390865125,0.42377271346377376,-6.913780540937845,0.3647525529497053
SH600060,ewma,226,0.08818751863614023,0.25451200592253886,0.5845144057299033,-7.113445480476341,0.47472763157345776
SH600066,ewma,226,0.16950015101961555,0.34540891366829485,-0.1651150385571014,-7.694377968690477,-0.7446340553940636
SH600068,ewma,226,0.10657209653975803,0.2557708424716856,0.07479174588684379,-6.861789930171746,-0.09961974582991684
SH600085,ewma,226,0.2443856646765194,0.4227007899539656,-0.05206874375418491,-7.212240732348866,-0.9719846407894932
SH600089,ewma,226,0.13676574422552645,0.3003798402018565,0.15707593686455446,-7.866043200471721,-0.6875761243119676
SH600100,ewma,226,0.1678648844196099,0.34540959745993705,0.38798590759575646,-7.156200799546056,0.1855972009540504
SH600104,ewma,226,0.14417845164239262,0.3175150588100917,-0.03604907975324645,-7.599571487174393,-0.20726110617944382
SH600109,ewma,226,0.11205297890474798,0.27155360967258746,0.3655191663344266,-7.097106166865057,0.14526993067332894
SH600111,ewma,226,0.11357830944208376,0.2753377366901934,0.5206406422956656,-7.017656126295312,0.42972522365850285
SH600115,ewma,225,0.1811947682157338,0.35404239727415476,0.2385842002821278,-6.818229988419044,0.009146888802928799
SH600118,ewma,226,0.13678959474192198,0.3226658347797831,0.4776420202810878,-7.22484145647195,0.14564520782853885
SH600150,ewma,226,0.12042314153029479,0.28639492863351756,0.4086695855365292,-6.8676617463757115,0.21372110728908256
SH600153,ewma,137,0.5446661028014598,0.6439130414659876,-1.5854240019500088,-7.520463667920341,-1.4018747732971777
SH600157,ewma,222,0.13973968782582533,0.31375876985632795,0.3054459466797853,-7.159813451609106,-0.005280958591402651
SH600166,ewma,81,0.11670678611951756,0.3020567993784464,-0.15479890197052448,-6.916066871699056,-2.5448308327519533
SH600170,ewma,215,0.24182943055370096,0.38932188738252527,-0.25842852906385394,-7.20232144546922,-0.8738855503074192
SH600177,ewma,226,0.21370337211576357,0.39960210229037996,0.09731789406161728,-7.883449952321034,-0.5389112948167838
SH600188,ewma,226,0.1102546881098058,0.2763960343662617,0.2902612468119302,-6.365139679178371,0.10675756087794808
SH600196,ewma,225,0.07941799412130507,0.23847409466307012,0.1294082328259506,-7.722342584513149,-0.4171562672509792
SH600208,ewma,225,0.17673884569674395,0.35376905570629164,-0.4928843247475483,-7.1155225367186805,-1.126577637954279
SH600221,ewma,226,0.20382541348424182,0.3965320584088169,0.10661841217334966,-7.759264655583027,-0.42230430400775587
SH600252,ewma,225,0.2505934305745331,0.4334513734793246,-0.04124166857528788,-7.516050942843119,-1.3468964176531841
SH600256,ewma,226,0.18763472812065798,0.36682178890383815,0.0693998329950527,-7.377441113992958,-0.37612152596487514
SH600271,ewma,174,0.14463507505122014,0.3230075586427339,0.26837986234401945,-7.69744242745993,0.17068463962155234
SH600276,ewma,225,0.13701867496032585,0.3281667562034958,-0.5623710324469051,-7.857120379727401,-3.2173653544211014
SH600309,ewma,226,0.07359534858951434,0.2160331794725437,0.08675499447262536,-7.019453614010779,-0.18194986301897487
SH600315,ewma,83,0.21666151442107656,0.40665781300137727,-0.6533826888816479,-7.3855115224616865,-4.203093947053288
SH600332,ewma,226,0.11730878012976056,0.28788378979687496,0.335259307011602,-7.513753835142425,0.059761700958317454
SH600340,ewma,226,0.0940196352652735,0.2463572665525539,0.3440259995880396,-7.32549921099071,-0.17248234882146263
SH600352,ewma,212,0.1226954403514104,0.30911927978250864,0.48680123984799595,-7.281991864324828,0.381747887843341
SH600362,ewma,226,0.1397817824940545,0.3095039502721652,0.3857836351933337,-6.914528090836588,0.2767158232969913
SH600369,ewma,224,0.15889221214487503,0.34327034647687604,0.3188075430054901,-7.5439746278578275,-0.11306251020024916
SH600372,ewma,226,0.17920503884263547,0.3589439996284817,0.312245811961234,-6.974673518949929,-0.07712022350534009
SH600383,ewma,225,0.36979053526947586,0.5012672998372705,-0.4085273518945487,-6.807792219572778,-1.4650668538121345
SH600406,ewma,224,0.0968739411139138,0.25553128050747925,0.3305415836719683,-7.027364834034799,-0.42103017202047366
SH600415,ewma,226,0.10254802968836273,0.27136680239304756,0.07313212834507032,-6.990586882643783,-0.5372475526927583
SH600489,ewma,220,0.10768919123259144,0.26755351869570365,0.2644738839158931,-6.78384673439744,0.17358856850847482
SH600518,ewma,224,0.15952844696703464,0.3404844205636488,0.020215046957664407,-7.512821397495906,-0.598444948624266
SH600519,ewma,226,0.1001270107913149,0.2666640746794979,0.11521249358489694,-7.71589997814531,0.0831032349786529
SH600535,ewma,226,0.12375095233646051,0.28904351830507113,-0.0809076754834388,-7.431296768493598,-0.5709656011656685
SH600547,ewma,226,0.1048261447961577,0.26211982699841946,0.33628721660613814,-6.5895092239716275,0.275143804369672
SH600549,ewma,226,0.08526015957368681,0.22842719611354032,0.4504221992749653,-6.25263175466156,0.4092438982001203
SH600583,ewma,226,0.13871375382767578,0.31601792749928903,0.13965410974204273,-7.456490971174935,-0.48845597798410423
SH600585,ewma,226,0.12440867006886704,0.29241365589196155,-0.12177412394776121,-7.447492588167412,-0.3037237830249191
SH600588,ewma,226,0.08595640252153676,0.24191495230173274,0.3426962080211019,-6.5813954492686815,0.07705948663956108
SH600600,ewma,206,0.12800593319034353,0.29443666391977436,-0.07585601734527847,-7.828971179723165,-0.34147633291486
SH600637,ewma,224,0.10685044877487969,0.2724390382009686,0.4407089340101007,-7.6372371144295546,0.0037974116197586616
SH600642,ewma,206,0.12275195744939997,0.291874100002135,0.2137403312363787,-8.122205586276568,-0.8799288698071039
SH600648,ewma,226,0.15068548636707862,0.3225648870743088,0.2087655130987529,-6.995472619474109,0.10180537246481047
SH600649,ewma,121,0.3258241469060772,0.4024950021564228,-0.21063675120010217,-6.578965543755259,-0.7371667877663641
SH600660,ewma,226,0.13739831680561146,0.31503701519352206,-0.20112999181071234,-7.613858729928119,-0.6651646241866362
SH600663,ewma,125,0.22317515928331338,0.38481564788041367,-0.07820624015878841,-6.695586454126004,-0.31690135239080086
SH600674,ewma,226,0.14247039209517956,0.3358103960608759,-0.03012732154018094,-7.973859218765774,-1.0851470952316058
SH600688,ewma,226,0.1305392777163053,0.29672149608125137,0.479162854111586,-7.153499533513532,0.3469750166055252
SH600690,ewma,206,0.32047606747225016,0.4842953137140577,-0.46714975182439433,-7.408426731266644,-0.2341452024017876
SH600703,ewma,225,0.12271225307053706,0.2952424563559369,0.2712231271679997,-7.270428295507607,-0.2322681972519296
SH600717,ewma,83,0.16225561474103878,0.3361650626878237,-0.014531469493907379,-7.369631762905689,-1.8039578092558037
SH600718,ewma,226,0.14615239533654875,0.33788271012976295,0.49183015026228083,-6.80735724441406,0.24843356507365666
SH600739,ewma,215,0.22091993031574866,0.3819769681063181,-0.5515363753538072,-7.0336009117705345,-1.2703906824598006
SH600741,ewma,226,0.11527199731358706,0.2771070377823841,0.3012462977403695,-7.486610187625993,0.084525181196354
SH600783,ewma,226,0.08728506172502282,0.24687627082706107,0.36633122049862343,-6.691841538058393,-0.2124211097328581
SH600795,ewma,226,0.16660180487631998,0.3380802208620946,0.2507712853465506,-8.20040863384056,-0.3609084827783706
SH600804,ewma,226,0.07606770638025137,0.22537971510099788,0.3834374943172655,-6.987385013225502,-0.13026765623944114
SH600827,ewma,226,0.16799229280912134,0.3435777985471587,0.36235825028465873,-7.415060811336034,0.10141689462558912
SH600837,ewma,226,0.09788811023958639,0.2547797103974633,0.48263805702611595,-7.703777498632063,0.1532528220511541
SH600839,ewma,226,0.11863942370440986,0.29529759258379984,0.5538631948561301,-7.0047547758473305,0.3977913751896087
SH600863,ewma,196,0.2852638218365217,0.46219680849847267,-0.4492602831411123,-7.712033352795947,-2.281636611530241
SH600873,ewma,148,0.23004636353207503,0.40565617733541837,-0.5514825706945246,-7.444010367374843,-0.4024751523412686
SH600875,ewma,210,0.15440377812888184,0.33483149599755313,0.34053530847320523,-7.7487360190467465,-0.3174568591106073
SH600886,ewma,226,0.1433397806852937,0.32861095449363764,-0.02553231949283785,-7.8666683280262015,-0.6903364617132228
SH600887,ewma,206,0.20515421076596962,0.3713530536920714,-0.6021826098707548,-7.168243769838706,-0.8803571086814872
SH600893,ewma,206,0.24063332179335786,0.4139757601868973,0.11716317107588181,-6.9184633410677305,-0.6563462636501651
SH600900,ewma,226,0.10128461780200136,0.2619935977114887,0.21974574801023772,-8.552837740623954,-0.19850379362778248
SH600999,ewma,226,0.139809567931721,0.3193895712007616,0.08114732349219711,-7.153398261352096,-0.46851528592456093
SH601006,ewma,226,0.16002833784142387,0.3365696240727176,0.18713072143669096,-8.14227107586178,-0.08117519143486374
SH601009,ewma,226,0.12343163108645462,0.28326763205736427,0.0970834334268117,-7.581012671698209,-0.23597937256121138
SH601018,ewma,194,0.1921682262916265,0.35022137863898517,-0.31664571974235245,-7.625221979478646,-0.07907825221128029
SH601088,ewma,226,0.1575278056404427,0.29667293430355474,0.06557694361528077,-7.5044446018367,-0.1271668025387045
SH601098,ewma,206,0.08297385419069711,0.22629145991969496,0.5021964886895842,-7.454237129096171,0.29767817000716157
SH601099,ewma,220,0.131236416756053,0.2984079959211189,0.0775800358037334,-7.057041284673632,-0.47345078935874896
SH601106,ewma,199,0.15913646419840013,0.29624561557930346,0.1973327694558018,-6.415696707709074,0.029560487579186723
SH601111,ewma,226,0.14257238453348314,0.32049239704965166,0.34696267857935625,-6.941374032916567,0.018015376018088003
SH601117,ewma,208,0.13637567991424412,0.3119480326678703,0.28238349658659156,-7.5615993851734125,-0.10845309816832294
SH601118,ewma,222,0.1356695899681922,0.30630956865960973,0.18602244734100282,-6.79979753221106,0.014889463416841386
SH601158,ewma,83,0.12030256239202197,0.290350945321967,0.27431260037737293,-7.023040036379909,-0.3633221679980707
SH601166,ewma,221,0.1368432386664153,0.30428118527058157,0.21883681958079504,-8.732000957190417,-0.08856585868381095
SH601169,ewma,226,0.17046936853567177,0.33101546358000716,0.04559540645821103,-8.109676016319314,-0.5352736859491074
SH601179,ewma,206,0.10822759409473924,0.2787515979872933,0.3865778741210121,-7.54556076128748,0.006527167533825318
SH601186,ewma,226,0.20926635118644113,0.3948052624780148,0.23070887757494862,-6.936486705685912,0.04130293424514386
SH601216,ewma,223,0.17662553106655052,0.34252420542925033,-0.002529977757245838,-6.714103730716384,-0.08857827621107539
SH601258,ewma,223,0.16635326044636148,0.34505542142028567,0.15525981615669882,-7.722940685416243,-0.6173214271198173
SH601288,ewma,226,0.22319986607063147,0.39230642535769217,-0.7427863493565543,-8.99537087156253,-1.7217125565868572
SH601318,ewma,226,0.10767353104205991,0.25977031231623016,0.3979597891883293,-8.41595260218426,0.07884043221122272
SH601328,ewma,226,0.16698567007152856,0.3342208189143627,-0.19382995213454568,-8.420325793287299,-0.8552996659525562
SH601333,ewma,226,0.11592076697729813,0.2798154940143049,0.36926296953275206,-7.378317471831729,0.10202110572149758
SH601336,ewma,226,0.11953106328395166,0.2804667887472625,0.3225207174636108,-7.327581223700126,-0.09433412952400388
SH601377,ewma,222,0.11595574398483179,0.2934799249825141,0.3733795545231595,-7.289886765394761,0.05482257591916184
SH601390,ewma,226,0.19582419507886964,0.3755309506837535,0.2200413264347798,-6.91432195598677,-0.04799671118691973
SH601398,ewma,226,0.21090649351989393,0.3727061941654471,-0.7190750731357265,-8.854807910233738,-1.4593715132407277
SH601555,ewma,224,0.10818041888381168,0.27406579901006467,0.2684194438981715,-6.893514737574487,-0.0019680385795119992
SH601600,ewma,226,0.15140522691828978,0.31860862735439105,0.4388488245682499,-7.06349562333707,0.20812319266466262
SH601601,ewma,226,0.18068968283864262,0.34848156342252273,0.08581934204575803,-7.8765931294112095,-0.3373316746069781
SH601607,ewma,226,0.07954593234266573,0.23341148569825562,0.4115557470493626,-7.531325174133273,0.16343476214066832
SH601618,ewma,226,0.11336208842506687,0.2804974836486403,0.3477334892108024,-6.850148830236654,-0.12193694480908479
SH601628,ewma,226,0.10414249450810394,0.24647429742778063,0.40027096099783765,-7.534384385251636,0.1243221503908849
SH601633,ewma,226,0.24565259576221832,0.4212847941608874,-0.62618732896158,-7.112439838305025,-1.2590788718295336
SH601668,ewma,226,0.15997010416377905,0.33656480624695523,0.4066864196379103,-7.227946865481797,0.3483186594299652
SH601669,ewma,217,0.11634532180243168,0.2808931759103143,0.38481040699358926,-6.9729686326586116,0.19454815769451395
SH601688,ewma,226,0.06898733576740634,0.21564939543839215,0.4991674223805391,-6.897578906706698,0.33587183834513523
SH601699,ewma,64,0.21019453433760438,0.3978671817833203,0.06135057597984339,-5.6673471280666305,-0.8619227697208969
SH601727,ewma,140,0.16000860350705756,0.33632453222898834,0.24354262367582258,-7.033643552306661,-0.7699325798165533
SH601766,ewma,216,0.20586640248893837,0.39608038516005173,0.13108962399923108,-7.547061728023054,-0.2766161472759874
SH601788,ewma,226,0.12049286835670577,0.28783714168694835,0.40501016185216554,-7.248366250971989,0.10743156431683198
SH601800,ewma,226,0.16068997881241437,0.3294538773732401,0.14282497058681165,-6.633339074763298,-0.11393105949735727
SH601808,ewma,211,0.1812989877893052,0.35660924085578743,0.21960469878663402,-7.762062251412611,-0.2715788428840269
SH601818,ewma,225,0.13876827269888764,0.31016049272571455,-0.1531216348288873,-8.089321969498979,-0.8531612700433808
SH601857,ewma,226,0.13710078615315244,0.30957327388850775,0.4900840930501127,-8.656610656096008,0.22514892997206237
SH601866,ewma,221,0.14592497921086123,0.31495726019129155,0.42741478931971555,-7.024207582136833,0.004460339771978794
SH601888,ewma,226,0.14163709882751152,0.33092849552070097,0.10266047509857568,-7.848657623969773,-1.0973669085857671
SH601898,ewma,211,0.1447133255316564,0.29661243589856673,0.2095932845001146,-6.893349352096912,-0.1779651978124137
SH601899,ewma,224,0.20912486172958308,0.3631966249106582,0.030475258675468964,-7.290713798649852,-0.231611704505841
SH601901,ewma,226,0.1286043471283025,0.291549194685002,0.31751093106461625,-7.1034703571328235,0.025087469820835206
SH601928,ewma,226,0.11500390888673873,0.28907201480585115,0.447788551664004,-7.627118327654442,0.04159175508039892
SH601933,ewma,226,0.1572215630122254,0.32540749016178044,0.07066853582919774,-7.312267560538118,-0.2084548795100729
SH601939,ewma,226,0.15197210356693536,0.33231542452835244,-0.05073457650935831,-8.546034033606242,-0.47126258414756905
SH601958,ewma,226,0.14764705114361154,0.31099294992881055,0.3361248647773586,-6.953981009502825,0.10574446723644937
SH601988,ewma,226,0.18308291606052826,0.3610296681371853,-0.30900023389931897,-8.632272586017685,-1.5433348615794862
SH601989,ewma,211,0.15632457542686543,0.3367859490237933,0.3492964929221615,-6.92043709579627,0.08538666192709332
SH601991,ewma,201,0.1079016516984492,0.2676372826527248,0.47368640093413295,-8.06908846543799,-0.4038813116619524
SH601992,ewma,203,0.09527237078855132,0.2572671973860139,0.26107425527139494,-7.221643874811275,-0.40953336531020534
SH601998,ewma,226,0.13581802727629938,0.2998411536021712,0.27615212099821607,-7.532949789175002,-0.04403406869259374
SH603993,ewma,207,0.2092571389775099,0.3863822328908615,0.27901752089725873,-7.084033425802675,0.06783519790358739
SZ000001,ewma,226,0.17926749657653268,0.35917728175069585,0.10270051832795257,-8.648933942648137,-0.4013820912685955
SZ000002,ewma,123,0.18226481777441675,0.33202840843361603,-0.57026066175788,-6.426504626195394,-0.09113984052249036
SZ000009,ewma,226,0.10871367172979002,0.2660169079768926,0.32042958047713177,-6.732393608515026,-0.015315412789010496
SZ000027,ewma,226,0.13480451557835263,0.316718106268904,0.2546251979550549,-7.774507831221912,-0.7510080211267889
SZ000039,ewma,226,0.14986128071407515,0.3354923215775904,0.18756582758104634,-7.414306262736052,-0.5304698528369967
SZ000046,ewma,204,0.1533376497174082,0.3296544144537123,-0.042717114026636915,-7.226525243851571,-0.61463650090987
SZ000060,ewma,226,0.12917390702590148,0.28771118534440626,0.26680372815319997,-6.5660219650229745,-0.07162012420387942
SZ000061,ewma,226,0.23517940173717236,0.41890935005973917,-0.14581706987211374,-7.332178304047732,-0.993624014770873
SZ000063,ewma,208,0.1434775851927229,0.3193677980866067,-0.0594268751877669,-7.466905522023546,-0.7235464338657496
SZ000069,ewma,226,0.2061594643447432,0.39214886214019523,-0.15035222095014156,-7.386513430730589,-0.8104275729719816
SZ000100,ewma,136,0.11929199464124153,0.28681334495825744,-0.11271783255117485,-7.481672659633858,-1.4742933569480337
SZ000156,ewma,226,0.11635176412826746,0.2814947193912484,0.5427840075228652,-7.189112960786682,0.35508136722812034
SZ000157,ewma,226,0.15960982088011066,0.3267412802288141,-0.014960390410336144,-7.725508100873824,-0.20763431856250825
SZ000166,ewma,218,0.12468691688210694,0.2906101784459117,0.20404680082541693,-7.580227732081624,-0.18444929391792675
SZ000333,ewma,216,0.18307126153290415,0.3394373229895066,-0.028977771362428628,-7.034970272213375,-0.10923504731507094
SZ000338,ewma,224,0.1231905309231968,0.2864870718903147,-0.19630356706120589,-7.329173564270341,-0.5545841829501539
SZ000400,ewma,83,0.13322244228368196,0.2843815901804673,-0.5212992417734945,-6.154254573678661,-0.25466169182903564
SZ000402,ewma,226,0.22079393231388736,0.4081181574931226,-0.2651774962165967,-6.710639687642031,-0.9545115622677671
SZ000423,ewma,226,0.11826276664692145,0.29120139630799713,-0.2411975420050858,-7.450878552102935,-0.7320599102648055
SZ000425,ewma,216,0.10398070689394337,0.2575526293466648,0.5045241927500064,-7.414785784298941,0.3431196085734801
SZ000503,ewma,210,0.32424000643690026,0.4648128007989681,-1.1190209223600633,-6.1162584887539815,-1.862979593893054
SZ000538,ewma,115,0.1638572351203173,0.3212338294074978,-0.40581020029059967,-7.487019628122885,-1.0086323097077132
SZ000539,ewma,83,0.16490903287684602,0.3627382722005514,0.10683068623658731,-7.205676129466512,-3.6564117899981907
SZ000559,ewma,226,0.1639681292091226,0.3336601878489442,0.3689602777888462,-7.15509240077838,0.09645721872517388
SZ000568,ewma,208,0.06155528217145058,0.2047726279331004,0.4071552568530038,-7.027405384296016,0.2871204247037331
SZ000581,ewma,83,0.13960592923612086,0.32517931740839134,-0.33924762497571326,-6.8588806673262495,-2.350256681651736
SZ000623,ewma,225,0.16135998700653986,0.33018769476767684,0.14036324350268603,-7.476497247737233,-0.19483699011978928
SZ000625,ewma,212,0.17683301767448892,0.3660826052809976,0.0894103349649813,-7.46824618498964,-0.3078809481225544
SZ000629,ewma,77,0.10265232606888311,0.26486197466725503,0.3291502492883023,-6.326437405398075,-1.4181516186220233
SZ000630,ewma,226,0.19608430821600173,0.35926743545137907,0.1529083740417202,-7.120901910666074,-0.09729502278225177
SZ000651,ewma,90,0.726991749825565,0.6838079249320708,-0.8496357288967893,-6.544736767044718,-1.0470085480569917
SZ000686,ewma,220,0.11349385975947038,0.2859460948156134,0.4136092384327029,-7.138451875354389,0.14175977783131144
SZ000709,ewma,226,0.15448120726657483,0.328272535572175,0.2793169389718533,-7.074902586287557,-0.5139100474023894
SZ000725,ewma,226,0.13601176896446762,0.3143938514633158,0.03699312787276687,-7.731548734611639,-0.3905205197806427
SZ000728,ewma,206,0.115213895893254,0.2850089170396136,-0.011952433780641147,-6.671286077196595,-0.3987707300198795
SZ000729,ewma,206,0.13343101574482238,0.2907674698571679,0.3044220802202007,-7.600703569391922,0.13353372523500417
SZ000738,ewma,226,0.16152918050308104,0.34586122426564997,0.28398272853183526,-6.685515992112775,-0.12361301240903444
SZ000750,ewma,207,0.12271362165877983,0.2934071517763815,0.40189693382506186,-6.993800141829878,0.20955738266593738
SZ000768,ewma,226,0.10148961225093735,0.25554542028935856,0.35117288388912815,-6.729088814862622,-0.018061428163071103
SZ000776,ewma,226,0.14251974037327347,0.31838792809362637,0.13205726323570377,-7.296940506695153,-0.34205548728805235
SZ000778,ewma,226,0.10490724976607833,0.2616758904654421,0.5335886276082865,-7.206884823486822,0.19362224410321216
SZ000783,ewma,226,0.1302538280739831,0.31092361829436915,0.215036747469046,-7.054899394909235,-0.058899204061132915
SZ000792,ewma,226,0.10752038182696658,0.2667541392978889,0.41216810370236234,-7.074629640644574,0.18311622727732013
SZ000793,ewma,226,0.10066803998264763,0.24938952184922109,0.31697346536646986,-6.535427530114184,0.14695642279754495
SZ000800,ewma,226,0.14879567611640093,0.3185757096873666,0.03678157866464016,-7.132721649666965,-0.4959197135504345
SZ000825,ewma,206,0.1412266926207812,0.30224186545012965,0.22075586467080877,-7.094683001509735,-0.28942602658180183
SZ000839,ewma,138,0.12795286072467188,0.29031244077347734,0.10950220337186323,-6.345556425906665,0.5335019097554401
SZ000858,ewma,226,0.07717433752860814,0.22576277907576262,0.3734535035712342,-7.295939953951846,0.2682182547329839
SZ000876,ewma,194,0.3129528853495677,0.4923543002143838,-0.6138411832239214,-7.721647981563806,-0.267068262610471
SZ000883,ewma,206,0.31042181241128963,0.4977348773483063,-0.6232273667724177,-7.695875686997737,-2.323812611412401
SZ000895,ewma,226,0.1446838935899091,0.31352890473089307,-0.027840270649337473,-7.4098219267434775,-0.15083987918877484
SZ000898,ewma,210,0.20391728535831885,0.3563779148722857,0.054184473517815857,-6.735809750077362,-0.38130190279668286
SZ000917,ewma,181,0.4700393796907758,0.5895340448244596,-0.5768285587816062,-6.650445798722889,-1.4727760602836732
SZ000937,ewma,83,0.15724186516550542,0.33797674792166427,-0.026319226683318986,-5.987295362999232,-0.42504708480872977
SZ000963,ewma,226,0.24119386553472794,0.4270475248551168,-1.0447093837048285,-7.632646235833616,-2.1166104644154125
SZ000983,ewma,103,0.21919621967143454,0.3618925546941254,-0.316551295647409,-5.828243585212079,-1.5759934307046461
SZ000999,ewma,206,0.08332516561580888,0.2406140516353091,0.07404663858863336,-7.343491097974678,-0.3411380268770594
SZ001979,ewma,226,0.18208713582946306,0.35712990289612856,-0.09860819760785255,-6.9602751044158495,-0.8270298102825939
SZ002007,ewma,226,0.10753580812544551,0.27096378965062223,0.4552354899467045,-6.971829915326877,0.266349841225354
SZ002024,ewma,226,0.13735333201174518,0.3135112564755583,0.20305068814376825,-7.391215991671789,-0.1699302258771236
SZ002038,ewma,83,0.08085270113121942,0.22316902073220704,-0.2843574619372369,-6.472845403529933,-0.8151577462005897
SZ002081,ewma,226,0.1509925994905966,0.3095184909293309,0.026641994164220528,-6.8301615787606,-0.19906048099628482
SZ002142,ewma,225,0.11680874329458577,0.2911648552816173,-0.07939511986668313,-7.349706169045308,-0.630360646735729
SZ002146,ewma,226,0.10883742184861266,0.27166161388816373,0.07180018395732812,-7.106422879020254,-0.697383031265493
SZ002202,ewma,226,0.1769165344380137,0.35540901527832286,0.10996702044299289,-7.165474018802823,-0.5189363028789933
SZ002236,ewma,226,0.10513243570669008,0.25126910978730593,0.3117159211148506,-7.095478912592145,0.11962774646896746
SZ002241,ewma,226,0.11962904395455932,0.2939361511626531,0.22446093657310695,-6.879071666520153,-0.2017244828189293
SZ002294,ewma,211,0.10659505200107033,0.2689657079021097,0.09968121775653838,-7.581979691662351,-0.5566560500452691
SZ002304,ewma,226,0.1378802619964281,0.2971486368581482,0.2847343081205487,-7.5309142890349925,0.1250074529330757
SZ002353,ewma,66,0.09378557211285263,0.2536790708900237,-0.03214189662772049,-6.025127227509044,-0.3035847171386532
SZ002375,ewma,83,0.07376153556696063,0.22644936943086194,0.3985616858358444,-6.420390442811953,-0.013163438094992541
SZ002385,ewma,226,0.2297030314756792,0.39482994701458696,0.20037711183448836,-7.3493600130202354,-0.02452914743393997
SZ002399,ewma,206,0.09127888962569827,0.25063989394023867,0.4081793703455069,-7.618300184389891,-0.1890337322730058
SZ002415,ewma,226,0.12354613197940292,0.29632325491522993,-0.1645226484308544,-7.318846972885412,-0.9384726471799696
SZ002422,ewma,211,0.09398840271031055,0.2510164655580738,-0.054059085406859664,-7.460158173732972,-0.7356258220457088
SZ002450,ewma,208,0.13272576319238266,0.29886056233811653,0.12256178148757568,-7.113489502545895,-0.10517501786664285
SZ002500,ewma,226,0.11429160992146245,0.2689972523374836,0.45732654806386264,-6.7657911075235795,0.34228012029218347
SZ002594,ewma,226,0.1459898991505179,0.3259681127896562,0.4066136891988853,-7.551993469139703,0.11672630696912045
SZ002673,ewma,218,0.15489227705634423,0.3283908250000219,0.24857467548107126,-6.803225437668289,-0.049816952207644594
SZ300003,ewma,200,0.07607376752969126,0.21131571272569197,0.5320733554395454,-7.300843235702323,0.3663566377882552
SH600000,garch,226,0.15676707083731972,0.33611879305131176,0.388802474395896,-8.334079880708916,0.06833087469826915
SH600008,garch,226,0.14672220364039454,0.3257487835848063,0.03632057283470902,-7.456890308682859,-0.6441899923108767
SH600009,garch,226,0.10844023831683992,0.2721233127803103,0.3525792675977645,-8.142396687443012,0.061610679611068475
SH600010,garch,226,0.21726946340737507,0.3956961843266275,0.06502687130768958,-7.382447129006699,-0.5720778812892606
SH600011,garch,211,0.21696261805804432,0.40737510987845593,-0.10911213650117868,-8.137873169422434,-0.6670443829896842
SH600015,garch,226,0.2296785002146635,0.40961442709507256,-0.0804537672916894,-8.282377223251277,-0.6071406423377221
SH600016,garch,226,0.244528017836392,0.4206835479778336,-0.021146170466356473,-8.282808493670583,-0.20103648005867836
SH600018,garch,226,0.4534023620046881,0.5973880774695819,-1.128076806294822,-7.576875389496946,-2.6201764586306364
SH600019,garch,153,0.34041358027348323,0.48831909237049675,-0.02435732932513157,-6.851896378018454,-0.6653986797173168
SH600027,garch,211,0.2718853340801952,0.4600617728816021,-0.19677997776999967,-8.122630902084289,-1.2699202436203825
SH600028,garch,226,0.1651222993165869,0.3533265492362822,0.18545034582235098,-8.103262662264502,-0.015389392219741671
SH600029,garch,226,0.17230276814235895,0.34885092209708074,0.2641122500419887,-6.885089577672843,-0.04407776759948567
SH600030,garch,226,0.1511653407966444,0.32691987807170647,0.27118835099251626,-7.545907224176042,-0.14782094970269766
SH600031,garch,226,0.13736682057890823,0.29560774784377425,-0.08855647252646737,-7.359161171960355,-0.5128183164390396
SH600036,garch,226,0.10616822943633368,0.26082665277330097,0.12627475259437781,-8.170703391223169,-0.16409163000014515
SH600048,garch,219,0.28267720715500877,0.45694485667645346,-0.14688004436464452,-7.167071130638596,-0.8434089146702985
SH600050,garch,226,0.15382759800457624,0.33104717774191633,0.45690139905826554,-6.937689368535932,0.4078673561576258
SH600060,garch,226,0.1079003275595792,0.27806355881547756,0.4916397194142438,-7.067972336354604,0.2845925346813064
SH600066,garch,226,0.19008103782276592,0.3669521015211771,-0.30658453328585167,-7.671986637782675,-0.9644975248449477
SH600068,garch,226,0.12314981761347046,0.2796412941863642,-0.0691281437445137,-6.833393759105735,-0.300836013208883
SH600085,garch,226,0.27501849363056086,0.4504358741275177,-0.18394162556979188,-7.181630779308882,-1.2240049728689275
SH600089,garch,226,0.1909628162410539,0.3812463291124861,-0.17695519360653678,-7.826986242263087,-1.41658212063163
SH600100,garch,226,0.18625996534952516,0.3641881353036601,0.32091977402678995,-7.145337364075705,0.09116092894049255
SH600104,garch,226,0.2346584428732781,0.4154095994097506,-0.6862274565008988,-7.512904068881154,-0.9832582810414758
SH600109,garch,226,0.12416028526469157,0.29471340921432426,0.2969636142394524,-7.123395338131784,0.047834158116948244
SH600111,garch,226,0.11673584131890943,0.2813164478859828,0.5073142205533352,-7.032288088596161,0.413838805813012
SH600115,garch,225,0.1800750992793157,0.35329299125466546,0.2432892678016656,-6.822167677231753,0.026376656347980365
SH600118,garch,226,0.19050922475701904,0.36167437201998337,0.27250304418516913,-7.181386106123223,-0.24212183166548606
SH600150,garch,226,0.11643953713563528,0.2772980465315919,0.42823082939562507,-6.893389975169477,0.23221089287589536
SH600153,garch,137,0.6650139894727394,0.7240098654447784,-2.1566920011581496,-7.425173856012295,-2.0730499001601905
SH600157,garch,222,0.17492510878688441,0.3486965694419021,0.13056236760136386,-7.1457295131554375,-0.3582072543909507
SH600166,garch,81,0.1181702050969291,0.30258353860968085,-0.1692792478392473,-6.915371186653422,-2.5723261119250647
SH600170,garch,215,0.2358181432101135,0.38294681593092283,-0.22714707803347123,-7.22443511845185,-0.8187372828240906
SH600177,garch,226,0.2654940893604007,0.45533787598217595,-0.12144586828614523,-7.8416448019424925,-0.9264306936463318
SH600188,garch,226,0.10659345792162127,0.261521456237223,0.3138295593566873,-6.369223378272425,0.12042419937971893
SH600196,garch,225,0.0882464654004892,0.25424443109207623,0.032629228301479074,-7.715349892833172,-0.5964978511287138
SH600208,garch,225,0.16590380739973837,0.3395359078559542,-0.40136251601403683,-7.130694090294287,-0.947576921130127
SH600221,garch,226,0.19769170474692044,0.38927417814678106,0.1335029029605499,-7.7665352417828455,-0.37579212662276684
SH600252,garch,225,0.383910238868127,0.5452517066070431,-0.5951868202837494,-7.382968332537701,-2.6687409292831616
SH600256,garch,226,0.2287245024124872,0.4098014304492453,-0.13439053780231336,-7.3631893802151,-0.6955791493307248
SH600271,garch,174,0.21885184825874057,0.40642683486396086,-0.10703727496682913,-7.606574631381705,-0.31016562409905446
SH600276,garch,225,0.14511395754964648,0.3413273199314902,-0.6546784133253767,-7.846070357722472,-3.499313765165991
SH600309,garch,226,0.08500041046578397,0.23533662180362525,-0.05477046869663127,-7.019255230926675,-0.39468015771757226
SH600315,garch,83,0.23646052593006026,0.4251006615723954,-0.8044724796707114,-7.3621217045042,-4.718226052245525
SH600332,garch,226,0.13213387136063792,0.3019426027784541,0.25125160181230877,-7.5030238395790745,-0.07221916657620309
SH600340,garch,226,0.11926551447838851,0.2826315979193691,0.16788576744803096,-7.306164015138266,-0.49528943049329666
SH600352,garch,212,0.18151477273172179,0.37209694560180906,0.24077735856855254,-7.217515816620959,0.07445267884646922
SH600362,garch,226,0.14733910118646468,0.3150352927241717,0.3525759543917595,-6.911911632878873,0.2358800748726394
SH600369,garch,224,0.22063914613902663,0.3931427679470105,0.05409006496444546,-7.493257350237301,-0.5635341647460668
SH600372,garch,226,0.22292378255092468,0.39975994255625685,0.14446175144956175,-6.93688749212381,-0.40553770778180986
SH600383,garch,225,0.33479252016788,0.46995424790109935,-0.2752203663690993,-6.884762165027009,-1.2392110392660034
SH600406,garch,224,0.09850108140039923,0.2577135467857296,0.3192970451840258,-7.036918052535951,-0.5071445220727475
SH600415,garch,226,0.08708112762454234,0.24208215694998705,0.21292783812666238,-7.0206997634805575,-0.23732821546008576
SH600489,garch,220,0.09914133676015308,0.2548868940982065,0.32285643957447785,-6.787080841204751,0.24288101371973547
SH600518,garch,224,0.18954848325476775,0.37513070933605036,-0.1641607205227511,-7.487649647438622,-0.8990062486098374
SH600519,garch,226,0.10636536171188882,0.2720632142015494,0.060086360171596964,-7.711584465375329,0.017184177965162806
SH600535,garch,226,0.12157218846398118,0.2868063619570821,-0.06187717472069787,-7.437223519904544,-0.5457130936351682
SH600547,garch,226,0.11293894399648925,0.2647669508388598,0.2849205604266303,-6.569621163453487,0.2093665420786679
SH600549,garch,226,0.08189308570613707,0.22370378567243898,0.4721259945793529,-6.256826168365749,0.43705033574910646
SH600583,garch,226,0.1383780934776184,0.31136021964309496,0.1417359797421378,-7.467776705666633,-0.4773483125307192
SH600585,garch,226,0.1456135561314388,0.31376598299078484,-0.31297536798554493,-7.426898160786782,-0.5650650803115205
SH600588,garch,226,0.08037256688632696,0.23316183113836425,0.3853954861335228,-6.588180667245044,0.13390351928679156
SH600600,garch,206,0.17817322166882993,0.3525533827655708,-0.497498810286908,-7.771549066467616,-0.9142363967028855
SH600637,garch,224,0.47460423359269105,0.6113489570072915,-1.484237649657679,-7.232301456326873,-3.6567302847302114
SH600642,garch,206,0.11162632466832603,0.28040778861856336,0.2850030347157817,-8.142484343223897,-0.6784187949799527
SH600648,garch,226,0.21221198695812657,0.3775171791697269,-0.1143040160222879,-6.931221086016682,-0.343111702695736
SH600649,garch,121,0.333269722590014,0.4160401120599606,-0.2383016362075785,-6.567995096607572,-0.7731697616531903
SH600660,garch,226,0.1780551162743147,0.35386980089518305,-0.5565499296108447,-7.568621535418819,-1.2001833357034308
SH600663,garch,125,0.18917529834282312,0.3533798635782629,0.08605425526682686,-6.755061599430599,-0.01712302519209885
SH600674,garch,226,0.17634172429852257,0.38017216396203096,-0.2750328363387744,-7.934024336204548,-1.6245220055156255
SH600688,garch,226,0.1721624297062444,0.32802491550331214,0.3130911240960943,-7.115860267966084,0.11256191690677164
SH600690,garch,206,0.39309151968540285,0.5338114287154208,-0.7995856292783894,-7.357083996890825,-0.5254082363012382
SH600703,garch,225,0.13714834225257783,0.31741292710678987,0.18548851088673823,-7.281228927272266,-0.3840825793724174
SH600717,garch,83,1.5664964197922295,1.2028610374444637,-8.79479149159323,-6.085403932913391,-25.68360436229539
SH600718,garch,226,0.1563808087746603,0.34550585215635954,0.45626609872599666,-6.80892725865831,0.17788969557315137
SH600739,garch,215,0.23260753702036452,0.3996891866541083,-0.6336192680883967,-7.024857157561933,-1.352531168881077
SH600741,garch,226,0.15971694892474844,0.34973793919596763,0.03183069630367441,-7.4496670290197615,-0.3141221603070967
SH600783,garch,226,0.08350691874758123,0.23956856674494734,0.39375963954287296,-6.700128117609286,-0.20296889880775826
SH600795,garch,226,0.17222092883447576,0.36208556729385466,0.22550139692143523,-8.213045313649477,-0.40453080040664813
SH600804,garch,226,0.08059810974488389,0.23248315029183692,0.3467165652506241,-6.98258088831899,-0.2034144852922226
SH600827,garch,226,0.18972133666538246,0.36893175846685566,0.27988217169520435,-7.403149602222183,-0.019781852852182924
SH600837,garch,226,0.10754889132841233,0.2622814092704965,0.4315785313847773,-7.714410529663467,0.06580651660639125
SH600839,garch,226,0.13445901587048673,0.31622319423019823,0.49437451826548184,-7.002298317541308,0.2946906591492583
SH600863,garch,196,0.4044185544521328,0.5713707472287414,-1.054616477334804,-7.5798253840606735,-3.7563353020732544
SH600873,garch,148,0.248084221207386,0.42526229031261964,-0.6731337951096039,-7.4320919805300685,-0.5121287507123486
SH600875,garch,210,0.1978801579249623,0.3878356523929834,0.1548459572256472,-7.707711705972581,-0.7195590618960015
SH600886,garch,226,0.17073204950838325,0.36337859127227007,-0.22151180856426578,-7.839563917162111,-1.0249301318721282
SH600887,garch,206,0.24658172028714492,0.4160747842548498,-0.9257169652089401,-7.127855348166391,-1.2760750416330056
SH600893,garch,206,0.26129785202851896,0.42291181119913,0.0413490310887249,-6.928986606638269,-0.9008374287925378
SH600900,garch,226,0.09610344365651782,0.25260465678197525,0.25965934244385436,-8.566731751542639,-0.13380508742780384
SH600999,garch,226,0.13828357895151014,0.3185010390578252,0.09117638716452703,-7.160028684723534,-0.4294252066290969
SH601006,garch,226,0.16416206999328373,0.3430381928136405,0.16613329112290498,-8.14762664138938,-0.11249905898416412
SH601009,garch,226,0.10725064968412744,0.26171897127954846,0.21544917195732338,-7.616680594909606,-0.06426964615892072
SH601018,garch,194,0.16765114887842691,0.3098094555304708,-0.1486663109732156,-7.6202031181238015,0.1381777703781909
SH601088,garch,226,0.17676873458981063,0.3237292469700582,-0.04855635217623844,-7.489703783226633,-0.3094609500027943
SH601098,garch,206,0.1330534671431676,0.29404659953330275,0.20174272025898043,-7.392752600523733,-0.15823074133239068
SH601099,garch,220,0.1160139329925764,0.2784852449730293,0.1845741406045771,-7.094720214142053,-0.3360069865357693
SH601106,garch,199,0.255116932319953,0.3848463001607428,-0.28678240126593835,-5.874639985900798,-0.4747130554328576
SH601111,garch,226,0.14729041647767913,0.3293312109376071,0.3253522457224155,-6.959438143641956,-0.022500326198051646
SH601117,garch,208,0.16300837261257123,0.3463315613266303,0.14224076862603885,-7.554254703521693,-0.3195335159348589
SH601118,garch,222,0.13434935760712807,0.30575764367111935,0.19394345238312116,-6.806620843448615,0.027185347171856056
SH601158,garch,83,0.0913728495120284,0.2504264503884382,0.4488220014597891,-7.063722733476674,0.06563852117200197
SH601166,garch,221,0.2020017465341106,0.3863978700266966,-0.15311745257273768,-8.699185913251306,-0.6331460424473196
SH601169,garch,226,0.14716469627480214,0.30933631484493185,0.1760709660723453,-8.227044540145203,-0.3124040881791754
SH601179,garch,206,0.11016781741601832,0.27460852372665656,0.37558090126603805,-7.560577373140167,-0.06229531944654654
SH601186,garch,226,0.19923689958621058,0.3789364683415973,0.2675784843469188,-6.950445096879667,0.08444094205793484
SH601216,garch,223,0.16106527986523855,0.3263452087716447,0.08579031318002917,-6.763114549672304,-0.022688616075917212
SH601258,garch,223,0.21587826544996078,0.40178357796481085,-0.0962276612713151,-7.660049714627775,-1.1203883569247455
SH601288,garch,226,0.2176685539056823,0.37538209936452566,-0.6995968282120715,-9.021939437378851,-1.6039458333772032
SH601318,garch,226,0.15136075833349077,0.3212350192348753,0.15368928673739346,-8.419554204477267,-0.30318388952373887
SH601328,garch,226,0.14643701195973108,0.3185502840621122,-0.04692151670096534,-8.497496985144657,-0.6110649382018429
SH601333,garch,226,0.10586120656140281,0.2614183059459321,0.4239980910297507,-7.401109471472766,0.1846454483035106
SH601336,garch,226,0.10419760298157679,0.2594432412528619,0.40942784770285,-7.368027890287803,0.05449617767465176
SH601377,garch,222,0.12824981447077352,0.3142709588084649,0.3069428635936252,-7.296445548669234,-0.027856673880721328
SH601390,garch,226,0.17510238830624397,0.35083071427188095,0.30257532034570833,-6.94054933910559,0.07009777719971877
SH601398,garch,226,0.18873231538776408,0.35118515996606786,-0.5383358447789659,-8.895551485453574,-1.1930031349754713
SH601555,garch,224,0.11946259394713632,0.2874368466133675,0.19212264275775415,-6.87891129555756,-0.09318264064249981
SH601600,garch,226,0.15158252168739017,0.31748590182504416,0.438191719327542,-7.1072744159153265,0.19464222539272402
SH601601,garch,226,0.21436751663227827,0.37826204556342363,-0.08457015541898127,-7.8617732634420525,-0.5985348930125454
SH601607,garch,226,0.09295475245132541,0.258929134188639,0.312363457771767,-7.5192900664526645,0.007431249888126823
SH601618,garch,226,0.0866744851177444,0.23614355537378798,0.5012894983884202,-6.8658514982315175,0.16143766462464915
SH601628,garch,226,0.09385192025801653,0.24333503138997228,0.45953165217808467,-7.584354251302795,0.21480544427331338
SH601633,garch,226,0.2878481361141389,0.46021913643194096,-0.9055161626181949,-7.063144189948755,-1.6607366074964318
SH601668,garch,226,0.13640635567967657,0.3071778576726862,0.49408207430061546,-7.269754075627033,0.4535922063230672
SH601669,garch,217,0.1218984804182403,0.2837705951513281,0.35544742672214746,-6.955902760648903,0.18153445615601982
SH601688,garch,226,0.0695939526577261,0.2168915028533379,0.4947635198754379,-6.892150594431392,0.3392531154545332
SH601699,garch,64,0.23826191977624608,0.42594200177062524,-0.06398776956161578,-5.60211555664244,-1.1033520892572146
SH601727,garch,140,0.1398596748264054,0.301616696340966,0.3387987873535264,-7.014354102841706,-0.25605106040310743
SH601766,garch,216,0.24341938331210222,0.42138659065837203,-0.02741207561034109,-7.519932729445629,-0.5225325859881669
SH601788,garch,226,0.13234174144445868,0.2989573947746224,0.3465008145616212,-7.2427750166201195,-0.00601748916955569
SH601800,garch,226,0.139118635404053,0.30282131810478513,0.2578938570052325,-6.6250021308762665,0.05689926744981211
SH601808,garch,211,0.22316691225900773,0.40023139234314165,0.039385647780771915,-7.732844042064535,-0.5786428452030496
SH601818,garch,225,0.11083936999337958,0.26799755815784654,0.07895895045471513,-8.143041676077624,-0.443172572684867
SH601857,garch,226,0.12908012005881744,0.28658959370830445,0.5199151781998822,-8.692735218419411,0.2810013316617789
SH601866,garch,221,0.13464366573229353,0.2968177089550041,0.47168077647152484,-7.057279293144515,0.09670068432466039
SH601888,garch,226,0.23154659902333247,0.44041324301081,-0.4669596940358922,-7.7322691077518035,-2.5071791999407878
SH601898,garch,211,0.15714761965110788,0.3137803551784926,0.14167867098122844,-6.886684576407717,-0.29380768791448597
SH601899,garch,224,0.1681316260374261,0.3240099463933626,0.22052418878252866,-7.35013024851804,0.022532619543581434
SH601901,garch,226,0.10490902534344357,0.27189937343244247,0.44325938719525426,-7.196864774594531,0.23391732820048072
SH601928,garch,226,0.2123446942309088,0.4111193869094609,-0.019610309621707955,-7.502483806968718,-0.7960147835237616
SH601933,garch,226,0.17408405829766355,0.3339191292432084,-0.029005116645373752,-7.318944477446494,-0.3734837236746047
SH601939,garch,226,0.1274299466958396,0.3082186250658618,0.11894980767250019,-8.608398202036692,-0.21504370041072374
SH601958,garch,226,0.1374557524939496,0.30070416888232177,0.3819486703781749,-6.987345577720309,0.17360765939939649
SH601988,garch,226,0.16535233690645834,0.3425493643581144,-0.18223072006781105,-8.663504829761692,-1.26939246256482
SH601989,garch,211,0.14472327014816203,0.3194533133154524,0.39758710884687665,-6.947596530094314,0.14914591721557735
SH601991,garch,201,0.18547706097881153,0.38643109848108853,0.09529559583821812,-7.963774255505695,-1.623719243169579
SH601992,garch,203,0.10481683401237565,0.2746774837434198,0.18704807604098694,-7.217582863604371,-0.5763888500085199
SH601998,garch,226,0.12735892021774178,0.29312336564440217,0.321235287241895,-7.564787601116979,0.02412731835148607
SH603993,garch,207,0.19394937519645705,0.360503605369051,0.3317594705115502,-7.074993226860153,0.15607652605610556
SZ000001,garch,226,0.24254660445136525,0.4272777535777911,-0.21403459417760007,-8.602420952537017,-0.9313916645542615
SZ000002,garch,123,0.19178744128136227,0.3380713883091559,-0.6523006367364537,-6.4142634047634655,-0.11714026203632466
SZ000009,garch,226,0.10921978392972252,0.26650778333931335,0.3172658672609263,-6.737215542598946,-0.017476931072356816
SZ000027,garch,226,0.13672912946894952,0.31609518710911916,0.24398342759920355,-7.781247181575919,-0.7810228318254862
SZ000039,garch,226,0.2125715760359414,0.40706477232956684,-0.15240181875966385,-7.347943536338503,-1.1955976131782857
SZ000046,garch,204,0.14950256773393014,0.32594000854217864,-0.01663802891454913,-7.241438500907476,-0.5796092459778359
SZ000060,garch,226,0.11084726044011839,0.26365748341423495,0.3708265084617316,-6.605497662051933,0.08286980899289009
SZ000061,garch,226,0.29940406572805184,0.4765707635095644,-0.4587259205791654,-7.270826789201115,-1.5516547691569125
SZ000063,garch,208,0.15278544199606126,0.3315272888889477,-0.12815533639381793,-7.459934466441767,-0.83716216168386
SZ000069,garch,226,0.24281342322503838,0.435108803062176,-0.35487818408542515,-7.371314306662524,-1.1438994107128946
SZ000100,garch,136,0.0898486142774744,0.2555293752248911,0.1619206667033618,-7.53248819831039,-0.8125614719031196
SZ000156,garch,226,0.1329409505530016,0.2975204666438577,0.47759512626781675,-7.1831631145922055,0.2281836167002086
SZ000157,garch,226,0.17050920095105188,0.34226934664277403,-0.08426965340576653,-7.725168301468794,-0.3071577218691679
SZ000166,garch,218,0.20628111264885843,0.3959829182928706,-0.3168190829306916,-7.508172633055423,-1.0341630597099907
SZ000333,garch,216,0.13507440318985822,0.29491825087903334,0.2407953209115269,-7.130483165179497,0.17526810323305697
SZ000338,garch,224,0.12616699442967333,0.29543260187317255,-0.22520801193485696,-7.333429665734676,-0.6033945214165239
SZ000400,garch,83,0.3724588215129918,0.5347604047107176,-3.253197231987449,-5.150271608179935,-3.5594711582588117
SZ000402,garch,226,0.2032808849137058,0.3824127862942981,-0.16482549275037361,-6.714385988867543,-0.7820993378210879
SZ000423,garch,226,0.16527957179945807,0.33439316406522945,-0.734650761837903,-7.395959921155992,-1.4592933569389057
SZ000425,garch,216,0.1278081147961634,0.3000985508886282,0.3909848207098743,-7.41438452365592,0.17131375281328287
SZ000503,garch,210,0.1965993037927085,0.3578215004765404,-0.28484465145495497,-5.878285832970418,-0.21110166794596075
SZ000538,garch,115,0.16940823876540306,0.3288767831821942,-0.45343493617962993,-7.483255948103332,-1.1149763143710345
SZ000539,garch,83,0.5569157320946825,0.6472923780287456,-2.016329873394681,-4.737648787705969,-4.899610264975086
SZ000559,garch,226,0.3246174553375799,0.4602991260966257,-0.24930686121239898,-6.988171013227318,-0.8408509288101396
SZ000568,garch,208,0.059832219247139704,0.2010805782691869,0.4237502388066886,-7.0306660608862135,0.30423182680411054
SZ000581,garch,83,0.15913591429945972,0.3478351038620964,-0.5265998832573076,-6.836131853256615,-2.9310264676206326
SZ000623,garch,225,0.17028069006393906,0.3534963590062148,0.09283867198900886,-7.5032037237999,-0.26633313512655965
SZ000625,garch,212,0.23849171332646274,0.4221645705082514,-0.2280969482256452,-7.4072422461496235,-0.7703650950026115
SZ000629,garch,77,0.12565006258913325,0.2934344004344529,0.17885627737001952,-6.267249501859908,-1.1722563835197763
SZ000630,garch,226,0.2012655474557636,0.37335779519427353,0.13052522460962002,-7.142137815718514,-0.12760266054454705
SZ000651,garch,90,0.763031797304558,0.692127398345727,-0.9413299737135656,-6.561815062910568,-1.1448113801412543
SZ000686,garch,220,0.12485068767184054,0.29390330911583257,0.3549317118895299,-7.141977847367796,0.050677663153752994
SZ000709,garch,226,0.13554137711251185,0.3047957251018905,0.36767470761117615,-7.116213253142554,-0.3497877612945486
SZ000725,garch,226,0.15158469727089408,0.33610000688964015,-0.07326819063233447,-7.721585090073221,-0.5656975213366326
SZ000728,garch,206,0.12485475798283295,0.2941404266119329,-0.09663053427931723,-6.664754664416811,-0.5279891096004303
SZ000729,garch,206,0.14658881179704109,0.30664613111134364,0.23583028875552192,-7.587912394031613,0.04520556403187548
SZ000738,garch,226,0.17897655703156498,0.3565909250625893,0.2066430002097166,-6.693372479024075,-0.3175526665496886
SZ000750,garch,207,0.10470762220875048,0.2730636669205736,0.4896577164914928,-7.024782088767534,0.34403383766077744
SZ000768,garch,226,0.09217628429151292,0.2416734865049113,0.41071335889229565,-6.744428005084061,0.09832049617013305
SZ000776,garch,226,0.1453976689228037,0.32475861174491816,0.1145307284907684,-7.296839634783622,-0.34639280623106417
SZ000778,garch,226,0.2885562995027109,0.4765777986958162,-0.282904088739651,-7.033469171533687,-1.3691798255927754
SZ000783,garch,226,0.1389240276207195,0.3253495530103899,0.16278655154825517,-7.072122451578771,-0.138754903969303
SZ000792,garch,226,0.10960808990641675,0.2693351390000155,0.4007542547333912,-7.075290742358306,0.14951080827309204
SZ000793,garch,226,0.11884745516889934,0.2770042140390728,0.19362723791960568,-6.527209501445964,-0.12192110288408853
SZ000800,garch,226,0.1516568209545708,0.3218130717965309,0.01826015730238295,-7.1418847362989855,-0.5248421449212237
SZ000825,garch,206,0.11932801660189213,0.28355693457776515,0.3415858192815444,-7.130904650644961,-0.04672022234016793
SZ000839,garch,138,0.1427799849077093,0.27753708179418835,0.0063116897674989625,-6.333134512493896,0.6226289875935209
SZ000858,garch,226,0.10123125520911316,0.2646880158260033,0.17814534842175533,-7.281100902912247,0.029296421983694754
SZ000876,garch,194,0.3786346184938637,0.550780478728545,-0.9525499502493058,-7.664223643254992,-0.6160792004855091
SZ000883,garch,206,0.3595165215521612,0.5277224946005673,-0.8799486159081191,-7.654764009397626,-2.9350492833095734
SZ000895,garch,226,0.19734494420746407,0.3582331792853893,-0.40194651825173966,-7.352572528705105,-0.5989430920893026
SZ000898,garch,210,0.16218929249638755,0.32102554144539314,0.24772855423859386,-6.822796682421596,-0.06424052950662573
SZ000917,garch,181,0.4106760504997218,0.5476662549555106,-0.37768398311990725,-6.737428992691088,-1.2106960047088928
SZ000937,garch,83,0.15832860534743884,0.33837784299861895,-0.03341239072047708,-5.978178424066761,-0.40658333480916586
SZ000963,garch,226,0.31329909741265405,0.4890987738820785,-1.6559780157164496,-7.550871137720861,-3.0639068913445167
SZ000983,garch,103,0.22721033200819685,0.3676726602361013,-0.36468620416108566,-5.812718688356132,-1.6736051739978057
SZ000999,garch,206,0.09458198272108696,0.2602774587583442,-0.051045073625709314,-7.327581772824174,-0.5292789317583957
SZ001979,garch,226,0.1924652775597018,0.37194191635288937,-0.1612238872272156,-6.949287418042823,-0.9302101623686769
SZ002007,garch,226,0.10518536436219864,0.27221404016366446,0.4671425780824008,-6.980292255058025,0.2485902697279806
SZ002024,garch,226,0.15674030616512713,0.3444278463153041,0.09056389598359627,-7.381057492928259,-0.3405692501939239
SZ002038,garch,83,0.10480131303142678,0.2647579332959234,-0.664784806561763,-6.4448839754574925,-1.3938061573637217
SZ002081,garch,226,0.15158108636063433,0.30844949137983785,0.022848375084789208,-6.83580050560049,-0.22497059791020568
SZ002142,garch,225,0.1096743490122637,0.2823178320939052,-0.013468288070178636,-7.363609158115319,-0.5213889981858164
SZ002146,garch,226,0.10458080596082696,0.27097045524843877,0.10810194503269255,-7.120864773194047,-0.6235308156149515
SZ002202,garch,226,0.2573188882665004,0.44270511842359267,-0.29452172205177685,-7.081836724126015,-1.2449366730077451
SZ002236,garch,226,0.13932632171827303,0.29096666346362815,0.0878543965645493,-7.055690929857509,-0.24426122666036276
SZ002241,garch,226,0.17461291235183482,0.3568125141686832,-0.13199211521762755,-6.811331371482134,-0.7828281800064143
SZ002294,garch,211,0.13691172926121542,0.3108799269847354,-0.1563782656822219,-7.5496939687086915,-1.0992922897376958
SZ002304,garch,226,0.16884538951782527,0.33044860549419336,0.1241000517010089,-7.497442652326758,-0.08209904511460908
SZ002353,garch,66,0.1123706961117149,0.2638665789421785,-0.23667746325160044,-5.8827176112087605,-0.47070537529815093
SZ002375,garch,83,0.059455569557784214,0.2078922703996295,0.5152099634633883,-6.436987777129334,0.25393186900189846
SZ002385,garch,226,0.2866171235901742,0.4279504061338143,0.002252557615320283,-7.2968131829804,-0.304686185201259
SZ002399,garch,206,0.09207908294566225,0.23999142143054852,0.40299119467412936,-7.628383663465671,-0.28718533333704155
SZ002415,garch,226,0.1464002315014201,0.32298638902214977,-0.37994110044130447,-7.291178728133308,-1.3042090689760482
SZ002422,garch,211,0.1099310828418317,0.2725407630699963,-0.23285270625559273,-7.445972817141378,-1.1465218057492712
SZ002450,garch,208,0.14406976421296858,0.3111620785951066,0.0475675994471344,-7.1087097840515066,-0.17518792753383594
SZ002500,garch,226,0.11343954718162373,0.26488208381450684,0.46137226785564944,-6.765177379805181,0.35613296503257585
SZ002594,garch,226,0.23034233765528,0.40339499809951274,0.0637572136298965,-7.449214430595203,-0.4165992014136226
SZ002673,garch,218,0.15017324150438013,0.32489208607133474,0.2714680236094681,-6.80828224253117,-0.006395828306478446
SZ300003,garch,200,0.10074574971419839,0.27464098618778626,0.38031699824656284,-7.294114126693249,0.13615847182189533
SH600000,egarch,226,0.12479427664645353,0.28123005389780187,0.5134567949220828,-8.313787558162636,0.24985872374542994
SH600008,egarch,226,0.11629892215124597,0.28292506031541514,0.2361423431634051,-7.4927086601021875,-0.23049598009377315
SH600009,egarch,226,0.10393824395195136,0.26356320924650223,0.37945752362363916,-8.143088261457935,0.11799486157457606
SH600010,egarch,226,0.15900085495034744,0.34109056118094677,0.31577348935159966,-7.447989252883616,-0.1270849735420594
SH600011,egarch,211,0.15630132377479078,0.3254737000805846,0.20098818542352503,-8.13188982458529,-0.16584779386596593
SH600015,egarch,226,0.1481717526949077,0.3127342834862256,0.30297033350618907,-8.337428525960329,-0.011457046631590195
SH600016,egarch,226,0.1972686849176024,0.3594333233659534,0.17620825646522464,-8.26630202995717,0.006120375393943056
SH600018,egarch,226,0.42350236383248996,0.5783771269596488,-0.9877390005163544,-7.5903291663236,-2.3208847973475746
SH600019,egarch,153,0.30870827334478546,0.47672856878178327,0.07104886306244129,-6.853898326106161,-0.4584422894532718
SH600027,egarch,211,0.17085704334652804,0.3561963782358095,0.24792453690130678,-8.217660372837104,-0.37612647110802233
SH600028,egarch,226,0.16418288322086852,0.34017126951657334,0.19008449311234976,-8.114891679102001,-0.005257718096935093
SH600029,egarch,226,0.15363000838534366,0.33126589113657967,0.34386172424511585,-6.904782789543163,0.08053423279288396
SH600030,egarch,226,0.1049800663730964,0.27268468764630255,0.49386086199998913,-7.5823173665964605,0.2099591220309981
SH600031,egarch,226,0.11476393118616703,0.27072581547913555,0.09055898958131714,-7.374802753973137,-0.21196800801223725
SH600036,egarch,226,0.10422969274851535,0.24920080297829572,0.14222819230191908,-8.135543804325005,-0.13083506475572793
SH600048,egarch,219,0.26108052501686946,0.4303106732304599,-0.05925782671928581,-7.107993990910613,-0.6961767109685466
SH600050,egarch,226,0.16249229644575774,0.3396559290879912,0.42631010294475724,-6.873354662145686,0.39398477919754105
SH600060,egarch,226,0.08446810792687044,0.2420206735727873,0.6020379917517718,-7.117854305316155,0.5169282980694412
SH600066,egarch,226,0.1497746630060828,0.3213934760394071,-0.029525408759159655,-7.716323652224911,-0.5330909779670283
SH600068,egarch,226,0.10580967016793032,0.2591969960663636,0.08141076902021516,-6.866136307628649,-0.08407256739250668
SH600085,egarch,226,0.2396524262562932,0.4166912349405962,-0.03169237591261065,-7.20841713777203,-0.9154056414460976
SH600089,egarch,226,0.14511427209086036,0.32748566325876594,0.10562171439607992,-7.867457375580558,-0.782752823606887
SH600100,egarch,226,0.15496244492638706,0.33737342733361214,0.4350265666564491,-7.16332212244964,0.25693946478380847
SH600104,egarch,226,0.20222825059736604,0.38235030250404395,-0.4531879802065064,-7.531557608320403,-0.7125110163792141
SH600109,egarch,226,0.10480562593556605,0.26659216228402016,0.40655606333351546,-7.122899645340072,0.21002817854346878
SH600111,egarch,226,0.10898203189296776,0.2693628970619439,0.5400393167837605,-7.031878574506773,0.45833743657723525
SH600115,egarch,225,0.16217723391532152,0.33433645696428616,0.31849959315246734,-6.833817305704195,0.1276517082887746
SH600118,egarch,226,0.1344739793869685,0.3133721259146218,0.4864846530917315,-7.216655127676098,0.21019656644033358
SH600150,egarch,226,0.10639111905939964,0.2666034687905111,0.47757296704636754,-6.890552741348565,0.3703106352084342
SH600153,egarch,137,0.4938958739087905,0.6146648457058971,-1.3444276049125183,-7.562835160970023,-1.1573965238910962
SH600157,egarch,222,0.14921031745032712,0.3238461880174326,0.2583736775518406,-7.168050286479588,-0.11218652742384294
SH600166,egarch,81,0.09460687573379874,0.2656602179244014,0.06387691882484459,-6.940472461218372,-1.487262618613157
SH600170,egarch,215,0.20551121016665638,0.36072831812135003,-0.06943629368853088,-7.241668755418824,-0.481049763942365
SH600177,egarch,226,0.20472488779749579,0.39143285330796584,0.13524297241816452,-7.891881017106557,-0.47188787882045746
SH600188,egarch,226,0.0956651619834084,0.252041375229989,0.3841779070471981,-6.36177296069407,0.2407944977629527
SH600196,egarch,225,0.07094199734130074,0.2275173519282639,0.22232335989393526,-7.73692455531889,-0.26361077606497463
SH600208,egarch,225,0.15286354516036868,0.328606585872895,-0.29121353879849177,-7.148006452027918,-0.7728192641352267
SH600221,egarch,226,0.15881282864376176,0.34537207008185655,0.3039118400612263,-7.80487757270107,-0.07007599048952651
SH600252,egarch,225,0.3294847080265972,0.505254531212687,-0.36904310048789024,-7.438042676474436,-2.1503831898764836
SH600256,egarch,226,0.18581659255778799,0.3645270199822097,0.07841712566465087,-7.371701590111413,-0.3383480596432704
SH600271,egarch,174,0.14091187074215625,0.3162295266160255,0.2872132694422216,-7.704126374025796,0.1503055475531554
SH600276,egarch,225,0.12577609963649472,0.30909797695796487,-0.4341762880360269,-7.875507151289231,-2.891565466177561
SH600309,egarch,226,0.07769856276814147,0.22275581798331,0.035838191616769044,-7.027193829005463,-0.2704376949905325
SH600315,egarch,83,0.2547999342858271,0.44210487810813925,-0.9444237782701759,-7.339050362319945,-5.179831088343752
SH600332,egarch,226,0.10379297598042407,0.2717537087086339,0.4118478198798394,-7.519996510197505,0.19536639708569825
SH600340,egarch,226,0.09033370544484885,0.2410659246659769,0.3697426929438449,-7.334672412943137,-0.1266274462146253
SH600352,egarch,212,0.10598196703713895,0.2763156219613782,0.5567087584823599,-7.3017864188612815,0.47221277942442863
SH600362,egarch,226,0.1490582475361492,0.31263322078262606,0.3450218382356087,-6.844085234463543,0.22963659071533482
SH600369,egarch,224,0.16837865045741768,0.3435454331894254,0.2781378957331885,-7.54333789670526,-0.16478655017950894
SH600372,egarch,226,0.19812098047659388,0.38092072964996787,0.23965009610708488,-6.956310963860188,-0.20297881843780963
SH600383,egarch,225,0.23733831824552007,0.3873254877471446,0.09598142457092118,-6.9145812656474614,-0.5777783040082392
SH600406,egarch,224,0.09137600663444419,0.24401317016744503,0.36853568680619464,-7.034395196435289,-0.3245450147231743
SH600415,egarch,226,0.08562903341633317,0.24173749203699962,0.22605241470112591,-7.011994259105111,-0.2154022616905138
SH600489,egarch,220,0.10088036363305994,0.2561742143235901,0.3109787416648295,-6.783377030511696,0.22996519665294135
SH600518,egarch,224,0.129279098367216,0.30024714285532145,0.20599919493196894,-7.5435478851539814,-0.27955591624892673
SH600519,egarch,226,0.09170888388120856,0.2458395176616264,0.1896005479032522,-7.726153633453546,0.17811087793884373
SH600535,egarch,226,0.11763244490163281,0.2820908622148959,-0.02746532595851159,-7.43729242319148,-0.4744536998858626
SH600547,egarch,226,0.11812425341292204,0.26814755095487297,0.2520894747062562,-6.536943034229906,0.17459092668308618
SH600549,egarch,226,0.08084749095306873,0.22495978367053984,0.4788657856812485,-6.246883532887332,0.4494909630944801
SH600583,egarch,226,0.11843475386423437,0.28483027746698886,0.26543078145379273,-7.484706394263018,-0.23376956610990596
SH600585,egarch,226,0.1165343677481275,0.27520306357575586,-0.050772733267692605,-7.461242593208566,-0.21014291364966176
SH600588,egarch,226,0.07602248657777659,0.22109925505779882,0.4186603064185095,-6.586145390626544,0.19121542794018187
SH600600,egarch,206,0.16988476110298162,0.3398239019823264,-0.42783649111114586,-7.7819782675794915,-0.8543971096048395
SH600637,egarch,224,0.8425881594340859,0.834000553612106,-3.410388868587958,-6.8896710300810655,-7.307681705430429
SH600642,egarch,206,0.1063034183840184,0.26467852965225197,0.3190976969836702,-8.130016654694439,-0.5750939892753775
SH600648,egarch,226,0.18352798760785563,0.3604925772364648,0.036312808831693855,-6.981805482462065,-0.20256899464615263
SH600649,egarch,121,0.29567954620891823,0.3916645532789865,-0.09863105180437026,-6.591566250079919,-0.5551634683396036
SH600660,egarch,226,0.16209030600335414,0.3361542637805626,-0.41698626627173696,-7.58965066343047,-0.9917374167767086
SH600663,egarch,125,0.21634662643234487,0.37924606309454595,-0.04521615849070715,-6.668702166064757,-0.1694940641697018
SH600674,egarch,226,0.14240429238067784,0.33815482345528747,-0.02964938980395937,-7.974423721128504,-1.0756058962753459
SH600688,egarch,226,0.13212042636847807,0.29360964219994146,0.47285424749425287,-7.1518601295192195,0.34211081230479756
SH600690,egarch,206,0.3568530108520704,0.5102874420956055,-0.6336845694561497,-7.384092750801707,-0.38766824643244124
SH600703,egarch,225,0.12650723898693975,0.3087175287688766,0.24868505212338565,-7.273984970645107,-0.24422239250847833
SH600717,egarch,83,88.02218016846243,6.775712858545141,-549.374000535471,70101433.7426349,-1493.4827948884647
SH600718,egarch,226,0.11416987960090437,0.2876590967945639,0.603032913502606,-6.851149723030193,0.4280410799619653
SH600739,egarch,215,0.1729755515549346,0.3341402696946552,-0.2148195950487184,-7.070985565431161,-0.7368617975796681
SH600741,egarch,226,0.14625922665095487,0.33407932790313893,0.11340847305732449,-7.457255317097261,-0.1919936060528753
SH600783,egarch,226,0.0819816710333222,0.23730799461027136,0.4048325750306955,-6.69787737363708,-0.14397497186106678
SH600795,egarch,226,0.1268551345893202,0.30600512732353136,0.4295169280662712,-8.255498292473115,-0.008482760921036947
SH600804,egarch,226,0.08054183824945284,0.23444792085369076,0.34717267068448654,-6.9804749165225575,-0.1842328934012516
SH600827,egarch,226,0.16076722274820976,0.33603128815931843,0.38978216502752283,-7.411783016977723,0.16767520562605165
SH600837,egarch,226,0.07875438498012058,0.22913659393216443,0.5837643455236385,-7.733868982889465,0.33175844950454414
SH600839,egarch,226,0.1279586674600012,0.3051652671900589,0.5188187087514498,-6.989655597370454,0.39080147140900123
SH600863,egarch,196,0.3151400048368811,0.5023681824787755,-0.6010438677384253,-7.6732806533508136,-2.6770560838375728
SH600873,egarch,148,0.19455448905981193,0.37272772510775337,-0.3121176713779723,-7.496063462760183,-0.4895020518077635
SH600875,egarch,210,0.15666155282148794,0.33591742178103995,0.33089226275735717,-7.746991514709417,-0.3169241926688806
SH600886,egarch,226,0.1620565516014553,0.3478725388803474,-0.15944248315640341,-7.84167952487189,-0.9015153673080858
SH600887,egarch,206,0.2344796323547726,0.4065876708300795,-0.8312038925501848,-7.140009941154989,-1.16595887795236
SH600893,egarch,206,0.27065876505532205,0.4237361613548008,0.007005662885072428,-6.791541527479993,-0.7314928787863388
SH600900,egarch,226,0.09169118684803539,0.24829985960349774,0.2936495199298297,-8.560182447623282,-0.06328470862031366
SH600999,egarch,226,0.1152248929688551,0.28578110693759323,0.242722062080445,-7.1952693182633,-0.1860717017089757
SH601006,egarch,226,0.14212124138155388,0.31452730464502215,0.2780904150562181,-8.164934369141402,0.022900627442597576
SH601009,egarch,226,0.1030165224071363,0.2537940640101916,0.2464222995885783,-7.626699856016354,-0.009361095488908733
SH601018,egarch,194,0.1346002497926446,0.29071652085636024,0.07778280423531625,-7.631586806084768,0.10553109677528416
SH601088,egarch,226,0.1534343876404136,0.30006581871989285,0.08985827060448526,-7.4625265549664235,-0.11351081347502934
SH601098,egarch,206,0.08701735117411412,0.23674211584228178,0.47793743725764826,-7.447673363216592,0.26906799827427597
SH601099,egarch,220,0.1133446829119788,0.28239630136036925,0.20333546939300695,-7.089376182433219,-0.3079517683312194
SH601106,egarch,199,0.24569724153885913,0.3747149534296579,-0.23927049285494717,-5.930511604322525,-0.3841243599441442
SH601111,egarch,226,0.1384662024831333,0.3193187626332611,0.36577059945547974,-6.961899526244109,0.06249880284637854
SH601117,egarch,208,0.13471952798500422,0.3148943606845157,0.2910982612523284,-7.57135271335051,-0.07114275466428688
SH601118,egarch,222,0.1271493855817197,0.29064297879918827,0.23714116242137784,-6.819842526568289,0.09782329956918279
SH601158,egarch,83,0.07517249363185108,0.22895169422653106,0.5465455569509617,-7.071980146907158,0.2726800214860834
SH601166,egarch,221,0.13153608102424438,0.2974401689635599,0.24913247892901091,-8.767424557713007,-0.047143549127510065
SH601169,egarch,226,0.13867108484248095,0.30228892373343796,0.22362403579038148,-8.153138397033079,-0.22376709625596836
SH601179,egarch,206,0.0911183351830541,0.2539116845989886,0.4835512759748197,-7.579366550214451,0.10264718467394107
SH601186,egarch,226,0.16810296371879918,0.34664063202407613,0.3820310006409111,-6.944087379698081,0.30710974630371835
SH601216,egarch,223,0.1549620333430392,0.3180499386620424,0.12043246011767683,-6.7738657608034165,0.03316505394411173
SH601258,egarch,223,0.15034102415564857,0.3287065589862828,0.23656979103585396,-7.72686547912206,-0.3835794462897333
SH601288,egarch,226,0.18232882649021862,0.3369016701931124,-0.4236576190453343,-9.059395867910998,-1.1948688052056187
SH601318,egarch,226,0.1097913487216639,0.2639564498311179,0.38611833298316955,-8.41765562423104,0.08839965434831853
SH601328,egarch,226,0.13405423730885282,0.30095680827552024,0.04160660228324797,-8.49893358261394,-0.485689625414061
SH601333,egarch,226,0.1034386859265284,0.26092248912618965,0.43717927945119683,-7.388372500930013,0.23264754958522516
SH601336,egarch,226,0.10156885554062912,0.25015296753422406,0.4243270871250906,-7.33206941120869,0.08286691444836936
SH601377,egarch,222,0.10305999973741058,0.2734299403878369,0.44306766765476535,-7.292750204739957,0.15978109620911174
SH601390,egarch,226,0.1654438048196646,0.330166298016081,0.3410450097611418,-6.896527291699313,0.18000388134955558
SH601398,egarch,226,0.15460771406062113,0.31741300054299715,-0.26019006300078495,-8.91611331010312,-0.7829902035621141
SH601555,egarch,224,0.10846528458972714,0.27158433085826095,0.26649301198287445,-6.886391481188363,-0.01279203987136257
SH601600,egarch,226,0.1326885464477931,0.2957667704107326,0.5082182080431538,-7.110493047538764,0.312107951457002
SH601601,egarch,226,0.16646426763650704,0.3296362001658023,0.15779135076732842,-7.874179612530879,-0.2288695755014245
SH601607,egarch,226,0.0823433305698457,0.23983191533646128,0.39086188048045634,-7.526605272338747,0.1567193291020964
SH601618,egarch,226,0.09122514390713989,0.24038388056605384,0.4751057682579257,-6.850100574884381,0.25981749016219924
SH601628,egarch,226,0.08586887993268012,0.22906846027461933,0.5055038667408631,-7.578525474364872,0.2949490713093853
SH601633,egarch,226,0.25174509035202175,0.42656889418546445,-0.666518828300978,-7.10453615806824,-1.3161440373632884
SH601668,egarch,226,0.12675962947382938,0.3001569896621904,0.5298608449270581,-7.297321222857146,0.4992003844843702
SH601669,egarch,217,0.13455091465860133,0.291347122873579,0.28854619038291895,-6.900746453379085,0.2568124263800273
SH601688,egarch,226,0.05821452362783301,0.20016690527154182,0.5773756212050808,-6.909112485798643,0.47185201651430386
SH601699,egarch,64,0.23390746148896013,0.41701252134410666,-0.044542403029316224,-5.55720320859347,-0.7787289389341392
SH601727,egarch,140,0.16011267559314438,0.32683524102966166,0.24305061202479683,-6.95318539467611,-0.3042229122880391
SH601766,egarch,216,0.22209585840655371,0.4023991553267016,0.06258916703699913,-7.540502258391537,-0.376298672887017
SH601788,egarch,226,0.11844531134318644,0.28929042170764613,0.4151209313332751,-7.250129028266805,0.1249179185197069
SH601800,egarch,226,0.14786561563696182,0.3180791028151476,0.21123448786577403,-6.598550567234752,0.037859377336171174
SH601808,egarch,211,0.16953424023736746,0.34241414438702095,0.2702456528341186,-7.761901873430335,-0.16423808435872878
SH601818,egarch,225,0.10298690871653005,0.26008988748764206,0.1442104867669045,-8.166429232568603,-0.28721926245964946
SH601857,egarch,226,0.10906195704110773,0.26220613817381005,0.5943682870189919,-8.718303909224002,0.41822100145952035
SH601866,egarch,221,0.126244995820388,0.2892873442566372,0.5046357524252556,-7.050923682975117,0.21054248982552348
SH601888,egarch,226,0.4337141590540922,0.6025355633283594,-1.7477889666646012,-7.485757275481693,-5.481580527759172
SH601898,egarch,211,0.14646946836383914,0.3078226780007383,0.20000144433726363,-6.872147908465335,-0.15822403204393964
SH601899,egarch,224,0.16433785826794362,0.31974720003109885,0.23811249313301275,-7.344320239338308,0.05048447643474474
SH601901,egarch,226,0.10673664078196696,0.26123301275867955,0.43356043387942766,-7.150671118539285,0.20204722742083214
SH601928,egarch,226,0.24132968603034688,0.4386130618756478,-0.15878683376349145,-7.465710548658835,-1.050395594400955
SH601933,egarch,226,0.15322104160422165,0.3139073513910106,0.09431548568974368,-7.34029282459849,-0.20843545140646746
SH601939,egarch,226,0.13031428038059512,0.30454676700450006,0.09900753496829673,-8.586776480515457,-0.2367655895773948
SH601958,egarch,226,0.12365189738702254,0.2859830469968792,0.444015850892274,-6.986385624743738,0.26809132061559293
SH601988,egarch,226,0.13270913612039986,0.3064131325642358,0.05116056724403284,-8.700285946795107,-0.8052595025892884
SH601989,egarch,211,0.1379013064379326,0.31305056209433435,0.4259836402257884,-6.946985501965784,0.25501319588532667
SH601991,egarch,201,37.669460584619216,5.0923841782083175,-182.740925769774,50802471.30306206,-578.9238209477447
SH601992,egarch,203,0.11786896145632694,0.2927201196248984,0.08581670211811454,-7.188862455575125,-0.704277700081497
SH601998,egarch,226,0.11922897345884464,0.27970737939194246,0.3645641798479802,-7.558364483707533,0.09963536281453256
SH603993,egarch,207,0.1776335715760264,0.34335584860956464,0.38797455880096754,-7.024496813715799,0.3289870260549882
SZ000001,egarch,226,0.1699891754277204,0.35131604845087877,0.14914191410022948,-8.670331923794414,-0.32699436299833096
SZ000002,egarch,123,0.1536785581115716,0.3055094968252886,-0.3239823093941341,-6.4252033060075116,0.04905541859185569
SZ000009,egarch,226,0.09839704415473934,0.2537989217719839,0.38491893878584627,-6.7451436354133865,0.09638438808751615
SZ000027,egarch,226,0.11694662897423364,0.290178855617496,0.35336683606249353,-7.799111592736572,-0.48448745104474145
SZ000039,egarch,226,0.16525048762681369,0.35456628757408676,0.10413722265547465,-7.397455621853801,-0.676645507173538
SZ000046,egarch,204,0.12772122328450222,0.2963263522572012,0.13147810998404497,-7.254119426911625,-0.35173292193477335
SZ000060,egarch,226,0.10120770606548118,0.2550442669912791,0.42554100531697747,-6.618229763481272,0.17220418194170106
SZ000061,egarch,226,0.214286386707897,0.4061095240866144,-0.044024255174879734,-7.360159393843293,-0.8090179613269739
SZ000063,egarch,208,0.13070691906682813,0.3055651655297336,0.034870689756957285,-7.477943909780844,-0.556793925276001
SZ000069,egarch,226,0.20739464000812088,0.3919729160106358,-0.15724439576319837,-7.369721555032556,-0.8281192452753239
SZ000100,egarch,136,0.0989604674738331,0.2674944444377136,0.07692819449541088,-7.516115029339354,-1.0258831249625482
SZ000156,egarch,226,0.2995495777468244,0.4525018120048339,-0.1771102785741694,-6.735161814959089,-0.4530976999151175
SZ000157,egarch,226,0.1493169581971008,0.3164681563043683,0.05049202266538999,-7.722653935960664,-0.13860652559991116
SZ000166,egarch,218,0.1619292456720035,0.34208454773770003,-0.03369386584819911,-7.548478817895755,-0.5698279059371927
SZ000333,egarch,216,0.12446392436845784,0.2775787862426879,0.3004330093139226,-7.133882771686017,0.21499253333494694
SZ000338,egarch,224,0.12216510861891236,0.2883158521755824,-0.18634568839012178,-7.318176691585472,-0.5286415271203362
SZ000400,egarch,83,0.10161159792800388,0.26052758348467875,-0.16032737602949476,-6.299458497298825,-0.7698695509220652
SZ000402,egarch,226,0.17368270964938637,0.3557539107210742,0.00477584040698853,-6.7630247428648795,-0.5212580026386282
SZ000423,egarch,226,0.17374956496434346,0.34526007504677114,-0.8235454748158466,-7.386325555233106,-1.6013888354190393
SZ000425,egarch,216,0.10363025766601336,0.2628207094762051,0.5061941094037359,-7.422630152805443,0.3552583717553126
SZ000503,egarch,210,91.20992531604837,9.451992668422834,-595.0885030676137,11.353318630338947,-774.3244482086997
SZ000538,egarch,115,0.16609979966813795,0.3242750993217176,-0.42505024247623413,-7.483806129296544,-1.0624857907550669
SZ000539,egarch,83,1.7907174332031905,1.3020785839727118,-8.698764422157002,-5.763841628176028,-51.67838711094405
SZ000559,egarch,226,0.2605428149095386,0.4096770929577813,-0.0027123340227752646,-7.056736704052932,-0.48025655170897585
SZ000568,egarch,208,0.06226037616607248,0.20493478345252017,0.4003644299184149,-7.021036636792302,0.2847884967835296
SZ000581,egarch,83,0.1414802249386112,0.33127266804083655,-0.3572278503271513,-6.849784898561341,-2.448363161710685
SZ000623,egarch,225,0.1458476037075656,0.3114065001780353,0.22300464123738506,-7.500680057007859,-0.07381170409252302
SZ000625,egarch,212,0.18393825476380168,0.3679622912241213,0.052822397111307984,-7.454785294773675,-0.36016448598380624
SZ000629,egarch,77,0.09310470101046968,0.26030637666420553,0.39154554158813215,-6.317770770686648,-0.6108812280213869
SZ000630,egarch,226,0.1966770881438935,0.35892212278365854,0.15034754233865433,-7.062055460244381,-0.09171201427209241
SZ000651,egarch,90,0.6344343073705119,0.6099429242657189,-0.614148114929709,-6.615843109136049,-0.7722164385913048
SZ000686,egarch,220,0.11235763274482709,0.28262146403440275,0.41947980293585807,-7.142959777782633,0.15987118892702645
SZ000709,egarch,226,0.12743382401280653,0.29031347152917897,0.4054979243553406,-7.12200503747842,-0.23245527553447576
SZ000725,egarch,226,0.23010190767012823,0.417011756361365,-0.6291951796745527,-7.613666542113494,-1.5015143176149488
SZ000728,egarch,206,0.12920588369431427,0.3015335292952728,-0.13484755853044184,-6.674495914294472,-0.5903764547707275
SZ000729,egarch,206,0.12460822750627605,0.27929638442194615,0.35041540984726594,-7.613313231165094,0.190184372869302
SZ000738,egarch,226,0.17931444209638658,0.3529040284729436,0.20514524270590262,-6.655390103542283,-0.22459982955398017
SZ000750,egarch,207,0.11044004539035167,0.2760758858376529,0.4617180319219871,-6.999995965111906,0.31640585267824917
SZ000768,egarch,226,0.10039701221904371,0.25171304989713017,0.3581579192246005,-6.706331294299922,0.10975359228915349
SZ000776,egarch,226,0.1180897793522493,0.28877235254066186,0.2808353003840869,-7.3330016668342415,-0.10639981746289617
SZ000778,egarch,226,0.2036231284767727,0.39526370096883395,0.094703721474787,-7.103390368775505,-0.6069980842747744
SZ000783,egarch,226,1.0438446700917245,0.9812195100898965,-5.290638206094793,-1.8350189778346753,-7.10792999517739
SZ000792,egarch,226,0.09577455466610707,0.2512438385929211,0.47638450375815755,-7.0913791206406,0.2691049344761953
SZ000793,egarch,226,0.1169644467260486,0.27418891592740535,0.20640333579165837,-6.535799235561391,-0.15840722187403133
SZ000800,egarch,226,0.12556039337689437,0.2919384914692568,0.18719355933348802,-7.151097352491869,-0.21545324604155236
SZ000825,egarch,206,0.15011921303191814,0.31245079156506333,0.17168975507012307,-7.050839267909861,-0.3825304936067113
SZ000839,egarch,138,0.09878757517374573,0.2526588966406281,0.3124802561800434,-6.370283052091537,0.5417268643153859
SZ000858,egarch,226,0.09714740105420006,0.2520701709298831,0.21130046960097326,-7.278177575418073,0.06897852715311603
SZ000876,egarch,194,0.2284093090707674,0.4134207338119657,-0.17786531732526423,-7.81990935365954,0.052546141055249795
SZ000883,egarch,206,0.25763838624109114,0.447880422727593,-0.3472174394869034,-7.753169560620927,-1.7190851170282269
SZ000895,egarch,226,0.1692265285089081,0.33165277215596184,-0.2021921483302902,-7.38621041030226,-0.3588766617186876
SZ000898,egarch,210,0.2558056128336631,0.417257356899156,-0.18648558877305899,-6.398126300899163,-0.7557974712793647
SZ000917,egarch,181,0.3556569973181386,0.5081615378857322,-0.1931130342115026,-6.7995849544554,-0.9366608835533698
SZ000937,egarch,83,0.17140117291625281,0.34992547429895476,-0.11873716999518802,-5.92169625441079,-0.4121874370964185
SZ000963,egarch,226,0.3498099908068311,0.5156862686402156,-1.9654973567868033,-7.512512626392178,-3.5463530074462177
SZ000983,egarch,103,0.15603908941451494,0.3171913983527403,0.06278737083943675,-5.830675706758314,-0.2943624476204636
SZ000999,egarch,206,0.08081085412063926,0.2385193149015892,0.10198699926336618,-7.3483116159332775,-0.2925575070821371
SZ001979,egarch,226,0.17560186832534105,0.3508894815841368,-0.05947985385499632,-6.9596319761787235,-0.7277979305235813
SZ002007,egarch,226,0.08952917544176513,0.24270295623233967,0.546455099513331,-7.00696159919973,0.3956375594986379
SZ002024,egarch,226,0.12403069313647928,0.29564115504745714,0.28035109089515065,-7.408978741675295,-0.05082629239601766
SZ002038,egarch,83,0.07384804613755645,0.2088008380056975,-0.17308745136818748,-6.420704519915289,-0.06120350700224675
SZ002081,egarch,226,0.15568130428314073,0.31498639635093484,-0.0035832510611761847,-6.822252843573929,-0.23691877439980025
SZ002142,egarch,225,0.09626761324966186,0.26111081517129475,0.11041940002007833,-7.382533946271937,-0.3144284028062998
SZ002146,egarch,226,0.103434471283604,0.2699234202929673,0.11787824824209514,-7.118171588212995,-0.5860637479161639
SZ002202,egarch,226,0.2306601751553246,0.41901210177359055,-0.16040687554030764,-7.113110839376423,-1.0152028829361233
SZ002236,egarch,226,0.1507725695005297,0.3043528764240826,0.012917769646845434,-7.03612971739496,-0.3341375659856112
SZ002241,egarch,226,0.09141595662340099,0.2581543684334571,0.4073626016027033,-6.914934141854696,0.11707700097850782
SZ002294,egarch,211,0.10052306165715916,0.25412012919492316,0.15096621503923846,-7.602680034394226,-0.6294053819609751
SZ002304,egarch,226,0.15096058763770684,0.30577449675355256,0.2168789963134089,-7.518599719473423,0.03341686305936964
SZ002353,egarch,66,0.1496953704654846,0.31051991805648366,-0.6474481107042316,-5.755006428522097,-0.8021110289915052
SZ002375,egarch,83,0.12916546956844457,0.2914428558143139,-0.05319204200873018,-6.217776054418214,-0.044171896479670014
SZ002385,egarch,226,0.24607670545882798,0.4017716122105711,0.14337845406243288,-7.338202757516578,-0.10883151165826188
SZ002399,egarch,206,0.09397249537639184,0.2422473530931943,0.3907149658380311,-7.620865335516545,-0.27320890634927064
SZ002415,egarch,226,0.19113678885422744,0.34655896543017234,-0.8016194922735582,-7.151465033087766,-1.5235040873260233
SZ002422,egarch,211,0.08963608214656747,0.24288230247925627,-0.0052487758311525745,-7.470762541951815,-0.7114345835196718
SZ002450,egarch,208,0.1721903245353721,0.3289155427222227,-0.138334924368807,-7.053057826892474,-0.4004123754503155
SZ002500,egarch,226,0.09617910919458615,0.24627178106080203,0.5433273778658407,-6.780888394799957,0.4753401473438431
SZ002594,egarch,226,0.1594243569281054,0.33645167413038407,0.3520083816766375,-7.525034444704632,0.05317557965542441
SZ002673,egarch,218,0.11608043034560735,0.28157389384633397,0.43686169058632085,-6.849088551747843,0.21353784586051372
SZ300003,egarch,200,0.1223154525652351,0.29592506060945994,0.2476426348359113,-7.224397178300097,0.045651556249275416
SH600000,har_pooled,226,0.10634489361091193,0.25980217903772446,0.5853865515987698,-8.398722088859902,0.3507836170369635
SH600008,har_pooled,226,0.0845628932255858,0.23741607132129092,0.4445863101756433,-7.515038178131871,0.18191071084351373
SH600009,har_pooled,226,0.09152748044826699,0.24701088082873288,0.453553502403672,-8.148925136986575,0.2464910179560973
SH600010,har_pooled,226,0.09780102481371401,0.2547552927282296,0.5791339992038267,-7.494839626466475,0.3919374904760832
SH600011,har_pooled,211,0.11534243631283483,0.28353525831185017,0.41036987333018493,-8.233118816237143,0.1565988812204242
SH600015,har_pooled,226,0.11794765734841728,0.2777975818488197,0.44515054475616644,-8.388155741303972,0.21324878684066417
SH600016,har_pooled,226,0.16603713381433702,0.3393362277838654,0.3066308521620579,-8.355815238540774,0.1925886406707893
SH600018,har_pooled,226,0.13132074016351222,0.2975557997573681,0.3836366001892384,-7.928247864460397,0.05305966545903884
SH600019,har_pooled,153,0.1992937756011436,0.375078790410008,0.4002940788616599,-6.9075724707798924,0.1592404420100776
SH600027,har_pooled,211,0.11427125348111321,0.282741421574466,0.49700284988325727,-8.276291076472074,0.13800112633945294
SH600028,har_pooled,226,0.08921899475429199,0.24470285757057644,0.5598819685531969,-8.189005406202133,0.4999661934803803
SH600029,har_pooled,226,0.12436058344350587,0.2862063174788395,0.4688684870222414,-6.879382380206054,0.2826519858124359
SH600030,har_pooled,226,0.08975161733227811,0.24464675274057554,0.5672816011639733,-7.60386791806336,0.34384108186376383
SH600031,har_pooled,226,0.08129929754872191,0.23268660731230978,0.3557477985910026,-7.436375196336354,0.24139442133723188
SH600036,har_pooled,226,0.10256551612542882,0.24658823571996877,0.15592375018635074,-8.14873042947826,-0.10835660687288406
SH600048,har_pooled,219,0.13769117939900008,0.2927765350315788,0.4413583340267294,-7.295023635115621,0.12320797009498008
SH600050,har_pooled,226,0.13915316798866637,0.30211916976658443,0.5087104535753942,-6.905412530061948,0.4719665748552174
SH600060,har_pooled,226,0.08632002577385961,0.2402915737883375,0.5933128887088978,-7.127369769524178,0.4622643955359359
SH600066,har_pooled,226,0.09553485930478653,0.24941803620528863,0.3433097220688479,-7.772009519475899,0.06530816968530662
SH600068,har_pooled,226,0.07961132356383747,0.22971214872888882,0.3088523537241574,-6.891823443299859,0.27344355128249886
SH600085,har_pooled,226,0.1225629333857766,0.2834195074608006,0.47237236059373966,-7.326582766670651,0.0348644889873968
SH600089,har_pooled,226,0.09961921612677248,0.2586154645655694,0.3860199796414049,-7.930056011362803,-0.1466008731051065
SH600100,har_pooled,226,0.09948310530064089,0.25296472378162693,0.6372972071518315,-7.195647829274707,0.5500525081695302
SH600104,har_pooled,226,0.09878494941510019,0.25528936157983484,0.2901431887419933,-7.653574616586122,0.1709936255651343
SH600109,har_pooled,226,0.08415749273809371,0.23692819702539555,0.5234725870424174,-7.135549474885135,0.40128465554729786
SH600111,har_pooled,226,0.08896273293183489,0.2446784825105864,0.6245311386715757,-7.049197492337106,0.5830278935927222
SH600115,har_pooled,225,0.13877693005197111,0.3033394240661862,0.4168322395925703,-6.859523815733826,0.2512673130900983
SH600118,har_pooled,226,0.09846131616456917,0.2597337825808346,0.6240060927936427,-7.2525274285425185,0.46859121005455795
SH600150,har_pooled,226,0.09693732196893258,0.24729604495656113,0.5239952549946776,-6.898657808580438,0.40639797390383114
SH600153,har_pooled,137,0.19283863733819087,0.3473174545540277,0.08463251354705836,-7.764723840028375,0.03957370749201938
SH600157,har_pooled,222,0.11970102934604519,0.28209369417726343,0.405044934531958,-7.183360396933397,0.17317545869884587
SH600166,har_pooled,81,0.08412811466898652,0.2357115742248886,0.16756293549969603,-6.949998346612119,-0.8099896383450702
SH600170,har_pooled,215,0.1661488583746949,0.30699035014480636,0.13539694911667965,-7.291320587258413,-0.10569049782613682
SH600177,har_pooled,226,0.11671045770881444,0.2802687479333427,0.5070155388443962,-7.995426146294282,0.2010539049123543
SH600188,har_pooled,226,0.09539295012557823,0.2500531497808783,0.3859302071796603,-6.362774403348102,0.27906231344427035
SH600196,har_pooled,225,0.05773949499496874,0.19970028084231142,0.36705113822659496,-7.752666419880391,0.09250507141296516
SH600208,har_pooled,225,0.1381145308691478,0.29605847045508615,-0.1666310105261184,-7.073860857899233,-0.34847890287709893
SH600221,har_pooled,226,0.1369342139976995,0.30493942232073973,0.39980739674291377,-7.784393392661765,0.12950937443116495
SH600252,har_pooled,225,0.11873931104693633,0.28765472217619165,0.5066258597580457,-7.653020789970112,-0.018582795746519887
SH600256,har_pooled,226,0.108524353221203,0.26461698041115,0.46175858678563875,-7.461129397762277,0.32163583838953724
SH600271,har_pooled,174,0.07475749198007944,0.2256659771346593,0.6218476980503341,-7.7862767605601135,0.5414057597901021
SH600276,har_pooled,225,0.06192568606107972,0.19193849134580943,0.2938853182294565,-7.954701694577333,-0.6101977632273861
SH600309,har_pooled,226,0.06830807614813982,0.20502666139390097,0.15236478153783373,-7.008655003361805,-0.01091753135352902
SH600315,har_pooled,83,0.08146688976095229,0.23291804549193384,0.378311623050831,-7.5373396206003545,-0.3497752966263241
SH600332,har_pooled,226,0.0701542768366964,0.21475423647474948,0.6024645167314752,-7.567685709190642,0.47505183830676423
SH600340,har_pooled,226,0.07496947720872332,0.21841440357258726,0.4769387507764178,-7.35107904698091,0.08191825991627522
SH600352,har_pooled,212,0.08623015606167099,0.23611665572375717,0.6393247454687938,-7.313215740236243,0.5916749218857303
SH600362,har_pooled,226,0.10163548961466162,0.25135794406357026,0.5534025975872902,-6.948417279873465,0.4903396272724463
SH600369,har_pooled,224,0.10229060265676085,0.26039897677877516,0.5614663172561567,-7.6020238215710725,0.33826730914036085
SH600372,har_pooled,226,0.09613751940838947,0.24530035874127143,0.6310428432827786,-7.078270306770709,0.4553850780455322
SH600383,har_pooled,225,0.1526793735443657,0.30371503180388293,0.41844624673627906,-6.998300669129918,0.03980187451843675
SH600406,har_pooled,224,0.0746069630562014,0.2130514766596076,0.4844200745800473,-7.043537730034889,-0.020893439029993743
SH600415,har_pooled,226,0.07537473693633324,0.22273381791655547,0.31873462402898334,-7.02519736075691,-0.029584389768763097
SH600489,har_pooled,220,0.09013212498261532,0.23488542180347813,0.38439010392709927,-6.7878193286312625,0.3364990621573978
SH600518,har_pooled,224,0.09657962566146801,0.2526432732231039,0.40683140974147525,-7.566653283225108,0.11322337219276513
SH600519,har_pooled,226,0.08304562771473697,0.23688998787581558,0.26615472404802265,-7.729369706272334,0.2756656049499122
SH600535,har_pooled,226,0.09793768937116058,0.2546767968157291,0.14455930914714687,-7.432377743557491,-0.1991635409293735
SH600547,har_pooled,226,0.07344824640765765,0.21469555701265014,0.5349581905027618,-6.6243690268016,0.49194333547062785
SH600549,har_pooled,226,0.06969135028466057,0.21682505689913037,0.5507770662110951,-6.254464732600102,0.5609306123503941
SH600583,har_pooled,226,0.08018522174931925,0.22223554608102095,0.502666288757837,-7.532197925295833,0.24934077696999846
SH600585,har_pooled,226,0.07556299673796336,0.22451736629279584,0.3186599099429763,-7.509913297694448,0.2616463240551743
SH600588,har_pooled,226,0.06756197749901642,0.21053307009839747,0.4833573451079496,-6.596851681349961,0.3129641152079008
SH600600,har_pooled,206,0.096006910105668,0.24818995184010292,0.19308730955213194,-7.8464746279627215,-0.011957246730318394
SH600637,har_pooled,224,0.0800839218218415,0.23379398663093268,0.5808139084304944,-7.6554446479739715,0.3102584839062047
SH600642,har_pooled,206,0.0882293336985238,0.24207659157612088,0.43486712448042153,-8.155480422163102,-0.15757507012463345
SH600648,har_pooled,226,0.09190912519887526,0.24782630305851117,0.5173943339100335,-7.085017360161605,0.4994513851045179
SH600649,har_pooled,121,0.2801389612195773,0.37368813088508374,-0.04088823715451517,-6.527569472527092,-0.4763210612934341
SH600660,har_pooled,226,0.08902042195254499,0.2421462343687527,0.2217874194039644,-7.6675314957154495,-0.011963308250595883
SH600663,har_pooled,125,0.18382428289611347,0.3361377324388886,0.11190613889203016,-6.653683780275667,-0.07177907925828175
SH600674,har_pooled,226,0.0876599153695086,0.24712332959659808,0.3661779651332473,-8.035346700682153,-0.15068111687046737
SH600688,har_pooled,226,0.09007077965510045,0.24583460377713354,0.6406276438463312,-7.197140036545792,0.5751378667819789
SH600690,har_pooled,206,0.15397795539095957,0.3229771011898996,0.29508396424068284,-7.482024205751366,0.3097705267310735
SH600703,har_pooled,225,0.0999242605447459,0.2564884624005391,0.4065589352516381,-7.301065491417517,0.10875410292775745
SH600717,har_pooled,83,0.10755055336662413,0.2748232123511855,0.3275214474021748,-7.404946175800724,-0.6046908935825195
SH600718,har_pooled,226,0.07979302370642348,0.22388328074610822,0.7225607642376326,-6.874471854598735,0.6385748481630029
SH600739,har_pooled,215,0.10224578212668108,0.2496248702581146,0.2819206036806492,-7.131662076352428,0.01012698322480976
SH600741,har_pooled,226,0.10927464447657907,0.2629497450326176,0.3376009423746277,-7.49081705610408,0.15850447090883935
SH600783,har_pooled,226,0.07365012056825176,0.22211500066940856,0.4653176489965858,-6.689059520137985,0.011198208867032045
SH600795,har_pooled,226,0.11978796193794557,0.2878052578440073,0.4612988687586558,-8.212507239782777,0.16483261904527946
SH600804,har_pooled,226,0.0688682321219225,0.21352377998449792,0.4417924270415947,-6.9749808337838735,0.057428315116224926
SH600827,har_pooled,226,0.12092445383348237,0.2862235684586348,0.5410117985986134,-7.43484983092412,0.41539013489695475
SH600837,har_pooled,226,0.07401205917829302,0.21971720468252037,0.6088286652356406,-7.747004625605396,0.38049227136858554
SH600839,har_pooled,226,0.12183770139071977,0.2862376558489884,0.541836253520944,-6.956923304581753,0.44877365967836513
SH600863,har_pooled,196,0.08610002079739076,0.2383955603606189,0.5625756546485885,-7.928256256441162,0.21833765077963907
SH600873,har_pooled,148,0.12398253439066292,0.2802230138752747,0.16383489734742973,-7.44801969660865,0.2478982082305219
SH600875,har_pooled,210,0.09907197739562022,0.2569946830273494,0.5768596351468993,-7.814556205537346,0.2753788340901804
SH600886,har_pooled,226,0.098931480501845,0.24989111365137853,0.2921892988474005,-7.909504458582018,-0.0735412074350601
SH600887,har_pooled,206,0.12094307421637965,0.27587664813221063,0.0554769040795432,-7.153015574234404,-0.051103931522160195
SH600893,har_pooled,206,0.12815162100597474,0.29032832403585185,0.5298366416287279,-7.0735335016604495,0.16184176009588847
SH600900,har_pooled,226,0.10924265755058289,0.2734025863123838,0.15844034462240386,-8.536694090429771,-0.24169265578842847
SH600999,har_pooled,226,0.08153336115601506,0.23147606814768154,0.46414863995954014,-7.238944171354491,0.2048151844002889
SH601006,har_pooled,226,0.11327624041207647,0.2770637801420241,0.4246095593808408,-8.217880526889557,0.22478136914855285
SH601009,har_pooled,226,0.10125128616795619,0.25113513215799405,0.259335205545032,-7.646004863052518,0.02435415545894226
SH601018,har_pooled,194,0.13196058629904867,0.29607931508647833,0.0958685289540786,-7.674482695547587,0.05894180058873599
SH601088,har_pooled,226,0.12316774975499123,0.2745025991929812,0.26939383998795785,-7.521189041032758,0.15044855268253632
SH601098,har_pooled,206,0.0698349131760911,0.20986399364858707,0.5810238619117458,-7.463017926853121,0.45886010676394984
SH601099,har_pooled,220,0.10062670831449144,0.25490051209582765,0.2927261580664863,-7.076412318836067,-0.11695122116547707
SH601106,har_pooled,199,0.13428328478713678,0.27564753733769526,0.32268953660997235,-6.5751458670926155,-0.023620758794789865
SH601111,har_pooled,226,0.13095722371365592,0.30319142377109465,0.40016466109840865,-6.941119518157929,0.14501235621888175
SH601117,har_pooled,208,0.09822540362770335,0.2559361698793822,0.4831323976385845,-7.609365001879025,0.24210355837355158
SH601118,har_pooled,222,0.08594386336730188,0.2258486989763167,0.4843621508240945,-6.842364364878249,0.4175282005204818
SH601158,har_pooled,83,0.09337177553085542,0.26177529047459336,0.43676410846235125,-7.0215082596875975,0.2226364302208672
SH601166,har_pooled,221,0.12056195546488249,0.28309241299397575,0.31177775762756843,-8.780046194646202,0.06751427682674094
SH601169,har_pooled,226,0.11667150771257508,0.27742399779595667,0.3467927765977096,-8.265457852314588,0.0008203523871815888
SH601179,har_pooled,206,0.09773925871850646,0.2555037242186722,0.44602460798990484,-7.560348132812503,0.06502837139332496
SH601186,har_pooled,226,0.16192459983016722,0.33290100625582236,0.4047434934219485,-6.973740659330731,0.30433195527039525
SH601216,har_pooled,223,0.11806984812547934,0.26193684050282584,0.32983322682586447,-6.81437169840839,0.1512899088197719
SH601258,har_pooled,223,0.09250470083361506,0.24271776042613216,0.5302620593135077,-7.800227432536207,0.18654853894821177
SH601288,har_pooled,226,0.11011294076151926,0.26703833314527176,0.14021753944083915,-9.141250095154183,-0.30446607613840193
SH601318,har_pooled,226,0.11389557587084324,0.2705533991982388,0.36317016963979676,-8.42712796513264,0.032440247469647465
SH601328,har_pooled,226,0.10911853273814213,0.2686289772993063,0.21987933060383447,-8.544290303467864,-0.17286555108983537
SH601333,har_pooled,226,0.10416010039668985,0.2639860812365685,0.4332539877842184,-7.399004715862618,0.21187380968595138
SH601336,har_pooled,226,0.09670296379730461,0.23654833420201965,0.45190603402474416,-7.328297787246165,0.15176113302844607
SH601377,har_pooled,222,0.0824337602987962,0.24131622470987807,0.5545310837941781,-7.352969732970419,0.3361181790226122
SH601390,har_pooled,226,0.16553520482797207,0.3244714782740388,0.3406809677733037,-6.873335876382854,0.16874755842622546
SH601398,har_pooled,226,0.1188569364839777,0.277424399751883,0.03121049822200317,-8.977016462803395,-0.34845339224578953
SH601555,har_pooled,224,0.07047777079495751,0.2208223317388556,0.5233872517505311,-6.9314407414245816,0.39855777271599757
SH601600,har_pooled,226,0.12018623246747817,0.2827637238109029,0.5545553677863689,-7.132243111813605,0.3961701103063545
SH601601,har_pooled,226,0.14646300902435458,0.3096307984748997,0.2589856385136794,-7.896430983914659,-0.07257163541372225
SH601607,har_pooled,226,0.08035259156615784,0.22714512567701722,0.40558845280597156,-7.526990469181561,0.21897410701045306
SH601618,har_pooled,226,0.11025891632957151,0.27376357313902777,0.3655886228205286,-6.858898555144387,0.015367061675269245
SH601628,har_pooled,226,0.08664643792707626,0.2311239297814846,0.5010261162226886,-7.588570660017775,0.30362817019597566
SH601633,har_pooled,226,0.1292202386289128,0.2886958271176623,0.1445793029309853,-7.167713634730922,-0.025320683961996382
SH601668,har_pooled,226,0.12912413735775802,0.29232679089946234,0.5210911148219143,-7.26301329510555,0.48976935880960004
SH601669,har_pooled,217,0.1297512729412695,0.29526244055972667,0.31392486129910746,-6.957644357661721,0.13275982385765972
SH601688,har_pooled,226,0.06458043320756528,0.20134614722560834,0.5311605461011651,-6.897292390433828,0.3976281679744351
SH601699,har_pooled,64,0.16250547660159204,0.3341928158545793,0.27431190114958015,-5.721955785952444,-0.10824781238540093
SH601727,har_pooled,140,0.15112786426067726,0.3041541401393018,0.2855272455204828,-6.939199373139033,-0.319918492739228
SH601766,har_pooled,216,0.13938735925791024,0.3062800054105293,0.41168096747086835,-7.588215712584658,0.20122809882244308
SH601788,har_pooled,226,0.08345759653485305,0.24217378610190565,0.5878891213090126,-7.290370148529625,0.4108248598063975
SH601800,har_pooled,226,0.1423674135385496,0.3073438351569957,0.24056376888414988,-6.60580101568046,0.07268869009771517
SH601808,har_pooled,211,0.1187028421312186,0.27408047455903156,0.48904766998738036,-7.828530920280839,0.2224363805555617
SH601818,har_pooled,225,0.09888752193947138,0.25403411695978245,0.17827512913955335,-8.187834421197694,-0.26454621575422643
SH601857,har_pooled,226,0.10823152105695069,0.2719471079491501,0.5974569091188844,-8.720272004397547,0.4375219590164289
SH601866,har_pooled,221,0.11749516937889223,0.27338358612288655,0.5389686078658605,-7.057128996707862,0.20521846026956914
SH601888,har_pooled,226,0.06206937980531865,0.19868947994255215,0.6067604586192492,-7.959588536694346,0.14252029215655315
SH601898,har_pooled,211,0.12483768534542473,0.2920248671547498,0.31815163198014895,-6.919282800961853,0.08639803350236985
SH601899,har_pooled,224,0.14350649669065937,0.2981342329507917,0.3346888651512292,-7.348458229735731,0.2123504219842257
SH601901,har_pooled,226,0.08817748158872413,0.23697630718115936,0.532051842302684,-7.218006397753743,0.3726370569780296
SH601928,har_pooled,226,0.07013767431129336,0.2186233109704124,0.6632216496875629,-7.677570171572503,0.4587700724692447
SH601933,har_pooled,226,0.09431303887101668,0.241132878305732,0.4425187434526122,-7.354615451922844,0.2787401488430462
SH601939,har_pooled,226,0.11382055830493355,0.2789814834660965,0.21304506997287187,-8.634319557636571,-0.06499294086892293
SH601958,har_pooled,226,0.08716611921081295,0.2403491080107963,0.6080692521137754,-7.0420264403781925,0.5190906445966874
SH601988,har_pooled,226,0.10455263742583946,0.26660824356719204,0.25247297896452536,-8.730991901484218,-0.3468701142435875
SH601989,har_pooled,211,0.11534314858553929,0.27506640370923235,0.5198823275414949,-6.9499898485743925,0.3753152601191776
SH601991,har_pooled,201,0.0900006686137016,0.240127789606415,0.5610023102445937,-8.081574375196245,-0.027374642287141482
SH601992,har_pooled,203,0.08131664270787388,0.23281827351840975,0.3693138915887445,-7.2195379350955164,-0.1081281627355879
SH601998,har_pooled,226,0.11422172956890532,0.27565229858545776,0.39125049640008125,-7.586565817010769,0.14626251882785124
SH603993,har_pooled,207,0.1748704391082467,0.32170893006433443,0.39749476014962104,-6.8637154206080835,0.2709917059772968
SZ000001,har_pooled,226,0.12598126341714813,0.290330773388096,0.36941763273669337,-8.731910548425873,0.04602881144367199
SZ000002,har_pooled,123,0.13364631098613067,0.28977574139012796,-0.151399086741564,-6.303195684419261,-0.011809307389172519
SZ000009,har_pooled,226,0.07229203807319164,0.22515623427496498,0.5481016337699508,-6.764340378043074,0.4005049393784085
SZ000027,har_pooled,226,0.09167643930926017,0.2508793252448618,0.4930933321546803,-7.814358339694564,-0.08020256762671685
SZ000039,har_pooled,226,0.09269513137720685,0.24292483402507592,0.4974773204334817,-7.464784653292492,0.09251913246618804
SZ000046,har_pooled,204,0.08539057047079653,0.2397108224588967,0.4193323729006605,-7.301999495932529,0.1262517637983569
SZ000060,har_pooled,226,0.09145475146930558,0.24568665011859678,0.48089916637324415,-6.6310621456856955,0.26197709855541196
SZ000061,har_pooled,226,0.09095602508422078,0.23914152328528676,0.5568533409839714,-7.49029856397395,0.2512873312131464
SZ000063,har_pooled,208,0.07234221434804669,0.22333728592658517,0.4658309450359921,-7.556339045989157,0.20276106551975925
SZ000069,har_pooled,226,0.10810061665805412,0.27366078116914233,0.39680778249051896,-7.525724187633765,0.0747092966955869
SZ000100,har_pooled,136,0.08017790924276241,0.22943075906509705,0.25212593133849803,-7.534519548680305,-0.4589262610651821
SZ000156,har_pooled,226,0.08342103652636355,0.2331405432518261,0.6721886230549534,-7.225276143819533,0.5389054430691915
SZ000157,har_pooled,226,0.11317142392340543,0.2568784184791711,0.2803418237348154,-7.768843001666057,0.2104517167690363
SZ000166,har_pooled,218,0.08924535159620509,0.2352102339544226,0.43029208764842164,-7.643492769565598,0.18258027531511267
SZ000333,har_pooled,216,0.11304657967518675,0.26335615849617816,0.3646058008213825,-7.124353590208835,0.30131705218552407
SZ000338,har_pooled,224,0.09291428388197631,0.2420685972869092,0.0977091469128859,-7.380800498109205,-0.06623866359557473
SZ000400,har_pooled,83,0.08008382160049668,0.2285089191447865,0.08550350083108926,-6.379376057629992,-0.5154553039225551
SZ000402,har_pooled,226,0.11217714047936964,0.2729917000598307,0.35721062514225776,-6.862561092458091,0.0627644710381905
SZ000423,har_pooled,226,0.06924976255773015,0.2150994675593582,0.27320628877467623,-7.498184441469284,0.04176451385948976
SZ000425,har_pooled,216,0.0932510003819951,0.2538674187760739,0.5556520428519058,-7.449473004650139,0.4760103645241166
SZ000503,har_pooled,210,0.10225839867162347,0.25528013975181924,0.331705890789341,-6.280888887144523,0.19678454962364933
SZ000538,har_pooled,115,0.13825959623954742,0.2628863483235379,-0.18619571811336688,-7.390837533151164,-0.6892736634859826
SZ000539,har_pooled,83,0.0936421205516723,0.2529113860029016,0.4928217873004632,-7.282725475741175,-0.742638993402895
SZ000559,har_pooled,226,0.0908525394368011,0.24853680840970852,0.6503493604220061,-7.216283990450194,0.5408986476363944
SZ000568,har_pooled,208,0.0702610868461176,0.21061887832762397,0.32330882882648015,-7.002485733034664,0.22206874352591455
SZ000581,har_pooled,83,0.08619557250090809,0.23070990128614022,0.17312096709001767,-6.89184180696229,-0.5035424435506879
SZ000623,har_pooled,225,0.09337122113231082,0.23155681390632765,0.5025697809388148,-7.570824018891039,0.34436092253679285
SZ000625,har_pooled,212,0.0949650564565059,0.24914654635456804,0.5109838644051107,-7.528132917980211,0.3209798470327333
SZ000629,har_pooled,77,0.08539620305563024,0.22961509223545706,0.44192183727865153,-6.277912790308322,-0.2790801919686474
SZ000630,har_pooled,226,0.14241119474795966,0.3087494990895529,0.3847782537457234,-7.156838460644765,0.2820000711732573
SZ000651,har_pooled,90,0.3975247718002421,0.40791593263602566,-0.011395275420516437,-6.59798461523103,-0.09249179745691882
SZ000686,har_pooled,220,0.09245844297306255,0.2495139487679175,0.5222933037681222,-7.159560142390797,0.341572637641109
SZ000709,har_pooled,226,0.12138405468206179,0.2874827135907492,0.43372120378810497,-7.115752310744762,-0.08517406037557707
SZ000725,har_pooled,226,0.10821819957819652,0.2657002656402055,0.2337804979930428,-7.734674231510283,0.012443108931570634
SZ000728,har_pooled,206,0.08938188097221228,0.23831764892205182,0.21493660739044718,-6.6802391382130475,-0.036931235237150695
SZ000729,har_pooled,206,0.09851032369525486,0.25586435130608526,0.4864641803834957,-7.629500047521575,0.38271750515411973
SZ000738,har_pooled,226,0.11347471734357555,0.2642862406209616,0.4969957920920771,-6.731889639863217,0.14128353095768276
SZ000750,har_pooled,207,0.08071928356042594,0.2379562017645681,0.6065762680268769,-7.049112424803704,0.5142427713726396
SZ000768,har_pooled,226,0.0877292891218286,0.2360155484791423,0.4391431753760866,-6.747482391687458,0.17711130708797063
SZ000776,har_pooled,226,0.0795264539539115,0.2354546381505895,0.5156852804451095,-7.393050988456497,0.2717083230982775
SZ000778,har_pooled,226,0.09805278489376797,0.25062361234777164,0.5640631694081499,-7.223028293404334,0.3327953479935801
SZ000783,har_pooled,226,0.0982504185693134,0.2629620327209826,0.40790248345798585,-7.107681551600451,0.275829312873506
SZ000792,har_pooled,226,0.07767095143048308,0.23091252671717669,0.5753599281287942,-7.111963234462135,0.4119438488963071
SZ000793,har_pooled,226,0.07810498471940142,0.2178752766644152,0.470062424383218,-6.570038739016495,0.22356431258668497
SZ000800,har_pooled,226,0.10576006863409435,0.26244517586559685,0.31536957921841735,-7.128310698582044,0.04185713601361829
SZ000825,har_pooled,206,0.1211984012881346,0.270614138321459,0.331265629305294,-7.083605794022257,0.038923145219565636
SZ000839,har_pooled,138,0.060326166130701936,0.19188055985547897,0.5801553969628859,-6.419129838976508,0.6324333196388257
SZ000858,har_pooled,226,0.07965964302579609,0.22830752411910635,0.35327633714928697,-7.288649874441638,0.2756764777557631
SZ000876,har_pooled,194,0.09594173885574103,0.24544190176335734,0.5052458801184736,-7.967167888206385,0.46842274400397776
SZ000883,har_pooled,206,0.07883619071701553,0.2224745981381433,0.5877575056020928,-7.976879716922502,0.37818718068777024
SZ000895,har_pooled,226,0.08683508883449889,0.2464303996248659,0.38311999355997794,-7.463214442125388,0.3497458571424965
SZ000898,har_pooled,210,0.15345618976437794,0.32285088249407856,0.28823470428754405,-6.866933871523549,0.01370326831312696
SZ000917,har_pooled,181,0.08561334268081662,0.23036648527669762,0.7127952048599023,-7.093193803724068,0.624545372471127
SZ000937,har_pooled,83,0.16037308432735173,0.3170155032713272,-0.046756725471441385,-5.88411236484985,-0.12398675120059277
SZ000963,har_pooled,226,0.07723521204069936,0.230957693319258,0.3452422081219485,-7.8160245591207005,0.06663160931216572
SZ000983,har_pooled,103,0.10645332013080006,0.26494666681797885,0.3606128027469919,-5.952705792193304,0.16847965641426677
SZ000999,har_pooled,206,0.057721125886322645,0.18918665077884053,0.3585722855287209,-7.370634268628718,0.15973755711978688
SZ001979,har_pooled,226,0.09428489667042028,0.23038143442308043,0.4311396029110768,-7.057703156392798,0.023599702120915556
SZ002007,har_pooled,226,0.06610406818061339,0.21173376964809767,0.665124101983473,-7.057120319340183,0.5404068044045125
SZ002024,har_pooled,226,0.09214334858904438,0.2484390380803696,0.4653673327423288,-7.4389987699453135,0.2632238099709001
SZ002038,har_pooled,83,0.07325734711004475,0.214358568442879,-0.16370410742136698,-6.434835010485871,-0.3226468131618061
SZ002081,har_pooled,226,0.07651553697284333,0.22693251749078072,0.506750590859396,-6.923516954512955,0.4163098248493913
SZ002142,har_pooled,225,0.08701312175562571,0.2332662871635423,0.1959374243884936,-7.417723631427036,-0.16191620545324703
SZ002146,har_pooled,226,0.06646141523161615,0.2062689625328314,0.4331961163346125,-7.152514880299797,0.03796504801140388
SZ002202,har_pooled,226,0.10471334271091848,0.260293794784417,0.47320735900449873,-7.2486796118645405,0.12667926467850832
SZ002236,har_pooled,226,0.06635535767749612,0.2042005594241348,0.5655828200768704,-7.153473198374202,0.4286054525219126
SZ002241,har_pooled,226,0.054611082653857966,0.18883438759043358,0.6459636682360406,-6.954665930194014,0.5153547195319602
SZ002294,har_pooled,211,0.08163992211486974,0.23278691043936928,0.3104562183601868,-7.6055316717034,-0.2602944873585349
SZ002304,har_pooled,226,0.09211761577214073,0.2434242322690459,0.5221319627224629,-7.574737222388664,0.4589389127863308
SZ002353,har_pooled,66,0.09788960149455515,0.25628177492828597,-0.07730812608516002,-5.976818040671688,-0.12842310310603056
SZ002375,har_pooled,83,0.07570061001883964,0.23744107491368882,0.3827508209939894,-6.390565046998498,0.15681178305041432
SZ002385,har_pooled,226,0.10246643899696721,0.2665124437927919,0.6433024441844803,-7.483263209324853,0.5910339075109126
SZ002399,har_pooled,206,0.08029171245300978,0.228522116801003,0.47941641254803724,-7.628142699880096,0.005079108163348667
SZ002415,har_pooled,226,0.05924125140450024,0.19388156184054273,0.4416030848021366,-7.383949329528611,0.20933407684200034
SZ002422,har_pooled,211,0.06853928002972944,0.2078393866298585,0.23134717965947482,-7.482057692726282,-0.19950693001498232
SZ002450,har_pooled,208,0.08167292514938092,0.22462558656872827,0.4600675541801351,-7.173221159654249,0.32936026371562743
SZ002500,har_pooled,226,0.07971410036547583,0.23004338196392526,0.6215056726994879,-6.7906079803868735,0.5780585567422026
SZ002594,har_pooled,226,0.08989190282979026,0.2432743928999653,0.6346279783639929,-7.599697316659807,0.5038360050184745
SZ002673,har_pooled,218,0.06932076797737194,0.2163037567392491,0.663705760137093,-6.898498231160947,0.5662514487982272
SZ300003,har_pooled,200,0.07188251797506895,0.21427382686841287,0.5578535606836785,-7.318648096936261,0.39805355776124096
