stock,model,n,mse,mae,r2,qlike,r2_offset22
SH600000,naive,243,0.10280612015086923,0.25027578153579993,0.02152766061659983,-7.968446148704291,0.0023101711639749167
SH600008,naive,227,0.12135458718742734,0.28573898160367583,0.03432606862704668,-7.319474695895529,0.035850251303183533
SH600009,naive,243,0.09219411433696763,0.23966814416734003,-0.16608537952711222,-6.747455175282038,-0.1874051537038499
SH600010,naive,234,0.15478816919214422,0.3070295880860351,-0.06285257805363487,-7.098712888076393,-0.05144559482413458
SH600015,naive,243,0.10886139115090457,0.26486130616585285,0.17175154926564629,-8.214813201515861,0.15174950549599564
SH600016,naive,243,0.07845643079786815,0.22063689824243907,0.20819225418419307,-8.205776287731638,0.12146049384846158
SH600018,naive,243,0.1059887250266274,0.2684078612123218,-0.2904799946412513,-7.509670942876693,-0.3779041799547851
SH600019,naive,243,0.054708813947929626,0.19221577844292337,0.452509737656434,-7.039863719579954,0.42506754408069725
SH600021,naive,100,0.21651206392681968,0.36688922440271343,-0.9660948618871958,-7.329381457654446,-1.1087651877813451
SH600023,naive,243,0.12835893419252914,0.28389343042502846,-0.15918501527345286,-7.7321149421433315,-0.20463556255016546
SH600028,naive,243,0.08297188952203247,0.22305593788100722,0.12704748342971584,-7.414807056438076,-0.009635338403306104
SH600029,naive,243,0.08652048553188582,0.2303514927521622,-0.16941826952750905,-6.614607089344744,-0.25083243967407887
SH600030,naive,238,0.07497089246277686,0.22248036996158688,0.1255205379518356,-7.236101423288571,0.030771528407672055
SH600031,naive,243,0.07390884565305174,0.21479304577565997,0.17549114401168353,-7.052709928612834,0.08106161837400694
SH600036,naive,243,0.05963336901706799,0.19089380544210888,0.2415206121981064,-7.225281221028706,0.20075868500512084
SH600038,naive,243,0.07923061680178643,0.22188346723422753,-0.31827126346890733,-6.46147126736026,-0.25076700823360154
SH600048,naive,243,0.056998344150275285,0.19579747245460033,-0.12810793285839583,-6.354676838717277,-0.1731116168382627
SH600050,naive,243,0.09758413613619789,0.25281027455997096,-0.25896196566969754,-7.186556605329057,-0.319853009143793
SH600066,naive,243,0.07145340132254019,0.20969462180544787,-0.47765267268837586,-7.043628438819757,-0.46478877919908035
SH600068,naive,243,0.10970515771812017,0.2645505515427589,0.02900201804645386,-6.998560653825884,0.050616967255820766
SH600085,naive,243,0.09476011430283181,0.25120868002409186,-0.07243674044972437,-7.036038317145668,-0.06450723871937436
SH600089,naive,243,0.10374322948948736,0.2519662456320612,-0.31724789682369847,-7.682633572517613,-0.3006691681729261
SH600100,naive,243,0.15478643852832727,0.3234788200070799,-0.5265247476698087,-6.907534724137338,-0.5188827335427992
SH600104,naive,243,0.0709996881389465,0.21585761992355915,-0.15274518012259297,-7.306968751763388,-0.13314725808505812
SH600109,naive,242,0.11929121917362383,0.2766931117633126,0.1193392751906448,-7.044283214889311,0.16451853946562833
SH600111,naive,243,0.09408910236856982,0.24755718901998797,0.002885962254861374,-7.103514737097337,-0.029862682811473418
SH600115,naive,243,0.08310272241005885,0.2312278554925432,-0.18658670166229285,-6.742512024345517,-0.21226923001097964
SH600118,naive,243,0.12028618870833895,0.2826237726570051,-0.3513990931030777,-6.975159069560617,-0.4274630163992925
SH600153,naive,243,0.10311991045527234,0.2567609628895943,-0.16221962247955957,-7.198914903919312,-0.18542130224283837
SH600157,naive,73,0.1770124631638531,0.3378167342492646,-1.2933275341900208,-6.26489925279876,-1.149121517705308
SH600170,naive,243,0.11433769931359981,0.26743060416985476,0.0011885645187135196,-8.150792637614416,0.00977828829576688
SH600177,naive,243,0.08705259940369449,0.23000965484897248,-0.05242492300696622,-8.08453616955788,-0.08383973758306795
SH600188,naive,243,0.07377127451195731,0.21177673061101734,0.4711309880320316,-6.654495077810421,0.4044482779012505
SH600196,naive,243,0.07336665666581366,0.21809828624746064,-0.9334879694417646,-6.427869044793877,-0.8611986659092266
SH600208,naive,243,0.10652375561600307,0.25460908166268953,0.16100324014593337,-7.014761288917948,-0.08134462148348942
SH600221,naive,114,0.13103726334196902,0.29791713925660585,-0.7310776777552166,-7.399506046095798,-0.5073449653057454
SH600271,naive,243,0.0891938314780427,0.24762160652200643,-0.42251327555580875,-6.275381501318341,-0.5709701363803048
SH600276,naive,243,0.10356261939068045,0.2636980911622235,-0.60674258527773,-6.44214359223405,-0.6539715476944528
SH600309,naive,135,0.07563638067445898,0.2227868918546397,-0.6515159348222357,-6.461917609244516,-0.5376689250621034
SH600332,naive,239,0.07749134615099428,0.21386941903430143,0.05058687217603375,-6.545600916611195,-0.012701656179443521
SH600340,naive,243,0.11942376285103115,0.27605991957234643,-0.06684323925867641,-6.468077486369189,-0.2563010850779799
SH600352,naive,243,0.09558293975894766,0.24759367882670924,-0.12605638728159696,-6.816431727864222,-0.1616065054382554
SH600362,naive,243,0.09194181527325396,0.2401063415853168,0.2817678852987623,-7.405663483934825,0.18991646016713404
SH600369,naive,242,0.12464058445905135,0.2799802169284463,0.28576621556853454,-7.162050541980716,0.33716068349187567
SH600372,naive,242,0.12002533638911152,0.27245175138838174,-0.4098120909879732,-6.350310114067821,-0.7907145790508019
SH600373,naive,228,0.08473867230902667,0.22651362225905491,-0.09795172829723109,-6.857494061183793,-0.1023712851659444
SH600376,naive,228,0.10608300605991591,0.2602698233349596,0.037373051126102896,-7.086016251319124,-0.04313489898226974
SH600383,naive,243,0.08234842484490323,0.23196445639748153,0.3062588248273703,-6.909380492774037,0.07164906703242258
SH600406,naive,243,0.0641624041255064,0.20351171517012787,-0.521146727306184,-7.209631779920185,-0.47089423887002124
SH600415,naive,243,0.16334604600887503,0.31167736068085466,-0.42042640976802503,-7.5561681931860285,-0.3986814989554992
SH600436,naive,243,0.09048266690040153,0.2429992570308719,-0.5204116072798399,-6.474386085914828,-0.47504042178379224
SH600489,naive,233,0.16793705298290407,0.303988609358993,-0.03205396567051788,-7.07992866657872,-0.005806628225089927
SH600498,naive,243,0.07812720491998022,0.21395168646145002,-0.14844512176779978,-6.325592004228301,-0.1724221011621676
SH600518,naive,241,0.1287253425128458,0.2796670740453976,0.003033702695895868,-7.15629946080609,0.03387413785994642
SH600519,naive,242,0.08032315590035395,0.22779956939623805,-0.5862593509368752,-7.1820501264121575,-0.5627297033802547
SH600535,naive,243,0.0741902527627399,0.22458565090566177,0.1476698588167633,-6.753394968772823,-0.1835241426992309
SH600547,naive,243,0.1523208488528103,0.3032900178188189,-0.28878802454458996,-6.88613257591478,-0.2649206506630224
SH600549,naive,243,0.11170273974351252,0.2643335234649398,-0.05573315339982399,-6.909791438861427,-0.08351143279573559
SH600570,naive,242,0.08318096338279106,0.2353841381409758,-0.38817720379811727,-6.348041261008299,-0.2828699698569146
SH600583,naive,243,0.09091981037234673,0.24026209927197195,0.15851158141720645,-6.890417567863205,0.18620314670534233
SH600585,naive,243,0.058604367915517194,0.19567325733682936,0.23979652380028948,-6.840788126383668,0.22589422218894883
SH600588,naive,241,0.057130309025299045,0.18817566283321052,-0.00784642745126285,-5.915889632235959,0.18133172863357983
SH600637,naive,243,0.08181378615075371,0.227435936591494,-0.1029683785538853,-7.3169962438372815,-0.14721744235930734
SH600649,naive,100,0.14404333131882077,0.3015814787895822,-0.49481300818466334,-8.017925302276913,-0.4898203117561999
SH600660,naive,243,0.07696332803980838,0.21806909102936486,-0.3097911483976843,-7.288573858752063,-0.28995911872704605
SH600663,naive,233,0.12835810265091235,0.2916290906238622,0.20012183175643994,-7.16829437063537,0.24426604023593657
SH600674,naive,243,0.07167080795065568,0.21601519458762605,-0.21387614540233058,-8.113857736164814,-0.19696520940379658
SH600688,naive,243,0.11517400651824283,0.2592450428535885,0.08971834315663085,-7.785970445501234,-0.05675912696224472
SH600690,naive,243,0.07340309081672859,0.2150133178988316,-0.12217333058521462,-6.781485032748944,-0.24432618741863266
SH600703,naive,243,0.08491049506076122,0.22695417858716985,-0.258546896607702,-6.457332857825602,-0.26604372176027713
SH600705,naive,243,0.11152817295217114,0.26499249830751004,-0.06709751660624397,-7.3627346985600735,-0.06729436956780033
SH600739,naive,243,0.13921544341600278,0.28997554986091784,0.1287816577311126,-7.2254805453795585,0.13337959160743817
SH600741,naive,243,0.08730816867474588,0.23796635654653409,-0.36510050560266594,-6.97680488076398,-0.3854086753124033
SH600795,naive,243,0.08775704147547331,0.23649389444257782,-0.32555283264462886,-8.26068570667705,-0.3587030430113147
SH600804,naive,209,0.15862169398890794,0.31511694368190313,-0.40154960867417877,-6.322979778721825,-0.38884586227871054
SH600816,naive,242,0.15277550656393982,0.3054337622035979,0.32015552046158646,-6.635886189984273,0.28014969283877866
SH600820,naive,228,0.10492738288085031,0.2417873214504474,-0.02641625301677486,-7.74403257785756,-0.01597997755119218
SH600827,naive,100,0.14850483747322638,0.3046341214413973,-0.6075458531369695,-7.329985350428448,-0.7847773873961481
SH600837,naive,242,0.09857662462018597,0.24876461360320884,0.17739402444500718,-7.436018590571806,0.19607554820813744
SH600867,naive,137,0.08702271895844729,0.22845469129595924,-0.8830156139064398,-6.0269125908679255,-0.8393337164030721
SH600886,naive,243,0.08571785694143805,0.23944143404135138,-0.12045413456420717,-7.663307876585682,-0.30512332293420785
SH600887,naive,243,0.06833391454524261,0.20958276428183448,-0.1407052165365268,-6.742833189932792,-0.10897980944866603
SH600893,naive,243,0.08424419989571756,0.22966093574352198,0.10164064658610628,-6.9540174589217,0.1031623884967956
SH600895,naive,100,0.12470522640273313,0.28451880281667447,-0.14262659259106858,-7.028396540319677,0.035456411294345624
SH600900,naive,243,0.07704320848539799,0.2237996399743869,-0.47281751252742876,-8.11869720793999,-0.3441999877014341
SH600958,naive,242,0.11384676026026132,0.2709898689122616,0.053275214999756404,-7.031011424064594,0.09735302924946276
SH600999,naive,242,0.09332699707740084,0.24621492542046783,0.13540756583112,-7.203018307789899,0.09054614507616399
SH601006,naive,243,0.09717261478997878,0.24515312449389953,-0.05714825953018354,-7.750676306850042,-0.13655084321665312
SH601009,naive,243,0.10863553938254408,0.2621670459669337,0.377067056301184,-7.591362297681661,0.31135240401827036
SH601018,naive,243,0.10425152605556894,0.2549286337651608,-0.015468369046768293,-7.962826634696459,-0.012372792386899478
SH601021,naive,243,0.07035757193634304,0.21513968314600868,0.005308478877457334,-6.800588248416098,0.0308914445681
SH601088,naive,243,0.07638553336508146,0.22218721648291026,0.033708798908417825,-7.10970545691155,-0.003063522736763691
SH601099,naive,227,0.16639595504612276,0.29868522243266726,0.29240261909977416,-7.154527498954839,0.35339585538992024
SH601111,naive,243,0.07099970531365382,0.2136629620267296,-0.0006559342430489945,-6.4902054543335925,-0.08297166390794408
SH601117,naive,243,0.0785857651466689,0.21327449195264503,0.1505531298571544,-7.120537282748798,0.15357174657814465
SH601118,naive,87,0.12243148684469972,0.2885701471556409,-0.26642210859011684,-6.241234613999132,-0.18343772337724817
SH601166,naive,243,0.09607861025464429,0.23509000319673773,0.25836287439844374,-8.02665646591931,0.27956750047221524
SH601169,naive,243,0.08982812496445669,0.2311039611312028,-0.022464543928912173,-8.20315108725638,-0.03629405158851173
SH601186,naive,243,0.11600350815871678,0.2675145869492333,0.47131201607546513,-7.219827042569175,0.49411761642696084
SH601216,naive,173,0.11233734436323904,0.2688171216448716,-0.3037698230871064,-7.1480121735885245,-0.22274514071903684
SH601225,naive,243,0.07523494688457995,0.21733672736791132,0.22666702103508818,-7.0077240761418285,0.14240151927556088
SH601288,naive,243,0.09296401893748292,0.2401330579107525,0.3808589890730163,-7.847523042470164,0.316641382720409
SH601318,naive,243,0.07088160621545941,0.2130211080980715,-0.05655000111429165,-7.31467283932737,-0.04508767771332289
SH601328,naive,243,0.09888452883689852,0.2429384145464615,0.19236139247404838,-8.24228112216881,0.1626577971220039
SH601333,naive,243,0.0783046251498657,0.22472698749058606,-0.316892963942502,-7.423265851934137,-0.4467785419377528
SH601336,naive,243,0.07245075396154878,0.2154678662631784,0.056332243070525534,-6.916240173350477,0.059162569369889395
SH601377,naive,242,0.10701229573371417,0.2568933154079074,0.3699901705593621,-7.318551168405097,0.4088596169444111
SH601390,naive,169,0.1389683900914267,0.29332072819667976,0.10704386138427524,-7.649466265225624,0.08310621874053392
SH601398,naive,243,0.1071796937439752,0.2502193911810361,0.3954079571742046,-7.6413661504422254,0.39752215472526775
SH601555,naive,242,0.10618999559753155,0.2525893615380392,0.39963669717742656,-7.180389517280545,0.4397020774686834
SH601600,naive,208,0.26157471555618095,0.31404799351252355,-1.3611998465207513,-0.19521241965409347,0.04105596443141324
SH601601,naive,243,0.0648099065843186,0.1980995539074911,0.16969665471416018,-6.81364195283084,0.18559426725287764
SH601607,naive,243,0.08709498541908917,0.236762880613401,-0.44606743845962904,-7.104263419511675,-0.6552314808521948
SH601618,naive,243,0.11178332828091743,0.25960489815417465,-0.26209574640522937,-7.7156196174718525,-0.22653629464707503
SH601628,naive,243,0.07582792602863275,0.22685753696473043,0.050868438021743234,-7.519092330153352,-0.002379777798090066
SH601633,naive,243,0.09646452449172617,0.2510823949318994,0.1114209828943945,-7.265248782124399,0.13722169422354347
SH601668,naive,243,0.1048036745095062,0.258987207653273,0.1651378765790441,-7.504001305654529,0.11027651356728141
SH601669,naive,243,0.13059047105625765,0.28983333147064483,-0.02907708797184516,-7.634324860172947,-0.002642660300808952
SH601688,naive,242,0.07759502337363959,0.21781159680250073,-0.06437223160046557,-6.925744697017099,-0.05029087429366341
SH601718,naive,228,0.16269827253888947,0.31679579215162024,-0.3653472961852928,-6.979740064262176,-0.44323172121893384
SH601727,naive,199,0.11857764329756044,0.26864535364655173,-0.07541519356099036,-7.698875397515994,-0.06881631515709752
SH601766,naive,243,0.10103515557603197,0.24226271857500398,0.1697237041901143,-7.481496305290977,0.17423299829235628
SH601788,naive,242,0.08656650426650324,0.23222319030916327,0.2589749335382613,-7.302726671091342,0.2832010151182074
SH601800,naive,242,0.11040071358623145,0.2667695977425472,0.29193854664275076,-7.1017820090955395,0.3182580501473792
SH601818,naive,243,0.0973006767956325,0.24505011967113974,0.24698180161196692,-7.933825477409023,0.15286254934399568
SH601857,naive,243,0.08881795499930854,0.2334504938119438,0.3784932063225843,-7.788143471591649,0.32941048601191103
SH601866,naive,228,0.10896293340131886,0.2608376714448145,-0.05754519327121432,-7.560653290067291,-0.06967453399996915
SH601872,naive,100,0.19703919737714481,0.3545539835862276,-0.46479893021400187,-7.292061882314447,-0.5456641743647821
SH601888,naive,243,0.08775597569097535,0.24228995128165737,-0.12299789194042754,-6.351900827131177,-0.09826846074763562
SH601899,naive,243,0.09504053924283026,0.2580490666020725,0.2723416708546964,-7.092760791409943,0.19679515261981229
SH601901,naive,242,0.11608514955350746,0.27261039854776575,0.12162347225702563,-7.117684777417792,0.17159521549337842
SH601919,naive,243,0.09401693540695426,0.246768601222398,-0.39464991869233823,-7.009654308843312,-0.5242926302013131
SH601933,naive,242,0.07588472254507582,0.22863213931899742,0.10680636960741319,-6.857092551610164,-0.07492335791512206
SH601939,naive,243,0.08657099439095765,0.23221633656048568,0.40144245010817925,-7.389668693399692,0.4142631605448921
SH601958,naive,228,0.11285573874168314,0.2669931663883715,-0.04768764254282942,-7.100591810581466,-0.07820374531010721
SH601988,naive,243,0.10048507572682432,0.24776145032905245,0.3376495419846006,-8.198854567035388,0.1900024464430793
SH601989,naive,243,0.09665760854194257,0.25061776500214134,-0.28479374191440376,-7.627594251570211,-0.31842922881190594
SH601992,naive,242,0.12334161033463631,0.2894068357771923,-0.23037816947566236,-6.820665831082637,-0.1870722880352924
SH601998,naive,243,0.11065516073465884,0.27135830915697257,0.30202774277974664,-7.640196885063943,0.2028602244639517
SH603993,naive,242,0.08612948665503815,0.237277552858481,-0.04910894185826753,-6.475797979046768,0.01674280380914772
SZ000001,naive,243,0.08024086574087178,0.2291813343156604,0.13866420281894298,-7.247176998752106,0.09249269724614495
SZ000002,naive,243,0.08131289070450283,0.23431308308621693,-0.21295745030563595,-6.542837783319885,-0.34082960851600563
SZ000060,naive,228,0.12059093351157285,0.2583503041351956,0.12791424868562473,-7.134130607016559,0.12469879214181123
SZ000063,naive,204,1.095203187326999,0.46731442961443126,-0.2723392675426557,539.0184894555052,-0.2714235912991443
SZ000069,naive,243,0.08495183506915252,0.2278259504183354,0.17044078496565185,-6.897957212766997,-0.05978116939600686
SZ000100,naive,243,0.0891824340785695,0.23901814668749002,-0.09682709220332208,-7.3295962384461975,-0.04817575995305967
SZ000157,naive,243,0.10965077313494315,0.25182743953981035,0.028275337854226534,-8.07936874423054,-0.018480865157960658
SZ000166,naive,243,0.10218131503155209,0.25385832879553744,0.19472024007710442,-7.804203604345238,0.22652550229277102
SZ000333,naive,214,0.07049324601107933,0.20682096200253453,-0.48392097611250007,-6.837432521744612,-0.529944195434394
SZ000338,naive,242,0.07858040490008292,0.2175210849202084,0.2352167362824802,-7.354175378193558,0.2734553944222464
SZ000402,naive,242,0.09527274000655418,0.24687031913028912,0.09559634447807497,-7.378256016187428,-0.06490098044509685
SZ000413,naive,242,0.15395288775702112,0.29139041523509457,-0.3423516606360266,-6.834051532752737,-0.3453916772206156
SZ000423,naive,241,0.09623364283847509,0.2378333810235923,-0.4030305849470379,-7.322516790323238,-0.3663669605045512
SZ000425,naive,242,0.09954978225822515,0.24363782164152697,0.0026880619718647747,-7.205258485839285,-0.1458941143296435
SZ000503,naive,231,0.14242283708791179,0.29715542991037586,-0.44646890205962064,-5.900293633613063,-0.4519933949577857
SZ000538,naive,202,0.08643335268291201,0.23218788677637267,-0.34604987413470667,-7.0044486001709485,-0.3276384826075447
SZ000559,naive,228,0.10437023291631753,0.2516611483335751,-0.2173388198270121,-7.106982049218792,-0.13343694470996792
SZ000568,naive,243,0.06397277666763614,0.20321341441782667,-0.24770336972378693,-6.53821519810114,-0.21678522582597948
SZ000623,naive,228,0.09878415772279943,0.25147190541542336,0.07740187486838279,-7.807052060031957,0.12236035880170959
SZ000625,naive,243,0.10375116241312757,0.2656041151874543,-0.02062277568250903,-7.726800094972605,0.010868441293096387
SZ000630,naive,243,0.12051070013469385,0.27118355871416544,0.06364159860188745,-7.962804952379646,0.02729346042947589
SZ000651,naive,243,0.08522078520025178,0.23554505870794915,0.10850972156925398,-7.071398274200688,-0.04274186330250673
SZ000686,naive,100,0.08514850593652237,0.2398968565774508,-0.07938611374799942,-7.7483200319010574,-0.21557070933999567
SZ000709,naive,243,0.1259456432649591,0.27644452600525155,0.06566272221038105,-7.537015596903583,0.12241454631609072
SZ000725,naive,243,0.09621035990572865,0.2465184441690262,-0.10543462183009655,-6.914422714318375,-0.14334790846858403
SZ000728,naive,243,0.1172722347595201,0.2744801103141787,0.2105787513972983,-7.00215609367698,0.2516199794769336
SZ000738,naive,100,0.11545124335138024,0.26850548290728155,-0.03034057677740476,-6.334225053504944,-0.6664968970736838
SZ000750,naive,100,0.08548391022754961,0.22871661566424037,-0.28020039512946804,-7.79383935400104,-0.4812705137614739
SZ000768,naive,243,0.09430941295611854,0.23860503935544536,-0.03577178914425816,-6.612105182307092,-0.08197111628938769
SZ000776,naive,243,0.12090618505324817,0.267301605034583,0.24557419768028443,-7.3499318339781965,0.23896732043327962
SZ000783,naive,243,0.11967547161541596,0.2752567950071083,0.44623717330604373,-7.3522442173193845,0.49646564766517065
SZ000792,naive,243,0.09714751455602158,0.24928049483852793,-0.523491880943296,-6.239353405744199,-0.502710422625229
SZ000826,naive,229,0.09887068419424845,0.247934550959261,-0.20913045270987518,-7.039705109147503,-0.21329113823480528
SZ000839,naive,243,0.13583698194638283,0.28919268303439927,-0.25160467558872623,-6.701880265674707,-0.18573366645222622
SZ000858,naive,243,0.061090254019421204,0.19689756718814358,-0.07835016349149737,-6.839205596284688,-0.14366997077873633
SZ000876,naive,243,0.1133556016649318,0.2676251156410129,-0.012674663649734352,-7.635646344708802,-0.057114842339746286
SZ000895,naive,243,0.07743240703361028,0.21480657950279286,-0.5165394725652981,-6.712917163337586,-0.49149146963705337
SZ000959,naive,243,0.13275025423119088,0.2860743687835992,-0.13240454566408366,-6.905426710755166,-0.027811559665725127
SZ000961,naive,241,0.06733333419377208,0.20610709678051042,-0.18531156036931873,-6.393306525432107,-0.3534030512954407
SZ000963,naive,243,0.10123514443667814,0.25656296905325954,-0.6778128016937701,-6.266455122975124,-0.860729238423146
SZ000983,naive,243,0.08642444999120909,0.22856667021745816,0.20433244074797874,-7.049362283030405,0.19714059985908872
SZ001979,naive,243,0.08055716321361582,0.23322987651394408,0.02512189573382584,-6.490614869974933,-0.08273079185705723
SZ002007,naive,243,0.07116086579370252,0.2158811621294826,0.42796516743574686,-6.5439750068607765,0.23590067039069662
SZ002008,naive,243,0.06672275486896181,0.21291179845614622,-0.08881613779135922,-6.531165281117197,-0.062261165870524326
SZ002024,naive,243,0.08036620953209453,0.23215620881231128,0.13045041077960673,-6.999245167895643,0.18046060113264373
SZ002065,naive,233,0.1030729027758244,0.25012846335411015,-0.2875844015742546,-6.29068607532865,-0.15678828922249233
SZ002081,naive,241,0.08355855911101011,0.22948485931822218,-0.2573750956575027,-6.824149971742155,-0.4191196648674047
SZ002142,naive,243,0.11363903772302303,0.27122525350194504,-0.03282001143389146,-7.105924545336149,-0.08998965252480096
SZ002146,naive,243,0.07710575534163501,0.21999632154520937,0.21431449797006863,-6.533477183220928,-0.17045718980247915
SZ002153,naive,243,0.06996930883523712,0.2108034987247318,-0.3479020841833569,-6.0646157671718175,-0.3098518302854567
SZ002202,naive,243,0.06802878024869445,0.2120148025359004,-0.5053724535502957,-6.329051753073562,-0.46458845824996464
SZ002230,naive,243,0.0988900277761581,0.24840857338440103,-0.4075812658857234,-6.517104371315109,-0.38557610493593275
SZ002236,naive,243,0.0932066640186563,0.24983434057164172,-0.3199186889923502,-6.2435254968675515,-0.34922927452473185
SZ002241,naive,243,0.07473266592146219,0.22202306938023553,-0.4517967565729719,-6.716727211644494,-0.4495548090186865
SZ002292,naive,100,0.07914130346901907,0.22412123981862486,-0.4658893177916257,-6.5177932478242155,-1.0262664589436419
SZ002304,naive,243,0.07829252126444901,0.22734505089702428,-0.2961759120905654,-6.440568843968166,-0.25614981223950517
SZ002310,naive,178,0.16478003024899698,0.3160551283329724,-0.4858588116750653,-6.470100087541167,-0.5542006527443233
SZ002385,naive,223,0.15464942879473897,0.3142156132320413,-0.29299956072982614,-7.104149588870376,-0.3375403259589249
SZ002415,naive,243,0.0788801227263763,0.23173019948330517,-0.26441629204538364,-6.675734196146066,-0.25701033744821
SZ002450,naive,82,0.9444639913938422,0.5716877079597065,-0.8318834784032201,11.090429507665386,-0.8541538876640897
SZ002456,naive,243,0.07806234389771481,0.22441302051085832,-0.2775523767646335,-6.274109248455381,-0.17434235311318247
SZ002465,naive,100,0.10030856880756726,0.24962417428901276,-0.38719947137246735,-6.599856517849739,-0.3137810868190152
SZ002470,naive,195,0.1470533528886111,0.2922164753547591,-1.4473468048708753,-6.120111617272529,-0.9148908826916506
SZ002475,naive,243,0.08631652584077507,0.23103134356284727,-0.3112145507704791,-6.2328252009948715,-0.26909060694661036
SZ002500,naive,228,0.13166166517179975,0.29020731137570305,-0.014520701502009237,-6.784255513465296,-0.028820177538370073
SZ002594,naive,242,0.06842736816340621,0.20154682262080734,0.0018676788685652035,-6.8211876532829,0.03812123692771041
SZ002673,naive,243,0.13182858736423797,0.2884033389962643,0.0164871373832991,-6.717907046234976,0.061163302877181636
SZ002736,naive,243,0.11122246327385175,0.24926294233388985,0.30570155667344967,-7.052672657128083,0.36577267209889675
SZ300015,naive,243,0.06826466636213809,0.2079255570691998,-0.34128353926288857,-6.407201289536609,-0.3242804212906498
SZ300017,naive,242,0.09688640215650977,0.2463697678061489,0.09572301401711902,-6.390392453778155,-0.02628461644470792
SZ300024,naive,243,0.0980654457657638,0.2382176582860257,0.2953501663035627,-7.086143707266959,0.3051706737568929
SZ300027,naive,228,0.09788014476254708,0.25365969178240416,0.06580712885038775,-6.770420340344685,0.0061770756512214975
SZ300059,naive,243,0.07739045996604152,0.230997094549477,-0.010457021249146825,-6.552691894113703,-0.03943955614085426
SZ300070,naive,243,0.08759823034505121,0.23209560091297887,-0.19135367718948038,-6.646073200365016,-0.32419539561000565
SZ300124,naive,243,0.050216009178147517,0.17543032952331572,-0.1659903354646446,-6.601667258667442,-0.2276296971217211
SZ300251,naive,243,0.06681423436783311,0.20634301155902188,-0.01889523237307622,-6.416156588579847,-0.17099636828855447
SH600000,har,243,0.09319566039733201,0.24162160966061091,0.11299662203439986,-8.007731873947211,0.10430322674070347
SH600008,har,227,0.0928063179741175,0.24348507321398166,0.2614976985097489,-7.405608784988969,0.26351702348729944
SH600009,har,243,0.07412528958237782,0.21525921229135278,0.06245190317354998,-6.795159776178285,0.04325467030764474
SH600010,har,234,0.12271343341371993,0.28331491063342285,0.15738851524445407,-7.248435969560036,0.1604784009856749
SH600015,har,243,0.10255165498048929,0.26786339913493723,0.2197578180854577,-8.245648753722017,0.20320928822457907
SH600016,har,243,0.07495262470148518,0.22111010438629214,0.2435538017175033,-8.229376725129324,0.16488738111755186
SH600018,har,243,0.07785697673576096,0.2291120500306204,0.05204189506471402,-7.575269661233272,-0.01845302728009357
SH600019,har,243,0.051507986226678557,0.19036856429901775,0.48454154171806496,-7.0438253543543565,0.4821399962603027
SH600021,har,100,0.15860356676516454,0.326297765059766,-0.44024149065139473,-7.541283197920657,-0.5850027901261907
SH600023,har,243,0.10130833772823197,0.2506528368460364,0.08510375412836846,-7.820857064948244,0.07537633469232075
SH600028,har,243,0.07260399513158722,0.2181657562843929,0.2361287584472117,-7.433156611239023,0.16519199368080606
SH600029,har,243,0.06568633448251962,0.20480001091561292,0.11217789486578511,-6.659529173889812,0.044645666231819536
SH600030,har,238,0.06799363714028735,0.20927920350288393,0.20690500971883108,-7.254403634847066,0.14486134136274764
SH600031,har,243,0.0651191122938222,0.21280548412969658,0.2735472417957172,-7.074353175244027,0.19150555759623156
SH600036,har,243,0.0581622934871949,0.19603233436253437,0.2602312851937767,-7.227965430089068,0.23283659882837138
SH600038,har,243,0.05980300805195449,0.19637098710538944,0.004973201444094522,-6.504395219392383,0.0507860737867285
SH600048,har,243,0.044432488927696495,0.17296567284126182,0.12059474738732101,-6.376815415656362,0.09103813277504735
SH600050,har,243,0.07406697099892165,0.22132289016024959,0.04443997670013056,-7.244862361738988,0.030353140122430844
SH600066,har,243,0.053229173020278374,0.1833961150002796,-0.10077656658164713,-7.09454237378729,-0.1002973074673521
SH600068,har,243,0.08893816261120721,0.23845862868116227,0.2128102432883654,-7.053770240244249,0.237026181955598
SH600085,har,243,0.0716507088690681,0.21449424299560968,0.18910130875433895,-7.092656633588932,0.17853973594813033
SH600089,har,243,0.07964013171578685,0.23163002389681359,-0.01120619168707293,-7.770472868442869,-0.0017474254257361377
SH600100,har,243,0.10665561009867548,0.2676342623704972,-0.05185202167213121,-7.050607179245024,-0.06835860028084695
SH600104,har,243,0.059427452522487975,0.2035211769794386,0.035140699094362016,-7.34361536243626,0.048014376871190145
SH600109,har,242,0.10589911592409101,0.2601566298431077,0.2182057251788012,-7.100324482055064,0.22987827783446602
SH600111,har,243,0.08132501179141322,0.2410928766230659,0.1381540599743779,-7.152403687124447,0.08448293758654235
SH600115,har,243,0.06057351881628579,0.19156726506563676,0.13509774630926563,-6.794624011872565,0.11623135328421275
SH600118,har,243,0.08832438162201997,0.2424148664956017,0.00768749509299993,-7.071392230531101,-0.07115918999872606
SH600153,har,243,0.07944614584575298,0.23273991900768484,0.10459707320676614,-7.255561793712004,0.10215971097632992
SH600157,har,73,0.0985793428754928,0.25837616927887436,-0.277168382824313,-6.453772949216901,-0.22189599910242785
SH600170,har,243,0.09923890054723579,0.2602423476453323,0.1330860310622034,-8.240343323457154,0.1263555400796481
SH600177,har,243,0.08609335868398886,0.2278025860211946,-0.0408281545302458,-8.114795359806894,-0.07271245986544184
SH600188,har,243,0.0687071433986989,0.20634227605318511,0.5074359324167339,-6.66727709290819,0.46142270630459425
SH600196,har,243,0.050815536782444305,0.18345190585215934,-0.33918095078418986,-6.470505139988005,-0.30801673692687204
SH600208,har,243,0.09232258893730325,0.2537080119365,0.2728537166962245,-7.069826170771839,0.03484873556674828
SH600221,har,114,0.09653195493286262,0.24941733125633767,-0.2752426913728927,-7.477250580761136,-0.11243259808240325
SH600271,har,243,0.05923970279960089,0.19631558592062934,0.05521197737583605,-6.330900672993225,-0.035622672497928276
SH600276,har,243,0.0745833465121959,0.2231351936299497,-0.15713796830108384,-6.495574705076549,-0.16444960824947508
SH600309,har,135,0.05211730340169967,0.18567036007420146,-0.13797826231705512,-6.513320013211389,-0.08598492418791848
SH600332,har,239,0.05668577288283648,0.1884666444591808,0.3054938440358709,-6.577349838493701,0.25144393110774743
SH600340,har,243,0.09413307335757139,0.2510680348969464,0.15908500532313474,-6.5518109509284335,0.08984699482099656
SH600352,har,243,0.0714759391791085,0.22110318007191143,0.15794661628356488,-6.888851167317511,0.13166693211463143
SH600362,har,243,0.08296973369703031,0.229706061898477,0.35185609385339256,-7.437645770810029,0.2546992743371428
SH600369,har,242,0.11283504067038164,0.26524732312710997,0.35341607659933805,-7.187731524024417,0.3713950001675532
SH600372,har,242,0.08352594873072847,0.22280918502721916,0.018908040798416348,-6.41921891655302,-0.21586989076377083
SH600373,har,228,0.07338913030288227,0.2117335531277265,0.049103316601092684,-6.874357804800555,0.12956436564729346
SH600376,har,228,0.09013292448772019,0.2371822548502234,0.18210856464898129,-7.1483824462637315,0.10198359800518764
SH600383,har,243,0.07251662148736912,0.22028660633452968,0.38908647852163625,-6.944851891394852,0.2016241008346097
SH600406,har,243,0.049142949464919324,0.1823279029292132,-0.16506913616440522,-7.249520838342872,-0.1635050087449048
SH600415,har,243,0.12717996801677187,0.29138774066199497,-0.1059330163073573,-7.7042405332652395,-0.1220750020729735
SH600436,har,243,0.06836653288340708,0.20832235153175743,-0.14878654339209918,-6.501224341488514,-0.06774586771884206
SH600489,har,233,0.13684033541887416,0.2855606971028561,0.15905032079424597,-7.232137419507435,0.17095801432217073
SH600498,har,243,0.06104728143422809,0.18949278642375192,0.10262433383949898,-6.361323756173389,0.10309801821990539
SH600518,har,241,0.10193610623789882,0.25058726530790604,0.21051394842896454,-7.196810730385137,0.21155019810129538
SH600519,har,242,0.05472487472925707,0.18759684020758938,-0.08073248984170678,-7.223040562243183,-0.08293688518770792
SH600535,har,243,0.05691423696569793,0.18664707713362266,0.3461443003376282,-6.779709608470345,0.05181883999701342
SH600547,har,243,0.11747876699844502,0.2713383767218913,0.006011132513021655,-7.0071121292909275,0.01643179923629101
SH600549,har,243,0.09376428309547506,0.24936208263403678,0.11380810805574859,-6.98542461795068,0.07061273687150915
SH600570,har,242,0.061581127236486406,0.20803214157013797,-0.027705301037274532,-6.402383952453675,0.022985802360875995
SH600583,har,243,0.07708406236953522,0.22330357334725556,0.28656532085106057,-6.926675139580142,0.32628596332262183
SH600585,har,243,0.051258736976212436,0.18484509469165988,0.335082496050509,-6.859969415483177,0.312849469139053
SH600588,har,241,0.04653429591543163,0.1738166000576631,0.17907981433184328,-5.9430283465154075,0.2970331595912806
SH600637,har,243,0.06995824741788784,0.21286657895101044,0.056861461235913846,-7.341398536901227,0.040311271206636135
SH600649,har,100,0.12977783179103433,0.31256284951507796,-0.3467724563094159,-8.142019901318157,-0.7093810311781963
SH600660,har,243,0.06170103881906543,0.19998549499063048,-0.05005171359472582,-7.330515839896636,-0.03979458841529415
SH600663,har,233,0.11627437846237286,0.27799003975720876,0.2754229383470854,-7.243065749589825,0.29184788436917264
SH600674,har,243,0.07162049166489179,0.21939022797148772,-0.21302394712578687,-8.126826711872297,-0.19563860318887527
SH600688,har,243,0.11114206322077728,0.26820724729787854,0.1215849434084344,-7.857244206179357,-0.03245090601751954
SH600690,har,243,0.05796697172102039,0.1947143701908258,0.11381129872951201,-6.817958059684523,0.024783585436907396
SH600703,har,243,0.06618211717730599,0.20826568360432085,0.019045900924005155,-6.493594747366615,0.006288750159748946
SH600705,har,243,0.10918805016718372,0.2707237507295087,-0.044707306614328646,-7.429321909860356,-0.024461104438580294
SH600739,har,243,0.12203028369577895,0.2690990794949555,0.23632738682339538,-7.337938725288643,0.21504989962459775
SH600741,har,243,0.06463234687861154,0.20303648441966426,-0.010554347222268223,-7.03530933478032,-0.033410153826031186
SH600795,har,243,0.06753201572231146,0.21013042944075952,-0.020057800831061456,-8.321205759946595,-0.03698402354741259
SH600804,har,209,0.11375147542245226,0.2613856991694616,-0.005085318755938317,-6.4253864977976916,-0.003538869465764538
SH600816,har,242,0.1106354486362144,0.27015371901718116,0.5076769785403591,-6.783251328269799,0.48305388127571436
SH600820,har,228,0.09725092345852313,0.2617613841209421,0.04867608704137372,-7.828643980729433,0.04990762972113705
SH600827,har,100,0.10276138990997698,0.26492557486205826,-0.11237888962477127,-7.44039465113324,-0.15649712429484097
SH600837,har,242,0.09894305423622793,0.24262385710512008,0.1743362286142225,-7.430482959974281,0.18545355251364015
SH600867,har,137,0.07831279707148796,0.21966302135102617,-0.6945485204238608,-6.024575368119463,-0.3451504109771042
SH600886,har,243,0.05559600501429119,0.19263020134127062,0.273281251932453,-7.751394498527596,0.17658970783886452
SH600887,har,243,0.05033623041212374,0.18314995454423855,0.1597320160272948,-6.781796481349709,0.17770915460985393
SH600893,har,243,0.07322141849103804,0.22676137068108113,0.21918486669607695,-7.000300036187556,0.22596975114191065
SH600895,har,100,0.09364904130026899,0.2508148462599796,0.14192942792330798,-7.101482458635921,0.254915872343598
SH600900,har,243,0.054983855675833734,0.19136122035002656,-0.05111387671499901,-8.173851037488006,-0.015943146012830978
SH600958,har,242,0.10051588726828774,0.24775914376613437,0.16413184226205213,-7.039906396957024,0.19274117628321052
SH600999,har,242,0.08192375153352859,0.23276204699653666,0.2410485928752586,-7.235945469241019,0.21029572861420076
SH601006,har,243,0.07899878689011276,0.22772225149862918,0.14056619505013912,-7.79121561056072,0.10630256810858763
SH601009,har,243,0.11000193606067335,0.2711872912265451,0.3692319269337119,-7.604166595196272,0.3680919354922738
SH601018,har,243,0.08785342260636546,0.23307665516298198,0.14425836105545586,-8.01453703262644,0.1464404008478739
SH601021,har,243,0.05638089436841486,0.19182529382730312,0.2029060122724451,-6.825979435060165,0.22749790715946272
SH601088,har,243,0.06096365073535837,0.19357128385646308,0.22879848190041718,-7.143003153139712,0.21193381099896724
SH601099,har,227,0.14433609128266986,0.29883456037215617,0.3862120017720171,-7.249182873265051,0.41611869825682013
SH601111,har,243,0.051504360332675095,0.1766615334824029,0.27410763779082303,-6.531370069458786,0.214434287055296
SH601117,har,243,0.06634927072013844,0.1969277583808414,0.2828194744392467,-7.153497619320253,0.2919019611782788
SH601118,har,87,0.11092294389340868,0.2696639318576401,-0.14737860428585714,-6.265994671712931,-0.1555543515721458
SH601166,har,243,0.09625327381950105,0.24869891015832923,0.2570146348283212,-8.04406673146176,0.2659244497368337
SH601169,har,243,0.07879573397903136,0.22639275988875912,0.10311114432932245,-8.244186245235856,0.08062350556228326
SH601186,har,243,0.09761556460733493,0.2447881391569091,0.5551153851201083,-7.267666079078281,0.5675655742444976
SH601216,har,173,0.09044358501150625,0.24145464200843447,-0.04967424232971451,-7.229606986113682,-0.03591984039814733
SH601225,har,243,0.08124102025644657,0.2301569485274104,0.16493115486011745,-7.028630188215631,0.048134053116688835
SH601288,har,243,0.0856251304118474,0.23626082430222534,0.42973603755666745,-7.853241711196993,0.4008425154855988
SH601318,har,243,0.05852217990630409,0.19624656574169014,0.12767765085251737,-7.338738942749602,0.11642582999811402
SH601328,har,243,0.09526833646221906,0.2502981404343905,0.22189661510578407,-8.254359302802417,0.18406563249767938
SH601333,har,243,0.05890589424724563,0.19609722362997764,0.009346414461803954,-7.4702093094466075,-0.07703735808887568
SH601336,har,243,0.06306257195482691,0.199216088167225,0.1786128843545448,-6.942060226890116,0.16871703394024717
SH601377,har,242,0.09838702199352492,0.24957249846362023,0.4207694497130142,-7.359705074408368,0.4404680844893678
SH601390,har,169,0.1148892841581074,0.27919826628677086,0.26176671196482804,-7.706252859757036,0.23926349020059057
SH601398,har,243,0.10165906539026276,0.25673050921935414,0.42654937825370476,-7.653293402622679,0.4335748231095752
SH601555,har,242,0.1020912982372313,0.2442725002425083,0.4228093837441187,-7.18465183758775,0.44450205401343035
SH601600,har,208,0.12657438357336973,0.25835474731277963,-0.14256997061594312,-6.681392458703359,0.22969498764022755
SH601601,har,243,0.06642162395039719,0.20477868071574964,0.1490483558469291,-6.794483460391231,0.15649894132655184
SH601607,har,243,0.05714259434584259,0.1898643728597974,0.05124221980156296,-7.17711582382033,-0.09794229038457658
SH601618,har,243,0.09025670350910232,0.2333200100699383,-0.0190482188643335,-7.804798325724727,0.025826375255669776
SH601628,har,243,0.06946829459838996,0.21708587585221945,0.1304713920932168,-7.538682686711181,0.09230096067763294
SH601633,har,243,0.0843321299070465,0.24601822474968632,0.22317803878613518,-7.323376134077288,0.23278846073640336
SH601668,har,243,0.09153697038335394,0.24562994027607155,0.2708199419206786,-7.538816345896626,0.2687547098467099
SH601669,har,243,0.11375005102513283,0.2689091074069163,0.10362853951905304,-7.73104426809664,0.10727272017846035
SH601688,har,242,0.06686269790095202,0.19939135903213281,0.08284325615860699,-6.9504188387707195,0.0902601016815705
SH601718,har,228,0.1182438168964336,0.2643790553498146,0.007709958004718076,-7.1283562677046675,-0.02551620358455997
SH601727,har,199,0.10238880465248386,0.260895917254658,0.07140610057903973,-7.761729831439112,0.07691890422356507
SH601766,har,243,0.09072363844391042,0.24875532145510826,0.2544606276879492,-7.540770421813911,0.2532430931714842
SH601788,har,242,0.07414651902800205,0.21345843600642098,0.36529227261528163,-7.348766809184088,0.37175555992214604
SH601800,har,242,0.09579097440355414,0.25013558261494,0.385638965986299,-7.146067718366025,0.4161621642524955
SH601818,har,243,0.09057121780770437,0.24324377750196988,0.29906165603948787,-7.928759827681401,0.26334867147781305
SH601857,har,243,0.08635144533145385,0.23613860621962143,0.39575269529927437,-7.803058538576776,0.37890497653997235
SH601866,har,228,0.08530079149059651,0.23477981774819198,0.1721089070641837,-7.6603221255772755,0.15099974901715651
SH601872,har,100,0.13710697207218617,0.2985683697413559,-0.019259866511792234,-7.45311914487438,-0.041255403088354736
SH601888,har,243,0.0754978021876348,0.21396342340799188,0.033867813157158144,-6.3641185872002195,0.036307506752258356
SH601899,har,243,0.0764584587614242,0.22166858160802308,0.41461154582453497,-7.129315922807898,0.3458620613263619
SH601901,har,242,0.09544935949901452,0.2488621042656395,0.2777674207725388,-7.193531954985679,0.3107736010754534
SH601919,har,243,0.07129424723140301,0.21684383911354294,-0.05758091001499466,-7.070365302329422,-0.13381380584422353
SH601933,har,242,0.06367045013924422,0.20501479616793938,0.25057325636499883,-6.887285262403921,0.16734377354276053
SH601939,har,243,0.0793410668878427,0.22947841680950445,0.4514306444520805,-7.394186332778941,0.457062161616577
SH601958,har,228,0.09248675246494283,0.2515010875457475,0.14140628791392362,-7.167042636934241,0.11684774491066208
SH601988,har,243,0.09752696939524279,0.25650308723994786,0.3571479905791738,-8.20348579388462,0.2545354898385287
SH601989,har,243,0.09093566984114324,0.24475613679316882,-0.20873650084150075,-7.682865397837318,-0.24429188435074556
SH601992,har,242,0.08879552799208416,0.23891054440736564,0.11423177553693975,-6.922525321498022,0.12703068687037222
SH601998,har,243,0.1002468376823346,0.2663617182022791,0.36767963543867554,-7.688193711190703,0.29062215043308726
SH603993,har,242,0.06340765298424034,0.20451719814952876,0.22765665614098463,-6.525677335396004,0.26964677203452614
SZ000001,har,243,0.07339362918920148,0.22710553482304152,0.2121650293524744,-7.270329316688228,0.16456911567027688
SZ000002,har,243,0.060284446151540126,0.197933775414059,0.10072723447021359,-6.592152963245854,0.0410248089716676
SZ000060,har,228,0.10940395623994699,0.26045489057653576,0.20881588195746947,-7.202907286825395,0.19736444883005044
SZ000063,har,204,0.790295358743476,0.41907763682006416,0.08188377323831542,-2.2234562782229297,0.0818670358718071
SZ000069,har,243,0.0738249836759713,0.22818963537523831,0.2790950841931793,-6.937754342067696,0.12295680369006545
SZ000100,har,243,0.07287787245377252,0.2203280449510434,0.10369765351981908,-7.383640752323053,0.1270436717808745
SZ000157,har,243,0.08810344284276621,0.23444505715442748,0.21922768273684146,-8.17702246443242,0.17447867536387063
SZ000166,har,243,0.10335596610875324,0.2524937191970165,0.18546294350434445,-7.830794091600614,0.17848041993889208
SZ000333,har,214,0.05034432688157239,0.1743905055672069,-0.059775324803287955,-6.881815146777439,-0.08229814171365679
SZ000338,har,242,0.07231499404446924,0.21325619404277452,0.2961948054179111,-7.379991753627718,0.31048435085074877
SZ000402,har,242,0.08170156177860674,0.23401083778736526,0.22442462419639597,-7.425199877860397,0.0961757114009949
SZ000413,har,242,0.11970807651393738,0.27934625667743584,-0.043763047521659715,-7.035687781657003,-0.06692083811894745
SZ000423,har,241,0.06631648405630981,0.20223436202367973,0.033144203287341356,-7.419553542078138,0.05009765553769652
SZ000425,har,242,0.07988374605197347,0.22638037495096572,0.19970680211650071,-7.279127167928884,0.07198946568614495
SZ000503,har,231,0.10578555952199845,0.2555972983391739,-0.07437490548722536,-6.01849762034146,-0.052783868278361235
SZ000538,har,202,0.058573215016432624,0.1871812717135073,0.08782355128841945,-7.0722702013516665,0.07884292005285143
SZ000559,har,228,0.07939381117509253,0.21741951440080773,0.0739776495952863,-7.183944457556376,0.0974603988679712
SZ000568,har,243,0.05012565761188546,0.17909179217582707,0.02236615057526048,-6.5679444125312045,0.05265932161580544
SZ000623,har,228,0.08919227794074798,0.2386959779903693,0.16698557439479045,-7.859740636967279,0.183822035056594
SZ000625,har,243,0.09662457157442927,0.2580899804957868,0.04948305015858523,-7.809768402309318,0.04573009543585316
SZ000630,har,243,0.11397713455832527,0.2781770435806093,0.11440687514314452,-8.006353500523963,0.05758501121239534
SZ000651,har,243,0.06830939895440827,0.21965499465663169,0.28541886876298794,-7.132466061626212,0.18281097143550373
SZ000686,har,100,0.08269422444311113,0.24403787646402753,-0.048274383317970626,-7.792342103795902,-0.30994520379284585
SZ000709,har,243,0.11297012135992457,0.26633173522324316,0.1619226125913814,-7.622208718128457,0.17521959816244226
SZ000725,har,243,0.0773935243567469,0.21699300523567372,0.11076643499485794,-6.981701262288697,0.0926325670729834
SZ000728,har,243,0.09763099998238141,0.24781404362067708,0.3427942593021558,-7.051071531272973,0.36492551852924127
SZ000738,har,100,0.07635426183260964,0.2204783968782756,0.31857906513326895,-6.427135307309948,-0.0743210463749524
SZ000750,har,100,0.07557700515052762,0.2276575931760877,-0.1318353547335236,-7.8445439249960245,-0.49832302253522553
SZ000768,har,243,0.06911445685973139,0.21100720217283908,0.24093680160381847,-6.67983072183754,0.20049086096443425
SZ000776,har,243,0.10837838224774732,0.2583299554313319,0.323744703834959,-7.402805500839716,0.31703710958982045
SZ000783,har,243,0.11211133635314985,0.26790711459073097,0.48123797061051277,-7.401364952752753,0.5020461626740068
SZ000792,har,243,0.07001784899308108,0.20732268862194936,-0.09803760754536817,-6.291753026863795,-0.04712463685596613
SZ000826,har,229,0.06333118398011825,0.20022928698918432,0.22549678116835203,-7.13443723112368,0.14942647779047624
SZ000839,har,243,0.10090735715013009,0.2523436308198799,0.07023758772662125,-6.799274896533932,0.11199100783100169
SZ000858,har,243,0.046014833452271676,0.17072034066734765,0.18775745865262805,-6.867563929554934,0.15578611751276583
SZ000876,har,243,0.09308871716390606,0.2470184872940071,0.1683817653564873,-7.726763911700492,0.15019720948445503
SZ000895,har,243,0.05319449318211843,0.18138996199054255,-0.04183185986678617,-6.7612561285148844,-0.013739577442420936
SZ000959,har,243,0.10815349845401863,0.2666527736061345,0.07741409620571638,-7.03152170291932,0.11373737531332928
SZ000961,har,241,0.05010220678205753,0.17462296824547519,0.11801894841738303,-6.427633250379224,0.0749170419174583
SZ000963,har,243,0.06889587971046225,0.2061129031495464,-0.1418405100856166,-6.333146712962599,-0.2655947161909875
SZ000983,har,243,0.07318045345372748,0.2170430813503493,0.32626342672234243,-7.102861531876109,0.3011215360484609
SZ001979,har,243,0.06398699992002788,0.21126523182501963,0.22564893435605504,-6.522182276655648,0.19261870434349082
SZ002007,har,243,0.053446783005908716,0.18625129147920902,0.570361866359015,-6.573758578445942,0.40806652992602144
SZ002008,har,243,0.05695021455873117,0.19517696588836173,0.07065718758156325,-6.547018654019236,0.07958659558524162
SZ002024,har,243,0.06709892184810423,0.2082266630220955,0.2740003507711821,-7.0416685653071776,0.28340860374261057
SZ002065,har,233,0.08078655449814968,0.21566107569244597,-0.009183836172542481,-6.3657269822678355,0.16505669678325552
SZ002081,har,241,0.06333669892288009,0.20454473636989406,0.046920043690733215,-6.890138235994757,-0.0734118445915195
SZ002142,har,243,0.08850293657116429,0.243132383897525,0.19563201349738402,-7.187786781798913,0.1719598275294093
SZ002146,har,243,0.0685921681506219,0.20615048052188406,0.30106550633007434,-6.557450296861554,0.14338101670330294
SZ002153,har,243,0.05025365996608967,0.18507904992201113,0.03190392854043633,-6.108181758680111,0.06467111048059138
SZ002202,har,243,0.05032281936090665,0.1807557106598792,-0.1135667253471031,-6.355013649379528,-0.07932074061760819
SZ002230,har,243,0.07700081748933117,0.22314042907748502,-0.09601453850536168,-6.575554868468784,-0.08583952156316554
SZ002236,har,243,0.06594315589572694,0.20498940390481132,0.06616544219966747,-6.2877563227208295,0.07723959287476712
SZ002241,har,243,0.054989088590180826,0.1901716681337783,-0.06824745882913041,-6.7648817808683805,-0.06454751296738004
SZ002292,har,100,0.08076681538859538,0.22174078017298787,-0.495997749854318,-6.489050339114292,-0.47104722752433426
SZ002304,har,243,0.059411512694820735,0.19616026731219713,0.01640960832286953,-6.469707946958387,0.05916578245752313
SZ002310,har,178,0.10296102701199002,0.24759238615668816,0.07157712610135292,-6.6315406617415515,0.015345309610031777
SZ002385,har,223,0.11973222294821002,0.27703636413883315,-0.0010622922036152005,-7.223130574995738,-0.027192097540765126
SZ002415,har,243,0.055507274499678246,0.18957470630840248,0.11024096085793877,-6.719989748117817,0.1147210701609811
SZ002450,har,82,0.5808264627085086,0.5095111250413729,-0.1265716962748762,-6.126409966281174,-0.13879154468117272
SZ002456,har,243,0.059645377242672507,0.200958732963688,0.02385593802762931,-6.317403135220994,0.06460471115536548
SZ002465,har,100,0.09609640871301096,0.258332556845127,-0.3289481542022048,-6.645096996012688,-0.3552030742167869
SZ002470,har,195,0.09992449972513855,0.23571769549844493,-0.6630012191281238,-6.2830008658603385,-0.2540149810811596
SZ002475,har,243,0.06077383322701966,0.1925754610906025,0.07679863552011723,-6.3009564711821975,0.10130059516921053
SZ002500,har,228,0.10989671633023014,0.26343555728683843,0.153189399521641,-6.848692620752729,0.1524645463654214
SZ002594,har,242,0.04978771436548535,0.178158688493058,0.2737594878005748,-6.870208794549914,0.2973462874229501
SZ002673,har,243,0.11532604932590941,0.26223401232711663,0.13960503427521764,-6.757974296996431,0.1862344375436803
SZ002736,har,243,0.10199240090175982,0.24939308085934359,0.36331957508553614,-7.108437653999197,0.38952460236967634
SZ300015,har,243,0.05663398175165505,0.18641318964234344,-0.11276054706598537,-6.416894089619252,-0.08510859947508576
SZ300017,har,242,0.08085852963514205,0.23414770134367038,0.24531713592420878,-6.423646760436561,0.20637806825198113
SZ300024,har,243,0.09137690255558797,0.2350363073600699,0.34341073263167954,-7.095875904900961,0.3907516417992106
SZ300027,har,228,0.08888783599916918,0.24317502430418586,0.15163199928047544,-6.78330510490544,0.13252113893072104
SZ300059,har,243,0.06710529374586642,0.20830559612129682,0.12383237858709584,-6.5713544782469935,0.14156191939469243
SZ300070,har,243,0.057144651317294605,0.19182225759808236,0.2228211664733053,-6.7202941028667595,0.1375458297455412
SZ300124,har,243,0.043507584556379285,0.16388780576141154,-0.010224108653878794,-6.613442399948412,-0.027610692050603625
SZ300251,har,243,0.0580461419311704,0.19631754802664242,0.11481531097520048,-6.428692083069792,0.0616811277097119
SH600000,har_x,243,0.0930960544089129,0.24086833709563393,0.11394463665028087,-8.008258664552912,0.10595690280430126
SH600008,har_x,227,0.09216717767102393,0.2429085428980245,0.2665836301048523,-7.407321444331308,0.2697408406517289
SH600009,har_x,243,0.07409398264721641,0.21470480274323198,0.06284787811871939,-6.794856963688116,0.04424831806707008
SH600010,har_x,234,0.12099623944046893,0.27999397489966954,0.1691796233828442,-7.249347575935545,0.17171460238338365
SH600015,har_x,243,0.1028588724842005,0.26781750822854483,0.21742041986927507,-8.245642716230925,0.20047506044679608
SH600016,har_x,243,0.07521586393709741,0.22167163545388077,0.24089710597388236,-8.229191185416493,0.16222284844114676
SH600018,har_x,243,0.07773129510649959,0.22917580761256223,0.053572148666830355,-7.575016582722657,-0.014830005251376788
SH600019,har_x,243,0.051489689767178874,0.19068205860001597,0.4847246407964141,-7.043340126410495,0.48473145179120747
SH600021,har_x,100,0.15778897867819897,0.3243982440550697,-0.43284440882929887,-7.543076562715355,-0.583005671794411
SH600023,har_x,243,0.10087844364311906,0.2501860472232013,0.08898604549166478,-7.820432100023251,0.08040278212149599
SH600028,har_x,243,0.07317371070474206,0.21794778756536523,0.2301347447375114,-7.431392123341798,0.15779825296327987
SH600029,har_x,243,0.06875592536577657,0.20831985186652358,0.070689042407452,-6.653051398260708,0.006219173139684231
SH600030,har_x,238,0.06993096762664065,0.21157794261795268,0.18430749665925406,-7.251536555780623,0.12754429242771836
SH600031,har_x,243,0.06604234589202546,0.21370575993236973,0.2632478754460126,-7.071386863265956,0.18227307955870975
SH600036,har_x,243,0.058443925333111116,0.19652152735840883,0.2566491976210469,-7.2265938018773594,0.23167301124166395
SH600038,har_x,243,0.059913174452006265,0.1959378417880311,0.003140208022480606,-6.501752664419325,0.049977934937507795
SH600048,har_x,243,0.04465427071498623,0.17326073289468336,0.11620525507250157,-6.37614062032934,0.08832842759439252
SH600050,har_x,243,0.07541711646815476,0.22340536133298308,0.02702134841496162,-7.24225824284831,0.014018874938420689
SH600066,har_x,243,0.05335157626926905,0.1833951318580717,-0.10330785948959953,-7.093380326394382,-0.10239624653619006
SH600068,har_x,243,0.08970044498088173,0.23926579886407262,0.20606329849535432,-7.052474070078996,0.23163445709135666
SH600085,har_x,243,0.07183495049006768,0.21523773596411605,0.187016175310446,-7.092065661972615,0.17646868651701797
SH600089,har_x,243,0.07978599718282813,0.23202418124778082,-0.013058273800043985,-7.770321983581208,-0.003976219642183754
SH600100,har_x,243,0.1074530104388609,0.26836061740487943,-0.05971609144895851,-7.048396761303974,-0.07569055304455863
SH600104,har_x,243,0.05995033115085318,0.20460510399231308,0.02665128407809425,-7.342378740509617,0.03969787112518186
SH600109,har_x,242,0.10701132035313436,0.2634302786994704,0.20999493845533002,-7.102237751424657,0.2197119732653514
SH600111,har_x,243,0.08212343793603233,0.24262063410316365,0.12969269838349096,-7.151259013357893,0.07360529836947338
SH600115,har_x,243,0.06333354310089014,0.19490527766868296,0.09568859077984226,-6.787395454033076,0.07557722556596669
SH600118,har_x,243,0.0885104442228332,0.24299534978991263,0.005597106888838743,-7.070289222418094,-0.07747860511953353
SH600153,har_x,243,0.07997156043751337,0.2331537849881265,0.09867535405684635,-7.254066763107729,0.09722445628548204
SH600157,har_x,73,0.11735192943455049,0.27602226804363234,-0.5203811423914249,-6.40643564432673,-0.4138387770356382
SH600170,har_x,243,0.10050962313787866,0.2619690847672138,0.12198547313181018,-8.241695628174202,0.11256834388457415
SH600177,har_x,243,0.08620731556946748,0.22740825622660754,-0.04220583959935875,-8.115629171132012,-0.07663303296531532
SH600188,har_x,243,0.07180918054209386,0.21102787141984433,0.48519731271050515,-6.660598299138924,0.44218439143628074
SH600196,har_x,243,0.0530251984022567,0.1866956057584108,-0.3974138641075422,-6.465751577426669,-0.3704545686771401
SH600208,har_x,243,0.09083899160452166,0.25125386600766675,0.2845387474007266,-7.07026173677172,0.0530038363843961
SH600221,har_x,114,0.09470747655586033,0.2462686060805436,-0.25114028178781567,-7.480846816642216,-0.09104337608967716
SH600271,har_x,243,0.061879893866034826,0.20131853747167733,0.0131047287043774,-6.3246024130145075,-0.08332911730712422
SH600276,har_x,243,0.07485895833141215,0.22231006770102268,-0.16141400196599176,-6.495048570099589,-0.16715205701338753
SH600309,har_x,135,0.05198806148592543,0.18565013971615055,-0.13515627266809505,-6.513477626832233,-0.08458978754290625
SH600332,har_x,239,0.06585574900823614,0.20371228064008642,0.19314457992162137,-6.554141296345121,0.12150227256245538
SH600340,har_x,243,0.09420359945268611,0.2509994466584155,0.1584549775466837,-6.551654055104541,0.08869536844279069
SH600352,har_x,243,0.07283188851967785,0.2221947648401259,0.1419722654252521,-6.886079450074606,0.11562497819313078
SH600362,har_x,243,0.08357603118480875,0.22933275690120977,0.3471198122660545,-7.435632555758599,0.25352501284034246
SH600369,har_x,242,0.11224920887510335,0.26465848543020365,0.3567730960003451,-7.195613351074617,0.37428761622743967
SH600372,har_x,242,0.08578720491994515,0.22651128216681807,-0.007652570588199792,-6.412600939477147,-0.2527219981042843
SH600373,har_x,228,0.07267416801978516,0.2113578756986474,0.05836702174307418,-6.876705090906558,0.12844781257281435
SH600376,har_x,228,0.09008774993198584,0.2371333252557093,0.18251849123730512,-7.148597320813453,0.10240045669756215
SH600383,har_x,243,0.0726696662261679,0.22020774340739652,0.38779715893661415,-6.9443428319354865,0.2000364075012515
SH600406,har_x,243,0.04872886636252883,0.18174082304855654,-0.15525215432560135,-7.250287817357672,-0.15550840860131188
SH600415,har_x,243,0.1291478732896981,0.2944711071477025,-0.12304554942269386,-7.702263272710135,-0.1396192220342396
SH600436,har_x,243,0.07482959975340032,0.21866088817654167,-0.257387695683289,-6.488644968985212,-0.1887371392747066
SH600489,har_x,233,0.1349972928715321,0.28368584575282574,0.17037670372224412,-7.240544717425435,0.1810899732785094
SH600498,har_x,243,0.06351051259976238,0.1918669682089281,0.06641561731442058,-6.353190335213827,0.07273778263837505
SH600518,har_x,241,0.10153718362238758,0.24872643576572037,0.2136035685079123,-7.1962125374337615,0.21433913947038385
SH600519,har_x,242,0.055025383066198266,0.18794674179898774,-0.08666706940552316,-7.222572348870996,-0.08853014270673354
SH600535,har_x,243,0.056115084103530756,0.1852762412656817,0.3553253186853649,-6.78202010287378,0.06279642227604698
SH600547,har_x,243,0.11525903611534505,0.2690683345039879,0.02479229478592504,-7.0068334258425855,0.033202347211243044
SH600549,har_x,243,0.0938941011299413,0.24964359268859213,0.11258116229586923,-6.985291020288947,0.06983039922503387
SH600570,har_x,242,0.062001645602569905,0.20819503316512536,-0.03472318092030924,-6.399804413850202,0.02197422482481748
SH600583,har_x,243,0.07777074975948402,0.2251522210069785,0.2802098359082046,-6.9253507504288985,0.31958184594593664
SH600585,har_x,243,0.05141267021262703,0.1853667901531781,0.3330857066372397,-6.859638473109465,0.31052414110613547
SH600588,har_x,241,0.04907734923752564,0.17823774864795197,0.1342173367920223,-5.936554903642909,0.2482300782647644
SH600637,har_x,243,0.07088836013773493,0.21336708548568747,0.044322194117878855,-7.3387282098463515,0.025804697513359454
SH600649,har_x,100,0.12823637650084815,0.31106326212049507,-0.33077596832063594,-8.143409658576896,-0.6652931244909046
SH600660,har_x,243,0.06174012422594429,0.20011631900761098,-0.05071688389420892,-7.330311844699116,-0.0403968701675379
SH600663,har_x,233,0.11569108231971958,0.27745429706181773,0.2790578148409981,-7.244562003109652,0.29441897307437825
SH600674,har_x,243,0.072429210161199,0.22034911605949573,-0.2267210731814726,-8.126681540787416,-0.20750594744501738
SH600688,har_x,243,0.11225210346524667,0.26973465163054267,0.11281170278370756,-7.859143404819389,-0.052496404471164215
SH600690,har_x,243,0.05745833746207832,0.19372096480137782,0.12158720835478742,-6.81897068896049,0.04189283453917736
SH600703,har_x,243,0.06935529356523211,0.21153661746359456,-0.027987051746397817,-6.4856926879564,-0.0433396359026299
SH600705,har_x,243,0.11094733610002684,0.2712138353900264,-0.06154009065663768,-7.426267221975921,-0.04433666434543837
SH600739,har_x,243,0.12082953271070017,0.2683840146834011,0.2438417563288824,-7.343232055511754,0.22311109312130784
SH600741,har_x,243,0.06424415558147788,0.2029800192143107,-0.004484810499285619,-7.03501576450122,-0.025704120119251606
SH600795,har_x,243,0.06743284334483704,0.21102546947443926,-0.01855982159576519,-8.323306732864129,-0.03441691829334559
SH600804,har_x,209,0.11624787128737411,0.264706852562791,-0.027142974046277857,-6.415218211983656,-0.02614146268175066
SH600816,har_x,242,0.11171180899963323,0.2711807017580303,0.5028872208918842,-6.77814579223306,0.4779661097779334
SH600820,har_x,228,0.09743542744250354,0.2622845294961565,0.046871239891808525,-7.829479397828165,0.0474624711221856
SH600827,har_x,100,0.10366888137132492,0.2673278325215168,-0.12220236851117527,-7.441209374261849,-0.17758133776321472
SH600837,har_x,242,0.09899584176501383,0.24198870325474875,0.1738957252313833,-7.43571785800905,0.1833532172132032
SH600867,har_x,137,0.08496414711995191,0.22648080939179954,-0.8384718101661108,-6.012906204086174,-0.4041512538467409
SH600886,har_x,243,0.055827932796235144,0.1932716590570321,0.270249626417399,-7.751098642468219,0.17568380984375276
SH600887,har_x,243,0.04956141801500333,0.18158651753852872,0.17266604079543912,-6.78277277186132,0.1920674876164088
SH600893,har_x,243,0.072842129554748,0.2266850276278415,0.22322951029153326,-7.000122396584897,0.23240110799211755
SH600895,har_x,100,0.09377931447525759,0.2503023662722922,0.14073578433404477,-7.100698075253693,0.2538084185362943
SH600900,har_x,243,0.05457661807497164,0.19034696379985788,-0.043328808023019194,-8.17456435493692,-0.006766382899263679
SH600958,har_x,242,0.10102753357671697,0.24920310409664664,0.15987710334601724,-7.037695046163076,0.18904447491946252
SH600999,har_x,242,0.08239553135628286,0.23488693244782025,0.2366779683173016,-7.2368596636339095,0.20828901157144308
SH601006,har_x,243,0.0790810318662243,0.2279702324187307,0.1396714457060022,-7.790805976048592,0.10596499865957709
SH601009,har_x,243,0.11071031270781902,0.27134177418929845,0.3651699859467934,-7.6019603154444635,0.36588877090595606
SH601018,har_x,243,0.0869507806059745,0.23164787257051703,0.15305060069597232,-8.017006806015761,0.15596274863430215
SH601021,har_x,243,0.055599953084524804,0.19006169762685685,0.2139466956303474,-6.827941303697473,0.23850652824887708
SH601088,har_x,243,0.061301767946584554,0.1943818675647948,0.22452123630492016,-7.14193187577737,0.20758521787933637
SH601099,har_x,227,0.14348711694829144,0.29846378980714455,0.3898222578944761,-7.255121005523103,0.41780966861556734
SH601111,har_x,243,0.05248975469273362,0.17885784727070414,0.2602196827689509,-6.529015862596386,0.2009762307030054
SH601117,har_x,243,0.06648841076000994,0.19708654863996417,0.2813154861385688,-7.153557663074508,0.2903132694979389
SH601118,har_x,87,0.1099483136808417,0.2663445092715806,-0.13729710253573635,-6.268775733625814,-0.1464776372242218
SH601166,har_x,243,0.09623798551076272,0.24900768457928046,0.25713264629120514,-8.044414421993936,0.2668624800868056
SH601169,har_x,243,0.07832151184885208,0.2259172138755162,0.10850895614212164,-8.245608676169429,0.08605391583390787
SH601186,har_x,243,0.09993230222693873,0.24835240349748827,0.5445568135662667,-7.2637776542968995,0.5567801516908644
SH601216,har_x,173,0.09035182489561346,0.24135266437416217,-0.048609288633843395,-7.227647652194237,-0.03981990260869672
SH601225,har_x,243,0.08203564313483461,0.23146394674723825,0.15676330064949073,-7.027167029810322,0.03932110436253822
SH601288,har_x,243,0.08648817206950529,0.2369321469826518,0.42398817413056344,-7.850338839439434,0.38635402802494234
SH601318,har_x,243,0.0581680285957494,0.19607579875965583,0.13295657422261986,-7.339474552381895,0.12366066006550347
SH601328,har_x,243,0.09560853099334185,0.2512756889883698,0.21911807896230762,-8.253038228272233,0.1832346559525201
SH601333,har_x,243,0.05966470651369881,0.1968114334601422,-0.0034149586082155015,-7.46845755819138,-0.08988805554221191
SH601336,har_x,243,0.06360901135397685,0.1999898085223895,0.1714955361711512,-6.940532986590001,0.16222398919218217
SH601377,har_x,242,0.09843033976426585,0.2503720271862384,0.4205144264825609,-7.364251675053681,0.43968280214660393
SH601390,har_x,169,0.11559147632470539,0.27959601462593986,0.25725470167789133,-7.705428423406735,0.23278694400305844
SH601398,har_x,243,0.10011104503036858,0.25443247971349703,0.43528163675371534,-7.657385904098068,0.4370004141116903
SH601555,har_x,242,0.10178912845189311,0.24515671433343852,0.42451775230857736,-7.1928695552226625,0.44407416468780125
SH601600,har_x,208,0.12468623184165781,0.2586954341553927,-0.12552587837772178,-6.890710267530579,0.21437331659764947
SH601601,har_x,243,0.06658046722247789,0.20517957446134621,0.14701335676830574,-6.793957637488409,0.15430415159763167
SH601607,har_x,243,0.058372018468181706,0.19129237805390778,0.030829676153765972,-7.1749262251678525,-0.12259497373894224
SH601618,har_x,243,0.09035115220561549,0.23318210884473442,-0.020114597008158652,-7.807359781445004,0.020211777928236918
SH601628,har_x,243,0.06969588637128608,0.2176962371379585,0.12762264564562542,-7.53823824993263,0.08989204813886098
SH601633,har_x,243,0.0840386703249522,0.245271498788991,0.22588122970934277,-7.324012206726943,0.23786808475741894
SH601668,har_x,243,0.09342700747027337,0.249533600727439,0.2557639776797799,-7.533988667121927,0.2566144406175155
SH601669,har_x,243,0.11589012539035762,0.27256967132198845,0.08676435733182453,-7.724053364233469,0.08881775428659744
SH601688,har_x,242,0.06872513032431363,0.20161928896655182,0.057296239501197554,-6.947154736612967,0.07143127915376313
SH601718,har_x,228,0.11858638140268644,0.26490881677169836,0.0048351916345369395,-7.1288846499127985,-0.027937173439250174
SH601727,har_x,199,0.10409036119540721,0.2615170621082946,0.055974188558567506,-7.760860809365136,0.05834769599638956
SH601766,har_x,243,0.0924363571050058,0.25199099204947906,0.24038602466891756,-7.536292353549533,0.2411458567600111
SH601788,har_x,242,0.07425762602298745,0.21340118845034495,0.36434117647202113,-7.349532622091866,0.3699165976972838
SH601800,har_x,242,0.09644214931421219,0.25018013835359243,0.3814626174949446,-7.142654024079527,0.412011801463519
SH601818,har_x,243,0.09036242240155808,0.24180119784255757,0.3006775414140389,-7.926993117702728,0.2690802738392427
SH601857,har_x,243,0.08721196283897865,0.23674923363385167,0.38973119348684027,-7.800338338282993,0.3761271751814885
SH601866,har_x,228,0.08598404836412113,0.2359171202104996,0.16547752334671184,-7.660900896611059,0.14581790950941476
SH601872,har_x,100,0.13771499395776865,0.29878633141863564,-0.02377993063813566,-7.4520047269691805,-0.04646943938939274
SH601888,har_x,243,0.07927522357290119,0.22095130676376537,-0.014471188480323471,-6.357869874535349,-0.006487982649396429
SH601899,har_x,243,0.07735604978465428,0.22273759192446757,0.4077393248815262,-7.123244817689856,0.3467208525103368
SH601901,har_x,242,0.09607540264502508,0.24976181629570465,0.2730303669209041,-7.192997378715724,0.3037989227246495
SH601919,har_x,243,0.07140960131449785,0.2159612675807782,-0.059292075794996624,-7.0691856460325075,-0.13160027021266596
SH601933,har_x,242,0.06502179424024081,0.2066631390033079,0.2346673941176699,-6.881552277077779,0.16061625379644573
SH601939,har_x,243,0.08051976040989403,0.23175839364257608,0.4432810799057121,-7.38985644129933,0.4430091184742818
SH601958,har_x,228,0.09288626864361857,0.2535689181473717,0.13769740994226298,-7.1675442930484845,0.11402816786817527
SH601988,har_x,243,0.09697567821641719,0.2558667127507114,0.36078184328967644,-8.203001239124792,0.25925099461822276
SH601989,har_x,243,0.091881769098591,0.24527280845368962,-0.22131225585484038,-7.6840816709269895,-0.256329524610448
SH601992,har_x,242,0.09022140320820576,0.240589078009361,0.10000814302920247,-6.920423819476886,0.11469829954579869
SH601998,har_x,243,0.10130714374060425,0.2674372534790971,0.36099161286547277,-7.685043206230309,0.28665977656958463
SH603993,har_x,242,0.06950669298128936,0.21151364477079093,0.15336668128855613,-6.507502016715952,0.2016040264572403
SZ000001,har_x,243,0.07371546436491173,0.22760952179638255,0.20871032886947471,-7.269850609009665,0.16155687471439173
SZ000002,har_x,243,0.060772151005824004,0.19938794555590567,0.09345206282856522,-6.589997389213247,0.0398291690277387
SZ000060,har_x,228,0.11083561031757834,0.2621747871130475,0.19846249065717236,-7.200778117286356,0.18630503400895582
SZ000063,har_x,204,0.7919005520240107,0.4175879848683493,0.08001895904999623,-2.68373021625375,0.08002143822331553
SZ000069,har_x,243,0.0739454471841401,0.22821530779718088,0.277918751590176,-6.937088330006141,0.12147562300527681
SZ000100,har_x,243,0.07370757451751471,0.2221485287033118,0.09349340521271743,-7.3810949531843075,0.11471947164582952
SZ000157,har_x,243,0.08873613336399942,0.2344471547120754,0.21362078216139746,-8.178311486490456,0.16686126639868049
SZ000166,har_x,243,0.10426289470581751,0.25506556992613794,0.17831553849506632,-7.832748803220509,0.1691632512931397
SZ000333,har_x,214,0.05081205429763892,0.17483650168267764,-0.06962124002323611,-6.881182278301156,-0.0902057942521286
SZ000338,har_x,242,0.07277060030008989,0.2145821772358122,0.29176062059045027,-7.378844220911066,0.3064401500492835
SZ000402,har_x,242,0.08222965858848784,0.2347963655183797,0.21941151461968933,-7.424037825073416,0.09214910443063151
SZ000413,har_x,242,0.1192763523796783,0.2761587684299777,-0.03999874262941261,-7.031666587896955,-0.06566441878513785
SZ000423,har_x,241,0.06504442811172897,0.19972176392655283,0.0516900396847666,-7.42301859842093,0.06860013426070688
SZ000425,har_x,242,0.08007545215437298,0.2268146189144893,0.19778624759414176,-7.27866212264497,0.07045505876646063
SZ000503,har_x,231,0.10165696348183574,0.2514372897459662,-0.032444229878119124,-6.031680084718967,-0.015646814552640942
SZ000538,har_x,202,0.059672446906088174,0.18694656450216507,0.07070491709469773,-7.0687146539186285,0.05911658451763324
SZ000559,har_x,228,0.07993630573891913,0.21760008784570087,0.06765017792411787,-7.18229123834171,0.09093102713459233
SZ000568,har_x,243,0.05134180610831683,0.18124943094388704,-0.0013531978120291388,-6.5652294745249336,0.029760596558564556
SZ000623,har_x,228,0.09014098149708986,0.24015844823107968,0.15812512406992307,-7.860844120181555,0.17343372982611738
SZ000625,har_x,243,0.0967784953951477,0.256833464900996,0.04796886801843969,-7.810494598069523,0.04329343593065038
SZ000630,har_x,243,0.11571185811127463,0.27984875539314596,0.10092821332231183,-8.00438861210433,0.044655033117309784
SZ000651,har_x,243,0.06872120463383467,0.22059695958820963,0.28111099059748457,-7.1319677725610475,0.17876029410532823
SZ000686,har_x,100,0.08417904863646328,0.24524695752129297,-0.06709677600746988,-7.7910608522027145,-0.3429304209997326
SZ000709,har_x,243,0.11306367887522863,0.266577210629194,0.16122854908985917,-7.623309150677719,0.17558047043548464
SZ000725,har_x,243,0.08302295068134428,0.22695032198207413,0.046085637975189275,-6.967185129687667,0.03287063555500247
SZ000728,har_x,243,0.09866285497275239,0.24957005333679771,0.3358482992755054,-7.050738208289788,0.3585029605294392
SZ000738,har_x,100,0.07608439011711254,0.22030384940391404,0.32098752580402057,-6.427193063046657,-0.0721083606174533
SZ000750,har_x,100,0.07698662554940046,0.2305881496106072,-0.15294572026097675,-7.844132154910181,-0.5607932408642422
SZ000768,har_x,243,0.06971104774970337,0.2103398072577903,0.2343846241050468,-6.6772685357876895,0.19113766365438067
SZ000776,har_x,243,0.10874440147515742,0.25978736184127876,0.32146083101917466,-7.406798057484979,0.31388733803429747
SZ000783,har_x,243,0.1127188460341914,0.2693962724293285,0.47842689935525506,-7.4048948953083675,0.4982314225743538
SZ000792,har_x,243,0.0716288745737694,0.21013051505219324,-0.1233021179488254,-6.285255096996167,-0.06263344012664396
SZ000826,har_x,229,0.0658829023002944,0.20255410574860452,0.19429076340072993,-7.12830380552218,0.11377791178152119
SZ000839,har_x,243,0.10056399711350841,0.2520007213545939,0.0734013139894415,-6.800821733509443,0.11478355277096763
SZ000858,har_x,243,0.046218472859044714,0.17022571950073953,0.18416286584708486,-6.867185758847552,0.1537255187894664
SZ000876,har_x,243,0.09328910549167381,0.24755656444271068,0.16659157431660043,-7.7264380905662176,0.14962666049080464
SZ000895,har_x,243,0.052576289033221334,0.18029248140821238,-0.029724125782023325,-6.76220162656621,-0.0004584038782655675
SZ000959,har_x,243,0.10797346417177603,0.26589253448898187,0.07894984949498585,-7.031329264414009,0.11327874913734659
SZ000961,har_x,241,0.05122288017395814,0.1777124021603601,0.0982910210434711,-6.425381274315511,0.05108255078831547
SZ000963,har_x,243,0.07049480672943156,0.20877932479187652,-0.16834020281909012,-6.330720356595825,-0.2946000658411294
SZ000983,har_x,243,0.07357880781827135,0.2173747816267692,0.32259597329930934,-7.1021176608909355,0.29705391842072604
SZ001979,har_x,243,0.06348420668634086,0.21052741230443758,0.23173358400036892,-6.5221140596777625,0.20254973482547978
SZ002007,har_x,243,0.05695936029222879,0.19360300717037063,0.5421256084462154,-6.565420289250198,0.3654725909661847
SZ002008,har_x,243,0.0573113335679106,0.19484509668032596,0.06476426236242339,-6.545463947680511,0.0769047279027586
SZ002024,har_x,243,0.06720923819822251,0.20913612041384166,0.2728067454302293,-7.0401812058133135,0.2830548794655281
SZ002065,har_x,233,0.08136213686376037,0.21765645305290443,-0.01637399824058261,-6.363067878205334,0.15383275516119732
SZ002081,har_x,241,0.06305488764032278,0.20386805710996592,0.051160692310488476,-6.891285858721373,-0.05980716193322211
SZ002142,har_x,243,0.08912394369600772,0.24408509577822893,0.1899879267589465,-7.186507675122533,0.1668618741492469
SZ002146,har_x,243,0.0695898903463167,0.20810416869747306,0.29089900370342037,-6.556935800163468,0.10955686466655912
SZ002153,har_x,243,0.05119614438262857,0.18671329735828635,0.01374772933666002,-6.1045729986822215,0.048363108693843304
SZ002202,har_x,243,0.051382232067977665,0.18260892088644362,-0.13700990190172702,-6.352267892430695,-0.1032534457202785
SZ002230,har_x,243,0.07465780168212666,0.2193307942874204,-0.06266451090338432,-6.579800592612704,-0.04414734163634493
SZ002236,har_x,243,0.06765692272165447,0.20804569875661585,0.04189643862644565,-6.28404085061721,0.05276459851660675
SZ002241,har_x,243,0.05436790716185231,0.18896312803382406,-0.056180056017106406,-6.766700072952962,-0.053805118042669964
SZ002292,har_x,100,0.08206659168024176,0.2227914017778905,-0.5200727662860236,-6.484248070191658,-0.4722420258694209
SZ002304,har_x,243,0.05963540157389077,0.19652686662557217,0.012703004328660117,-6.469071131963995,0.05314841425798844
SZ002310,har_x,178,0.10115525042791633,0.24620388401089838,0.08786022208882138,-6.644366294025623,0.03569002157503587
SZ002385,har_x,223,0.11882845072238768,0.2760863169123362,0.00649400528868993,-7.2266208539893,-0.018323003831478113
SZ002415,har_x,243,0.05687641908663821,0.19227258999289706,0.08829412986829765,-6.717726882326067,0.09290416430246862
SZ002450,har_x,82,0.583647852383784,0.5079077066294362,-0.13204406703688587,-6.200692513205788,-0.14323251516216917
SZ002456,har_x,243,0.05906888683298672,0.1998997941753298,0.033290662330055176,-6.319224882977599,0.07251247139486194
SZ002465,har_x,100,0.09026579188486897,0.2493448561711883,-0.24831467814005004,-6.650334852285674,-0.26434005042129605
SZ002470,har_x,195,0.10109000338457834,0.23929144155983723,-0.6823982039704615,-6.2916672479641536,-0.2989444404324486
SZ002475,har_x,243,0.060701357521074376,0.19302532504541228,0.0778995973496992,-6.30122329445376,0.10043496581765332
SZ002500,har_x,228,0.10985824074173597,0.26428410902603366,0.1534858736774165,-6.851716219620431,0.15124084387361902
SZ002594,har_x,242,0.05017871320134862,0.17861695079750345,0.2680560889109971,-6.86901827437236,0.2892315645591734
SZ002673,har_x,243,0.1159782968749183,0.2629224809370229,0.1347389133003487,-6.758250133009871,0.18040365300184447
SZ002736,har_x,243,0.1015435796327625,0.24892437952900603,0.3661213104474784,-7.111110385405102,0.3901002851986003
SZ300015,har_x,243,0.0575101489254254,0.1885758884766067,-0.12997572836616755,-6.412827626410072,-0.10160737592739189
SZ300017,har_x,242,0.07930253071074227,0.22934046982866746,0.2598398551730451,-6.427336615550273,0.23010651708511154
SZ300024,har_x,243,0.09127987080634395,0.23513166204997166,0.3441079548329775,-7.096760547487203,0.39344561032573766
SZ300027,har_x,228,0.08833471406740827,0.24310754946307986,0.15691113497016096,-6.784831511991025,0.14266068146733235
SZ300059,har_x,243,0.06919012839343004,0.20846055786733583,0.09661150654810635,-6.562967469808456,0.1162578764974379
SZ300070,har_x,243,0.05940433037158746,0.1960421132176642,0.19208907359887517,-6.716493352068215,0.10745559576665031
SZ300124,har_x,243,0.043162808445665085,0.16251488614881154,-0.0022185817398288066,-6.6131904497866785,-0.012803249945024575
SZ300251,har_x,243,0.05936726822359671,0.19858078456583622,0.0946685668951105,-6.424355096410604,0.034835422510728464
SH600000,ewma,243,0.11518682286676693,0.25249754732499424,-0.09630749483773626,-7.997250978214942,-0.11625398273948417
SH600008,ewma,227,0.08472783396019487,0.232738128673126,0.325781889145325,-7.439843898925947,0.3746515364790697
SH600009,ewma,243,0.10171837837608702,0.2554632274748196,-0.28654974025821467,-6.754760302230563,-0.3488917107696661
SH600010,ewma,234,0.11700144682507109,0.2782172787304867,0.19660985692217015,-7.252046471084635,0.18887425705389738
SH600015,ewma,243,0.16707855375970715,0.3281268719690427,-0.27118119509043215,-8.13932339489901,-0.27403485197395216
SH600016,ewma,243,0.1089228858594003,0.2616084640980564,-0.0992850916489525,-8.170889994543348,-0.18536818375018327
SH600018,ewma,243,0.0728431233989583,0.22843942935025946,0.11308874156261828,-7.586584065342594,0.08464811117925786
SH600019,ewma,243,0.07447495692114495,0.21686606537156916,0.25470302204702666,-6.987246842660776,0.2752889670594111
SH600021,ewma,100,0.26853483293487934,0.4675606791776382,-1.438501327341525,-7.462207436391227,-1.360135815274389
SH600023,ewma,243,0.11460717875972791,0.2705161764685169,-0.03499553885182438,-7.7759798935956415,0.02951907348914995
SH600028,ewma,243,0.09474747425775985,0.2486688604313607,0.0031558089318100002,-7.393659485939766,-0.04852454059632416
SH600029,ewma,243,0.07771063498985425,0.22005994277144178,-0.05034357742049633,-6.6423124087612555,-0.12617403079025102
SH600030,ewma,238,0.08196869636308067,0.23013516707049386,0.04389638237312832,-7.22778843301969,0.03241652223884828
SH600031,ewma,243,0.08731090976238103,0.24341176598291864,0.02598102179251849,-6.991289138432195,-0.02064081999894074
SH600036,ewma,243,0.08865807189943922,0.2294977698484178,-0.12764583330410662,-7.162140328670125,-0.06945955714663343
SH600038,ewma,243,0.0717372319981899,0.21082644187824212,-0.19359327595041087,-6.45913325335861,-0.10050637398650886
SH600048,ewma,243,0.049120936135478875,0.1760549175847974,0.027801271248039994,-6.3550494686648085,0.06577330140516868
SH600050,ewma,243,0.09715067684192025,0.2510562790609847,-0.25336977838630603,-7.233153351282264,-0.3016501995408334
SH600066,ewma,243,0.06830012017977381,0.20742954530142033,-0.4124429804679335,-7.063711548327348,-0.4277619885664621
SH600068,ewma,243,0.09981146523316867,0.2562466322624366,0.11657087658308518,-7.064514969142547,0.13088235244996493
SH600085,ewma,243,0.07773859738383239,0.21666533399561208,0.12020232775342632,-7.070400476282357,0.10328372442653133
SH600089,ewma,243,0.09774312995005097,0.25789264665968786,-0.24106346977290638,-7.7561160706114896,-0.24572213585693636
SH600100,ewma,243,0.1234652995312097,0.2907522728336006,-0.21763144759200004,-7.056028870757393,-0.22154424777595128
SH600104,ewma,243,0.08107214541882157,0.23051477185577632,-0.3162807798655667,-7.297408921358576,-0.316245069924352
SH600109,ewma,242,0.12811730471943258,0.2912220936016329,0.0541811944211934,-7.093700957073719,0.06368903321389241
SH600111,ewma,243,0.10078708439312588,0.27115667173233127,-0.06809624219946064,-7.100276505397624,-0.13220272979097314
SH600115,ewma,243,0.08399585866149852,0.22118712304475727,-0.19933939577382231,-6.720355638171941,-0.17867721111286405
SH600118,ewma,243,0.09644715418784619,0.2517535177243504,-0.08357075821783178,-7.049328966938546,-0.1736778021519434
SH600153,ewma,243,0.10474398316114679,0.2604480240967765,-0.18052383898602598,-7.1929734643631775,-0.13798006287860143
SH600157,ewma,73,0.19953989204309067,0.3640686519826488,-1.5851870563946293,-6.4083417268655865,-0.4405326644031222
SH600170,ewma,243,0.1308488259903767,0.30144094846389524,-0.14304647113836033,-8.177187666333133,-0.09333607385422393
SH600177,ewma,243,0.14415982111942197,0.28877730616347935,-0.7428243347305128,-8.058190353380963,-0.8350722394340226
SH600188,ewma,243,0.11947405068700807,0.2703109345929726,0.14348608505594762,-6.573111903887749,0.03391634802548149
SH600196,ewma,243,0.05024445866702464,0.1839915907624741,-0.32413088968075265,-6.485074471430838,-0.3635523457066847
SH600208,ewma,243,0.13713795044944493,0.3123943402152863,-0.08011865911744698,-6.979406903975867,-0.3856609747892017
SH600221,ewma,114,0.30351827248536817,0.47134334974916337,-3.0096510938195475,-7.264970453085207,-1.6730550294905164
SH600271,ewma,243,0.06484805208310719,0.20245777816420707,-0.034233124124323,-6.3162379423505675,-0.146525962968572
SH600276,ewma,243,0.07208507026983914,0.2254535536074857,-0.11837797119016225,-6.502005168970932,-0.1295716662602382
SH600309,ewma,135,0.10487574215922231,0.25589639979084067,-1.2899556775163306,-6.466034609279052,-0.9170341049896278
SH600332,ewma,239,0.07883261723843915,0.22487856827407204,0.034153806528811836,-6.499750113168026,-0.062377294378154424
SH600340,ewma,243,0.12916577418691133,0.2950550517614291,-0.15387113623952775,-6.500083313274757,-0.23687672009206429
SH600352,ewma,243,0.08595213310107622,0.24056630268144563,-0.012596481370353407,-6.872096930472749,-0.029599328526763724
SH600362,ewma,243,0.11287731420604377,0.27102100445477817,0.11822371743418347,-7.36936318616029,-0.05335070654468921
SH600369,ewma,242,0.11738200168606518,0.27548854122359057,0.32736041272397376,-7.223982423934851,0.3550346993281256
SH600372,ewma,242,0.08895930898725704,0.22388366584534586,-0.044911959334842155,-6.399344238080546,-0.25846051080865196
SH600373,ewma,228,0.06728677455142247,0.20974379156223472,0.1281710180581772,-6.917403936809813,0.09583939679551468
SH600376,ewma,228,0.11179640250899481,0.27320760621299855,-0.014471910623731432,-7.117969392036426,-0.10416742749017649
SH600383,ewma,243,0.094002546289619,0.2412897790184487,0.20807912167106812,-6.909589018118151,-0.059210594675104256
SH600406,ewma,243,0.0560362701066754,0.19172813263470947,-0.3284943113490586,-7.226102060324574,-0.36261064010684274
SH600415,ewma,243,0.20091304297877902,0.38395032614211116,-0.7471019304526685,-7.6583761098159275,-0.8167247117222096
SH600436,ewma,243,0.09169981909648325,0.24364152501351913,-0.5408638374156494,-6.429375740570197,-0.4188689283274567
SH600489,ewma,233,0.16472140485639405,0.32762893131423626,-0.01229226125676064,-7.197560072129541,0.02061433856046435
SH600498,ewma,243,0.08206167760077565,0.23210352727284403,-0.20628062172733586,-6.291129753645822,-0.23716480971795928
SH600518,ewma,241,0.14914087528171827,0.2878511162925502,-0.15508277782574087,-7.09513039018304,-0.17968724744218845
SH600519,ewma,242,0.087131476587011,0.2230954958389536,-0.7207132606759856,-7.185555836975482,-0.7450269989573963
SH600535,ewma,243,0.06406637323073675,0.20549285131833472,0.26397742415731373,-6.765465307522441,-0.07150092125909313
SH600547,ewma,243,0.15097748470899122,0.33067790681087833,-0.27742180886107826,-6.903197591674792,-0.17068111400585106
SH600549,ewma,243,0.10800039421666152,0.26368766425614637,-0.02074127292300565,-6.94382171793548,-0.09076946335586267
SH600570,ewma,242,0.06853324179318447,0.2181211600429418,-0.14372664237939592,-6.381430425879395,-0.12665434935877284
SH600583,ewma,243,0.13516249209087672,0.305557872900432,-0.2509668823050528,-6.858819538189642,-0.24736403282156605
SH600585,ewma,243,0.06800465599865108,0.21399489165628324,0.11785797327486103,-6.83209415737104,0.07622800583814093
SH600588,ewma,241,0.04690984501700163,0.175262791885833,0.17245468264942498,-5.945235291608381,0.2534342998354374
SH600637,ewma,243,0.09815293699921646,0.25119346044653196,-0.323243806035862,-7.278714488076176,-0.26915296067290795
SH600649,ewma,100,0.18023634760644455,0.3783220533999443,-0.8704068732864938,-8.056564096544927,-1.298584615011995
SH600660,ewma,243,0.09167811722945284,0.23649707096755998,-0.5602130197227568,-7.260400327168947,-0.5744482412409799
SH600663,ewma,233,0.11248107480339042,0.26977865681349233,0.29906134308878174,-7.245284346860967,0.31668020668934627
SH600674,ewma,243,0.08316093139788265,0.23386851560354782,-0.4084823896896772,-8.113277541420095,-0.34356098498670384
SH600688,ewma,243,0.1597464922129288,0.32036681966331665,-0.262561805414562,-7.7896192152200125,-0.5112550870970283
SH600690,ewma,243,0.07619238162885968,0.22794251511297803,-0.1648155098966413,-6.787278241768458,-0.26349056904504
SH600703,ewma,243,0.06739673895669784,0.20963664335615628,0.0010427262880329247,-6.494912422317851,-0.02815789322628648
SH600705,ewma,243,0.1032428548576347,0.24640217318220461,0.012176106631215378,-7.384048236070679,0.02995475996661834
SH600739,ewma,243,0.12176277041624935,0.2704587599212943,0.23800150048641955,-7.340512908028421,0.22228399686742883
SH600741,ewma,243,0.07154222679102219,0.20596539290534585,-0.11859327078766335,-7.021162323047461,-0.14318608298814905
SH600795,ewma,243,0.08697888423828362,0.24838228201988474,-0.313798920791436,-8.311377436720525,-0.30510204863065593
SH600804,ewma,209,0.1233374330061587,0.2829674569546106,-0.08978492548911632,-6.474101969461413,-0.09813742082647026
SH600816,ewma,242,0.27422904621534133,0.43451804649238585,-0.22030754400122388,-6.564298041149631,-0.1628061870390638
SH600820,ewma,228,0.26010028324298073,0.45254606562450067,-1.544342104081827,-7.6512494697994065,-1.521857738417753
SH600827,ewma,100,0.16507131267222552,0.3503847227527499,-0.7868758262231916,-7.373426698526921,-1.0189228635044034
SH600837,ewma,242,0.11713952172774203,0.26825860036118543,0.022489652915519742,-7.454970819774151,0.03914424244237136
SH600867,ewma,137,0.13151252084130374,0.28576062565373234,-1.8456951602100293,-6.014293654977621,-0.5268993500838552
SH600886,ewma,243,0.060563930222995284,0.2041363171493003,0.2083434135529757,-7.732313417858867,0.13731771417001182
SH600887,ewma,243,0.060338532006205675,0.2022941136898933,-0.00723745559849287,-6.759078011525381,0.008038350710117603
SH600893,ewma,243,0.07467683548028783,0.23168369514278114,0.2036646591680984,-6.994134551371893,0.20450292572297368
SH600895,ewma,100,0.1055175217848069,0.26911270683411836,0.03318305211797179,-7.106628443773588,0.0502448771066315
SH600900,ewma,243,0.050550764183496126,0.18492002604776464,0.03363252615305712,-8.174303697398615,0.026376724749678226
SH600958,ewma,242,0.10147721294221275,0.2429233646315116,0.15613766798883355,-7.020939322846011,0.24656705028637937
SH600999,ewma,242,0.08571522054005784,0.24110905016040304,0.20592397170361287,-7.239413516787383,0.23275174998777826
SH601006,ewma,243,0.10828702708695204,0.27138032208191853,-0.17806279538826209,-7.745505728793397,-0.15850973299209214
SH601009,ewma,243,0.14390286612029085,0.2948495472439209,0.17483876355279238,-7.517870675793188,0.21494888927277322
SH601018,ewma,243,0.09176493944424827,0.2443259066955094,0.10615799193715025,-8.029699730773745,0.1283849927397248
SH601021,ewma,243,0.08302471743297712,0.22711803704109998,-0.1737753336470491,-6.728332083783139,-0.16209086540411533
SH601088,ewma,243,0.07402772861696492,0.21563347732929614,0.06353546741000182,-7.10415973557496,0.05574093156696258
SH601099,ewma,227,0.20102608489298107,0.3753753169150762,0.14513828702463782,-7.253931645495852,0.14559479381244045
SH601111,ewma,243,0.06138584708434368,0.1863311621315906,0.13483989979783595,-6.510990548996228,0.05195159120501647
SH601117,ewma,243,0.08305687492331015,0.21413700751792308,0.10222414560988491,-7.122426982350099,0.1169909919865254
SH601118,ewma,87,0.13755248317256547,0.30408874523906926,-0.4228325594229956,-6.191662207010304,-0.3760860773453596
SH601166,ewma,243,0.10053029100354982,0.26198168569128344,0.22400005726397665,-8.05620425128402,0.1616175055906779
SH601169,ewma,243,0.0836268423308319,0.23663173528235298,0.048121273400262954,-8.22409819987042,0.10372027882532942
SH601186,ewma,243,0.137741419161148,0.2844781812313283,0.3722411127465579,-7.1967713124056765,0.38347012793926305
SH601216,ewma,173,0.07960783935318726,0.22504906714374304,0.07608374385058192,-7.251758975480673,0.10539807288810854
SH601225,ewma,243,0.087088978489649,0.23761848648151032,0.10482053939995395,-7.003799376871084,0.0006585134213903387
SH601288,ewma,243,0.13788325461906267,0.2904954236459955,0.08169656787150303,-7.706857463970782,0.15830445657601155
SH601318,ewma,243,0.06363428698462979,0.20206463629273627,0.051477392031020974,-7.332369971627535,0.030160407411570223
SH601328,ewma,243,0.11496034432686894,0.26943037777199447,0.06106229654996398,-8.19438861184381,0.0643101949650523
SH601333,ewma,243,0.06371143407912089,0.20837587400995372,-0.07147105424365496,-7.47102706621301,-0.11425351799316874
SH601336,ewma,243,0.07711729075571191,0.21802062025317515,-0.004449185256830468,-6.9309095697480725,-0.029652848577610413
SH601377,ewma,242,0.1329342364347246,0.3018422249903575,0.21738081545822863,-7.350898183231756,0.24689532994737906
SH601390,ewma,169,0.18091896014064793,0.33148863106506893,-0.1625139784902192,-7.56012987106636,-0.19848639827700687
SH601398,ewma,243,0.13379411423356607,0.2734361693476983,0.2452781490888838,-7.5777770125162105,0.30367962425124917
SH601555,ewma,242,0.12567853004130583,0.29677045125575435,0.28945493438519054,-7.198963292075453,0.3115048150664287
SH601600,ewma,208,0.2292760378558017,0.3571055400472103,-1.0696440183253508,-7.087443659020503,-0.4216558771169183
SH601601,ewma,243,0.08028590181335954,0.22309697930259223,-0.028571963272237655,-6.759087156854512,0.010931537582401396
SH601607,ewma,243,0.05944215271391658,0.18849634961499032,0.01306187608937115,-7.180872262020423,-0.1297902217068312
SH601618,ewma,243,0.13459388529345997,0.2875791039781617,-0.5196395807265279,-7.798095533613624,-0.49013355074719533
SH601628,ewma,243,0.09025026606689955,0.23892328280269443,-0.12965473918783577,-7.500092392690883,-0.1459687698322092
SH601633,ewma,243,0.10602129566425945,0.28169488517813873,0.023389176591123162,-7.266168676807286,0.04181801756951009
SH601668,ewma,243,0.11852646860904048,0.27639520449462485,0.05582261568934521,-7.500661844073244,0.06300292156040177
SH601669,ewma,243,0.12661827092788686,0.2861024097967299,0.002224584408096253,-7.619769557514081,0.03755286256530832
SH601688,ewma,242,0.07005849212306782,0.20849586009593976,0.03900649343801199,-6.945869015690326,0.044184443006905605
SH601718,ewma,228,0.11626246108393748,0.26091667580578626,0.024337293741955035,-7.143407793960057,-0.006480405475020046
SH601727,ewma,199,0.20187795108265577,0.38619135674318256,-0.8308899536352732,-7.649333832170859,-0.9131467615764077
SH601766,ewma,243,0.10299994377068505,0.2654068897325764,0.15357767011903367,-7.5430896824307,0.14188036807644022
SH601788,ewma,242,0.09796270714184371,0.2549795497270608,0.16142135823028436,-7.340653138309777,0.1528542810158815
SH601800,ewma,242,0.11705490642924181,0.28191535086550945,0.24926149046900403,-7.104308644335797,0.28649332203379774
SH601818,ewma,243,0.12572952864721135,0.28198823127667777,0.02696850357006575,-7.80453755762335,0.051418098871364615
SH601857,ewma,243,0.1749576837856381,0.34038565278550786,-0.22427260433642804,-7.643795296219881,-0.2071209463010395
SH601866,ewma,228,0.10337937447583694,0.2622923903901574,-0.003353683198317192,-7.632047285143657,-0.037256438135357284
SH601872,ewma,100,0.174532495692485,0.3477340795576041,-0.29748302054130327,-7.4450784588672745,-0.33185722894665814
SH601888,ewma,243,0.09333373874693399,0.23976244189389792,-0.19437555145893382,-6.321472226810138,-0.20359731035613904
SH601899,ewma,243,0.11775336312118138,0.2596875911441491,0.09844560918289436,-6.940791844910687,0.22491621806962403
SH601901,ewma,242,0.11684499558039539,0.2798871213013998,0.11587397787911247,-7.1637826227556936,0.14940351051519696
SH601919,ewma,243,0.0757847948217028,0.21856821581376518,-0.124193821875898,-7.054380854153777,-0.11128300128760515
SH601933,ewma,242,0.07029955440129651,0.2140195630678801,0.17254603950911174,-6.868916134958011,0.05317072323647809
SH601939,ewma,243,0.11160574656623438,0.254589297473728,0.22835052677285328,-7.312659522655381,0.2871483539125631
SH601958,ewma,228,0.11128474167620209,0.2802571071865469,-0.03310341111315518,-7.143740064128529,-0.034188037192761866
SH601988,ewma,243,0.13423387566398323,0.3040042471219289,0.11519329229617004,-8.115695351373072,0.03376727591241191
SH601989,ewma,243,0.11363409205433463,0.2670464689519593,-0.510448815585814,-7.673128259130655,-0.5333393388840915
SH601992,ewma,242,0.11895987273530371,0.27100389645563966,-0.18666871674545438,-6.906376343868405,-0.17333497008235677
SH601998,ewma,243,0.16887726749785809,0.3327459622476089,-0.06521599901982156,-7.534200488855319,-0.13529449418379258
SH603993,ewma,242,0.07692965958561647,0.22148213150891446,0.06295048420955796,-6.501064771748832,0.11635075410553808
SZ000001,ewma,243,0.09684620389025338,0.25732595609321346,-0.03958377644074873,-7.2510510744556225,-0.10810511383275845
SZ000002,ewma,243,0.06030217189973516,0.19499707808907438,0.10046281663745515,-6.599950375847162,0.030551547094282205
SZ000060,ewma,228,0.18238678777307699,0.35154494752283766,-0.31897908253305807,-7.105759416994793,-0.34078851981042435
SZ000063,ewma,204,0.9192603485296619,0.4085231113335657,-0.06793976867784735,-6.361102579508011,-0.06958738032908762
SZ000069,ewma,243,0.09048984759698167,0.2572964305678235,0.11636179630464594,-6.9019891210713045,0.008482910570601021
SZ000100,ewma,243,0.07727077170109553,0.22493735897866132,0.04967074836113505,-7.379246053663453,0.0597703804260441
SZ000157,ewma,243,0.09866306482912202,0.24883955893999798,0.125648359821801,-8.160103025798637,0.13992135349087464
SZ000166,ewma,243,0.11463474593582891,0.2808134551053302,0.0965761141601914,-7.8495128126229385,0.10960686826303478
SZ000333,ewma,214,0.06030311962204596,0.19592853408674366,-0.269413301213439,-6.858697051715933,-0.2718685236812488
SZ000338,ewma,242,0.08321111563563671,0.2352148750834486,0.19014837510297644,-7.365655718702704,0.18720995418807063
SZ000402,ewma,242,0.09226169126297008,0.24595950985222373,0.12417958340313184,-7.4206803421926235,0.023194517193224184
SZ000413,ewma,242,0.11366345937651047,0.25135321996263044,0.008941399731970612,-6.98830109678905,-0.004100604230406146
SZ000423,ewma,241,0.06642857472879082,0.19840746396880693,0.03150998642575897,-7.4359885889571515,0.02751815907220967
SZ000425,ewma,242,0.09454558109904612,0.25835903094531604,0.05282126611487159,-7.2494972910179,-0.01869161268623798
SZ000503,ewma,231,0.10363004268629557,0.24647063226581992,-0.052483134936512466,-6.077642634815413,-0.04084563458395074
SZ000538,ewma,202,0.06093493884868953,0.19237341587794096,0.05104379013750393,-7.069589311767585,0.01683714918303114
SZ000559,ewma,228,0.08646828671577553,0.2330096893815363,-0.008536621619333884,-7.198074635448223,-0.006242360056853968
SZ000568,ewma,243,0.06464679189815394,0.20027889787012929,-0.2608491345032553,-6.544065857031502,-0.2405836425123442
SZ000623,ewma,228,0.1235294871876178,0.28505109212830604,-0.1537080024266122,-7.842531748051411,-0.15476461462277924
SZ000625,ewma,243,0.12735015709195296,0.3013657092329118,-0.25277122483927705,-7.781509158328668,-0.3124190817099841
SZ000630,ewma,243,0.14653680399702423,0.31013182789892035,-0.1385791252003561,-7.932987207131919,-0.14018353101042025
SZ000651,ewma,243,0.11450244272874457,0.27651327672105896,-0.19780420128008247,-7.083623304752403,-0.4305964150200512
SZ000686,ewma,100,0.09951030581135292,0.2650855481729132,-0.26144365172613404,-7.759607376766414,-0.5440608062826546
SZ000709,ewma,243,0.14745703911476374,0.31493712206665425,-0.09392119445975067,-7.606726653631888,-0.08761581041328936
SZ000725,ewma,243,0.07471556172869379,0.21200671114482514,0.14153560172407176,-7.006617495368453,0.0968581846368326
SZ000728,ewma,243,0.10768451971417821,0.27042168712203174,0.2751187168704665,-7.070727329353946,0.31223749795726563
SZ000738,ewma,100,0.06462893583124876,0.19257863559569366,0.42322132626835296,-6.4532868294563945,0.14195428310529656
SZ000750,ewma,100,0.1146796565321671,0.2939967920091825,-0.7174336224792555,-7.781602682336231,-1.5595089488419842
SZ000768,ewma,243,0.0736167569144448,0.2202173418276734,0.19148940036610074,-6.653903502126406,0.15510363253872206
SZ000776,ewma,243,0.12252748981159814,0.2747802259830909,0.23545764208319675,-7.34114122035689,0.23998899842137345
SZ000783,ewma,243,0.10754840908929827,0.26818848593624034,0.5023515661161091,-7.438807739096966,0.5308550948991908
SZ000792,ewma,243,0.07160168964681775,0.2107263304822218,-0.12287579705236018,-6.277969994618786,-0.05866196031979842
SZ000826,ewma,229,0.0625675781583919,0.19627643897506197,0.2348352323021775,-7.127049367876809,0.14619968424490182
SZ000839,ewma,243,0.12764370013223025,0.28934016474753194,-0.17611161265349984,-6.750431905144167,-0.13541117636333255
SZ000858,ewma,243,0.07434403125368061,0.2053181358651678,-0.31230258482043616,-6.833708406403261,-0.3995578453012867
SZ000876,ewma,243,0.1141280383771093,0.2722922668021558,-0.019575311488976066,-7.689463420873863,-0.018683909226988593
SZ000895,ewma,243,0.057071237378254466,0.18927192290695422,-0.11775918569467625,-6.747802252440396,-0.08250718825956294
SZ000959,ewma,243,0.12426989443859203,0.28012348459485903,-0.060064209793378565,-6.97782043630879,-0.05825119430836856
SZ000961,ewma,241,0.0821874107180902,0.20305001162561026,-0.4467973286548479,-6.286446574426189,-0.21598927086559838
SZ000963,ewma,243,0.09234155657458865,0.25075728645871553,-0.5304156141752048,-6.282815075897965,-0.7049942377431015
SZ000983,ewma,243,0.11199439161849432,0.27965662494540044,-0.031077481407940866,-7.035821540862091,-0.13062739035598092
SZ001979,ewma,243,0.08110948903778334,0.22276161835662506,0.018437817857674177,-6.439478286928704,0.12288898217104938
SZ002007,ewma,243,0.07192470597536237,0.22104707947393007,0.4218249499784671,-6.523200271735614,0.24111777967696346
SZ002008,ewma,243,0.06769596092171626,0.21151870060464975,-0.1046974133429508,-6.523166450062938,-0.12440331649908942
SZ002024,ewma,243,0.07852205323157108,0.2278022613468801,0.1504038882786044,-7.026438909215728,0.1693161262451176
SZ002065,ewma,233,0.08904680635768199,0.22845653225225493,-0.11237071808796206,-6.32789069236208,0.03941991159717939
SZ002081,ewma,241,0.06467908528406684,0.20808108056137084,0.02672004027679087,-6.890425358379841,-0.07388670650229545
SZ002142,ewma,243,0.10650522371986093,0.2670657884403935,0.032016386409174924,-7.1423869727762135,0.03729598465021655
SZ002146,ewma,243,0.08532002976715888,0.22462104013410075,0.13061340072727368,-6.504857354195099,0.09417898057858709
SZ002153,ewma,243,0.05673398371932139,0.19282482620156569,-0.0929342617828759,-6.0732668499144795,-0.07844086609906609
SZ002202,ewma,243,0.06676887146646326,0.20586656219156246,-0.47749260669983973,-6.3060975032177575,-0.43649605051068896
SZ002230,ewma,243,0.0788363352479787,0.22993646032451165,-0.12214093838989792,-6.588786516267154,-0.1272666391505266
SZ002236,ewma,243,0.09182741881276701,0.23807772848415593,-0.3003869147021345,-6.225153961411694,-0.22649443223319543
SZ002241,ewma,243,0.07073318986267212,0.21889288515619135,-0.37410079459237355,-6.7596606413340075,-0.3794705781500054
SZ002292,ewma,100,0.0516497828718586,0.1873636163367707,0.04332047035650344,-6.572160170760022,-0.019735130043722293
SZ002304,ewma,243,0.08347280784062384,0.2368082000938115,-0.3819384162138404,-6.4207914019453325,-0.3241238479048598
SZ002310,ewma,178,0.07956894708783427,0.22253330069943608,0.2825088028718503,-6.724282597763425,0.2652214376356369
SZ002385,ewma,223,0.1550807678098075,0.32065098921494894,-0.2966059184212566,-7.149834619588831,-0.3636933922966452
SZ002415,ewma,243,0.07661080183937011,0.22115451505457215,-0.22804000100736221,-6.685775159425765,-0.22842815481952017
SZ002450,ewma,82,0.587613907158244,0.4527037848584774,-0.13973663158352712,-6.767584441483732,-0.15600635305313126
SZ002456,ewma,243,0.07352094140504699,0.22450521359170267,-0.20322871110638974,-6.293456496367698,-0.13771810828007935
SZ002465,ewma,100,0.09126244079272668,0.24153241350327115,-0.2620976565491675,-6.600765971316499,-0.23437367044546886
SZ002470,ewma,195,0.07545800846673748,0.22334790564090493,-0.2558157450709291,-6.413306948911017,-0.28213538434364316
SZ002475,ewma,243,0.06496840420356463,0.2015342087632124,0.013079869674154865,-6.298152189677471,0.04988964733413759
SZ002500,ewma,228,0.12088926336770102,0.2801019974802961,0.06848618300682019,-6.857165829704376,0.14226654031074126
SZ002594,ewma,242,0.061969930156396465,0.20218505492367056,0.09606065690488641,-6.864566441010759,0.115702076802632
SZ002673,ewma,243,0.13724952065778495,0.2968523095828143,-0.02395596929173216,-6.8060408963213455,0.016195422605764898
SZ002736,ewma,243,0.11750507174818325,0.2632745362005952,0.2664828129470278,-7.058765326112588,0.3259526298743354
SZ300015,ewma,243,0.08738645254360175,0.23082403638188578,-0.7169938212181652,-6.348931088344696,-0.44754466901214784
SZ300017,ewma,242,0.07385485180058453,0.21794387452301445,0.310685077576104,-6.448391118308453,0.3614910483380408
SZ300024,ewma,243,0.1006967665092631,0.2511243199945455,0.2764427957223128,-7.081472173312601,0.36014844074944863
SZ300027,ewma,228,0.09961156487233006,0.25461332221810734,0.049282017169686276,-6.7731708909745585,0.1217773309215694
SZ300059,ewma,243,0.07972328809531244,0.22269106553494497,-0.04091584735799336,-6.520752213499914,0.09025879389950942
SZ300070,ewma,243,0.05541324333504583,0.18722725218647623,0.24636866575773375,-6.723946309878624,0.18433718803782262
SZ300124,ewma,243,0.06897650278511883,0.212265075716746,-0.6015995085606607,-6.533429423784637,-0.5262348192338289
SZ300251,ewma,243,0.06983292741451645,0.21195254016987503,-0.06492931451686834,-6.385635122888655,0.00905197034750993
SH600000,garch,243,0.11104915781107529,0.24779379623739384,-0.05692666030486815,-8.009076682140089,-0.08941127778532998
SH600008,garch,227,0.105904529480153,0.2685699147529576,0.1572692412908019,-7.426683062276952,0.20171748150332358
SH600009,garch,243,0.10340228933168469,0.257468845303508,-0.30784810577611643,-6.748927055699559,-0.37122299135409986
SH600010,garch,234,0.12743160200855955,0.29870612758568893,0.12499122234481386,-7.277218605013701,0.1175494873270353
SH600015,garch,243,0.15452707562190895,0.3141045174977724,-0.17568597670169428,-8.187934427669022,-0.23876350232008936
SH600016,garch,243,0.10288903670800284,0.25198000124064535,-0.03838952902172088,-8.184712768291938,-0.1165474999417071
SH600018,garch,243,0.13188582412703723,0.3085590892435138,-0.6057936121975038,-7.530284138640718,-0.7943813588673305
SH600019,garch,243,0.06709575676125808,0.20259375446934452,0.32854926253155525,-6.991235875974494,0.3769720930722713
SH600021,garch,100,0.39984444522808166,0.5763786101945507,-2.630892870629036,-7.325108004878218,-2.3919631941941595
SH600023,garch,243,0.11065408189980225,0.26698381342718885,0.0007041237604963335,-7.775504947089284,0.06478471930279939
SH600028,garch,243,0.08848558899730964,0.24163612253929426,0.06903750125042163,-7.394047212375737,0.004590176971426274
SH600029,garch,243,0.07514323627356824,0.21637797048685573,-0.015642397167874522,-6.64438367853843,-0.08361314905812067
SH600030,garch,238,0.07895230580794164,0.22544720105350147,0.07908032514524876,-7.232375325488389,0.07554918548967005
SH600031,garch,243,0.08801307432993935,0.24458343237103072,0.01814784703248029,-6.984494269369567,-0.016387982893149466
SH600036,garch,243,0.09033249510480301,0.2323399101489262,-0.1489428941386557,-7.149430514988266,-0.06919412375210499
SH600038,garch,243,0.07415884768220184,0.2120917679161889,-0.23388510373442184,-6.451546255433888,-0.16322907827015998
SH600048,garch,243,0.052470519589482394,0.18229003286294304,-0.03849349086417386,-6.3436458269715015,0.005376957624635081
SH600050,garch,243,0.0925365973149667,0.2469874035062331,-0.1938421659995735,-7.228589815399199,-0.24586556370892776
SH600066,garch,243,0.0660855199140955,0.20351319304240612,-0.36664516061686303,-7.06906427849183,-0.3828778977762677
SH600068,garch,243,0.1003920412679313,0.2538744872465108,0.11143221063655229,-7.047272204336625,0.1465242692552634
SH600085,garch,243,0.07525890202537906,0.21112361953548697,0.14826599596544876,-7.075364125358837,0.12643895083754364
SH600089,garch,243,0.09421944572595105,0.252359475393658,-0.1963225680667684,-7.766951607480406,-0.20133346787247342
SH600100,garch,243,0.11967580301520334,0.2860670910020047,-0.18025892149803235,-7.060519234815419,-0.1847946246553649
SH600104,garch,243,0.07609656300925238,0.2229460549372901,-0.23549762727327472,-7.3127307610351595,-0.23753523559837908
SH600109,garch,242,0.12510507556255526,0.29280931072128186,0.07641880697108683,-7.105151677491456,0.06735746292312395
SH600111,garch,243,0.0961288037101056,0.26508767483549095,-0.01872987623497724,-7.115505656785886,-0.060390311745174285
SH600115,garch,243,0.08466934813670549,0.22134461472272438,-0.20895585155064733,-6.706701848754735,-0.16976466419535474
SH600118,garch,243,0.09203884647365879,0.25240483542299935,-0.034044016111826725,-7.092009582189281,-0.11926070550429424
SH600153,garch,243,0.0985727010863415,0.2517312447390746,-0.110970005089845,-7.213949217876438,-0.09192231990493838
SH600157,garch,73,0.24862592518259194,0.37348206108652166,-2.2211329628632623,-6.3358814307614475,-0.5698179238588461
SH600170,garch,243,0.16527243741044106,0.3464161825109938,-0.4437582831070561,-8.180427563263153,-0.47294661220467593
SH600177,garch,243,0.13937649932191054,0.28449196128700266,-0.6849962272535768,-8.072415616920619,-0.7974442039151906
SH600188,garch,243,0.11515219562081516,0.2604535305423045,0.17446962483952178,-6.578657480745432,0.07637223968405604
SH600196,garch,243,0.05067599037359524,0.18413179347649472,-0.3355033768705049,-6.4822194617130515,-0.3761083348112515
SH600208,garch,243,0.13191768187644315,0.3038658925680006,-0.039003056377108214,-6.985876089361851,-0.30826178593718834
SH600221,garch,114,0.2853090688201063,0.4400241031418998,-2.7690970316336543,-7.307864153324961,-1.1769084550904223
SH600271,garch,243,0.06806169561523495,0.20698803356217027,-0.08548611451168164,-6.305471493866771,-0.2080692409145135
SH600276,garch,243,0.07401224496272221,0.22633319552545356,-0.1482775012188844,-6.49725646253637,-0.15213634734449522
SH600309,garch,135,0.10521367832615215,0.2566181525285772,-1.2973344938962348,-6.465743566900768,-0.9457924884335269
SH600332,garch,239,0.092306988376531,0.2445438356634813,-0.13093230286396706,-6.459977970778764,-0.2393040666060755
SH600340,garch,243,0.12940647036793113,0.29571275712069445,-0.15602133723224543,-6.495615886213111,-0.23767094715456794
SH600352,garch,243,0.08522244692611171,0.23963312307913892,-0.00400009607291385,-6.870491591801653,-0.013344369394626465
SH600362,garch,243,0.10790676457867356,0.26731245028315725,0.15705271335386795,-7.383147755120508,0.006811328199650801
SH600369,garch,242,0.11419867692203199,0.27302743243818994,0.34560196785754105,-7.230782516189043,0.36676657052653516
SH600372,garch,242,0.0948357623955776,0.2380442761083258,-0.11393651128710292,-6.39775729601687,-0.39104107296999624
SH600373,garch,228,0.06479866642964079,0.20194770545303722,0.16040922215155873,-6.922369716177238,0.12920360041476542
SH600376,garch,228,0.11734353141760409,0.2849874375464126,-0.0648081140801906,-7.131812027458217,-0.19835482744758481
SH600383,garch,243,0.08225465005178073,0.2291558280347914,0.30704882700779956,-6.938194291982268,0.0645010774838688
SH600406,garch,243,0.049449135246802174,0.18011515869250094,-0.17232811447743313,-7.2485823512375225,-0.19449367223414948
SH600415,garch,243,0.20892006758687662,0.39494439113920776,-0.8167295063560751,-7.665645614245812,-0.897434622435942
SH600436,garch,243,0.09545196597290008,0.24851095539017728,-0.6039124616278697,-6.4202623524888445,-0.4608946594658494
SH600489,garch,233,0.15040452088671663,0.3101022921279897,0.07569187693372204,-7.260816610042073,0.07494903831167399
SH600498,garch,243,0.08299124615397376,0.23405525625058868,-0.21994498449780142,-6.289376651771312,-0.2560924823688422
SH600518,garch,241,0.1538570031581601,0.29574854874653894,-0.1916087676176863,-7.115198170139617,-0.21907977425589342
SH600519,garch,242,0.09992046521766734,0.2348311880118921,-0.9732762056575164,-7.1666642342016065,-0.9988684712340288
SH600535,garch,243,0.0659773575916796,0.20934127120083718,0.24202319823803786,-6.761721666962072,-0.07909274695347213
SH600547,garch,243,0.13723125569254652,0.31141933925673165,-0.16111484581256974,-6.9461942481381325,-0.12271802303994694
SH600549,garch,243,0.10448563952818901,0.2612720271686962,0.01247763521844314,-6.967856700897229,-0.04808981448722793
SH600570,garch,242,0.07275886639994603,0.2213568458166232,-0.21424657281011683,-6.360385859680068,-0.18396772392220617
SH600583,garch,243,0.12996197794416625,0.29583974604074,-0.20283466109593506,-6.864696188362082,-0.21286122383309314
SH600585,garch,243,0.0684893257627145,0.21480091937882304,0.11157093951688157,-6.826492475359108,0.07331185421719455
SH600588,garch,241,0.050260428120734904,0.1798279531104528,0.11334642175273069,-5.934569031844753,0.2062346874318265
SH600637,garch,243,0.09592543507078911,0.24823240503268604,-0.29321385257916655,-7.28631181029259,-0.25476326057273946
SH600649,garch,100,0.19704146436948883,0.39031525815115825,-1.0448023618624962,-8.075606714651123,-1.7652521379869195
SH600660,garch,243,0.08356450730228436,0.22685735201361362,-0.422132524312526,-7.279688613742679,-0.4337675978808688
SH600663,garch,233,0.1470585127852385,0.32134061534786,0.0835880914258541,-7.252691362352828,0.09870805597826293
SH600674,garch,243,0.09561324100062543,0.24951250839070604,-0.6193850153771214,-8.105696512740286,-0.5236429043946393
SH600688,garch,243,0.1730297963650144,0.33203870044220885,-0.36754684915357294,-7.791371197565708,-0.6634756519131371
SH600690,garch,243,0.07438869487039665,0.2252947654522981,-0.13724106916729206,-6.785823171714863,-0.20906006686429768
SH600703,garch,243,0.0675232757657614,0.20855074412941432,-0.0008328075695853698,-6.49046598446207,-0.023326382089253528
SH600705,garch,243,0.11816420118903055,0.26678179021927784,-0.13059079426191222,-7.426486215893483,-0.1347382140443798
SH600739,garch,243,0.13526596200289215,0.29450221882965605,0.15349774213325806,-7.378577344770212,0.15186499430625489
SH600741,garch,243,0.0697626031699731,0.20535701655620955,-0.09076809541459108,-7.021624518006424,-0.11037792113821587
SH600795,garch,243,0.09463439692582619,0.2591971305094263,-0.42943393261159946,-8.307010369535321,-0.4378326917809616
SH600804,garch,209,0.12286612714747794,0.2814575087515721,-0.08562056104949534,-6.4760819762451325,-0.09459174318078944
SH600816,garch,242,0.237116827221647,0.4035357351059726,-0.05515975445209076,-6.61127799445135,-0.014336746686454349
SH600820,garch,228,0.49987863344525857,0.633156332262351,-3.889891845359922,-7.39728102374635,-3.631949277261362
SH600827,garch,100,0.15817896244790114,0.34176913949798765,-0.7122670174463201,-7.380384300674352,-0.936898056265669
SH600837,garch,242,0.11380808189306929,0.26287495871307576,0.050289979065483714,-7.4578829042473815,0.0664166602451729
SH600867,garch,137,0.16488724341295638,0.3158203032509632,-2.5678643186136605,-5.965373619439353,-0.7154303787882452
SH600886,garch,243,0.06874762937390143,0.21077657547778708,0.10137084241267169,-7.734186369939988,0.08707090235462178
SH600887,garch,243,0.060063055091205124,0.2032192926298408,-0.0026388905072383118,-6.762981122384569,-0.0026502106819661364
SH600893,garch,243,0.07615404920191172,0.2370533120976753,0.1879120166662419,-7.000541159926542,0.18839012674332156
SH600895,garch,100,0.09321934515772068,0.25045558354740705,0.14586657036210116,-7.1412999386331055,0.19938875097512287
SH600900,garch,243,0.04928881892374155,0.18078983664431597,0.05775684697193606,-8.17886514107431,0.05257634653274168
SH600958,garch,242,0.11468180205637973,0.25547304348321886,0.04633118986378271,-6.958737833738008,0.1666856663902071
SH600999,garch,242,0.08450764242416327,0.2396853327241809,0.21711111942470007,-7.238803033882972,0.24537807382982468
SH601006,garch,243,0.10280293100074428,0.26429704750620736,-0.11840089738169834,-7.748987714698657,-0.0927062212694163
SH601009,garch,243,0.1370449643928668,0.28866371609170915,0.21416303013205784,-7.5379686736974945,0.2366915379292942
SH601018,garch,243,0.09042751819834821,0.24303748666710415,0.11918522542415655,-8.031081593563234,0.1400034672143824
SH601021,garch,243,0.0781593804609332,0.22235566805279836,-0.10499084748151266,-6.747222182174634,-0.08601165470213701
SH601088,garch,243,0.07441523624638595,0.2142799242731972,0.0586334238401055,-7.095261962180216,0.07040429601121478
SH601099,garch,227,0.4030316226366729,0.5632823651432757,-0.7138885408520217,-7.032083028447519,-0.6982209635177452
SH601111,garch,243,0.057793077416584605,0.18160546986663145,0.18547569148921594,-6.515865744036148,0.11851257233212387
SH601117,garch,243,0.08302736468157097,0.2143063410146539,0.10254312682023148,-7.123621606136258,0.11465466986153716
SH601118,garch,87,0.12625923513775342,0.29207960772641933,-0.3060160495719022,-6.237743875782125,-0.4430248682907998
SH601166,garch,243,0.09798091210574922,0.2592129904916346,0.24367888101905588,-8.059894318974823,0.1915202946406207
SH601169,garch,243,0.08027529064314301,0.23136132613213306,0.086270157941301,-8.234961831301751,0.12013087362338792
SH601186,garch,243,0.13579125889189902,0.2874545267669552,0.3811290017202975,-7.208557078229785,0.3833488623139989
SH601216,garch,173,0.09056988684372151,0.25152867388594546,-0.05114008183639207,-7.254624111722812,-0.003577143961461582
SH601225,garch,243,0.12905198122725392,0.30322844768312496,-0.32651323907894003,-6.955928212605403,-0.532404035989196
SH601288,garch,243,0.1218685763408945,0.26906591945732916,0.18835443628275783,-7.729591686701499,0.27416319351193164
SH601318,garch,243,0.06310630422966218,0.2003644035406443,0.05934741939261445,-7.328922436716627,0.044636402037072975
SH601328,garch,243,0.09562755682344722,0.2479505166705943,0.21896268564533428,-8.260864698797494,0.19790223826361186
SH601333,garch,243,0.06267630417576174,0.2083848514659482,-0.05406269191650992,-7.471482642338233,-0.09470262692473153
SH601336,garch,243,0.073055461121953,0.21386380169161015,0.04845595996157803,-6.92969773580085,0.02958847276263088
SH601377,garch,242,0.13200382677823708,0.30174486866620714,0.22285838441397,-7.356592742809303,0.24078200857552934
SH601390,garch,169,0.1675281241684581,0.3180880412019707,-0.07646974084238845,-7.628189523492236,-0.1155988397144061
SH601398,garch,243,0.11615640623484835,0.2509828544565762,0.3447710430990334,-7.6021440878551125,0.40731334054262835
SH601555,garch,242,0.12586702730859636,0.29717351989543483,0.28838923284403506,-7.199462323600357,0.30137035250790367
SH601600,garch,208,0.20956521908534836,0.33075000942453847,-0.8917171030398532,-7.106042880427531,-0.14766559517804323
SH601601,garch,243,0.08181714101336686,0.22465215550195516,-0.04818922700868189,-6.751211533753864,-0.0016263587224902842
SH601607,garch,243,0.05891139991297955,0.1887794334225248,0.021874143978425464,-7.179227681075656,-0.12382435428399385
SH601618,garch,243,0.12930266957836997,0.2759442008160009,-0.45989882197451304,-7.800219030407486,-0.4513121620520131
SH601628,garch,243,0.08653422796828171,0.2344077998423445,-0.0831414131662318,-7.501857012647596,-0.0857002785840435
SH601633,garch,243,0.11352496289065862,0.292564807581448,-0.04573054678752886,-7.285990589430437,-0.020970087858042996
SH601668,garch,243,0.11162721023488614,0.2708172495354887,0.11078184801811097,-7.509818045148548,0.12022588951852753
SH601669,garch,243,0.11639273367283276,0.2770060734513846,0.08280371101868544,-7.704762883708064,0.08612659419242275
SH601688,garch,242,0.06940104682597009,0.20641753248500416,0.048024681558886506,-6.940461411756491,0.06736084532367081
SH601718,garch,228,0.12339209480322659,0.28404457342369127,-0.035493864693338706,-7.194645072063438,-0.012413669677934225
SH601727,garch,199,0.21778544158845567,0.38118814348089114,-0.9751596195320347,-7.658526906526356,-1.0126918617896763
SH601766,garch,243,0.11033006368332353,0.2770894782506921,0.09334096563523797,-7.535312363832155,0.07724518726339735
SH601788,garch,242,0.2541454228260631,0.44232665747633604,-1.1755311761330227,-7.152247409267525,-1.0555974346402688
SH601800,garch,242,0.11278642324558232,0.2746554107248532,0.2766376577823815,-7.10880245918769,0.31078222090525864
SH601818,garch,243,0.11100058753561495,0.2625626568182623,0.1409570292954655,-7.847214150449902,0.1636102430159092
SH601857,garch,243,0.15181543602333566,0.3195269819777027,-0.0623339039312123,-7.6772379252788525,-0.058550409188722785
SH601866,garch,228,0.1315389314641623,0.30269906033144595,-0.2766576702336907,-7.62076762810676,-0.28803289418908284
SH601872,garch,100,0.2897938809887042,0.44956271194741276,-1.1543417376103031,-7.363156932114504,-1.0395017627533814
SH601888,garch,243,0.09547662182119947,0.24202106480222263,-0.2217976518472773,-6.3153367479686455,-0.2311012856996515
SH601899,garch,243,0.10006999142735053,0.23870398131536416,0.2338347052770542,-7.006697426211814,0.2957392563476089
SH601901,garch,242,0.1137342228756458,0.27496715035083996,0.13941212843071327,-7.178872695286959,0.1580228728388956
SH601919,garch,243,0.08244611623760865,0.23848380948786915,-0.2230080549804314,-7.074161450627296,-0.32086559549639926
SH601933,garch,242,0.06913340777801019,0.21091167792584434,0.18627205313991146,-6.861988998078801,0.1367951574159305
SH601939,garch,243,0.09882076668152254,0.23970740661732942,0.3167467186965611,-7.324359906403828,0.36721444381587265
SH601958,garch,228,0.10928042720666871,0.28219140842183355,-0.014496510614223634,-7.158280479309186,-0.03595640641052378
SH601988,garch,243,0.11570955208517031,0.27953376917882417,0.2372969392119364,-8.151884549717305,0.17821352167648397
SH601989,garch,243,0.12152130624009093,0.278870748244153,-0.6152873645615111,-7.666096750039602,-0.6640033301841781
SH601992,garch,242,0.11642561394906147,0.26954067008233545,-0.16138854829350446,-6.9089835895725695,-0.1452127544256272
SH601998,garch,243,0.16011017424453522,0.32205307686386364,-0.00991638328878941,-7.560026015633855,-0.09019768472662526
SH603993,garch,242,0.08324053702873971,0.23047730751598847,-0.01391979812556765,-6.468103362635781,0.07760450442585709
SZ000001,garch,243,0.09577291809461952,0.2560074722115032,-0.028062720830870136,-7.249465065398459,-0.09254012492065877
SZ000002,garch,243,0.062427576501692415,0.20008346148720466,0.06875781482874233,-6.588238913873551,0.013358626531798534
SZ000060,garch,228,0.1681757500808838,0.33519337165158447,-0.2162081434428167,-7.148005027853785,-0.26657574252212646
SZ000063,garch,204,0.937295411886275,0.4162687587814342,-0.08889178887534444,-6.350060465289376,-0.0903460809137937
SZ000069,garch,243,0.08766093578425507,0.2514809540570215,0.14398627152471122,-6.9052366575353785,0.06059523753656315
SZ000100,garch,243,0.073260559730377,0.2178069962048422,0.09899110141504563,-7.3957794898949105,0.09880710626794742
SZ000157,garch,243,0.10070760635444082,0.25617781433955805,0.10752964194930215,-8.16593636798558,0.10138951082871794
SZ000166,garch,243,0.15133709890335634,0.3319423236605448,-0.1926711124699365,-7.82072571722756,-0.2316759353669795
SZ000333,garch,214,0.06604981063912298,0.2058569507814082,-0.39038425695773227,-6.844948616510711,-0.3779852360217808
SZ000338,garch,242,0.08346220263231345,0.23448538716150527,0.1877046725916489,-7.364080689581566,0.18270392129783242
SZ000402,garch,242,0.08618063802766278,0.24181049080686173,0.1819057155061553,-7.439959102294893,0.06778653731797102
SZ000413,garch,242,0.132221333530463,0.3035368557517348,-0.15286909665669812,-7.077257284819367,-0.17581922940355144
SZ000423,garch,241,0.06366392606814955,0.1965514645354299,0.07181695718049963,-7.4388670377776185,0.06536467559750969
SZ000425,garch,242,0.0944165739409585,0.2591414778255157,0.054113688618801725,-7.242255106333337,0.005575711112571602
SZ000503,garch,231,0.10179623335406647,0.23890315148502436,-0.03385867676946441,-6.079329861049558,-0.02833064522595663
SZ000538,garch,202,0.06123733758473775,0.1924183737524661,0.046334453197984016,-7.067053034516259,0.010869480663946662
SZ000559,garch,228,0.1320035777288239,0.30322228321420835,-0.5396447342815742,-7.156986638246029,-0.5187447150694471
SZ000568,garch,243,0.06456996970413345,0.19978958715847586,-0.25935082044934266,-6.537462376626137,-0.22202915873057516
SZ000623,garch,228,0.1278656003189431,0.29449814341314967,-0.1942052839496795,-7.846776725409958,-0.1970336674073485
SZ000625,garch,243,0.1366978732426979,0.3107397166399133,-0.3447267440080757,-7.774353137044675,-0.374159792791104
SZ000630,garch,243,0.16392404618903808,0.33944889055217725,-0.2736765919434676,-7.946981787829853,-0.3540650259003031
SZ000651,garch,243,0.11464701708661829,0.2786370908505774,-0.19931658624874848,-7.080420579545721,-0.4068922317291104
SZ000686,garch,100,0.11053459012546757,0.26772966859989716,-0.401193131435575,-7.763846256680914,-0.8487216408702496
SZ000709,garch,243,0.1409179017489212,0.30758448050343157,-0.04541010946223101,-7.623692912466776,-0.03116560037213767
SZ000725,garch,243,0.0722890180596094,0.207512804959709,0.16941602318613513,-6.998728649486567,0.1486072448299236
SZ000728,garch,243,0.10823407877059865,0.270449076926845,0.2714193450848944,-7.0639945011647605,0.29814633259237133
SZ000738,garch,100,0.06951074798549123,0.20462821366990325,0.3796537647184757,-6.4639202263619415,0.16328243653654317
SZ000750,garch,100,0.11822346819782871,0.30624553418277334,-0.7705054705330929,-7.801463021213453,-1.902732838134054
SZ000768,garch,243,0.07295838315722727,0.2128419225582334,0.19872012042960208,-6.659684761663209,0.15293240425147103
SZ000776,garch,243,0.11557793718439972,0.2696161968499235,0.2788211955211637,-7.380004707942047,0.281561299232837
SZ000783,garch,243,0.1312564242096772,0.3012012169277807,0.39264974258326646,-7.427840564698491,0.4041088868559044
SZ000792,garch,243,0.07749731629180641,0.21706413197681915,-0.21533250443969765,-6.255666297493815,-0.1276446619749847
SZ000826,garch,229,0.06159525082683394,0.19427509696323939,0.24672622502838382,-7.129195506649721,0.16048781612492458
SZ000839,garch,243,0.12073116755387817,0.28069239055502204,-0.11241939885976415,-6.772230484544474,-0.08915040919118566
SZ000858,garch,243,0.07445890081157776,0.20761736172260561,-0.31433023405069127,-6.828696756327907,-0.39014649002181656
SZ000876,garch,243,0.11171710356346784,0.2679619644622875,0.0019630383201725277,-7.712234939628738,-0.0370173683525814
SZ000895,garch,243,0.055558597067652406,0.1808229511424476,-0.08813362158395788,-6.748990342928118,-0.06501519788960275
SZ000959,garch,243,0.14053452680330197,0.3160769918756035,-0.19880702222729396,-7.018856274646758,-0.16835708502218782
SZ000961,garch,241,0.06923773748016028,0.19351826796625546,-0.218835984163114,-6.34338967548911,-0.08243847727699283
SZ000963,garch,243,0.09577424321859271,0.2552836488270302,-0.5873069795953996,-6.273640037718524,-0.7694791903683107
SZ000983,garch,243,0.10951106129236646,0.2766505768444618,-0.00821467603738113,-7.0375650120587485,-0.09895621062470017
SZ001979,garch,243,0.07681896667091373,0.21698977037822673,0.07036040480669525,-6.452130227704018,0.15771416635827784
SZ002007,garch,243,0.07730849537814546,0.22778926487117493,0.37854673750547085,-6.5120344434039525,0.19521524120733602
SZ002008,garch,243,0.06782033246718977,0.2097413853211048,-0.10672697201539405,-6.518261283710455,-0.11394593287450294
SZ002024,garch,243,0.07715386946108689,0.22528453478798846,0.16520741879882161,-7.026568082820014,0.1843081444510568
SZ002065,garch,233,0.08608818486477701,0.2256515957878832,-0.0754116844153383,-6.338352459831821,0.049016810136155664
SZ002081,garch,241,0.06440338185995403,0.20689846670915624,0.03086877887347228,-6.8914793663833755,-0.06389634222047236
SZ002142,garch,243,0.1066873425055179,0.2663985912962568,0.03036118120809783,-7.131314448641312,0.05226872615146161
SZ002146,garch,243,0.0759170893354971,0.21104222573420636,0.22642666318575777,-6.528041107453697,0.17926817154322505
SZ002153,garch,243,0.06679470416581273,0.20835561191457724,-0.2867458955399673,-6.039670635456562,-0.2661737091975451
SZ002202,garch,243,0.07551909301321913,0.21765980710287133,-0.6711215741867489,-6.2786646817105005,-0.6106511290054499
SZ002230,garch,243,0.07794161937271064,0.2289289426676917,-0.10940572804929083,-6.5883600055661535,-0.11359247051479215
SZ002236,garch,243,0.09387965802549966,0.24158359945640417,-0.3294490951769833,-6.217459801282295,-0.25493308195964515
SZ002241,garch,243,0.066292494454511,0.2111241209479446,-0.2878334694407185,-6.765224881386105,-0.29234433919616
SZ002292,garch,100,0.05829839021964238,0.20003397919021992,-0.07982789923185463,-6.553186024170845,-0.2204038731082294
SZ002304,garch,243,0.08888497734618994,0.2413291236022469,-0.47153987024762833,-6.4075001666214355,-0.40568305340994537
SZ002310,garch,178,0.07936259530353186,0.22103458938412365,0.28436952359478795,-6.725723279640233,0.2715234008668921
SZ002385,garch,223,0.1470995803327928,0.31288839926721285,-0.22987646469932055,-7.18609718490466,-0.2917014787764045
SZ002415,garch,243,0.07641130106914165,0.22197526746782872,-0.22484208478419054,-6.6861389903924024,-0.22623755588397088
SZ002450,garch,82,0.639454719670788,0.48269490285223576,-0.24028713304687743,-6.729643361280476,-0.25992198524804966
SZ002456,garch,243,0.07182369228796182,0.2203923775778573,-0.1754518787025996,-6.2924466813459965,-0.10519344586597179
SZ002465,garch,100,0.07231317639101884,0.21422150307854237,-4.218239147801839e-05,-6.6636079126307255,-0.012072081936437495
SZ002470,garch,195,0.07948050757366355,0.22976854963029755,-0.3227604977307914,-6.400261570848945,-0.35655084088267675
SZ002475,garch,243,0.06600282476025335,0.20576275803984428,-0.002633775799115723,-6.289241136644783,0.048991225015281414
SZ002500,garch,228,0.11440111640329317,0.27671182942358924,0.11848068521207589,-6.878535364847191,0.1664367907743609
SZ002594,garch,242,0.061560060770403165,0.19847322541658738,0.1020393156284728,-6.859161322890247,0.09758504106516708
SZ002673,garch,243,0.1316733761457086,0.29078070255905547,0.017645097374361485,-6.8121517196115144,0.053576159840162285
SZ002736,garch,243,3.7525004747450175,1.865559877815152,-22.424721603069568,61.775350159502025,-24.91159021564677
SZ300015,garch,243,0.09982328041034144,0.25205845271954663,-0.9613561449100592,-6.3095076302970465,-0.663991662472359
SZ300017,garch,242,0.07652439774297051,0.2212629489434166,0.2857692080114146,-6.429571258437267,0.3693194264962677
SZ300024,garch,243,0.09376138513609815,0.24204575315374532,0.32627701911324114,-7.091176698385158,0.40823989630888424
SZ300027,garch,228,0.09225816157599413,0.24825639569762312,0.11946475908113496,-6.797254287252998,0.1365132002074031
SZ300059,garch,243,0.10563309387477868,0.2568669132346476,-0.3792100657997928,-6.414955296977574,-0.1645033853088249
SZ300070,garch,243,0.05499152763196369,0.18876529897488797,0.2521040847452687,-6.728645760847524,0.1993595539684333
SZ300124,garch,243,0.07366579045695672,0.2185150202090502,-0.710482396608958,-6.517140879641968,-0.6387047764436862
SZ300251,garch,243,0.07358715781384205,0.2169783166938946,-0.12218010083949826,-6.378418217144081,-0.16101309461128466
SH600000,egarch,243,0.10697398357358656,0.2534942188310399,-0.01814059130723522,-8.002987311095215,-0.01799028763511501
SH600008,egarch,227,0.09995945433978484,0.25788509668519527,0.20457692216355028,-7.420046304975014,0.20781207678270086
SH600009,egarch,243,0.09671386145713651,0.25066606859765683,-0.22325183829611195,-6.7541211073555525,-0.2773049859415242
SH600010,egarch,234,0.11831861529135865,0.27978609112595354,0.18756552293055306,-7.251782817448583,0.17203878677423712
SH600015,egarch,243,0.15494502375467634,0.31661320709435053,-0.1788658450626639,-8.180172478955468,-0.22030379435165592
SH600016,egarch,243,0.10446529431059924,0.2556065809940946,-0.054297631983381445,-8.188143319408846,-0.1536525692221251
SH600018,egarch,243,0.12252849940480924,0.29941836255585896,-0.49186224492835784,-7.5084540565903435,-0.5868657974036038
SH600019,egarch,243,0.07191429678563127,0.2112550899490219,0.28032844486645425,-6.99488567083343,0.2981341287783478
SH600021,egarch,100,0.39942373144032506,0.5759537263926002,-2.6270724681931106,-7.325447232874857,-2.3948120296222157
SH600023,egarch,243,0.6096705471854211,0.5970891527001085,-4.50581825095927,-0.6330871146321316,-4.618956076694762
SH600028,egarch,243,0.09334809748686863,0.2501323362743564,0.017878740768321966,-7.399011720392136,-0.046883509733881557
SH600029,egarch,243,0.08006971578691306,0.23039915330438132,-0.08222911489075702,-6.639780000582648,-0.1648658276594186
SH600030,egarch,238,0.0937598475983934,0.25161911402365067,-0.09363858954019522,-7.204743743520968,-0.12898818978562288
SH600031,egarch,243,0.08978840254540671,0.24753168860964175,-0.0016572767386326959,-6.988578030864566,-0.05963103434038142
SH600036,egarch,243,0.07895106157997961,0.22066007220074346,-0.004181951154783148,-7.18769499414773,0.010189566517155302
SH600038,egarch,243,0.07234030274977891,0.21766049068519103,-0.20362741267368412,-6.470426058684169,-0.16462089703048277
SH600048,egarch,243,0.052598732816536216,0.18333114634742087,-0.04103107964316455,-6.346189188661298,0.05282677081174014
SH600050,egarch,243,0.08712206768996748,0.2380106381236206,-0.12398770881247723,-7.24090935206266,-0.16591011023988633
SH600066,egarch,243,0.061818351365305876,0.1951144334757935,-0.27840033399946695,-7.072102019826689,-0.28595111758951863
SH600068,egarch,243,0.10330305819720181,0.2564214943948286,0.08566686265704337,-7.044646266721632,0.12240326550289637
SH600085,egarch,243,0.07934275184532863,0.2205228293010861,0.10204749336427554,-7.053678049211573,0.09770360856326477
SH600089,egarch,243,0.07999584550618721,0.23457719013038586,-0.015722758643604173,-7.7799891287753695,-0.00842397455822086
SH600100,egarch,243,0.12175771091542102,0.2880695091032515,-0.2007909781967201,-7.053290597973981,-0.19707365010633482
SH600104,egarch,243,0.0804236743853142,0.229517017073311,-0.3057522567421713,-7.301857452511496,-0.27835289023617404
SH600109,egarch,242,0.13441082876227461,0.30519393958448837,0.007719606690184344,-7.079562210824379,0.0009933270792794602
SH600111,egarch,243,0.09552624575911133,0.26150986847617735,-0.012344237767115462,-7.112003256242702,-0.06852303237974855
SH600115,egarch,243,0.08042411762341824,0.21651411539478838,-0.14834009882353927,-6.733884666500581,-0.14105934809332088
SH600118,egarch,243,0.09129358662199186,0.2465633838896517,-0.025671122278513536,-7.069795756458219,-0.120109232156701
SH600153,egarch,243,0.0958635132889696,0.24947592018200476,-0.08043592873944405,-7.211344957001712,-0.06500379930599087
SH600157,egarch,73,0.5265162918911667,0.4921692824236242,-5.821408435381941,-6.108823726327358,-0.39980372561841326
SH600170,egarch,243,0.12516227247609615,0.29519817868777026,-0.09337086359476765,-8.211788209669422,-0.10233513818779016
SH600177,egarch,243,0.1172574584817175,0.2594787863258325,-0.41758744207443854,-8.066312591117576,-0.39255154029813655
SH600188,egarch,243,0.11500138394335817,0.25992712789496303,0.17555079936683704,-6.577018020974008,0.08780013560969113
SH600196,egarch,243,0.04697948917306464,0.17903016652883072,-0.23808663573688205,-6.489898499166867,-0.24773129133337224
SH600208,egarch,243,0.12716268827510444,0.2994460801835575,-0.0015520277161298335,-6.994682153090445,-0.2820695704036984
SH600221,egarch,114,0.23595203512805443,0.396675472824262,-2.117062205161833,-7.354386015754166,-0.6884473857748061
SH600271,egarch,243,0.06950620376228853,0.20861507066485313,-0.10852394102705087,-6.296761885255655,-0.234491301061587
SH600276,egarch,243,0.0734429713474624,0.22514829743333348,-0.13944539398082378,-6.503918581550607,-0.12042964312805982
SH600309,egarch,135,0.0760501694155127,0.21685386168130322,-0.6605509877082472,-6.50384554217807,-0.5636473067955616
SH600332,egarch,239,0.08631809717474812,0.23012009891229435,-0.05755724602855117,-6.475119322577393,-0.1673469203906468
SH600340,egarch,243,0.12129856187507565,0.28511355181020076,-0.08359130192243258,-6.481425281976721,-0.06734254691550134
SH600352,egarch,243,0.08807063438373056,0.24548842097749304,-0.037554406987763134,-6.865423609946537,-0.050075033144988845
SH600362,egarch,243,0.10549868330075676,0.265181312355002,0.17586418997601572,-7.387877759042773,0.005686160775593141
SH600369,egarch,242,0.12053292419784944,0.27618385314451466,0.30930453373552647,-7.1918087955963,0.33738795350435224
SH600372,egarch,242,0.0937267150215587,0.23603784749744133,-0.10090969174708997,-6.396608615758595,-0.35259442723540513
SH600373,egarch,228,0.06867412375876661,0.21076305779410456,0.11019525305680578,-6.913119012672618,0.07977375347359217
SH600376,egarch,228,0.09543853418420914,0.25459764061390766,0.13396397425943019,-7.146699044287921,0.037895941923701826
SH600383,egarch,243,0.08409222008568337,0.23185742675074614,0.29156828810031454,-6.931613605313287,0.03579894502125258
SH600406,egarch,243,0.05576017499483244,0.19353975420128408,-0.3219487153488896,-7.22608021297378,-0.3601193584924396
SH600415,egarch,243,0.17158600928237736,0.3541048160947994,-0.49207957637461286,-7.689418473026461,-0.541388072710965
SH600436,egarch,243,0.07808552169602616,0.22028621114835184,-0.3120980803740334,-6.468639622317492,-0.24822163907053274
SH600489,egarch,233,0.14133354671392348,0.3021247522588431,0.13143737622195262,-7.251652253810907,0.14234510914203713
SH600498,egarch,243,0.08674412288100157,0.2383641199508079,-0.27511108155919484,-6.281581281013598,-0.314230306720795
SH600518,egarch,241,0.11246152622281938,0.2550089160308932,0.1289955093625491,-7.0932753021876005,0.11793488397855012
SH600519,egarch,242,0.08343748623650925,0.22207373904078617,-0.6477626069065643,-7.196765990438554,-0.6594409418894935
SH600535,egarch,243,0.06212858806858191,0.19558182958368603,0.2862395494276525,-6.76963528092299,-0.03550385490312036
SH600547,egarch,243,0.12959457134978716,0.29743548257580105,-0.09650079328922812,-6.954316240937544,-0.05450693477886204
SH600549,egarch,243,0.10659065951201961,0.2614568211593129,-0.007417484548556175,-6.9542806766,-0.06947295594789038
SH600570,egarch,242,0.07197662781056703,0.2236305034551812,-0.20119207411779017,-6.3804420341414145,-0.1909070293828512
SH600583,egarch,243,0.1231316043220575,0.28879769257344956,-0.1396176320011835,-6.869907429350938,-0.11089349804182991
SH600585,egarch,243,0.0740388554507529,0.22551735366310707,0.039583613142131324,-6.8192491874662515,0.008606075320143569
SH600588,egarch,241,0.04848973927658255,0.17778636485508986,0.14458347361107948,-5.939693822563556,0.2260231903775224
SH600637,egarch,243,0.11627009044162348,0.26019114752483,-0.5674892846592654,-7.137529998588715,-0.4016307255223217
SH600649,egarch,100,0.12055118436147691,0.2993474262948029,-0.2510227088316308,-8.121523937761877,-0.3362105137324376
SH600660,egarch,243,0.08436244787749793,0.22725369324734349,-0.43571218009120405,-7.280443538684117,-0.4491909319461995
SH600663,egarch,233,0.11306735883900185,0.2826223439000884,0.29540784719884405,-7.278384213926381,0.31853612857685343
SH600674,egarch,243,0.08446813926695139,0.23506098467339798,-0.43062234450136616,-8.106077908390057,-0.4085152720794092
SH600688,egarch,243,0.15199839650174063,0.31187122984791316,-0.20132446884379473,-7.802801014905259,-0.43647430860626235
SH600690,egarch,243,0.07160134350036833,0.22513379937573474,-0.09462853970003038,-6.794261924131811,-0.20024062026065015
SH600703,egarch,243,0.07160277687729774,0.21665936399933686,-0.06129934306625984,-6.474619262828992,-0.08263589645612424
SH600705,egarch,243,0.10895641879946116,0.256301416414721,-0.04249106608315034,-7.429579102048772,-0.057354862939410056
SH600739,egarch,243,0.11604802891452035,0.26561555105710677,0.27376468519829067,-7.348096127284635,0.2514574320154548
SH600741,egarch,243,0.06400742985991897,0.19659140518528542,-0.0007835027397211647,-7.033877826892147,-0.023563094276447316
SH600795,egarch,243,0.088756967776496,0.25274761244628563,-0.3406565225420022,-8.308060984502873,-0.3258890284402063
SH600804,egarch,209,0.10540140258754567,0.25081939694497174,0.0686942571637501,-6.485127037955086,0.07433705374160537
SH600816,egarch,242,0.23738442492238063,0.4118930624266306,-0.05635055279190704,-6.341100829965532,-0.1067523091760596
SH600820,egarch,228,0.393887650587557,0.5623790683833283,-2.853071289167225,-7.5030261559751645,-2.732455827119916
SH600827,egarch,100,0.15144187060097478,0.33588795893451384,-0.6393388607276418,-7.3888426926240935,-0.8008684722261403
SH600837,egarch,242,0.11605816916793446,0.2733484853251394,0.031513364985259695,-7.456636279613176,0.03390254630398404
SH600867,egarch,137,0.7907238483050057,0.5783669746387964,-16.109846376524658,-5.523314027683267,-2.5922395077771374
SH600886,egarch,243,0.061364812995847874,0.2045676722459795,0.19787473822483503,-7.738321533318202,0.13166950226852592
SH600887,egarch,243,0.05981683140746345,0.2028171882386585,0.0014713473204658323,-6.764135878575349,0.0008273794420629033
SH600893,egarch,243,0.07554663626920159,0.23734972809102564,0.19438931825092287,-7.000335358859852,0.198881815640366
SH600895,egarch,100,0.10662544188085327,0.2613653468903267,0.023031601367060173,-7.078050234855856,0.08929066247524775
SH600900,egarch,243,0.047885340489826636,0.17314455794091912,0.08458682532513795,-8.177855558847707,0.08733679922854409
SH600958,egarch,242,0.12227345088108034,0.2802343690775915,-0.01679930313339706,-6.943587927395279,0.09323883279739287
SH600999,egarch,242,0.09498150013963451,0.25462121265960336,0.12008005209219508,-7.2102827667729334,0.13806906015621434
SH601006,egarch,243,0.10903174607606908,0.27090818901433,-0.18616464985503467,-7.731935035814958,-0.13271144154532966
SH601009,egarch,243,0.1492401432860143,0.2991956139237147,0.1442339928205102,-7.5142415332072865,0.17111252461652482
SH601018,egarch,243,0.09322824456419436,0.2415990731662505,0.09190457887173953,-8.013005536180147,0.10013974405173198
SH601021,egarch,243,0.0694099964615136,0.20742535574517207,0.018704979985956105,-6.783328801502611,0.0470370704116726
SH601088,egarch,243,0.07016310005069597,0.21076228104177958,0.1124237374077337,-7.121757990424071,0.08395286887186637
SH601099,egarch,227,0.35517584795360096,0.5236288308071333,-0.5103822668124469,-7.045754492626819,-0.5052252540361515
SH601111,egarch,243,0.06254417342177841,0.19225957735581867,0.11851467537297922,-6.509032310121116,0.03913019175917498
SH601117,egarch,243,0.08908551003872192,0.22115597633921225,0.03705960569019118,-7.111803254627404,0.04562524228506637
SH601118,egarch,87,0.1253119848565799,0.29684104798908867,-0.2962177637766148,-6.227956085308065,-0.41352316200454475
SH601166,egarch,243,0.10747554377895423,0.2710955558893344,0.17038919329253222,-8.03954189596703,0.15074912733642354
SH601169,egarch,243,0.08638359259811179,0.23762548439933376,0.016742688954962115,-8.234830668126866,0.041638294001458465
SH601186,egarch,243,0.11318503754308488,0.2642068570798024,0.4841572443895107,-7.223860551977088,0.5000119887234509
SH601216,egarch,173,0.08002058315966615,0.23059383253270524,0.07129350314653549,-7.25899702711918,0.10436767535766855
SH601225,egarch,243,0.10042256502223001,0.2641538430017141,-0.03223414888667664,-6.997150601566886,-0.18544964231152417
SH601288,egarch,243,0.1306469715316244,0.2921134372614782,0.1298902634250837,-7.739221105652145,0.18830690542639716
SH601318,egarch,243,0.06536843391593536,0.20602049038837808,0.025628472402508984,-7.334578873246147,-0.0030265956964936613
SH601328,egarch,243,0.09710386475010646,0.25492694636050345,0.2069049523255625,-8.25012783465095,0.15879694294737745
SH601333,egarch,243,0.0658449729779318,0.21212163303779946,-0.10735197901360838,-7.4606434578401,-0.15833606942839085
SH601336,egarch,243,0.07628939167796522,0.2151168731656084,0.006334162368175966,-6.938763219658864,-0.021630733279712766
SH601377,egarch,242,0.1240264742264363,0.2857878434823196,0.2698231793105669,-7.350904649085657,0.29436257570091984
SH601390,egarch,169,0.13709067090027072,0.2946078235356049,0.1191093453208465,-7.642484218523928,0.09212516851710473
SH601398,egarch,243,0.11352375528939808,0.2541493499168906,0.3596216156054184,-7.616584641373759,0.4236782848179107
SH601555,egarch,242,0.12757688542693787,0.29912053217223533,0.27872225751825996,-7.179901040249162,0.2939490186119714
SH601600,egarch,208,0.19895365289909422,0.3279755106956594,-0.7959279194520894,-7.113359865535538,-0.1368800169687705
SH601601,egarch,243,0.07563428545757887,0.2194365696141181,0.031021590009098654,-6.775758611845972,0.06636160147688597
SH601607,egarch,243,0.053351803667376324,0.1811409614523517,0.11418199687103459,-7.18564012972376,-0.028527531482335666
SH601618,egarch,243,0.10882021941236265,0.2681333483260235,-0.2286406045996423,-7.792341145651105,-0.1675265145372422
SH601628,egarch,243,0.08482426497880717,0.23515621755444763,-0.06173795499289181,-7.513621829373158,-0.08186123985513927
SH601633,egarch,243,0.12205423617691316,0.29935547359786335,-0.12429759838767662,-7.278258997703588,-0.11977017751869368
SH601668,egarch,243,0.10610040113382745,0.2586376231643744,0.15480820113451443,-7.510219252575077,0.17843767702498636
SH601669,egarch,243,0.12901934799168616,0.28407831601410116,-0.01669634736299863,-7.605850818943583,-0.007481520530162156
SH601688,egarch,242,0.0767049616921684,0.22172910981572835,-0.05216324065000477,-6.929321967141239,-0.0228327123315748
SH601718,egarch,228,0.12079897468494123,0.27803985269122583,-0.01373266534601103,-7.187670434151827,0.0047614542557445905
SH601727,egarch,199,0.27835961040424656,0.40666084003517505,-1.5245244042441128,-7.560635551995111,-1.6532818606059454
SH601766,egarch,243,0.09230813646298255,0.25244698005181376,0.24143970305540075,-7.5506380266072135,0.22930140578470803
SH601788,egarch,242,0.21101998623125995,0.3993371721466117,-0.8063695726972091,-7.19486555741411,-0.7129421099313176
SH601800,egarch,242,0.11662428998080786,0.27730823955799466,0.2520232743235943,-7.067751387515623,0.2995802684086267
SH601818,egarch,243,0.12238718807511743,0.2770319540608827,0.052835161016690724,-7.817766903133779,0.04937516496680794
SH601857,egarch,243,0.1300330921656371,0.2994234522746035,0.0900888206167979,-7.725200028894803,0.08052094383255637
SH601866,egarch,228,0.09820341974095956,0.258461652395804,0.04688180404116915,-7.650194829289268,0.03257473897135699
SH601872,egarch,100,0.8386721570708927,0.8524229756273896,-5.234729408313195,-6.811381004886931,-5.581235369797187
SH601888,egarch,243,0.10273671689400415,0.25545552323854376,-0.3147038203201462,-6.2986300337322,-0.3288904953247511
SH601899,egarch,243,0.09547696299234618,0.23584520743538712,0.2690002822335661,-7.029661878749691,0.3235562610981587
SH601901,egarch,242,0.10705629286374888,0.26908881799804424,0.18994173535219905,-7.185530652468327,0.2051827588386701
SH601919,egarch,243,0.0840649721217772,0.24254687022808444,-0.24702220963733024,-7.0694777139749805,-0.3672992253384202
SH601933,egarch,242,0.07158707792495736,0.214781767438624,0.1573913710627538,-6.8602785396419375,0.10245195180037492
SH601939,egarch,243,0.09107769076201261,0.23433245943475256,0.37028285494651414,-7.354153681154048,0.40123407867380223
SH601958,egarch,228,0.11693370064105403,0.2927825894364102,-0.08554509078930783,-7.1449702665772925,-0.10496816980773693
SH601988,egarch,243,0.13516294035312668,0.30739520589063263,0.10906933390803075,-8.114370131710402,0.02204625768454027
SH601989,egarch,243,0.10098496690092687,0.25759337510186087,-0.342313920848186,-7.685238788954801,-0.3692339958741546
SH601992,egarch,242,0.10314800115167706,0.256490451019278,-0.028939451153211282,-6.908898463663357,0.0057931860623785525
SH601998,egarch,243,0.1499995320825899,0.3133398745069589,0.05385784725650933,-7.577104717793017,-0.020870136785944293
SH603993,egarch,242,0.08318263404579772,0.22806288478610073,-0.013214504973084296,-6.474380589481855,0.05324614536318706
SZ000001,egarch,243,0.09635663703095472,0.25434844931547806,-0.03432858063579336,-7.253673810274679,-0.10878872178258536
SZ000002,egarch,243,0.0631580701818463,0.20265431052177196,0.057860923277268106,-6.591579094423348,1.8646941556954566e-05
SZ000060,egarch,228,0.13993544411073608,0.31097751476030333,-0.011980779642198902,-7.186663599663589,-0.050797777669057576
SZ000063,egarch,204,0.9243033650080614,0.4179070236006738,-0.07379843304860456,-6.348674198559903,-0.07503147550396827
SZ000069,egarch,243,0.09424133201989585,0.2601410844752443,0.0797283501812871,-6.888982466040646,0.013077681282361864
SZ000100,egarch,243,0.07835776007156302,0.2266202026668506,0.036302215578229324,-7.381419755668971,0.03661518148926457
SZ000157,egarch,243,0.08901302657913507,0.23597618211035226,0.21116695572465172,-8.172351349046675,0.21374393708463668
SZ000166,egarch,243,0.11476261927435118,0.2815877244257488,0.09556835837515432,-7.844179528659222,0.10280579051075489
SZ000333,egarch,214,0.06154473050328346,0.20133542306548333,-0.2955498821640208,-6.863978502003798,-0.3014720493371339
SZ000338,egarch,242,0.08916669519465188,0.24460961265820816,0.13218573698391312,-7.355227734679804,0.12512719390789284
SZ000402,egarch,242,0.09014247145241935,0.24843440856775037,0.14429688183901923,-7.418635670776722,0.01810212593272953
SZ000413,egarch,242,0.12383024304454429,0.2847277998749603,-0.07970519299483603,-7.024055455739013,-0.11762640161359195
SZ000423,egarch,241,0.06046347532717731,0.188958874058771,0.11847766899349144,-7.427654268578674,0.11901433208442247
SZ000425,egarch,242,0.09375875419500758,0.25763871049759696,0.06070387365813945,-7.23992791958583,0.017374833306132542
SZ000503,egarch,231,0.22623839673089294,0.39800692209671124,-1.2977130073674035,-5.9611139051504045,-1.3186044900558187
SZ000538,egarch,202,0.0675224927249388,0.20247096583425703,-0.05154596012372825,-7.052585250888914,-0.08704969685260444
SZ000559,egarch,228,0.12976664305306315,0.297557079255694,-0.5135538907323025,-7.15938194610669,-0.4917740887168136
SZ000568,egarch,243,0.06523068692522511,0.20332597162852953,-0.27223722535675465,-6.540582424013856,-0.25263839062458926
SZ000623,egarch,228,0.11481775735682148,0.27783736488415,-0.07234449441250446,-7.850184532584519,-0.07039725128945196
SZ000625,egarch,243,0.09656220276536147,0.25971901376546636,0.05009658571371778,-7.819230433324452,0.015078996488140817
SZ000630,egarch,243,0.13036031958911823,0.29324040628427944,-0.012889148596629596,-7.949867648321568,-0.030071624117238738
SZ000651,egarch,243,0.11149486738733862,0.2750812926180141,-0.16634210934780191,-7.087580013403241,-0.39801719153812787
SZ000686,egarch,100,0.09538307262184688,0.2513086148945932,-0.20912472793581216,-7.774209726719765,-0.5017676533222368
SZ000709,egarch,243,0.13321302272330665,0.29247701148229993,0.011749118184462115,-7.613581355400003,0.02435754484180519
SZ000725,egarch,243,0.08361255926975968,0.2319351315195794,0.039311172651482096,-6.9822084385763254,-0.027735544569410964
SZ000728,egarch,243,0.11591292615334706,0.269740192182984,0.21972897437481698,-6.991711860388598,0.2696180143843864
SZ000738,egarch,100,0.06538257501810968,0.19552565006651693,0.4164954997468576,-6.4596601716890465,0.15371292264007264
SZ000750,egarch,100,0.12274735482053935,0.3120588338008639,-0.8382548449650618,-7.798687561077132,-2.0837471853616942
SZ000768,egarch,243,0.06904538852196301,0.2053364613356155,0.24169535829016808,-6.6655759963298635,0.22479231555667278
SZ000776,egarch,243,0.13900734317908556,0.2870598409449934,0.13262728155695536,-7.273582035033623,0.1268752389353962
SZ000783,egarch,243,0.11610929583871575,0.2716488024568599,0.4627385962955366,-7.365403277273004,0.48740778270326934
SZ000792,egarch,243,0.07706988070931602,0.21870432412847202,-0.20862935158471774,-6.26066686101605,-0.11262241563893771
SZ000826,egarch,229,0.06204492130005301,0.19722902932601624,0.24122701899694354,-7.128116317257711,0.15729261830865848
SZ000839,egarch,243,0.12146425664447558,0.2774726613015788,-0.11917409644114119,-6.709838227969523,-0.0932046727184126
SZ000858,egarch,243,0.06967256940343679,0.20188818843879833,-0.22984308729807745,-6.842129712475076,-0.3120676090364194
SZ000876,egarch,243,0.10697070715235331,0.26579588542257593,0.044365489708339756,-7.68795651932188,0.08037912461164398
SZ000895,egarch,243,0.05154501578743175,0.1767172253157653,-0.009526295904907833,-6.7650520522202315,0.017830683187899488
SZ000959,egarch,243,0.13607328185176998,0.30872571520191977,-0.16075109463835235,-7.014477899453556,-0.13220003978332673
SZ000961,egarch,241,0.07978849540782927,0.2077193058227367,-0.40456769479450294,-6.316628297212869,-0.3327783719692261
SZ000963,egarch,243,0.07978140710310656,0.23189319419764226,-0.32225095266656,-6.32268671535739,-0.4530978456294632
SZ000983,egarch,243,0.11180368516815264,0.27861487368606963,-0.029321740574271393,-7.027641649870738,-0.10671578025337447
SZ001979,egarch,243,0.07859204623542604,0.2271572497009645,0.0489031392376329,-6.454498193700835,0.06952513973399099
SZ002007,egarch,243,0.07527766189292856,0.2278225893760982,0.39487182686075983,-6.512896020611146,0.22422019340458132
SZ002008,egarch,243,0.06911305210327781,0.21526935803028027,-0.12782223410666593,-6.516787116633851,-0.1491010985152612
SZ002024,egarch,243,0.07442605391487842,0.21960293252509147,0.19472194861781633,-7.028319098512033,0.208549614113135
SZ002065,egarch,233,0.08568164523913084,0.22395567068218797,-0.07033320048302572,-6.335019655178698,0.07400710010631317
SZ002081,egarch,241,0.06389820292957704,0.20605390454222802,0.03847062616075059,-6.895221144809361,-0.06266923060023499
SZ002142,egarch,243,0.10959384975352784,0.2691740713694705,0.003945092958222096,-7.1471277230275945,-0.0005945940875291544
SZ002146,egarch,243,0.08195743282890021,0.2167184416661145,0.16487729778468962,-6.509499689807127,0.13043344731584627
SZ002153,egarch,243,0.05540230455848508,0.18707535660359076,-0.06728054094104818,-6.080010944457763,-0.04864137151203085
SZ002202,egarch,243,0.07116831431913903,0.21112151970571882,-0.5748455219979782,-6.287003294749788,-0.549275481985759
SZ002230,egarch,243,0.07762139206320105,0.2299250795217865,-0.10484767531306383,-6.5822141439368105,-0.10457149458720827
SZ002236,egarch,243,0.08628234575530601,0.23486131825899567,-0.22186199765429593,-6.238998001558121,-0.16982291355947376
SZ002241,egarch,243,0.06536447340099179,0.2081151883226478,-0.2698052358842369,-6.761604852957649,-0.27494711428981056
SZ002292,egarch,100,0.05932834986097322,0.19187300881387417,-0.09890525542645401,-6.5414582617236325,0.030305224104944517
SZ002304,egarch,243,0.07902330678395297,0.22629412420511452,-0.3082744698070319,-6.435221026681645,-0.2698953357825393
SZ002310,egarch,178,0.08250876161413141,0.22441593855929345,0.25599983020090034,-6.716560629468373,0.24484593641055152
SZ002385,egarch,223,0.15030751456493374,0.31297968297437284,-0.25669749847445145,-7.153353479792423,-0.3161628464630519
SZ002415,egarch,243,0.0742733418362275,0.21426213792199578,-0.1905714676452852,-6.686740794367789,-0.1904589746228933
SZ002450,egarch,82,0.5902070768313414,0.45458946755828933,-0.14476634655850762,-6.757515362136725,-0.15811701156901936
SZ002456,egarch,243,0.0703874812389746,0.21917350651568376,-0.151947142006845,-6.306131560181123,-0.13328191614244123
SZ002465,egarch,100,0.06920690619437057,0.2091637728482944,0.042915427571006415,-6.675524663422724,0.04682030363906331
SZ002470,egarch,195,0.09106028860728792,0.2484512598036402,-0.5154778996604945,-6.351208201513048,-0.3586354291332807
SZ002475,egarch,243,0.06252453760847286,0.19758721395700554,0.05020408671617693,-6.311174423708094,0.06161694545137453
SZ002500,egarch,228,0.12349704466467278,0.28413289869949093,0.04839188974905673,-6.8600626855631175,0.08570921871741799
SZ002594,egarch,242,0.05898897708909081,0.19655558116677097,0.13954304829466446,-6.867526174692877,0.13761223956787583
SZ002673,egarch,243,0.11920202022731935,0.27182324172188205,0.11068818617054887,-6.795959646188353,0.16153636681287864
SZ002736,egarch,243,11.818912885606414,3.413482867214884,-72.77873656766803,-1.5585506451977629,-81.49480871160296
SZ300015,egarch,243,0.08159552788617938,0.2295265090322867,-0.6032120899941744,-6.346863310091863,-0.546496911124374
SZ300017,egarch,242,0.0804116261714635,0.22821212296198048,0.24948825290415122,-6.416147535460936,0.31185177154881527
SZ300024,egarch,243,0.14024032169682446,0.3002744923917675,-0.007697651191445054,-7.037244392242271,-0.016738894225481804
SZ300027,egarch,228,0.09541373257585735,0.2538305283478183,0.0893471909100807,-6.779685211200415,0.09934446471200231
SZ300059,egarch,243,0.08567466305875514,0.23029171482556046,-0.118620626739532,-6.495356569797612,0.06325893660094528
SZ300070,egarch,243,0.05318219003461396,0.1868686598160594,0.276711442581026,-6.73778598277685,0.22497938687243446
SZ300124,egarch,243,0.051764285200015546,0.1842287885244931,-0.20194052162390985,-6.586012969418901,-0.1563653423972804
SZ300251,egarch,243,0.06594612161241532,0.2100253058432177,-0.00565679664113472,-6.408200320899004,-0.06870084891455375
SH600000,har_pooled,243,0.09894239564409882,0.25054084123166515,0.05830122576354457,-8.015949027888354,0.026305070841171063
SH600008,har_pooled,227,0.09221160708971794,0.24110458596666604,0.2662300849079774,-7.404572641215465,0.268993538638043
SH600009,har_pooled,243,0.07234232724943264,0.21379974466232599,0.08500308579130256,-6.803425460025872,0.06271758580690168
SH600010,har_pooled,234,0.12259372701029847,0.27582962562934765,0.15821047896526075,-7.213522403562098,0.161220825997625
SH600015,har_pooled,243,0.1086169370573919,0.2739536394377123,0.17361142559174314,-8.245051381559072,0.1410340185474872
SH600016,har_pooled,243,0.0820271439421492,0.22909281378086646,0.1721554590231662,-8.22565380970421,0.07094798804116642
SH600018,har_pooled,243,0.07692859533315011,0.2286435732504216,0.06334552785362912,-7.5825187862668395,-0.011822219161845116
SH600019,har_pooled,243,0.05622254982283967,0.19866451871630827,0.43736125258669456,-7.038867618544794,0.4281253420491027
SH600021,har_pooled,100,0.14426627226877006,0.30042292824013495,-0.31004790914153313,-7.478919509284668,-0.38961608150064264
SH600023,har_pooled,243,0.1029983973292213,0.25148072490134515,0.06984114871091185,-7.822164687955519,0.07670929832296514
SH600028,har_pooled,243,0.0774302991270483,0.22706385802935944,0.1853509077457136,-7.433337856254908,0.10639023408434634
SH600029,har_pooled,243,0.06491814946380427,0.20289102531570347,0.12256074916601911,-6.65826782921681,0.05982947462428445
SH600030,har_pooled,238,0.06773130476082023,0.2074079536828435,0.20996492097956632,-7.2527623507446775,0.15140899572554511
SH600031,har_pooled,243,0.06691390785666908,0.21588217864294965,0.25352494509793766,-7.068272453785328,0.16971802873810504
SH600036,har_pooled,243,0.06033867543638576,0.20004027079150585,0.23254978948668503,-7.231335781253945,0.19608988884609013
SH600038,har_pooled,243,0.06084925625753278,0.195166724741549,-0.012434702211638227,-6.492815685536417,0.047615808874874266
SH600048,har_pooled,243,0.044473705392876844,0.17209194184763654,0.11977899349082621,-6.371893488375062,0.09827477906728233
SH600050,har_pooled,243,0.07452439895748449,0.22297333585031165,0.038538562549568445,-7.2474886364956586,0.020008038301916997
SH600066,har_pooled,243,0.05373809193751132,0.18420893231081453,-0.11130098367463348,-7.09186443473063,-0.11061259765652798
SH600068,har_pooled,243,0.0884578067303992,0.23749298507977204,0.21706186281643303,-7.05474805355836,0.24141788940287867
SH600085,har_pooled,243,0.07431479189418062,0.21911102299497356,0.15895085424339794,-7.084210601833839,0.15747580747519851
SH600089,har_pooled,243,0.0792987492808759,0.2300016198529018,-0.0068715927295130985,-7.771496918213899,0.003945963041018907
SH600100,har_pooled,243,0.10753038970378548,0.2682465959289891,-0.06047921620321306,-7.035199311450786,-0.06771853806022698
SH600104,har_pooled,243,0.06094636484699949,0.20525820973879325,0.010479761743723226,-7.334586153194875,0.03198049816800108
SH600109,har_pooled,242,0.10525791778927411,0.2552544661256297,0.22293933439217006,-7.0768525806880795,0.24528369446002252
SH600111,har_pooled,243,0.07829539431323744,0.23578154716431818,0.17026058496441987,-7.14723288109554,0.12694371911770774
SH600115,har_pooled,243,0.060869949026413434,0.19274628295841853,0.13086515157460932,-6.7915063635439825,0.11436913161675122
SH600118,har_pooled,243,0.08868265886090973,0.2365832969851488,0.003662298676733955,-7.053052238211036,-0.05862240287137954
SH600153,har_pooled,243,0.07932594718212335,0.2325837570266486,0.10595178002186534,-7.2508737847719225,0.1089705576470783
SH600157,har_pooled,73,0.1190242535277133,0.2753406542613829,-0.5420473393381877,-6.399826080600034,-0.3866814932919689
SH600170,har_pooled,243,0.09350154823739662,0.24788713950483315,0.1832053979101833,-8.23643550444823,0.1881329571579261
SH600177,har_pooled,243,0.08369757375369567,0.22719670907033135,-0.01186424319300361,-8.12649401921633,-0.057425226273710495
SH600188,har_pooled,243,0.07183167937928615,0.2115269663293485,0.4850360177095031,-6.651120032183846,0.44305536558038594
SH600196,har_pooled,243,0.05126640674837267,0.18334354863998123,-0.35106307400640424,-6.4697426063874115,-0.32081329583034024
SH600208,har_pooled,243,0.0837954322422357,0.23254728276133055,0.340014856449119,-7.072247184438975,0.14382206691457056
SH600221,har_pooled,114,0.09649802108393217,0.24972151620254812,-0.27479440569517255,-7.482502647597269,-0.12171238527783634
SH600271,har_pooled,243,0.06216570137808134,0.2028937391754681,0.008546510121292705,-6.324101394447872,-0.08642812166844993
SH600276,har_pooled,243,0.07271049809009651,0.22054534832970804,-0.1280812938633178,-6.506303290214284,-0.13752020627367156
SH600309,har_pooled,135,0.05274639430724931,0.1862708563647679,-0.15171442533414425,-6.508404535632617,-0.1087111314356175
SH600332,har_pooled,239,0.05576500984423378,0.18803887955014245,0.3167749039204304,-6.584802138987299,0.2697819550351489
SH600340,har_pooled,243,0.09666957300623795,0.25345243073164203,0.13642580051364106,-6.536794043896089,0.11547021915295863
SH600352,har_pooled,243,0.07072406395396587,0.21944216887385984,0.16680440933581697,-6.886515105193734,0.14518099277101193
SH600362,har_pooled,243,0.08322197352434581,0.2296800173557384,0.34988564391126076,-7.431973698141294,0.25298819660956817
SH600369,har_pooled,242,0.11017063831239227,0.25355539637806296,0.36868402634182396,-7.168778724570548,0.3956236548916612
SH600372,har_pooled,242,0.08584975574276062,0.2245320766189124,-0.008387289681346832,-6.401473663167522,-0.2355752354728402
SH600373,har_pooled,228,0.0687298837491478,0.20550967813736234,0.10947277563132041,-6.885481941916679,0.16359370013000463
SH600376,har_pooled,228,0.09013426994860932,0.23550538653716155,0.1820963555595273,-7.127888514010894,0.12765096573727808
SH600383,har_pooled,243,0.07509371614061755,0.22131060573700653,0.3673758425666326,-6.9278626650314425,0.20013326194909964
SH600406,har_pooled,243,0.04824285546053739,0.1803620984587585,-0.14372992564549625,-7.246324180810568,-0.14031122053293554
SH600415,har_pooled,243,0.12305653265880165,0.2807644052802913,-0.07007640009569838,-7.68882649999523,-0.07084954577881852
SH600436,har_pooled,243,0.06697959148459666,0.20722364628409037,-0.12548128644504808,-6.513965976481511,-0.045624136737777654
SH600489,har_pooled,233,0.1437383063430023,0.2919494166424532,0.11665897164956918,-7.20085702343341,0.1268070870196002
SH600498,har_pooled,243,0.06184825267486068,0.1916617309953811,0.09085031075851269,-6.364299203187557,0.09596391485772349
SH600518,har_pooled,241,0.09987941472516941,0.24775987895744503,0.22644284076761179,-7.20491717725016,0.23429575557663662
SH600519,har_pooled,242,0.0571541317020505,0.19172022061740993,-0.12870659576083443,-7.225941693714522,-0.1391253142313258
SH600535,har_pooled,243,0.056457192664662516,0.1870438453898583,0.3513950255895598,-6.788604232314369,0.07021951230292689
SH600547,har_pooled,243,0.11974707765894155,0.27310341676525124,-0.013181063678188165,-6.988659413963246,0.0009493555485347027
SH600549,har_pooled,243,0.08943037856268433,0.2410789184674546,0.154769025482151,-6.9704715410943985,0.1224797888600041
SH600570,har_pooled,242,0.061586131114399284,0.20580201836808995,-0.027788808957437405,-6.391803678453807,0.04310676982476824
SH600583,har_pooled,243,0.07944791890132812,0.22627333472690364,0.26468716375252765,-6.9188830206775425,0.31335372841662923
SH600585,har_pooled,243,0.05102084024739065,0.18451006941843603,0.3381684421439396,-6.859036947798133,0.31804591633361656
SH600588,har_pooled,241,0.05105831182578215,0.18124270726177683,0.09927080663051335,-5.9275978517644425,0.24226132415545654
SH600637,har_pooled,243,0.068704635586389,0.21120835063999782,0.07376196510180766,-7.3465737267188285,0.050757874215940246
SH600649,har_pooled,100,0.11398133291052927,0.28438101416570855,-0.18284392317871778,-8.135921758637828,-0.3525892255145997
SH600660,har_pooled,243,0.06082111958046803,0.19835954840855755,-0.035076913785866415,-7.334494528404919,-0.0232746779587234
SH600663,har_pooled,233,0.11348993425119644,0.27122562103024644,0.2927745202824261,-7.231922859798375,0.31130644348718783
SH600674,har_pooled,243,0.06690825133184712,0.21150095428959603,-0.13321354320758583,-8.134960917217718,-0.11741064163571657
SH600688,har_pooled,243,0.09785136822420865,0.25192838537780393,0.22662840093684888,-7.863923680851271,0.09838467435653364
SH600690,har_pooled,243,0.06002204357782284,0.19713903206917183,0.08239372755532404,-6.810000073453421,-0.0012477258884833198
SH600703,har_pooled,243,0.0663244696235324,0.20213619591527926,0.01693594703321033,-6.488399351801459,0.017744405235571636
SH600705,har_pooled,243,0.0842857251573309,0.22885370142258668,0.19355723652609758,-7.441313246326299,0.1875630971919393
SH600739,har_pooled,243,0.11597335868775138,0.25668655867407614,0.2742319758205537,-7.308683236901508,0.2677104259637595
SH600741,har_pooled,243,0.06563209769114559,0.20444848485637546,-0.026185878158979436,-7.030426910913577,-0.046896950341386745
SH600795,har_pooled,243,0.07125800347075917,0.22028559351441102,-0.07633811214641528,-8.324989781052475,-0.10154589554820848
SH600804,har_pooled,209,0.11624251148971433,0.26144358242486426,-0.027095615944597418,-6.3927345280282015,-0.01715253677869044
SH600816,har_pooled,242,0.10930437208226695,0.2651523141571323,0.5136002123583759,-6.761444446984445,0.4956088558785122
SH600820,har_pooled,228,0.08491799354792057,0.2325053274463369,0.16931875781048766,-7.824708121623898,0.1645272915291719
SH600827,har_pooled,100,0.10099931295075792,0.25885073014090626,-0.09330463213325046,-7.428511615985895,-0.1467505258205093
SH600837,har_pooled,242,0.09207085455361076,0.23573118164864812,0.23168362254163022,-7.448170919051465,0.245239738601162
SH600867,har_pooled,137,0.07129408923251912,0.21103003868145492,-0.5426762667364471,-6.04844384372996,-0.3239881744265698
SH600886,har_pooled,243,0.058583173726274994,0.1963672230410078,0.23423471421663344,-7.743237140755274,0.12073470073034809
SH600887,har_pooled,243,0.05263920625809689,0.18680469906626626,0.12128819821674197,-6.775060524488884,0.14424833134782988
SH600893,har_pooled,243,0.07051904337248048,0.2153936516985773,0.24800232792420085,-6.986897009989565,0.2690768827711867
SH600895,har_pooled,100,0.09398464537863697,0.2509647817373654,0.13885441530686105,-7.100040554686824,0.255121231022601
SH600900,har_pooled,243,0.05993151108466011,0.19762534889883482,-0.14569708106651125,-8.17940283053564,-0.11069441821881765
SH600958,har_pooled,242,0.09393445775187442,0.24563530366979877,0.21886157220497382,-7.086819632952793,0.23708222881941465
SH600999,har_pooled,242,0.084856027418702,0.23572583251078288,0.21388363927545295,-7.226494073676556,0.18657864431479976
SH601006,har_pooled,243,0.08169711641914844,0.2326926994063144,0.11121086308316253,-7.800205910897483,0.06046790513586886
SH601009,har_pooled,243,0.11420260314664381,0.2755109733901865,0.3451446537610915,-7.604303777081682,0.33198100443851675
SH601018,har_pooled,243,0.09187029085852888,0.24528657100415738,0.10513181003954153,-8.02657031336908,0.10615769136340425
SH601021,har_pooled,243,0.054191975838895366,0.18666107017740938,0.23385220103107662,-6.840154129192511,0.2532617668434608
SH601088,har_pooled,243,0.06218540476385661,0.1958223896580848,0.21334306625261967,-7.147775355893293,0.17952484063642526
SH601099,har_pooled,227,0.1424070441069786,0.285629660389326,0.39441525844838143,-7.199392995827373,0.43832912743214547
SH601111,har_pooled,243,0.05071805267831213,0.17572196462276135,0.28518970379381703,-6.530093881553338,0.23004750272584074
SH601117,har_pooled,243,0.06643693383103377,0.19713222368248431,0.2818719089986347,-7.147944036469776,0.2984489330222163
SH601118,har_pooled,87,0.11633860749460288,0.2798017793289469,-0.20339782200506118,-6.237631327339966,-0.1104110803447782
SH601166,har_pooled,243,0.10134712198544582,0.2611666504131675,0.2176948850731001,-8.05307600721716,0.19621559709435454
SH601169,har_pooled,243,0.08445823827286014,0.23503841693829655,0.0386579469306676,-8.242245190698958,0.00495240158975363
SH601186,har_pooled,243,0.0970951321831241,0.24611635418884872,0.5574872648459225,-7.278284489093256,0.5680778741506833
SH601216,har_pooled,173,0.08460317097802657,0.2305959245375359,0.01810869854668573,-7.223031141770831,0.020773990368452067
SH601225,har_pooled,243,0.06608862786814637,0.21133513195108308,0.32068117834409926,-7.031591699626251,0.26823994092919323
SH601288,har_pooled,243,0.10077950025343077,0.27633371464908457,0.32880782930021235,-7.863572046839903,0.25425507217559673
SH601318,har_pooled,243,0.058092838927658964,0.19553681625459662,0.13407733951204126,-7.345375419995747,0.1271312552659446
SH601328,har_pooled,243,0.10579944989231704,0.2663115260067658,0.1358838294210689,-8.255213718062654,0.05873227530594782
SH601333,har_pooled,243,0.059110573094905805,0.1974331344294129,0.005904215053586626,-7.474489538983206,-0.08497375997205858
SH601336,har_pooled,243,0.062433818678770236,0.19760794825146002,0.1868023670201544,-6.942697763882282,0.17675870457835197
SH601377,har_pooled,242,0.10362380322747129,0.2540314721891109,0.3899391266235426,-7.333635911646978,0.4154830800750625
SH601390,har_pooled,169,0.12031891207421853,0.2842927877824706,0.22687806156813717,-7.70105512453424,0.20186936349476448
SH601398,har_pooled,243,0.10812150011917275,0.2746033974809458,0.390095303065608,-7.678033979456217,0.35940323165575017
SH601555,har_pooled,242,0.10431175588615559,0.24561636223758052,0.4102556466393701,-7.161265512175645,0.4384909355621538
SH601600,har_pooled,208,0.11356164525482296,0.2518033919392749,-0.02510572849592041,-6.97169358560008,0.2274201660871712
SH601601,har_pooled,243,0.06211658307166692,0.19840664720232298,0.20420180431782864,-6.8066514648857535,0.21438029800805458
SH601607,har_pooled,243,0.055812168365836,0.18727120894689225,0.07333173138148674,-7.181003997376901,-0.07827268477795113
SH601618,har_pooled,243,0.09177685093131786,0.2379284995877369,-0.03621152599601629,-7.8170549281247,0.009729419757809388
SH601628,har_pooled,243,0.07088195789563603,0.21869940911204533,0.11277669142423308,-7.540022128269333,0.07146096177304773
SH601633,har_pooled,243,0.07967770767668265,0.23615832848022253,0.26605205856120717,-7.313206743404624,0.27562280485654356
SH601668,har_pooled,243,0.0961183941741794,0.250289756326194,0.23432449257502708,-7.541343328207529,0.22677716201116627
SH601669,har_pooled,243,0.10742165346335435,0.2636314263256825,0.15349748387409423,-7.72245783506492,0.1644708772988197
SH601688,har_pooled,242,0.06651887989915858,0.19709453455595333,0.0875594134316211,-6.948092705140138,0.09974058789675189
SH601718,har_pooled,228,0.12041155889028005,0.2672951329699897,-0.010481511541574173,-7.137076336244271,-0.0436406073672857
SH601727,har_pooled,199,0.10110723275512476,0.25763166188879566,0.08302904949026257,-7.753731879617278,0.09317208417912237
SH601766,har_pooled,243,0.08684651153619055,0.23473375175142075,0.28632168188214024,-7.534258051002653,0.28569983189855863
SH601788,har_pooled,242,0.07658598335825001,0.21535082585646811,0.34441001298414486,-7.33647397721755,0.34989450621651785
SH601800,har_pooled,242,0.09494365128410767,0.2503770132579541,0.39107332252195537,-7.150961280152188,0.4169229886842303
SH601818,har_pooled,243,0.10201761571535184,0.26132374912660333,0.21047701085194137,-7.922694638578284,0.14304538269313516
SH601857,har_pooled,243,0.0977017055031081,0.25130891397897265,0.31632884674585715,-7.809886827252528,0.27935618798034045
SH601866,har_pooled,228,0.08418557505121921,0.23013322796981928,0.18293269592618788,-7.6527576751320625,0.16069640542276564
SH601872,har_pooled,100,0.13574211776856196,0.29584628595404383,-0.009113473558211238,-7.436310460813379,-0.018034420389988037
SH601888,har_pooled,243,0.07563515114925094,0.215109280602928,0.03211018248710229,-6.36990769885966,0.033007916333448795
SH601899,har_pooled,243,0.07987377083996641,0.22901486749299618,0.388462911774468,-7.129867754330372,0.30711517364590735
SH601901,har_pooled,242,0.09710309678613653,0.2495719243774357,0.26525415769239125,-7.176287120240045,0.30235608509489453
SH601919,har_pooled,243,0.06953982830351328,0.21291756091661737,-0.03155580927604085,-7.073597328458875,-0.09975709956401224
SH601933,har_pooled,242,0.06723641783084341,0.21200168599714864,0.20860038591758834,-6.881432460473057,0.0780888809123168
SH601939,har_pooled,243,0.08477823506089464,0.24406020012481475,0.41383770604462133,-7.40939011245119,0.3926933324199796
SH601958,har_pooled,228,0.0917004223240794,0.24801184236390322,0.14870612379933867,-7.161694859102054,0.13523216067703192
SH601988,har_pooled,243,0.11035627627585362,0.2805408807203551,0.2725832208665675,-8.211124997817095,0.10600624943722892
SH601989,har_pooled,243,0.08421692164351265,0.23767867190697156,-0.11942945333609223,-7.681587924076182,-0.1417356899086406
SH601992,har_pooled,242,0.08871170632315102,0.23844711940513025,0.1150679276781722,-6.907308667429093,0.13751411122085122
SH601998,har_pooled,243,0.10651093090367938,0.2741092402082643,0.3281680278813546,-7.674232141660808,0.2573624894284243
SH603993,har_pooled,242,0.06283046967681004,0.2030820720968286,0.23468709591756998,-6.525713134989813,0.2772623986410684
SZ000001,har_pooled,243,0.0744745418376225,0.22870502709171908,0.20056210422056642,-7.2765258322956665,0.14829428852325421
SZ000002,har_pooled,243,0.06196899292473295,0.200851027956125,0.07559857969937289,-6.587346667939305,0.0077935466770543416
SZ000060,har_pooled,228,0.10439750183230405,0.25019489387818905,0.24502140277377082,-7.19651606056014,0.2476054099503181
SZ000063,har_pooled,204,0.7621443056911118,0.41307082479774093,0.11458792406225327,0.05186035504482668,0.11534916984924382
SZ000069,har_pooled,243,0.07311774270203537,0.22599984990983957,0.2860013301465578,-6.932314336658352,0.13842241208113504
SZ000100,har_pooled,243,0.07460589564919873,0.22131690689347738,0.08244523227474032,-7.370662842440491,0.1026238856697892
SZ000157,har_pooled,243,0.08857275001017548,0.23647907504054344,0.21506868471379847,-8.175532715120182,0.17340983991192604
SZ000166,har_pooled,243,0.09287914257578683,0.23445418950882835,0.2680296430694906,-7.8366730423929,0.2762410837275804
SZ000333,har_pooled,214,0.04951818170536558,0.17504835612853734,-0.04238452177380658,-6.887047132411487,-0.07272905349036529
SZ000338,har_pooled,242,0.07458346539401241,0.21537485760529118,0.2741169232212073,-7.37128994710428,0.2859033953590372
SZ000402,har_pooled,242,0.08494233127530346,0.23789054937752638,0.1936606955079292,-7.416796852935866,0.06990712441121938
SZ000413,har_pooled,242,0.11223213710077076,0.2510085985471592,0.021421437370348184,-6.987765021537549,0.023459926965128663
SZ000423,har_pooled,241,0.06799268185872688,0.20399429097366953,0.008706213475820901,-7.412178687661821,0.03408765652931822
SZ000425,har_pooled,242,0.0794148390228738,0.22572578938758414,0.20440441739338167,-7.275944743247046,0.07858461344002576
SZ000503,har_pooled,231,0.10824657119826961,0.2587894197245116,-0.09936933004804605,-5.9758867622151985,-0.07646000470266401
SZ000538,har_pooled,202,0.06029801774980959,0.19193167363113212,0.06096273390596174,-7.069878955585542,0.0540125489114317
SZ000559,har_pooled,228,0.07744349633632258,0.21390617799532172,0.0967254570666265,-7.180756531816956,0.11970304840750268
SZ000568,har_pooled,243,0.052149379901101474,0.1838442626553764,-0.01710384355612371,-6.564982247102949,0.010591353179067231
SZ000623,har_pooled,228,0.0888006239944841,0.23511030437864838,0.17064344023940714,-7.849892852708937,0.18564719302267063
SZ000625,har_pooled,243,0.0804135537934385,0.23717589892516924,0.2089543618957136,-7.809476699036786,0.2025156603834275
SZ000630,har_pooled,243,0.10647013293262056,0.26491351618613884,0.17273567112293187,-8.007400053259023,0.12763335164153888
SZ000651,har_pooled,243,0.06811426783739102,0.21902935594738185,0.287460125405149,-7.127829525357939,0.19624269375786718
SZ000686,har_pooled,100,0.08150064969915119,0.24211597571129664,-0.03314401796181121,-7.783784540977939,-0.22037730442081638
SZ000709,har_pooled,243,0.11067758882282398,0.2610875936291664,0.17892993856495587,-7.616472973619384,0.1992741090451977
SZ000725,har_pooled,243,0.07632580202001255,0.21615112648609283,0.12303431590377456,-6.983393866849499,0.10074163545840364
SZ000728,har_pooled,243,0.09679009614994606,0.24563835403973175,0.34845482639817105,-7.042519348036707,0.37522039026366694
SZ000738,har_pooled,100,0.09054853344905883,0.22808887365387087,0.1919027853489459,-6.359809090532343,-0.240694471515156
SZ000750,har_pooled,100,0.07595752737331223,0.22464389404388363,-0.13753402596495934,-7.840648949096859,-0.4782092277783292
SZ000768,har_pooled,243,0.07171591773511327,0.21364446242266186,0.21236574277921505,-6.66154028357936,0.18545815328300974
SZ000776,har_pooled,243,0.111680150463469,0.2585179817192609,0.30314245644684945,-7.376241798858075,0.3048103248858729
SZ000783,har_pooled,243,0.11418628919482776,0.2644300476971112,0.471636740422286,-7.370390136136094,0.4934097206334347
SZ000792,har_pooled,243,0.06452940230423061,0.20012946165832027,-0.01196639916018638,-6.316678037326659,0.023250537711914543
SZ000826,har_pooled,229,0.06770717227696338,0.2029987468836881,0.1719810120246681,-7.123663051628099,0.126419861180733
SZ000839,har_pooled,243,0.09950414874117572,0.24740507317250876,0.08316677814522122,-6.787259196145598,0.1201077938269558
SZ000858,har_pooled,243,0.046643312789535235,0.17208563907738197,0.17666369571175478,-6.869953699023975,0.13654902895485
SZ000876,har_pooled,243,0.09044513660364903,0.24251862084128148,0.19199848138435927,-7.723015830423665,0.17707650587231505
SZ000895,har_pooled,243,0.05511906313535878,0.18640629214362067,-0.07952520317891221,-6.760985727072817,-0.05226596101293168
SZ000959,har_pooled,243,0.10602617989855423,0.25199362210446297,0.095560842637464,-6.980354858430597,0.12975831791048564
SZ000961,har_pooled,241,0.06479275478836172,0.19306298631884883,-0.1405881232289128,-6.373004976127959,-0.005286486280463576
SZ000963,har_pooled,243,0.06587999481776328,0.20239805066415334,-0.09185697611071109,-6.346332555731405,-0.2103941648712948
SZ000983,har_pooled,243,0.07305591618552879,0.21550252493196112,0.327409980321858,-7.097336554869893,0.2981068871158664
SZ001979,har_pooled,243,0.0685021482519819,0.21803702850229653,0.17100799280919665,-6.506290208028411,0.17047847851113396
SZ002007,har_pooled,243,0.05287586941522947,0.1855572986568805,0.5749512211484807,-6.576062888598093,0.4084926060712426
SZ002008,har_pooled,243,0.055943107555931605,0.19199328801306095,0.08709167622467162,-6.545097366049914,0.10347974405730498
SZ002024,har_pooled,243,0.06508067135793186,0.2030218957032971,0.2958374996785521,-7.036387145253495,0.31581089285488284
SZ002065,har_pooled,233,0.07717268456164479,0.21114463167049918,0.0359605464367464,-6.359844523414117,0.17861769664953742
SZ002081,har_pooled,241,0.06318394951224379,0.20511282766694405,0.04921859104307902,-6.877803920322422,-0.06132287127379166
SZ002142,har_pooled,243,0.09007690630584868,0.24564583412055824,0.1813268286599733,-7.1884267022501245,0.15640214967441135
SZ002146,har_pooled,243,0.07066491644341315,0.20989551584115654,0.2799447965232926,-6.543248558424897,0.12092438573955
SZ002153,har_pooled,243,0.05252985296891835,0.18846837437263744,-0.011945086743408329,-6.095995886214612,0.024130046028568164
SZ002202,har_pooled,243,0.05099924098494787,0.18124115850981598,-0.12853489728984413,-6.351342014634547,-0.09351517020449052
SZ002230,har_pooled,243,0.07300496576015009,0.21221678827789614,-0.03913836846338703,-6.578622097426557,-0.013246420600177666
SZ002236,har_pooled,243,0.06751251023027878,0.21061803354094163,0.043941493540679666,-6.2842720030078,0.05549660619716468
SZ002241,har_pooled,243,0.054691646508872906,0.18922348950636533,-0.06246918980063132,-6.7613904191380225,-0.05239335743191753
SZ002292,har_pooled,100,0.06572562831731063,0.2056890678055156,-0.21739840301220936,-6.5345779812691385,-0.27135338305854395
SZ002304,har_pooled,243,0.058352278109740266,0.19522827866487757,0.033945821645175456,-6.481650298990762,0.0718510965532223
SZ002310,har_pooled,178,0.11373905224751246,0.2549549371093122,-0.025610765807986713,-6.590647854584032,-0.07016368241901416
SZ002385,har_pooled,223,0.12069957629945365,0.2772654226049875,-0.009150181489573361,-7.211027849565502,-0.028152542086145038
SZ002415,har_pooled,243,0.05657802396732263,0.18921218812362303,0.09307728229363343,-6.714880280211305,0.0995707263199751
SZ002450,har_pooled,82,0.6056144192556301,0.5018131261460371,-0.17465044620692471,-5.73681754980862,-0.18548571455670038
SZ002456,har_pooled,243,0.06040915266177745,0.19927987632265823,0.011356145512169236,-6.306800759507062,0.06255095786493114
SZ002465,har_pooled,100,0.081852317596422,0.23286819692990615,-0.13196203524939576,-6.655705827380439,-0.11247712674388466
SZ002470,har_pooled,195,0.10409736740366914,0.23930791235690263,-0.7324484923768777,-6.2304100813889,-0.28101630417248313
SZ002475,har_pooled,243,0.06090039675360274,0.19292797199066533,0.0748760380101261,-6.296209061846365,0.10183566327766946
SZ002500,har_pooled,228,0.11177499162916643,0.2617324748719345,0.13871632437555137,-6.821588879142613,0.1521345626292191
SZ002594,har_pooled,242,0.04865139080287477,0.17692355397810935,0.29033474570610085,-6.870870557983499,0.31089274688304136
SZ002673,har_pooled,243,0.11198215327450987,0.2598732728367786,0.1645523150096906,-6.766785345846725,0.21047910092435296
SZ002736,har_pooled,243,0.10741649278399641,0.2590332700154401,0.3294600611038636,-7.101005939951247,0.3458311916705512
SZ300015,har_pooled,243,0.05414916415404602,0.18256713888843132,-0.06393814567807987,-6.422856842366855,-0.04194130843305355
SZ300017,har_pooled,242,0.07364344734597096,0.21769764313481393,0.3126581943271264,-6.443097811709891,0.27042062925198274
SZ300024,har_pooled,243,0.0897502235347031,0.23636035973158848,0.35509924424342376,-7.113420713062371,0.3932098639322449
SZ300027,har_pooled,228,0.08044849670419978,0.23004394796068042,0.23217918916969538,-6.808074964850951,0.2119422826916425
SZ300059,har_pooled,243,0.0662304395778222,0.2060565642259516,0.13525500790157807,-6.5748274254706685,0.15250267703000842
SZ300070,har_pooled,243,0.06294709046438766,0.194800229306806,0.14390681869107247,-6.694545597614047,0.05975479150431351
SZ300124,har_pooled,243,0.042957000109065925,0.16298289381740458,0.002560183744726996,-6.613236688184421,-0.01041971294825661
SZ300251,har_pooled,243,0.055483932384354166,0.19069127316417106,0.15388816897159008,-6.433075926911235,0.10856941541421106
