stock,model,n,mse,mae,r2,qlike,r2_offset22
SH600000,naive,417,0.1906667266087144,0.2823301938116474,-0.1243795065029422,-7.0917371618852485,-0.1114715753609632
SH600009,naive,417,0.1870043266613772,0.2745694496196707,-0.0652944196228386,-5.6488529753613586,-0.0528865682702393
SH600010,naive,417,0.2167553841183954,0.319005657461419,-0.0633593647824599,-6.388406058624677,-0.0501290225766637
SH600015,naive,417,0.1803971420652482,0.283918728180738,0.0853323476134206,-8.092974171428308,0.0961297812980106
SH600016,naive,417,0.180934558355584,0.2727019947761483,-0.0318494624294578,-7.999059472265546,-0.0209537082895843
SH600018,naive,414,0.2034414439874826,0.3259344483593658,0.3370835302431304,-6.8520144733449015,0.3658337372743643
SH600028,naive,417,0.1873104629308426,0.2816019799103017,-0.0930358471918564,-8.091396878472223,-0.1287964478486292
SH600029,naive,417,0.2265565356345876,0.3348271615096785,-0.1455962184712711,-6.467962866743569,-0.1421970741642615
SH600030,naive,410,0.2313287516045225,0.3212410099251953,0.0975915606954929,-6.143959573011748,0.1030056841972536
SH600031,naive,417,0.1996850756733752,0.2546920226662885,-0.1934463028468063,-4.473059040610871,-0.2160706638735576
SH600036,naive,417,0.1844365184893513,0.2628740210963452,-0.2357987829246635,-6.507377715776648,-0.2269960252485667
SH600038,naive,417,0.1869031924956078,0.269416113118903,0.1762338595700233,-6.048666626804271,0.1833635980267201
SH600048,naive,417,0.1859837710041083,0.2677663726167731,-0.234437161357728,-5.836504983950002,-0.2326249526776895
SH600066,naive,417,0.223286045661447,0.2901306709661521,0.0569571501921744,-1.4909750659899346,0.0596792992789353
SH600068,naive,417,0.229097475987428,0.3083427222900393,0.0592917263110741,-5.997151154713711,0.0672328143636675
SH600085,naive,417,0.2510410824494093,0.3311163127493725,-0.1028136612260282,-5.76046585271885,-0.0798009342565351
SH600089,naive,417,0.1659702778974981,0.2762703002367869,0.5854922980644701,-6.840368210457026,0.5981857439603431
SH600104,naive,417,0.1849153236367262,0.282021573544068,0.0154688685916435,-5.807336834977803,0.0344516383562407
SH600109,naive,412,0.214789826023093,0.3144197141917109,0.2688029667210494,-5.907614320320682,0.2794882348062103
SH600111,naive,414,0.2338047550348629,0.3130418783143677,0.0752226339865955,-4.809697897365226,0.0687893927569346
SH600115,naive,416,0.2421941879263064,0.3390446640065982,-0.0417418761360857,-5.916924901955297,-0.0445630558311398
SH600118,naive,417,0.2070611937012547,0.2763719586707397,0.3075564963676168,-4.10986510929226,0.3053909317311538
SH600170,naive,417,0.168025564714724,0.2814837263045755,0.2639460042040507,-7.49305605966231,0.2747124725510461
SH600177,naive,417,0.2412592252401109,0.3397997271970525,-0.067082942105632,-6.5495471508745915,-0.062029915407032
SH600188,naive,417,0.2169333118177848,0.3055179100654467,-0.2581581291426302,-6.1965254816102915,-0.2469971946555997
SH600196,naive,417,0.2268547044050989,0.306793339236134,0.1539943456607997,-4.6565346401420635,0.161204704203178
SH600208,naive,416,0.5149518843024978,0.3716401549263903,-0.360806694990393,131.85564590755334,-0.3946975184091561
SH600276,naive,417,0.1889916200832688,0.2673830724499026,-0.4030120886489132,-4.623403283829067,-0.4368383505061213
SH600332,naive,417,0.2322636962841941,0.2788670063872566,-0.1609044227396681,-2.5008657735778774,-0.1552577134340973
SH600340,naive,417,0.1587458851150912,0.2498961780765102,0.165627580399971,-6.594609050542903,0.1691200779105548
SH600352,naive,413,0.1962042745883437,0.2900656030866888,0.2512592588675031,-5.9610897396181874,0.2608741476388637
SH600362,naive,417,0.2326349628417118,0.3182188117936916,-0.0414592079924021,-6.1166618449757015,-0.0515504221128677
SH600369,naive,417,0.2483507209842128,0.336644462533904,0.1538550824015416,-5.45724040073452,0.1755696027623614
SH600372,naive,417,0.216218924107975,0.3075868453381082,0.0755837534855793,-5.853849632248144,0.0854562482537945
SH600383,naive,417,0.1916902891750145,0.26539257785667,-0.1840414715692149,-5.231216469822813,-0.169135504046781
SH600489,naive,416,0.225323650726899,0.3224982388916275,-0.3045718079335369,-6.192671464687505,-0.2889497358853978
SH600519,naive,417,0.1802582103945084,0.259835287561859,-0.1485192222249582,-6.300179584035896,-0.1502926421232366
SH600547,naive,417,0.2039759392334349,0.2938474516369576,-0.1881231945064496,-5.9126200037442365,-0.1815913451816337
SH600570,naive,416,0.2133655633531826,0.2919899429681314,-0.157633678699306,-3.659637344445196,-0.1436979755219649
SH600583,naive,417,0.1880477541444028,0.254165644270715,-0.2056652799714518,-5.651808193467347,-0.2098922603125588
SH600585,naive,417,0.1976796653559893,0.258475518359807,-0.2627296042080651,-5.696405383449282,-0.2622776874934662
SH600588,naive,417,0.1968199245481227,0.271586009262532,0.0326814087761542,-3.864341764212065,0.0407996683699102
SH600637,naive,417,0.2201730355735163,0.2929568197470814,-0.0485224527208196,-2.872285441869261,-0.047445966286981
SH600660,naive,417,0.2231023366380527,0.2982753498820034,0.0425539530156792,-5.356330575145527,0.0528828361205546
SH600674,naive,417,0.1780034978395797,0.2856983303090686,-0.524231757864484,-7.056168435051419,-0.4955256316575029
SH600703,naive,415,0.2075589326319762,0.2927636421753801,-0.3092209043581577,-2.9027869986838364,-0.2841254187935498
SH600705,naive,417,0.2032705823765352,0.3000974049186956,0.264633009605865,-6.281705795638543,0.2791666889168229
SH600741,naive,417,0.1908328227374129,0.2650143871145651,-0.2496158223689655,-4.588893015609182,-0.2639889736547931
SH600837,naive,417,0.2178323397798177,0.312044105348062,0.1325231016839784,-5.95548542407508,0.1583882401433693
SH600886,naive,417,0.1739833382278194,0.2678398691659399,-0.3853297712892036,-6.566436424683359,-0.3889768473723616
SH600887,naive,417,0.170805218158686,0.2460366838707841,-0.141228673107786,-5.733223753392594,-0.1322592308568528
SH600893,naive,406,0.2278652319846572,0.2985976013612615,0.2688513293290597,-5.7828164717723425,0.2728259173097221
SH600999,naive,411,0.1900369489216348,0.2923720748612745,0.1198096127997098,-6.548995388799428,0.1422881072810826
SH601006,naive,417,0.1754978440877095,0.2603697700652216,-0.343113000012434,-7.762227309992743,-0.4067634545770728
SH601009,naive,417,0.2149665433302148,0.3075365503182555,-0.0387901354217068,-6.5669223806395465,-0.0425285956089349
SH601111,naive,416,0.2351512941957865,0.3233876309815083,-0.2965760988258863,-5.778209185801068,-0.2931094055641792
SH601166,naive,417,0.1891613452521137,0.2844763091934851,-0.1731000333919146,-6.841386419265655,-0.1817988615309931
SH601169,naive,417,0.1709987987721075,0.278711773435316,-0.0441974245380076,-7.963688349347435,-0.0337338865169838
SH601186,naive,417,0.1997570879129013,0.3043744428914188,0.0392316174596497,-6.533225017156468,0.0661231946712268
SH601225,naive,417,0.2141019387646598,0.2942793285618182,-0.2575175433847085,-4.966691142913239,-0.2485082592179104
SH601288,naive,417,0.1657101076418008,0.2710863623355652,-0.1175620483856028,-8.366792176623534,-0.1271092237334299
SH601318,naive,417,0.16362063545831,0.2439669896246581,0.089770618664156,-6.7350703296914025,0.0880333329526459
SH601328,naive,417,0.1657408295855157,0.2826022743163332,0.2235767470181252,-8.34460631971621,0.2289164806354248
SH601336,naive,417,0.2218603665073285,0.2967461853354405,0.0814586091273102,-5.560880164457997,0.1337477191717223
SH601377,naive,417,0.2492354937645976,0.3304896219729755,0.1398414089762281,-5.720157896503124,0.1424821862578571
SH601398,naive,417,0.1671040470995812,0.2706507744514206,-0.0585646994574591,-8.127103366358472,-0.0728581297768244
SH601555,naive,411,0.2223606033938828,0.3199630889248723,0.2397982570920309,-5.650998254753144,0.2455637344635254
SH601601,naive,417,0.1920879376056457,0.270992735240494,-0.2563094786443491,-5.7033344762672264,-0.2481136364163649
SH601607,naive,417,0.2410886347359584,0.3274794943237105,0.0820533620652684,-4.684177270160941,0.0884084083787867
SH601628,naive,417,0.195295056430139,0.2521181676056343,0.1325771034353163,-3.479584015246038,0.1382332182159156
SH601633,naive,416,0.2119005677197147,0.3080632931594965,0.2233175084853087,-5.151377492937057,0.2273133188406354
SH601668,naive,417,0.191364196335507,0.2894216403505245,-0.2560115602979087,-6.984169373721928,-0.239415653588584
SH601669,naive,417,0.2345816186926453,0.3165832373885576,0.0312215578905148,-6.564409003994422,0.044365991024812
SH601688,naive,417,0.2092179780229829,0.2918945897627792,0.0779107238088107,-5.947428013060594,0.0896885821132951
SH601766,naive,417,0.185412059854256,0.2823183697744995,0.0308107147608048,-6.948583894539655,0.0612206926772825
SH601800,naive,417,0.2530522995874416,0.3341919692590384,-0.0232597300014412,-5.986401410740114,-0.019242371803448
SH601818,naive,417,0.1934740898368297,0.2925591184342908,0.0288867061836151,-7.009885093188306,0.0404878065940572
SH601857,naive,417,0.1779551474079247,0.2829636510211927,-0.1940336111303873,-8.213359921651431,-0.1792229894958761
SH601888,naive,417,0.1848945641202246,0.2681226713778394,0.2982567019056367,-4.62435837513922,0.3067731701434943
SH601899,naive,413,0.2491156424168138,0.3109358545741592,-0.0136824975492697,-4.34855954341763,-0.0847312012159891
SH601901,naive,415,0.2658831328545454,0.3372858980719181,0.0711141161726734,-5.232743907676548,0.0873872562552952
SH601933,naive,417,0.2317991120262418,0.3028558126640844,-0.2454944268589474,-4.896706695901068,-0.2591084883445564
SH601939,naive,417,0.1819513336533258,0.2830358703123579,0.0344736207851885,-7.7997030800946066,0.0199066083767223
SH601988,naive,417,0.1668222556815432,0.2813126132462307,0.0224556539478584,-8.489325928342359,0.0338937468739544
SH601998,naive,417,0.1945858693754199,0.3028334170640122,0.1470435914532344,-7.541047400412934,0.1546605466103801
SH603993,naive,417,0.2279634615921112,0.3127517235510583,-0.040316338290635,-5.235645910967689,-0.0359091496761019
SZ000001,naive,417,0.0742634145923657,0.2083172483162242,0.0226370493008144,-7.227795950701731,0.0436269684473048
SZ000069,naive,417,0.0834525905915481,0.2263478656048161,0.08075783869933,-7.295147826370352,0.1313048040915531
SZ000157,naive,417,0.0782404641169324,0.2178887675306725,-0.0202485082479155,-7.129199708257238,-0.1889288010172016
SZ000166,naive,417,0.1138730138072066,0.2666506131429427,0.3935537518331745,-7.358089513180349,0.4118796366409272
SZ000333,naive,406,0.0732600058520935,0.2058114937655376,-0.0010633137806941,-7.306985455684731,-0.0102526781560325
SZ000338,naive,417,0.0773490532597344,0.2167941874843229,0.1024595493343238,-6.935012538064911,0.0979822424249878
SZ000425,naive,417,0.0920264151442271,0.2351649659974909,0.1609301432923493,-6.969651785036282,0.0269098150204062
SZ000568,naive,417,0.0863226510391332,0.2349254899485156,0.1908969947180439,-6.685979977860839,0.2356298469813761
SZ000625,naive,417,0.0986590434244445,0.2450365003070107,-0.3498717698963554,-6.281415101705115,-0.2553106228627102
SZ000709,naive,417,0.1254553030674095,0.2721208282836864,0.1600375562066882,-7.965350278798613,0.1694953499178048
SZ000725,naive,417,0.1142168819720269,0.2596455041980768,0.1407653351988003,-6.621028379680264,0.1251905354657929
SZ000728,naive,417,0.1218265188976619,0.2651650914418147,0.4444500900813473,-6.8713952703961105,0.4645567983091884
SZ000768,naive,417,0.082893971984547,0.2260770847992492,0.4936778028870109,-7.035946807973006,0.4956950203400853
SZ000776,naive,417,0.1042921820869805,0.2590825823365493,0.3630243025293178,-7.309798382034008,0.3831209845366518
SZ000783,naive,417,0.1155275103322616,0.260348929733832,0.4541826118719778,-6.942011146153085,0.4735629606602515
SZ000858,naive,417,0.0970741836737197,0.2454027019918844,0.1934246934490778,-6.866185235831035,0.2137550267969369
SZ000895,naive,402,0.0896823722814323,0.2413818748340076,0.2166109656494929,-6.6911850991243265,0.2543535790706586
SZ000963,naive,417,0.1235315819422931,0.2836393793192882,-0.1306699016111832,-6.764333088397694,-0.1370458690957281
SZ002007,naive,417,0.0950301443789283,0.2475774584607867,0.2649299067250772,-6.424010841295204,0.2760041647247325
SZ002008,naive,417,0.0755779909366087,0.2246779468696633,-0.3139597384575736,-6.461333074968393,-0.307293681187561
SZ002024,naive,417,0.1159770428580216,0.2679230051630734,0.4559253799267421,-7.561398002526047,0.4636903222343951
SZ002142,naive,417,0.0764711119822327,0.2068652347085108,0.091597936669675,-7.040407596464919,-0.0732529911179731
SZ002146,naive,417,0.0737255328981834,0.2110240472256797,0.234763108699492,-7.262260776473107,0.2669660857984883
SZ002153,naive,417,0.0995464703190396,0.2470303276861386,-0.2699447245928095,-6.318692229708204,-0.2777631812851078
SZ002202,naive,411,0.0822835973784921,0.2280565307304604,0.0123671053963625,-6.860303676294099,0.0095884983684247
SZ002236,naive,415,0.087246146144208,0.2445716231702654,-0.0777862638532829,-6.563453222450321,-0.0492753346473353
SZ002241,naive,417,0.0716049619941699,0.2193880791743702,0.0941257262724482,-5.973055574453867,-0.1921462975312917
SZ002304,naive,417,0.0955442784991152,0.2419686123543841,0.155032686641388,-6.959730091966057,0.1708088422190936
SZ002415,naive,415,0.0681878621877634,0.2113566152238973,-0.0633322695974496,-6.904920490385161,-0.0507234416301403
SZ002456,naive,414,0.2921410375174874,0.3019504686208018,-0.6250948376741887,4.285443574201374,-0.6278185535277199
SZ002475,naive,417,0.0580737711349348,0.1949890554106303,-0.0749386427590383,-6.270233914910692,-0.1250990736661064
SZ002594,naive,417,0.1019607833434434,0.2514232002356382,0.3966801641264753,-6.8044422628299035,0.4127772767777704
SZ002673,naive,417,0.1309072469448307,0.2804627539198887,0.4460187420249413,-6.964558812745176,0.4739405033471771
SZ300124,naive,406,0.0683480683413948,0.2044834340576096,0.1460560637151438,-6.690660916086866,0.1851382584656672
SH600000,har,417,0.1436921966501924,0.2527291852436402,0.1526336868968791,-7.924997629973092,0.1623755252294516
SH600009,har,417,0.1410443150507293,0.246057264099593,0.196522752036945,-6.993163352991554,0.2046847557318198
SH600010,har,417,0.1659732831818657,0.2835868530846112,0.1857676537403717,-7.239141098218581,0.1924766073338271
SH600015,har,417,0.1415649607384754,0.257877282293509,0.2822231615397435,-8.614859612704413,0.288048036682616
SH600016,har,417,0.1360113417471314,0.2479312807141081,0.2243425957893825,-8.681993926130259,0.2316393649674375
SH600018,har,414,0.1686724995465754,0.2941795400431607,0.4503785671548675,-7.094671081822035,0.466843024856718
SH600028,har,417,0.1416476064147113,0.253158472998254,0.1734262514883311,-8.627205561117284,0.1428111075073477
SH600029,har,417,0.1668738360704823,0.2876633437806611,0.1561928018158039,-7.243355374215498,0.1619102221694907
SH600030,har,410,0.1883087692411804,0.2987910986226394,0.2654115781993265,-6.998771001501345,0.2723949112295506
SH600031,har,417,0.1418266377518963,0.228272019806952,0.1523528941789497,-6.756696970644503,0.1299329626112514
SH600036,har,417,0.1239886522855566,0.2183182280288181,0.1692262093973173,-7.577147641926208,0.1722542236637623
SH600038,har,417,0.1536543895529617,0.2599060094680062,0.3227762364458171,-6.935143708134162,0.3291016713709987
SH600048,har,417,0.1411715280269712,0.2351212759611343,0.0629968443951071,-6.840183907003827,0.0650506279409847
SH600066,har,417,0.1809512178806409,0.287789451838967,0.2357572024671305,-6.520238285456171,0.2365035710080107
SH600068,har,417,0.1845166434389302,0.2955927699411517,0.2423472481825318,-7.3905178695100355,0.2549358408930092
SH600085,har,417,0.1811809033783435,0.284055405478142,0.2040793743821736,-7.258717969056727,0.2238786218659688
SH600089,har,417,0.1454178260455891,0.2706877450445392,0.6368216667574403,-7.5032953363440384,0.6441683051161493
SH600104,har,417,0.1382656875953232,0.255149396366483,0.2638421134280641,-7.217018668895445,0.2686010679692868
SH600109,har,412,0.193096362141462,0.3010111213996569,0.3426528167138848,-6.598872900075526,0.3483691159798613
SH600111,har,414,0.1859512613427266,0.2896168000260621,0.264499485283115,-6.617244098197587,0.2553050849131572
SH600115,har,416,0.1760714676691179,0.2918555955950973,0.2426696006451175,-7.117249204428858,0.2430855034845166
SH600118,har,417,0.1665786065224085,0.2853469714060568,0.4429363036658772,-6.357646865372556,0.4364862569814284
SH600170,har,417,0.1419728051636218,0.2661556557363006,0.3780729098428295,-7.970341118019871,0.3854644593338446
SH600177,har,417,0.182513229840003,0.3041750022773329,0.1927489857557069,-7.846139045513352,0.2003627652583158
SH600188,har,417,0.1692803362924238,0.2797585306186142,0.0182170298068052,-7.395735104842664,0.0306255809595542
SH600196,har,417,0.1765950680156708,0.2758138926146468,0.3414268112206043,-6.485017962062868,0.3440060594663325
SH600208,har,416,0.3556512452031761,0.3774982349572182,0.0601595793562486,-5.980132899817713,0.0402255476883233
SH600276,har,417,0.1284040030148677,0.22383975179416,0.0467706008266576,-6.9767715572457,0.0235686503213785
SH600332,har,417,0.1705268950665723,0.2473272174492674,0.1476695245708147,-6.542153195122088,0.1504499815974546
SH600340,har,417,0.1294397682295112,0.2374166704509692,0.3196612779485703,-7.272760361876571,0.319154900496338
SH600352,har,413,0.1609734277646132,0.2687092321723273,0.3857047005729438,-6.932781543289449,0.3882778292622765
SH600362,har,417,0.1771211971786746,0.2855847148760091,0.2070645810110631,-7.2776962517005375,0.201899143777692
SH600369,har,417,0.2218724025576308,0.3324000079731963,0.2440682071084763,-6.714394395176059,0.2557824563056008
SH600372,har,417,0.1665450488605593,0.2808012266983469,0.2879580287507289,-6.8719258763241005,0.2929912654655572
SH600383,har,417,0.1474406792683312,0.2358377942243391,0.0892815718450372,-6.480807635481011,0.0991763434145849
SH600489,har,416,0.158534002705082,0.2764183477550505,0.0821248019872459,-7.114675763403286,0.0942471834012829
SH600519,har,417,0.1268417602904601,0.2265131313647081,0.1918248852265208,-7.46847118477588,0.1910520254417377
SH600547,har,417,0.1531496873475582,0.2611155568933228,0.107930589985887,-6.921422524006183,0.1130130160920309
SH600570,har,416,0.1565341041721508,0.2628297690530429,0.1507104145257355,-6.462845059161078,0.1561420135846419
SH600583,har,417,0.1434871630837894,0.234556002260117,0.0800342634303373,-6.884233733975621,0.0774608628721511
SH600585,har,417,0.1376650919207226,0.2243032435374117,0.1206288885542464,-7.192900157148232,0.1217296202935505
SH600588,har,417,0.15786531253053,0.2548925818178757,0.2241331660362079,-6.084000665291396,0.227638676703699
SH600637,har,417,0.1718184165984718,0.2705882295799809,0.181755081292491,-6.399345425483879,0.1826874280414269
SH600660,har,417,0.1557326829556693,0.259240883842075,0.3316715372458525,-7.237862669548845,0.3354956125601123
SH600674,har,417,0.1293319930820687,0.243838812332673,-0.1074609968690509,-7.879185854338368,-0.0918675970926934
SH600703,har,415,0.1679836632088402,0.2724344206498671,-0.0595917057139088,-5.859947983820194,-0.0527277895295399
SH600705,har,417,0.1775835283706634,0.2894988535114832,0.3575604336115634,-7.070242505776102,0.3621251836498155
SH600741,har,417,0.1414699647544381,0.2309057395273801,0.073623164971047,-6.345142423353771,0.0613073439901963
SH600837,har,417,0.1776149120439004,0.2960060398417598,0.2926815497172976,-6.9095775790545435,0.3023999357745836
SH600886,har,417,0.1113198968915705,0.2133559408242779,0.1136233568595895,-7.614368194333801,0.1125579604810297
SH600887,har,417,0.1205976897707145,0.2101999139480612,0.1942310489072257,-7.173611365793169,0.2001789599723922
SH600893,har,406,0.1706869249119084,0.2784152896146555,0.4523187361086512,-6.8549091535094995,0.4516374904855279
SH600999,har,411,0.1559293616503012,0.2667032031178437,0.2777850518770999,-6.924305960654788,0.2868194830160864
SH601006,har,417,0.1317840540451873,0.2338609630650646,-0.0085643906484207,-8.494615003585483,-0.0570421226922848
SH601009,har,417,0.1590542669540727,0.2749390905504718,0.2313966585264509,-7.694538133874138,0.2278126880028637
SH601111,har,416,0.1728058513499059,0.2783879513180155,0.0471839104104676,-6.909254858734564,0.0489264613243366
SH601166,har,417,0.1432912095192491,0.2567123618059944,0.1113674813014121,-7.823525748487092,0.1058159461974573
SH601169,har,417,0.1298430152211727,0.2472342547733357,0.2071187455013083,-8.56355394174873,0.2134659800365276
SH601186,har,417,0.1572652219106422,0.2711491271653185,0.2436040469772061,-7.431598928497035,0.2615168335839843
SH601225,har,417,0.1726318515388732,0.2838269152680551,-0.0139449605626391,-7.230022664568645,0.0001567905287248
SH601288,har,417,0.1236736670591028,0.2339966024210144,0.1659350255888346,-8.908500058078744,0.1568588767155166
SH601318,har,417,0.1197432560180956,0.2188594456412903,0.333862568500646,-7.813262418532102,0.3335911760751729
SH601328,har,417,0.1376110973558063,0.2673693692227671,0.3553522320203358,-8.843526314004658,0.3551922220409009
SH601336,har,417,0.1512345575990196,0.255791646543455,0.3738620237949048,-7.098902782938459,0.3906820015355305
SH601377,har,417,0.2053660506913349,0.3087744737012447,0.2912431125334894,-6.774594749868734,0.2922554393330453
SH601398,har,417,0.1286643279775804,0.2471226362722323,0.1849418488630688,-8.659996503698434,0.1743441193786054
SH601555,har,411,0.2161396045349799,0.3279644060882261,0.2610664768350279,-6.559457093251437,0.2649709235540495
SH601601,har,417,0.1318966815402429,0.2385293017295197,0.1373583719716501,-7.254443600611113,0.1393093546552275
SH601607,har,417,0.1839528717455389,0.299087182761338,0.2995981733349164,-6.965299505232147,0.3041459029100932
SH601628,har,417,0.1488848467518983,0.2366455666645512,0.3387127796021872,-6.718270836599065,0.3417953127585131
SH601633,har,416,0.1720873637414204,0.2897650862124248,0.3692454726894714,-6.363967805527991,0.3789650877271399
SH601668,har,417,0.1455764287064647,0.2574244689669946,0.0445146957290168,-7.764709239449671,0.0593580917567103
SH601669,har,417,0.1793555796701164,0.293905347894039,0.2592948244418153,-7.586765520901327,0.2679732110983481
SH601688,har,417,0.166514513838841,0.2772028198235902,0.2661182896810238,-7.082195823003366,0.2706087169656053
SH601766,har,417,0.1430221556289138,0.2567216237801251,0.2523919916734907,-8.00969649641494,0.2677793681761309
SH601800,har,417,0.1905924394595219,0.304282920542455,0.2293072678666735,-7.393527293756162,0.2379203205586311
SH601818,har,417,0.1476044391223994,0.2521545023172302,0.2591223290986274,-7.752559509962779,0.2633044213763392
SH601857,har,417,0.1388111497710332,0.2524641746582315,0.0686126204243375,-8.664532179764558,0.0805875161756888
SH601888,har,417,0.1425519975068681,0.2378700217529718,0.4589624126788119,-6.498056862327301,0.464429187553619
SH601899,har,413,0.1731994914113868,0.2774213265875188,0.2952297522353097,-6.821655918141036,0.2481302413169888
SH601901,har,415,0.2099328808376288,0.3065062424391602,0.2665811950246695,-6.698021313140633,0.2734221414904771
SH601933,har,417,0.156243793588617,0.2548661574246557,0.1604766194104677,-7.060136288481574,0.1615241527141711
SH601939,har,417,0.1395904432897337,0.2508499108029671,0.2592620643313239,-8.336620696265165,0.2478764205856154
SH601988,har,417,0.1304396101805325,0.2521027880590227,0.2356505256910256,-8.924802085362552,0.2422622050212458
SH601998,har,417,0.1576464867011405,0.2747520599156415,0.30896533469657,-8.123548329491015,0.3158383508189558
SH603993,har,417,0.1771308540119517,0.2876409060104418,0.1916593994623587,-6.736902389557511,0.1954032116810609
SZ000001,har,417,0.0651330361867909,0.1926938012651732,0.1427997650667829,-7.243774783320968,0.1623950050883889
SZ000069,har,417,0.0653782932253821,0.2000312863723559,0.2798487962968539,-7.341243706586475,0.3011072872012675
SZ000157,har,417,0.0600104352212747,0.1872136202900844,0.2174694040373983,-7.162217217347328,0.0909917501111317
SZ000166,har,417,0.1133112488813373,0.2615174441111493,0.3965455074761926,-7.33110165086167,0.4051981053354874
SZ000333,har,406,0.0562971883768841,0.1904052549644296,0.2307255603162217,-7.365097260865466,0.2246509284280913
SZ000338,har,417,0.0582560163666458,0.191404256206624,0.3240107153202179,-6.977850214749059,0.3142290711363367
SZ000425,har,417,0.0768130274803618,0.213982061726883,0.2996413490602964,-7.0037064454341245,0.1847933342266053
SZ000568,har,417,0.0680073383052735,0.207196851197638,0.3625665900937321,-6.727403370111012,0.3881235011644294
SZ000625,har,417,0.0863768393483462,0.2313356743711596,-0.1818243210365058,-6.278658646535453,-0.0949278737477112
SZ000709,har,417,0.1903084072764679,0.3783198407367864,-0.2741742353008656,-7.9897008628894755,-0.2495406556925996
SZ000725,har,417,0.1003245061066228,0.2452729095931433,0.2452753753426582,-6.6563109485280005,0.217497489350794
SZ000728,har,417,0.12020182189921,0.2726531986701459,0.451858988236709,-6.90826097700025,0.4681775997722527
SZ000768,har,417,0.0805441086435226,0.2243660606813324,0.5080309330514639,-7.027727840489633,0.5053517742518983
SZ000776,har,417,0.0963298526384223,0.2399488349183588,0.4116550843625792,-7.315107592611525,0.4162526746879127
SZ000783,har,417,0.1221583948964784,0.2763074175837619,0.4228545577711827,-6.922224163043016,0.4308134602423009
SZ000858,har,417,0.0768959809030691,0.2174434842735745,0.3610824523861772,-6.905079214755752,0.3771159992498325
SZ000895,har,402,0.0721955665315529,0.2118566150381428,0.3693608486173989,-6.7214480614965355,0.3886616047994201
SZ000963,har,417,0.0897540726751537,0.2353784026789485,0.1784916300333158,-6.820768034866233,0.169007177015919
SZ002007,har,417,0.0758042778974669,0.21631476481697,0.413644396850094,-6.459951939149534,0.4189112590806975
SZ002008,har,417,0.0561474634541779,0.1927325444468345,0.0238493312532316,-6.501238205270942,0.0292825572253524
SZ002024,har,417,0.1050269779290515,0.2604339602627268,0.5072946187794711,-7.620501381322971,0.5151470836552197
SZ002142,har,417,0.0579816802694453,0.1776835038255484,0.3112343128427264,-7.085875153139984,0.1945712611091015
SZ002146,har,417,0.0662222102984053,0.2065547004977244,0.3126441227114032,-7.310344070460878,0.3343702477659708
SZ002153,har,417,0.0823038415434096,0.2223182243980508,-0.0499752431883502,-6.343714109881336,-0.0682449586563394
SZ002202,har,411,0.0625510321818384,0.2031934565177746,0.2492129787419552,-6.905513829518089,0.2337364002593487
SZ002236,har,415,0.0684682759137003,0.2141632695437037,0.1541842184349396,-6.598650198628733,0.1666475824062647
SZ002241,har,417,0.0573287833459365,0.1928015078985548,0.2747336423219834,-5.993276867123374,0.0467416452288121
SZ002304,har,417,0.0723040956176269,0.2133744943598451,0.3605624703166689,-7.013896488732803,0.3709293285335295
SZ002415,har,415,0.0538271385989791,0.184869034776402,0.1606111173454537,-6.9308408304233025,0.1703270480926048
SZ002456,har,414,0.1966781372362432,0.2612771087249362,-0.0940627452480453,-5.799543665965513,-0.0938083990000788
SZ002475,har,417,0.0476847631171585,0.1759380436227931,0.1173606682723273,-6.288536461244156,0.0692384241449419
SZ002594,har,417,0.0824095989905286,0.2263355814482184,0.5123679506276966,-6.852374579371543,0.5226176701410208
SZ002673,har,417,0.1448118267030085,0.2937621530394289,0.3871764948169151,-6.909205551945416,0.3973185088234182
SZ300124,har,406,0.046998531722104,0.1671522707340079,0.4127981645667796,-6.736966965950182,0.434165930811914
SH600000,har_x,417,0.1418578238064369,0.2509979203470202,0.1634511549967896,-7.964479282620368,0.1727081078106186
SH600009,har_x,417,0.1406386174709518,0.2456964086310835,0.1988338609589012,-7.014378479807772,0.2065257950183441
SH600010,har_x,417,0.1634159793661559,0.2816935674129825,0.1983132842541841,-7.273835885811154,0.204940195495802
SH600015,har_x,417,0.1400983298150237,0.2562137857733116,0.2896594204976928,-8.635867252641663,0.2954046841011353
SH600016,har_x,417,0.1343022307159838,0.2470412042353184,0.2340894640203594,-8.710271671375352,0.2412886954283757
SH600018,har_x,414,0.162886847777369,0.2931560869580488,0.4692311852395135,-7.257457789940523,0.4851720619036694
SH600028,har_x,417,0.1418025406395964,0.2539550147199902,0.1725221446962892,-8.658157867398222,0.1411424572634803
SH600029,har_x,417,0.1655150366730713,0.2868338229985314,0.1630636495138183,-7.289233304757434,0.1696119718804632
SH600030,har_x,410,0.1858745347649662,0.298628040807976,0.2749074740589865,-7.038801542767607,0.2815761785187187
SH600031,har_x,417,0.1410063573327639,0.2260939658158866,0.1572554169649412,-6.770427091262703,0.1348156259757792
SH600036,har_x,417,0.1242217344038579,0.2213320881212691,0.1676644655492032,-7.590892963791024,0.1709844470499766
SH600038,har_x,417,0.1496878272684641,0.2571442344484757,0.3402586542699668,-6.975841450938815,0.3467796239075338
SH600048,har_x,417,0.1407781569911869,0.235741075209272,0.0656077809416251,-6.884743229714926,0.0679140735868707
SH600066,har_x,417,0.1774026342327648,0.2876982746578247,0.2507445538986144,-6.616123638786782,0.2514258748372184
SH600068,har_x,417,0.1821296759497547,0.298201815053222,0.2521484913276859,-7.478667984791009,0.2646133650877337
SH600085,har_x,417,0.1791473910305016,0.28063265101641,0.2130125146299409,-7.280952823871134,0.2324253027071261
SH600089,har_x,417,0.1435935105528053,0.269942534031889,0.6413778609875074,-7.530606387993199,0.6485874379814094
SH600104,har_x,417,0.1375084576756332,0.25446108872021,0.2678737772994332,-7.267053674305679,0.2725694736948431
SH600109,har_x,412,0.1882708593081621,0.2977108352691166,0.3590800070567305,-6.649976838076248,0.3649753661614463
SH600111,har_x,414,0.1833383167691351,0.2875105010846301,0.2748345702130375,-6.658148948843967,0.2657337126692123
SH600115,har_x,416,0.1735554338056681,0.2900318218182885,0.2534917341561399,-7.188222310031038,0.2545052666360653
SH600118,har_x,417,0.152105969266741,0.2702799698398918,0.4913349604541398,-6.447205215047518,0.4856944069513396
SH600170,har_x,417,0.1384911701810252,0.2632094656919386,0.3933245850578131,-8.00677747146734,0.4002542153990898
SH600177,har_x,417,0.1804414817909614,0.3017771035491924,0.2019122706053233,-7.863489111388986,0.2095627667347497
SH600188,har_x,417,0.1696526416652917,0.2806438531083483,0.0160577531725617,-7.429969037583258,0.0288473355893269
SH600196,har_x,417,0.1711198160325574,0.2692914565985001,0.3618455816789601,-6.531449734668832,0.3651498187756821
SH600208,har_x,416,0.3478337130122698,0.3696730354896227,0.0808181116734914,-6.3844412502487735,0.0617014014718571
SH600276,har_x,417,0.127601354424739,0.2241100451249734,0.0527292019243749,-7.021990964447401,0.0315373584479746
SH600332,har_x,417,0.1678676413631099,0.2461085963637481,0.1609610524114761,-6.684563149524457,0.166202425159014
SH600340,har_x,417,0.1292378804481743,0.237967273427102,0.3207224052746719,-7.280888046944303,0.3206698200055174
SH600352,har_x,413,0.1541810435624995,0.2619839753286022,0.4116253120999744,-6.999677551286387,0.4143444876104757
SH600362,har_x,417,0.1746917937915774,0.284498792282423,0.217940523717671,-7.342213712213388,0.2134255362351397
SH600369,har_x,417,0.2166443054890171,0.3317458098390929,0.2618806287748506,-6.766275749921044,0.27306114630094
SH600372,har_x,417,0.1643023514491396,0.277731355714766,0.2975463935605406,-6.8959162865456065,0.3023902182833796
SH600383,har_x,417,0.147136229484232,0.2382766451626749,0.0911621113962848,-6.560095298731638,0.1012282934588636
SH600489,har_x,416,0.1594912733247011,0.2764064324624706,0.0765824265690888,-7.12657766071758,0.0884597452002087
SH600519,har_x,417,0.1267072337843925,0.226103902806544,0.1926820238710195,-7.481647628121541,0.1919816796291888
SH600547,har_x,417,0.1536245023274505,0.2611832667867786,0.1051648780454038,-6.9405517993866175,0.1103006224939698
SH600570,har_x,416,0.1549694359547165,0.2617612187100958,0.1591996599129775,-6.485759250219191,0.1642413497868271
SH600583,har_x,417,0.1431580841782935,0.2352129258793066,0.0821441477654769,-6.95959292272109,0.078564496160907
SH600585,har_x,417,0.1380658302520757,0.2246244113870822,0.1180690695985167,-7.200037246705722,0.1192586435604647
SH600588,har_x,417,0.1589871137181943,0.2565094032011451,0.2186198058061599,-6.102969586875221,0.2218858116912593
SH600637,har_x,417,0.1667292071326467,0.268209254460018,0.2059912479857335,-6.692023306613522,0.2065704311351012
SH600660,har_x,417,0.1544484347040482,0.2598055027064868,0.3371829022561434,-7.266109185479974,0.3407952704915271
SH600674,har_x,417,0.1261593746304291,0.2416784333747529,-0.0802940824079982,-7.933916003239393,-0.0664616271762192
SH600703,har_x,415,0.1680809517784658,0.275863767909241,-0.0602053734924712,-5.880776230434902,-0.0512169354640099
SH600705,har_x,417,0.172275008734081,0.2870199589844617,0.3767649346414792,-7.127758774691546,0.3818212028724184
SH600741,har_x,417,0.1436247792100972,0.234802440831678,0.0595129600312706,-6.389561416839223,0.0472743863610792
SH600837,har_x,417,0.1780680349724127,0.2969312205177974,0.2908770716816715,-6.912319800388944,0.3006954907593017
SH600886,har_x,417,0.1118127617918105,0.214633313710749,0.1096989556699085,-7.61377073498078,0.1094144757328265
SH600887,har_x,417,0.1196213381845222,0.2103042230982721,0.200754505492502,-7.223836217521714,0.2062464636297847
SH600893,har_x,406,0.1645163825718182,0.2712324789671639,0.4721180876375386,-6.951732577358244,0.4723843435119669
SH600999,har_x,411,0.1537768073587911,0.2666158615359371,0.2877549951226907,-6.959403989479981,0.2970682665353845
SH601006,har_x,417,0.1302757865585109,0.2331044940058675,0.0029786210585425,-8.537007924156924,-0.0443989948481371
SH601009,har_x,417,0.1579422976043545,0.273484799846352,0.2367700658180414,-7.7185535365963185,0.2326668987088465
SH601111,har_x,416,0.1712721004664328,0.2777839349050545,0.0556406988107416,-6.9864222267410945,0.0582470078230037
SH601166,har_x,417,0.142403976084902,0.2573456285571885,0.1168697342594459,-7.853603753076563,0.111265358282112
SH601169,har_x,417,0.1282153336594564,0.2451523409677551,0.2170581188005169,-8.601667315600075,0.2230949420244145
SH601186,har_x,417,0.154801009462747,0.2682159088199035,0.2554561290862142,-7.490891438946452,0.273098571382164
SH601225,har_x,417,0.1734638206294111,0.2861293915076771,-0.0188314914037035,-7.282320337095999,-0.0039955544921874
SH601288,har_x,417,0.121675431201461,0.231644579145915,0.1794112859691063,-8.93207515378255,0.1699930360504939
SH601318,har_x,417,0.1185142658451839,0.2165443660427327,0.3406994993170058,-7.831548222181311,0.340348609248527
SH601328,har_x,417,0.1387594471011216,0.2717559785107219,0.3499727160190684,-8.876475988744174,0.3508519209033112
SH601336,har_x,417,0.1523117794772607,0.25817460309029,0.3694021335590101,-7.114650863154091,0.3880021728936516
SH601377,har_x,417,0.2031943639055248,0.3097100144793085,0.2987380123072418,-6.829240304494243,0.2993204930715613
SH601398,har_x,417,0.1267745270094585,0.2445825590129062,0.1969132919763657,-8.68217415315447,0.1868251802286625
SH601555,har_x,411,0.213603084753387,0.3258793537175921,0.2697382771875023,-6.586101793919607,0.2733760067215518
SH601601,har_x,417,0.1316940176508293,0.2377617068396625,0.1386838511684334,-7.267656646145623,0.1403033651271676
SH601607,har_x,417,0.1809541254936071,0.2968510753390286,0.3110159203514648,-7.059399771517608,0.315958212534178
SH601628,har_x,417,0.1471728620432296,0.236941971846524,0.3463167341620869,-6.825722719011871,0.3500877474451438
SH601633,har_x,416,0.1748488353632087,0.2923619607315861,0.3591238072190201,-6.390865942454965,0.3700972806878151
SH601668,har_x,417,0.1431529520696832,0.2555416039394043,0.0604210916494575,-7.825935757856783,0.0750261241674383
SH601669,har_x,417,0.174805774282499,0.2904939047232145,0.278084674217268,-7.626525089315372,0.286537888210413
SH601688,har_x,417,0.1663318189205366,0.2783642709074565,0.2669234835108035,-7.097554780103775,0.2713684437484559
SH601766,har_x,417,0.1376465437479515,0.2518951215169715,0.280491487686471,-8.074160288570896,0.2919826175930252
SH601800,har_x,417,0.1895651992624346,0.303678590757739,0.2334610871697656,-7.433244273521804,0.2421795112300231
SH601818,har_x,417,0.1455440910511224,0.2514967358964586,0.2694639278294621,-7.7848216072439484,0.2737587895327541
SH601857,har_x,417,0.1373205323052085,0.2501468171293184,0.0786142830986561,-8.709324326032078,0.0899266380004498
SH601888,har_x,417,0.1414167678665313,0.2458203131339831,0.4632710292987487,-6.610773667787463,0.4713112883364322
SH601899,har_x,413,0.1780017614236129,0.2885164467505938,0.2756887189518421,-6.906904791990416,0.2274565857684887
SH601901,har_x,415,0.2078211582749725,0.3061960151511464,0.2739586817345323,-6.753474656516108,0.2812589555950281
SH601933,har_x,417,0.1562450702271131,0.2573928005569144,0.1604697598236548,-7.087274295687904,0.1591141459506949
SH601939,har_x,417,0.1395279677230614,0.2506340395768826,0.2595935914845868,-8.356302710458301,0.2490911730754096
SH601988,har_x,417,0.1286615118015673,0.250233331411124,0.2460698190280005,-8.954134303862448,0.2520011399868869
SH601998,har_x,417,0.156240258402604,0.2755806989593692,0.3151294587563825,-8.162955977698868,0.321740054720035
SH603993,har_x,417,0.1651965443095094,0.2820949381406165,0.2461218878057138,-6.899807615971421,0.2519036593233882
SZ000001,har_x,417,0.0658430606136181,0.1937818677562689,0.1334553042352744,-7.241031749019876,0.1534210038129613
SZ000069,har_x,417,0.0682699015449776,0.2053699509889507,0.2479973191587769,-7.341484189546355,0.2701374874124729
SZ000157,har_x,417,0.0592126729054819,0.1878563845277391,0.2278721517947175,-7.172925793371906,0.1002710460170366
SZ000166,har_x,417,0.1121506884462427,0.2605838694896655,0.4027262301786373,-7.340447235016611,0.4113245274798985
SZ000333,har_x,406,0.0558980864671152,0.1893912416489976,0.2361790990606224,-7.367216258568268,0.2298453497027524
SZ000338,har_x,417,0.0588377026403912,0.191688429656482,0.3172609628891141,-6.976665264233142,0.3059223171011378
SZ000425,har_x,417,0.076313665587239,0.2155436956660961,0.3041943843105683,-7.009144401059525,0.1926202211345857
SZ000568,har_x,417,0.0668714982100425,0.2077102921450785,0.3732128297945327,-6.744055461825767,0.4011838025004982
SZ000625,har_x,417,0.0987107520758702,0.2513026742142165,-0.3505792574858988,-6.251063496618367,-0.2645986646222711
SZ000709,har_x,417,0.1855661720074757,0.370101658430469,-0.2424234887943963,-7.994791677031122,-0.2200141925693477
SZ000725,har_x,417,0.0975755030206634,0.2422628415572921,0.2659556697467747,-6.666410388491698,0.2430562000544157
SZ000728,har_x,417,0.117161458447299,0.2711669004773221,0.4657235692582514,-6.926426445504516,0.4823471651960752
SZ000768,har_x,417,0.078083729186316,0.222480586836721,0.5230591034078889,-7.036453220278667,0.5223868149326667
SZ000776,har_x,417,0.0950160767279051,0.2391619505528591,0.4196791117649779,-7.323394453069739,0.4243512772860044
SZ000783,har_x,417,0.1203204110122066,0.2748410601518213,0.4315382345876346,-6.934039802144448,0.439377732972215
SZ000858,har_x,417,0.0751380923898307,0.216418796154422,0.3756884929706983,-6.9203104211572555,0.392342637771842
SZ000895,har_x,402,0.0742042568829601,0.2150213685645756,0.351814635747828,-6.714122447883633,0.3709993689269486
SZ000963,har_x,417,0.0893452940749185,0.2345296212542671,0.1822331320236706,-6.823478218274453,0.1757149805571362
SZ002007,har_x,417,0.0787601209047519,0.2208941635177972,0.3907805802235795,-6.45173414033579,0.4008788267030196
SZ002008,har_x,417,0.0558681136557506,0.1923777683557084,0.0287059619142353,-6.501620233575919,0.0351105986897543
SZ002024,har_x,417,0.1041563742907501,0.2589990750194054,0.5113788179629519,-7.624638526649614,0.522143812417759
SZ002142,har_x,417,0.0581050972375888,0.1783544633827255,0.3097682398956304,-7.0850675098707345,0.1932601799553802
SZ002146,har_x,417,0.0694125385880736,0.2081981540293233,0.2795299924142989,-7.303558848693589,0.2969390976079162
SZ002153,har_x,417,0.0803721049461977,0.2213635960257341,-0.0253314894412839,-6.369373989992222,-0.0440444003944766
SZ002202,har_x,411,0.0622056995491648,0.2024798913777173,0.2533579344618616,-6.905798671789061,0.238639873222741
SZ002236,har_x,415,0.0681842597544475,0.2134350085328124,0.1576927827519125,-6.599459905916829,0.1702831716004558
SZ002241,har_x,417,0.0575145125353157,0.1933232398856051,0.2723839826077232,-5.992143712707424,0.0428283778227324
SZ002304,har_x,417,0.0723630823380371,0.2134355346407677,0.3600408079895069,-7.0141280954349705,0.3713025213755638
SZ002415,har_x,415,0.053889719001369,0.1854850399321082,0.1596352286876998,-6.9312726288198645,0.1713870811016933
SZ002456,har_x,414,0.1957295736513172,0.2623402432612064,-0.0887861644630649,-5.848776972372707,-0.0883286849596383
SZ002475,har_x,417,0.0472697205856009,0.1746768633325736,0.1250430564975253,-6.289701018484255,0.0757985151758994
SZ002594,har_x,417,0.0810613133786836,0.224266535111573,0.5203459930414057,-6.857849495473548,0.5304973812477909
SZ002673,har_x,417,0.1429417264938658,0.294163795322498,0.3950904987439622,-6.92124131181779,0.405150359565158
SZ300124,har_x,406,0.0480019584191783,0.1691611589807924,0.4002613048680844,-6.733233824574719,0.4206151490928465
SH600000,ewma,417,0.1603154188730419,0.2762340946119789,0.0546049918442098,-8.050046821207,0.0626900601777762
SH600009,ewma,417,0.1338205584775944,0.2399986730079902,0.2376738189853005,-7.1814319782154685,0.242986944498447
SH600010,ewma,417,0.1774537852748076,0.2984863001530583,0.1294465641278236,-7.325068363530682,0.1324426121719955
SH600015,ewma,417,0.2006778121026967,0.32699482860941,-0.0174967362601499,-8.53744150204411,-0.0143603857305747
SH600016,ewma,417,0.158462983915738,0.2853163586125279,0.0963034024319337,-8.734319830653353,0.101626341394409
SH600018,ewma,414,0.1888270033944264,0.321212409596786,0.3847048662675463,-7.3704833854916,0.4022731031283957
SH600028,ewma,417,0.1981970217787973,0.3277797457587384,-0.1565635267842748,-8.679533021198226,-0.2047238681817176
SH600029,ewma,417,0.2432154159880968,0.3684965401507964,-0.2298328099405482,-7.326467458033952,-0.2114231675544704
SH600030,ewma,410,0.2268116342689758,0.3308731200759729,0.1152127373830103,-7.1295121670242265,0.119051102706071
SH600031,ewma,417,0.1429454501964255,0.231247438180852,0.1456661522128831,-6.880896817433733,0.1469586714321563
SH600036,ewma,417,0.1377975949297068,0.2326711268625405,0.076700745064707,-7.633399012946901,0.0780061669481836
SH600038,ewma,417,0.1486932594352451,0.2671092202030491,0.3446421604820711,-7.072820847805843,0.3462476646030372
SH600048,ewma,417,0.1308054474590547,0.2264099767866332,0.1318000254553596,-7.099704594139381,0.1353259126354397
SH600066,ewma,417,0.1832792601584397,0.3163504809767076,0.2259247760043621,-6.8846920810340935,0.2300825379812691
SH600068,ewma,417,0.2378901730634296,0.3703378657308864,0.0231876057755469,-7.566541359138917,0.0204171925035023
SH600085,ewma,417,0.1809785070986605,0.2756981212869649,0.2049684933265226,-7.531476774705057,0.2079734760373833
SH600089,ewma,417,0.1670451507496154,0.304381955896775,0.5828078229798457,-7.546822725283206,0.5890771555803227
SH600104,ewma,417,0.1397841182288519,0.2639022371170267,0.2557576442764974,-7.405015523516355,0.256281287505071
SH600109,ewma,412,0.1805220679585593,0.2991256902856666,0.3854587855642285,-6.864598152497921,0.3982680380035784
SH600111,ewma,414,0.1810654999423682,0.3062554986481471,0.2838243341644807,-6.969580522159809,0.3000112742921266
SH600115,ewma,416,0.2252298556812742,0.3483255477959802,0.0312262468880434,-7.26512190548728,0.0491257791083575
SH600118,ewma,417,0.1232897974473999,0.2612022616101043,0.5877005353800047,-6.678255663194006,0.5880458113739865
SH600170,ewma,417,0.1678370437325393,0.2962049083578809,0.2647718405728438,-7.990086394064991,0.2820904282299765
SH600177,ewma,417,0.1985629851322428,0.3255845608673011,0.1217613579032433,-7.960436814932565,0.1279556277579984
SH600188,ewma,417,0.2430544840305608,0.3700000137810382,-0.4096542958071745,-7.449262202901757,-0.3654733361834705
SH600196,ewma,417,0.1684174435745572,0.2676540799493428,0.3719234964640825,-6.722723867647371,0.3761438130941974
SH600208,ewma,416,0.324755816006476,0.3685439912975231,0.1418035313002599,-6.987196700755522,0.1610967844901949
SH600276,ewma,417,0.1277384537668686,0.2221111202335638,0.0517114211663238,-7.175617663735498,0.0301524014189792
SH600332,ewma,417,0.1526217359160636,0.2486974159495097,0.2371634006273187,-7.321938302501684,0.2387339122161238
SH600340,ewma,417,0.1643097537435862,0.2782344245418485,0.1363837450304533,-7.206483695859542,0.1933360883144295
SH600352,ewma,413,0.1815738909367739,0.2793151535868144,0.3070906841578671,-7.084736408785218,0.3268303204501767
SH600362,ewma,417,0.201019921065634,0.3114211880034109,0.1000748759929184,-7.443036872392417,0.1493029678766423
SH600369,ewma,417,0.2225890116150099,0.3357538661250774,0.2416266796210451,-6.834634534156507,0.2722121836869555
SH600372,ewma,417,0.1734086571953091,0.282362727711373,0.25861355263454,-6.969055866295247,0.2627160299404216
SH600383,ewma,417,0.1359231362435242,0.2310893448921988,0.1604236659523885,-6.8232431784399665,0.1642118134328152
SH600489,ewma,416,0.1825635405512626,0.3068635927121133,-0.0570006627860659,-7.211224390862856,-0.0235941457170467
SH600519,ewma,417,0.1426104216325389,0.2331533585162676,0.0913545065375457,-7.543325371143519,0.089570832374165
SH600547,ewma,417,0.1980540900105785,0.3085810827669111,-0.1536294868540308,-7.0348506494890595,-0.1280150846994789
SH600570,ewma,416,0.1609602687948438,0.2812623671754894,0.1266958680629809,-6.639826025715728,0.1271922522869063
SH600583,ewma,417,0.1506749646347868,0.2626522415151384,0.0339497844702335,-7.181788416106377,0.064581771725629
SH600585,ewma,417,0.1347207662332539,0.2266736664438335,0.1394365246522825,-7.3171188778894924,0.1481154362540738
SH600588,ewma,417,0.1611685487081979,0.2655449424567476,0.2078986218293782,-6.272927401610855,0.2124905000062781
SH600637,ewma,417,0.1505409904758116,0.274393572891666,0.2830838337784804,-7.4058176521565855,0.2940292812839038
SH600660,ewma,417,0.1623692315812396,0.283334304492478,0.3031907183404008,-7.338810237029124,0.3056989621516653
SH600674,ewma,417,0.1213503933612165,0.2327365797444685,-0.0391151052391607,-8.086903936369758,-0.0277217529628213
SH600703,ewma,415,0.1441924147043932,0.2540464300898286,0.0904765158163606,-6.040173769340358,0.0935454451698007
SH600705,ewma,417,0.1807998100916304,0.2945746339995555,0.3459249702712459,-7.197756812143401,0.3516206635312733
SH600741,ewma,417,0.1271639478385907,0.2334193341048975,0.1673021497320698,-6.654076698123642,0.1597244291372561
SH600837,ewma,417,0.2015602802563769,0.3192390131217889,0.1973235612432704,-6.961076363875926,0.218755259427703
SH600886,ewma,417,0.1231563841976559,0.2292583285421914,0.0193761811263858,-7.614345627203363,0.0386342435950568
SH600887,ewma,417,0.1252384623533446,0.2262016530095846,0.1632239005673574,-7.337111594307393,0.1660311428147396
SH600893,ewma,406,0.1659785715880275,0.275038630253431,0.4674263777783396,-7.084559037165028,0.4666442092089682
SH600999,ewma,411,0.1526915415827597,0.287871486055657,0.2927815992070056,-7.071752111520983,0.3032267845787617
SH601006,ewma,417,0.160268600596537,0.2771413750012076,-0.2265611698764134,-8.616476532250266,-0.278799525642226
SH601009,ewma,417,0.1753708252027757,0.2851058407602271,0.1525495993971155,-7.782867158168033,0.1438077761694406
SH601111,ewma,416,0.2238938955466852,0.3381145302006785,-0.2345051071551922,-7.143909325628991,-0.2117302215150407
SH601166,ewma,417,0.157333973052653,0.2749557340797174,0.0242800991092687,-7.937970544680874,0.0129379673354851
SH601169,ewma,417,0.1667361397291116,0.2978135354497223,-0.0181676651107971,-8.606152926958401,-0.0186940202962393
SH601186,ewma,417,0.1772958479378399,0.3108330593315275,0.1472630741962429,-7.602424325983967,0.1708340007007013
SH601225,ewma,417,0.1852994808678036,0.312049642224493,-0.08834767828737,-7.539996166875757,-0.0555551710478603
SH601288,ewma,417,0.1446190290763285,0.2735620790561987,0.0246778505543042,-8.970155517743285,0.0089105131070856
SH601318,ewma,417,0.1480955776752359,0.2792513060312039,0.1761372539085928,-7.90912060833673,0.1843166266709963
SH601328,ewma,417,0.1878796000518876,0.3286288964723939,0.1198662960356735,-8.854183273382686,0.110903577105428
SH601336,ewma,417,0.2153810818151495,0.3367817787564348,0.1082840005512338,-7.161472765825626,0.1775274750783017
SH601377,ewma,417,0.2232344904745843,0.330557814995113,0.2295757642934768,-6.967445666046742,0.2388993070701743
SH601398,ewma,417,0.1712121187373272,0.3060819026838522,-0.084588363719575,-8.666520181418251,-0.1068968446146809
SH601555,ewma,411,0.2363110623751901,0.3514977614960665,0.192104722040904,-6.683628113099224,0.2045362530022125
SH601601,ewma,417,0.1670351773318633,0.2774517090654901,-0.092457335763971,-7.305961963397185,-0.0860975612399306
SH601607,ewma,417,0.1976599433556677,0.3289533135133039,0.2474084037332569,-7.319211162167026,0.2492182732506083
SH601628,ewma,417,0.1702657121590444,0.2764190652590992,0.2437474868726157,-6.9927033115587145,0.2454577757510752
SH601633,ewma,416,0.2119227316974782,0.3245287781137073,0.223236270508193,-6.297317034078062,0.2442598629693314
SH601668,ewma,417,0.1408430034978195,0.2511047713994748,0.0755823504717068,-7.929080921790299,0.0759267501088333
SH601669,ewma,417,0.198121928351286,0.3131248497005112,0.1817932958022361,-7.628963259394896,0.1939123771387019
SH601688,ewma,417,0.2269813610266277,0.3484696447523807,-0.0003780787659775,-7.1109155123924985,-0.0011049463953747
SH601766,ewma,417,0.1420985653028485,0.2691277242944764,0.2572197997927501,-8.173998590639433,0.2550635098666044
SH601800,ewma,417,0.2678675153559748,0.3881375977390536,-0.0831675581932334,-7.434359769011341,-0.0888756851932768
SH601818,ewma,417,0.1682388952491736,0.2827233156406702,0.1555508654867234,-7.795567840052602,0.1645098182496304
SH601857,ewma,417,0.1976642365181947,0.3135179023399923,-0.3262765677697989,-8.77451760855436,-0.3311057791113863
SH601888,ewma,417,0.1424565197549014,0.2401633523534004,0.4593247860826946,-6.737745946114287,0.4625146275188238
SH601899,ewma,413,0.194912170562014,0.3134395793120908,0.2068781633251778,-6.9744684659940654,0.2585735097115377
SH601901,ewma,415,0.2505933349747457,0.3409189247427416,0.1245303568519518,-6.8224803746244165,0.1933738418127284
SH601933,ewma,417,0.1760984977325008,0.2695250808065227,0.0537940564706188,-7.120545256103259,0.1231735091316131
SH601939,ewma,417,0.1779518158637869,0.3052420457332062,0.0556970977029031,-8.336383361899015,0.0380342436515839
SH601988,ewma,417,0.1571672666845755,0.2978697791236339,0.0790319175082704,-8.941758181049162,0.0796519069317494
SH601998,ewma,417,0.2116166465430914,0.3405741671921924,0.0723901206008835,-8.09928470149176,0.075184878406719
SH603993,ewma,417,0.1742256354378161,0.3123832166919709,0.2049174291828696,-6.985727595700048,0.2256973719373864
SZ000001,ewma,417,0.0707817117392074,0.2011887630331498,0.0684589037455506,-7.226947146004925,0.0812609084310074
SZ000069,ewma,417,0.0746865710704719,0.2162306479112223,0.177316791194857,-7.353045343133565,0.211172506711506
SZ000157,ewma,417,0.0524738619370931,0.1794773287639387,0.3157456315275078,-7.1941708060002085,0.2132790196074698
SZ000166,ewma,417,0.1218979532192083,0.2719827818125925,0.3508158437418504,-7.33243201518174,0.3730285397332494
SZ000333,ewma,406,0.0620748241014236,0.1980943112321008,0.1517769020823917,-7.36248471133026,0.1431835996471375
SZ000338,ewma,417,0.0625839452379623,0.2015213500040208,0.2737904338053746,-6.974655406242744,0.2557198064643534
SZ000425,ewma,417,0.088466158656738,0.2224158745150675,0.1933915175197181,-7.01110357549727,0.2422513876577039
SZ000568,ewma,417,0.0716258904208557,0.2131687382528345,0.3286498677011393,-6.752482752813813,0.354690314763777
SZ000625,ewma,417,0.1426928417578923,0.3045213709433388,-0.952350561788869,-6.045204719641772,-0.5436125586182772
SZ000709,ewma,417,0.1539687596067258,0.3383707486889378,-0.0308689423642776,-8.015728278883312,-0.027375326557796
SZ000725,ewma,417,0.100949441706193,0.2587201588329707,0.2405740884475159,-6.680954982116337,0.2263508654001438
SZ000728,ewma,417,0.124793218968057,0.278622609893391,0.4309214267675066,-6.933354303593165,0.4528076799282726
SZ000768,ewma,417,0.102352007428752,0.2648540222871521,0.3748267571264227,-6.989399316371032,0.384332155020164
SZ000776,ewma,417,0.1278289760065658,0.2760830515364017,0.2192708070789326,-7.264606880826127,0.226888316961808
SZ000783,ewma,417,0.1374968232292673,0.2964862662893313,0.350387135366653,-6.908613998458851,0.3682946417656529
SZ000858,ewma,417,0.0691629556258794,0.2089890003446176,0.425335037342025,-6.950488769961229,0.4371208805069376
SZ000895,ewma,402,0.1090928080107861,0.2666273356969618,0.0470578849769243,-6.595581206583988,0.0666541917495412
SZ000963,ewma,417,0.1027071922112442,0.2514599571912823,0.0599332649484188,-6.842214950208875,0.050829397323068
SZ002007,ewma,417,0.1086464767688051,0.2624718124484032,0.1596058668080293,-6.372723127638255,0.1572524044460097
SZ002008,ewma,417,0.0574975599077602,0.1953298035180206,0.0003772547788866,-6.499698150552373,0.0248526509465575
SZ002024,ewma,417,0.1333676755239467,0.2907030838925745,0.374341976630886,-7.558490976956327,0.3889722363864538
SZ002142,ewma,417,0.0665049077821477,0.1881579371385821,0.2099867010573569,-7.051747591758756,0.0830548153849266
SZ002146,ewma,417,0.0776498124344392,0.2231353001623432,0.1940309043346099,-7.274335621978889,0.2082092188521556
SZ002153,ewma,417,0.0660661357715581,0.2045251767167228,0.1571741285408951,-6.425942348706616,0.1572380950803903
SZ002202,ewma,411,0.0667351464877819,0.2096966340605681,0.1989919255188786,-6.889128884445614,0.1671387609344972
SZ002236,ewma,415,0.0853684437802291,0.2386025160855711,-0.0545902614515698,-6.592684346634776,-0.0387731512554607
SZ002241,ewma,417,0.0718112260774055,0.2177448245557768,0.0915162796448201,-5.9538455420856335,-0.1691146357138937
SZ002304,ewma,417,0.0778019163483621,0.225107801388139,0.3119412563083426,-7.012539122751292,0.3201065622525252
SZ002415,ewma,415,0.0625730785561415,0.2001686332180009,0.0242255512632626,-6.922518160271291,0.026728504879347
SZ002456,ewma,414,0.1904506514064367,0.2640209381861381,-0.0594210695707557,-6.102482448495308,-0.0603119819203399
SZ002475,ewma,417,0.0766162559302578,0.2260878503683326,-0.418157845675142,-6.264765067835235,-0.5154401926656198
SZ002594,ewma,417,0.0806804546693363,0.2215068611058904,0.522599600815685,-6.853075852356028,0.5288936012655232
SZ002673,ewma,417,0.1508826440906225,0.2981748351630768,0.3614856401712237,-6.875225207260444,0.3784815105795394
SZ300124,ewma,406,0.0614171994184267,0.1984328820768633,0.2326506615374374,-6.692561761379247,0.2483139765940778
SH600000,garch,417,0.1616236414281869,0.2730846523910196,0.0468902811701833,-8.063374558716106,0.0530375328310728
SH600009,garch,417,0.1388191097516401,0.2518424041311551,0.2091989228505077,-7.1692609529070195,0.2161724454507847
SH600010,garch,417,0.169240444712374,0.2851901394988192,0.1697396006248589,-7.340489795309805,0.1747896256031605
SH600015,garch,417,0.1914455668371685,0.3184773381547138,0.0293135180853625,-8.617755859774334,0.0328030504330044
SH600016,garch,417,0.1540449119117728,0.2768744069375727,0.1214991708008869,-8.763368721425184,0.1258499583975421
SH600018,garch,414,0.180994988634527,0.3069940859310102,0.4102255835508728,-7.360608744432218,0.4162158474306542
SH600028,garch,417,0.2053843957103646,0.3294509384936041,-0.198504896377045,-8.676353634939723,-0.2476078751197059
SH600029,garch,417,0.2360761266200411,0.3620362414051628,-0.1937325805664185,-7.331058837492032,-0.1793938364056269
SH600030,garch,410,0.2210237274339601,0.3198378283103705,0.1377912363270396,-7.133434554066632,0.1432235046925608
SH600031,garch,417,0.1428304355813124,0.2306989189422147,0.1463535534456346,-6.874992880142972,0.1440237066201303
SH600036,garch,417,0.1375546610477361,0.2316712795737644,0.0783284996879748,-7.627093849764721,0.0788266920853882
SH600038,garch,417,0.1518044399540051,0.2625981931374517,0.3309297934866273,-7.1000576486197895,0.3325080398169122
SH600048,garch,417,0.1392276429391834,0.2394372088029695,0.0758990668676332,-7.079812061501607,0.0913019793258733
SH600066,garch,417,0.1892632705585143,0.3233784828674949,0.2006514625545714,-6.8651273641759145,0.2060200216142024
SH600068,garch,417,0.2508288350434341,0.3823268648429473,-0.0299404626267538,-7.571771745299265,-0.0274803676817849
SH600085,garch,417,0.1871219251179079,0.2835982650613048,0.177980698133226,-7.541689277670729,0.1824651463749348
SH600089,garch,417,0.1685984276823182,0.3076382879401041,0.5789285425448165,-7.564695123994997,0.5860861804013193
SH600104,garch,417,0.1429729709747433,0.2638898415255226,0.2387794688605168,-7.399805610206769,0.2405210057344209
SH600109,garch,412,0.1810092065506672,0.3015859339957787,0.3838004468061037,-6.8539579709503275,0.396550348522298
SH600111,garch,414,0.1671300347219354,0.2754907972576922,0.3389438411172011,-6.987399196265241,0.3446881777416618
SH600115,garch,416,0.2199266914398118,0.3396223053760959,0.0540365724109656,-7.263908464953928,0.0653057036215972
SH600118,garch,417,0.11695380775507,0.2480402955539883,0.6088890295788043,-6.697918477678007,0.6101909228351945
SH600170,garch,417,0.1641109765012532,0.2876892223242511,0.2810942774523085,-8.010249393735291,0.2938664820100951
SH600177,garch,417,0.1954640266286726,0.3197802913589962,0.1354679664449968,-7.967394501206137,0.1418034518389186
SH600188,garch,417,0.2507098655611379,0.3807899170546235,-0.4540535649819985,-7.445066278191067,-0.414159067537049
SH600196,garch,417,0.1654666465825892,0.2655422066738379,0.3829278569271308,-6.727629928066628,0.387218337088722
SH600208,garch,416,0.3034132569092075,0.3298638602684928,0.1982031643400145,-7.03760377373771,0.2081096811399765
SH600276,garch,417,0.1297036067247035,0.2289518042666985,0.0371227671578991,-7.164350363165378,0.0168169868466463
SH600332,garch,417,0.1514492549878634,0.244187804612332,0.2430237150755141,-7.322167986445639,0.2466709855678789
SH600340,garch,417,0.1634056441693386,0.2706720594981975,0.1411357680041618,-7.213612987756993,0.1874179513164239
SH600352,garch,413,0.176547716927202,0.270489079396477,0.3262712104786289,-7.0906239165770835,0.345699927427427
SH600362,garch,417,0.2240745520385469,0.3387480272183645,-0.0031359974730107,-7.441959812007555,0.0307492020949262
SH600369,garch,417,0.2203002251190715,0.3327410923836927,0.2494247043391989,-6.826625345416582,0.2804017767834843
SH600372,garch,417,0.1701747180126205,0.2747367379165903,0.2724398443573868,-6.993655295322869,0.2760758170336582
SH600383,garch,417,0.1328416229428519,0.2282775118770884,0.1794577002735369,-6.826985149623951,0.1852379412328169
SH600489,garch,416,0.1870547139045277,0.3005145905005018,-0.0830035174456211,-7.224800645890515,-0.0576379088636995
SH600519,garch,417,0.1420517811912385,0.2326687449955964,0.0949138966132687,-7.536965229876181,0.091720333747455
SH600547,garch,417,0.1965519171581892,0.2901870992291488,-0.1448795999076142,-7.0576165879324995,-0.1316930629225245
SH600570,garch,416,0.1575144303451819,0.2728285518174429,0.1453915684280983,-6.641977367969863,0.1480152062250516
SH600583,garch,417,0.1500087010218123,0.2529309379918845,0.0382215233651044,-7.173219104290037,0.0502137002192807
SH600585,garch,417,0.1313500184847388,0.2200161493420064,0.1609680411221363,-7.320541683531024,0.1647941578346557
SH600588,garch,417,0.1613647947282631,0.2654010756714812,0.2069341238289923,-6.263807367345845,0.2129291080420375
SH600637,garch,417,0.1478962014855206,0.2688477230862793,0.2956790211582852,-7.400619995215502,0.3137777770932691
SH600660,garch,417,0.1654369928880183,0.2849253658144658,0.2900253881133495,-7.349023308401644,0.2939407988031949
SH600674,garch,417,0.1248300857773479,0.2409302605634639,-0.0689114730220432,-8.073899815537784,-0.0547677306503278
SH600703,garch,415,0.1429944245136283,0.2564013060331172,0.0980330867674477,-6.035159528622919,0.1035846371309757
SH600705,garch,417,0.1637857976482976,0.2724337565496471,0.4074761449601923,-7.251430917664664,0.415801380235364
SH600741,garch,417,0.1311803402074983,0.2396297345834815,0.1410019180369429,-6.645526718111255,0.1317222994382545
SH600837,garch,417,0.191960874112807,0.3043034173347084,0.2355514160949278,-6.976330724093126,0.259049228530767
SH600886,garch,417,0.1245419281837384,0.2320175849709282,0.0083438871555834,-7.608384966518334,0.0204491429759878
SH600887,garch,417,0.1337460186295936,0.2321763240224953,0.1063809816846723,-7.328222581889895,0.1101790136447609
SH600893,garch,406,0.1681102577522236,0.2705489507227053,0.4605864597633587,-7.102714993890665,0.4593004904854812
SH600999,garch,411,0.1494154544865857,0.2827523669636093,0.3079553871784828,-7.06050550790137,0.3172501432616594
SH601006,garch,417,0.1772165828630061,0.2884166824730442,-0.3562667820701357,-8.608559531951585,-0.4129676906894939
SH601009,garch,417,0.1757869447506485,0.2847678208468773,0.1505387707593661,-7.784835913464352,0.1415984509993032
SH601111,garch,416,0.2152087522240821,0.3276291360007518,-0.186617004793363,-7.148898433287954,-0.1707799971031474
SH601166,garch,417,0.1545890869721523,0.2744062508234689,0.0413027415968271,-7.934208788251315,0.0306885987665685
SH601169,garch,417,0.1653520840981901,0.2952408655743683,-0.0097159839551201,-8.614575363599958,-0.0086361517456043
SH601186,garch,417,0.1721772511741197,0.2960399401261414,0.171881904921789,-7.63061491138498,0.1849745990134806
SH601225,garch,417,0.2383930987792772,0.3693605751659096,-0.4001905151653291,-7.486572826419253,-0.3667610727134702
SH601288,garch,417,0.1420986335665662,0.270199168834521,0.0416755968518353,-8.976184354232837,0.025882132151234
SH601318,garch,417,0.1433272136759203,0.2670419693707859,0.2026638897508487,-7.912998743644224,0.2052806818986751
SH601328,garch,417,0.1873549843066949,0.3259428531310313,0.1223238912128346,-8.874796090118172,0.114853461119874
SH601336,garch,417,0.2078225512980903,0.3277785510088997,0.1395776617102399,-7.166953974304761,0.2062137460808235
SH601377,garch,417,0.2170343671375826,0.3226594131255721,0.2509735566912404,-6.963332007165093,0.2607716026034107
SH601398,garch,417,0.1670371014751587,0.3024966467037038,-0.0581406147268566,-8.67393088036083,-0.0788448816135443
SH601555,garch,411,0.2391876221742792,0.3592603766535948,0.1822704000455952,-6.666754339250488,0.1948882620883592
SH601601,garch,417,0.1642298708644064,0.2743693768573168,-0.0741098374801183,-7.305198257310682,-0.0689378304499823
SH601607,garch,417,0.1971588296407146,0.326212134381005,0.249316397655774,-7.318211912888499,0.2510558113279837
SH601628,garch,417,0.16720477408887,0.2736291088573802,0.257342955265773,-6.990531785492237,0.2605118919179476
SH601633,garch,416,0.2056151159047854,0.3195919705299986,0.2463556741138788,-6.3174337485110375,0.2608696841513966
SH601668,garch,417,0.1406440310824311,0.2501978265477132,0.076888298285843,-7.948475179301983,0.0776707771894985
SH601669,garch,417,0.1916889422796787,0.3009604426055785,0.2083603314433757,-7.667307474891852,0.2159378138628218
SH601688,garch,417,0.2229135210305667,0.346266710776056,0.0175501684767971,-7.102434955103026,0.0165207150389525
SH601766,garch,417,0.145197646979251,0.2611698498777798,0.2410202237931555,-8.173304243880896,0.2352379800802859
SH601800,garch,417,0.2621186625494208,0.3832852520307382,-0.059921100523246,-7.4429097310569166,-0.0652495584495873
SH601818,garch,417,0.1554888528203328,0.2676805254915662,0.2195477330249693,-7.808803281466633,0.228519278924997
SH601857,garch,417,0.1970372559110936,0.3013127592257484,-0.3220696879503035,-8.777840164719779,-0.3287690910128753
SH601888,garch,417,0.1463547453817454,0.2532934448180498,0.4445295771423241,-6.715552715551716,0.4484445808052872
SH601899,garch,413,0.1975939114621624,0.3132513739771023,0.1959658264399089,-6.9783150015135185,0.2355191502358656
SH601901,garch,415,0.2444711906957709,0.3308466050972952,0.1459186011472559,-6.837211816327251,0.228756958761453
SH601933,garch,417,0.1717861350807469,0.2665380731997491,0.0769650841868343,-7.125696161033744,0.0998427949845806
SH601939,garch,417,0.1773021669390392,0.3030986394444035,0.0591444655318607,-8.351188469655618,0.0435586797119879
SH601988,garch,417,0.1601262682045452,0.2972520446800177,0.0616927729559521,-8.95900405702347,0.0631168242340497
SH601998,garch,417,0.1977322432604563,0.3309159058195319,0.1332516353490213,-8.207614875330602,0.14236256661306
SH603993,garch,417,0.164576850432754,0.2880709929869738,0.2489498746252895,-7.037915201841783,0.263910492236744
SZ000001,garch,417,0.0761398862627811,0.2036302488952596,-0.0020587433552001,-7.201455056098107,0.0080632227443802
SZ000069,garch,417,0.0723937673527153,0.2101307478385565,0.202572350429254,-7.352631207765707,0.2364688557180777
SZ000157,garch,417,0.0569104126129965,0.1862512940207429,0.2578934157981638,-7.177449326821928,0.1378954157446285
SZ000166,garch,417,0.1218851464400723,0.2693426941877939,0.3508840479888309,-7.318416289354358,0.3700712972383593
SZ000333,garch,406,0.0643440317607367,0.20100336231726,0.1207692531931101,-7.365456616376582,0.1141807344101143
SZ000338,garch,417,0.0610472757983201,0.1985423137738494,0.2916215891105251,-6.971028944146233,0.2720939115842716
SZ000425,garch,417,0.0880344533501379,0.2215800732770963,0.1973276798615975,-6.9992758702818065,0.2204822692719881
SZ000568,garch,417,0.0753239203826016,0.216239227689176,0.2939881987225664,-6.744168964919825,0.3250615011022105
SZ000625,garch,417,0.1880059824094801,0.3549168139413285,-1.572333558256542,-5.850205063281992,-1.0028560696678164
SZ000709,garch,417,0.1842423814839734,0.3755021659767821,-0.2335602977135542,-7.996559015538225,-0.2268907278512177
SZ000725,garch,417,0.0957954992881368,0.2404593626406116,0.2793463426845719,-6.671718165897504,0.2568998637815753
SZ000728,garch,417,0.1382326713243871,0.300795398882037,0.3696352091732314,-6.899859552899119,0.3837324316718414
SZ000768,garch,417,0.0938000889075605,0.2531390856541239,0.42706247549673,-7.022847116355478,0.4385732211464571
SZ000776,garch,417,0.1259838059038439,0.2719610251677979,0.2305403815533936,-7.253104883226621,0.2401439277997303
SZ000783,garch,417,0.1299411636150124,0.2851386845788303,0.3860843505526826,-6.9226010964797995,0.4039962689324073
SZ000858,garch,417,0.0730529141647292,0.2126968915032145,0.3930139362809142,-6.940352938957528,0.4038482442188429
SZ000895,garch,402,0.1199235655934974,0.2790732718575381,-0.0475504143818255,-6.555889300000814,-0.0237641615994648
SZ000963,garch,417,0.1067929636550252,0.2550372364926225,0.0225366840602723,-6.830709076716812,0.0177322355991914
SZ002007,garch,417,0.1262340793950701,0.2809272720376132,0.0235635532088771,-6.335844463971769,0.0329779598330562
SZ002008,garch,417,0.0594442550952694,0.198383397473266,-0.0334669777514771,-6.490230095912623,-0.0090241553656333
SZ002024,garch,417,0.1301936212833832,0.2858911473745322,0.3892321851796637,-7.561426095743952,0.4039834436875611
SZ002142,garch,417,0.0679733067922823,0.1898655202050296,0.1925435561099107,-7.045665322819027,0.0616152454091329
SZ002146,garch,417,0.0678244742051284,0.2104142149584324,0.2960133653221404,-7.304499563683474,0.3043189503030555
SZ002153,garch,417,0.072165289767752,0.2117031266158163,0.0793653582537965,-6.393184975094168,0.0628755430798797
SZ002202,garch,411,0.0700028556271611,0.21240674747969,0.1597702927892983,-6.8724987834017455,0.1371546280136172
SZ002236,garch,415,0.0837949271288798,0.2361420233139224,-0.0351519858632645,-6.5910950975912606,-0.0194589987391209
SZ002241,garch,417,0.0747156971260276,0.2224428040049318,0.054771820483632,-5.944592468013629,-0.2244287215088134
SZ002304,garch,417,0.0819186670820208,0.2268729277190944,0.2755338454007511,-6.997964775142371,0.2871914850111905
SZ002415,garch,415,0.0620866584338496,0.1994901295147193,0.0318108633117668,-6.922221288830826,0.0391032318603519
SZ002456,garch,414,0.1916991572242901,0.2675881012531366,-0.0663661409535405,-6.092408192958967,-0.066485495800576
SZ002475,garch,417,0.07956577108626,0.2272726065432579,-0.4727530227512704,-6.257990433789446,-0.5904211837523821
SZ002594,garch,417,0.0831463937534798,0.2256777138914349,0.5080082068038494,-6.838964769832305,0.5179186496377903
SZ002673,garch,417,0.1628779919313231,0.3168725555330631,0.3107229968361285,-6.825193633433548,0.3236933525034444
SZ300124,garch,406,0.0630223714020836,0.2016025169480203,0.2125955683153231,-6.685560328161489,0.2293454400800291
SH600000,egarch,417,0.1633327366238025,0.2755388113420909,0.036811587069789,-8.081770590956628,0.0452239248445256
SH600009,egarch,417,0.1398997944622035,0.2504477776970872,0.2030426621260193,-7.177044964540697,0.2098949835060255
SH600010,egarch,417,0.1828486334619535,0.2946104241855928,0.1029804979458285,-7.290399980862501,0.1122747775981306
SH600015,egarch,417,0.1713251303585412,0.2913140025281434,0.1313301697252367,-8.621495560065695,0.1358828525195784
SH600016,egarch,417,0.1580935869477448,0.2847211270502521,0.0984100318470712,-8.766098457343256,0.1044640348618148
SH600018,egarch,414,0.1755492786975557,0.305538299447418,0.4279704969568111,-7.398579216355729,0.4381954863494514
SH600028,egarch,417,0.1966572279154309,0.3197852441328512,-0.1475781777353704,-8.685732747766124,-0.1944258032131975
SH600029,egarch,417,0.1936046933289762,0.3133210629863353,0.0210266769187614,-7.381115513047184,0.0744604917995244
SH600030,egarch,410,0.223027834335848,0.3347420772106834,0.1299732587994393,-7.106742440786319,0.1341448243003463
SH600031,egarch,417,0.1420616951915841,0.2266074875422169,0.1509480399032552,-6.8881395221010555,0.1524093106815008
SH600036,egarch,417,0.1424304541344989,0.2403946798616455,0.0456587268481573,-7.629061039050872,0.0504596156359307
SH600038,egarch,417,0.164344110827918,0.2848948118305571,0.2756618435916133,-7.048747905883437,0.2770008497554196
SH600048,egarch,417,0.1384686411543438,0.2279307198505198,0.0809368182998384,-7.109888397525594,0.0897453273116387
SH600066,egarch,417,0.1825938390773372,0.3044752306931408,0.2288196342465172,-6.89580517845889,0.2317451978286347
SH600068,egarch,417,0.2132716557675999,0.3392900000161587,0.1242748953946248,-7.579793070169796,0.1224026676254623
SH600085,egarch,417,0.1799704154419075,0.2700390338248359,0.2093970005652106,-7.582189479981383,0.2195065450342408
SH600089,egarch,417,0.1728105740588283,0.3014155984141198,0.5684087848095094,-7.4859475249625005,0.5753539968392802
SH600104,egarch,417,0.1355477667799716,0.2586193888270489,0.2783129404141139,-7.417284794326267,0.2779251578185587
SH600109,egarch,412,0.1900802252258794,0.3160900045983246,0.3529204835092386,-6.803028924447727,0.3647364397897157
SH600111,egarch,414,0.183060536073197,0.2845463388712934,0.2759332873896004,-6.988018658403071,0.2996341754617012
SH600115,egarch,416,0.220377721923248,0.3340383307739545,0.0520965698616375,-7.284065258101962,0.0854447647084598
SH600118,egarch,417,0.1234079792545795,0.2545321260354017,0.5873053177964187,-6.681357672846907,0.5884520950482979
SH600170,egarch,417,0.1736685115415326,0.3037539531027393,0.2392264707985927,-7.975899458524752,0.2511884124067802
SH600177,egarch,417,0.191762277919806,0.3207567153606613,0.1518406995467544,-7.986535866964151,0.1585470901348361
SH600188,egarch,417,0.2322354234271767,0.3573845517834464,-0.3469064912686621,-7.462771986053451,-0.2964554368659826
SH600196,egarch,417,0.1710776303649565,0.2709998979643239,0.3620029040206589,-6.739393587746761,0.3674339443313904
SH600208,egarch,416,0.3230374187739545,0.3423772200410064,0.1463445506264356,-7.009976629484415,0.1547352728012816
SH600276,egarch,417,0.1174527451558454,0.2110001353331479,0.1280691639870245,-7.184819069476366,0.1100153772046071
SH600332,egarch,417,0.1525201310571132,0.2540179173200178,0.2376712437901307,-7.315929445862966,0.2402848691816611
SH600340,egarch,417,0.1569136072063887,0.261726108304866,0.1752580798044463,-7.239522290486021,0.2208641062249275
SH600352,egarch,413,0.1869253348123221,0.2850863153940455,0.286668886203089,-7.08572771203044,0.3094286878290591
SH600362,egarch,417,0.1972571475555111,0.2987110399834543,0.1169200443710427,-7.480819199943515,0.171170028863031
SH600369,egarch,417,0.2263437227730166,0.3464812343546139,0.2288341668761372,-6.798211369606653,0.2524370899608186
SH600372,egarch,417,0.173520962285594,0.2815906176504277,0.2581334066415197,-6.979878602548212,0.2621256881813172
SH600383,egarch,417,0.1392889750732525,0.2335629398490557,0.1396333965121993,-6.84267108289816,0.1479491945608728
SH600489,egarch,416,0.1887648847414443,0.2959973970969282,-0.0929050109346276,-7.230014959988059,-0.0651143830894287
SH600519,egarch,417,0.1381407316677468,0.2324260489965354,0.1198332361927146,-7.548917231509717,0.1210194961960776
SH600547,egarch,417,0.2023831292363891,0.2916964433828652,-0.1788453624785939,-7.074728657733087,-0.1665991931862729
SH600570,egarch,416,0.1547379928913848,0.2746103631020223,0.1604553746618973,-6.627940312134038,0.1609351617880239
SH600583,egarch,417,0.1552203803019513,0.2543897328050162,0.004806921914533,-7.182162148428337,0.0082439198102551
SH600585,egarch,417,0.138481984123365,0.231250694690998,0.115410779924481,-7.310502069505343,0.1208981640807308
SH600588,egarch,417,0.1554220676469137,0.2562123331114085,0.2361410773503732,-6.262149090313523,0.2406003343176713
SH600637,egarch,417,0.1412737027772773,0.2609375698575584,0.327217118321819,-7.427447502901094,0.3417480193281509
SH600660,egarch,417,0.1579843683393299,0.2760615832799256,0.3220084055094255,-7.355309457854453,0.3255758757362583
SH600674,egarch,417,0.1192772602507136,0.2403707481968068,-0.0213630084339806,-8.076576601295567,-0.0039069683093184
SH600703,egarch,415,0.1618068917636519,0.2619520786237457,-0.0206304420624825,-6.0373836779682994,-0.0014925037765449
SH600705,egarch,417,0.1753680082169733,0.2889735011279181,0.3655754664241258,-7.23995969886433,0.3735204825854387
SH600741,egarch,417,0.1285078483994655,0.2278381763987879,0.1585019895684771,-6.67223196855203,0.1543348926974708
SH600837,egarch,417,0.2066669019421048,0.3347823752833173,0.1769873873524414,-6.939950458842491,0.1992234325056904
SH600886,egarch,417,0.1183290236973221,0.2213324426012588,0.0578136906372163,-7.6364179207549885,0.0708869046326081
SH600887,egarch,417,0.1251729273355214,0.2198088761788169,0.1636617703364354,-7.341230461169749,0.169104588405473
SH600893,egarch,406,0.1713306736632012,0.2761454004129626,0.4502531465509362,-7.1015630695794485,0.451306100853431
SH600999,egarch,411,0.1549802201362761,0.2865867804907387,0.282181171902591,-7.033692876782203,0.2882477961312047
SH601006,egarch,417,0.1688181459054373,0.2863937956333159,-0.2919922041336795,-8.615326249398512,-0.3448336037265218
SH601009,egarch,417,0.1764798666321262,0.2835260332644878,0.1471903407946565,-7.776793775860059,0.138062459172548
SH601111,egarch,416,0.2153644833913829,0.324349422823011,-0.1874756745704313,-7.160722655697317,-0.1514750386363674
SH601166,egarch,417,0.1594701953208367,0.2736840394082998,0.0110321365786634,-7.938871027940292,-0.0009942046393744
SH601169,egarch,417,0.1739882838016586,0.3092467967720989,-0.0624525970361047,-8.610882386930413,-0.0614585266527469
SH601186,egarch,417,0.1832589840001746,0.2992388720729749,0.1185822766869426,-7.621610237112643,0.1397427509186652
SH601225,egarch,417,0.1845886032308186,0.3083949481311746,-0.0841723723332699,-7.543143738814404,-0.0465191230366828
SH601288,egarch,417,0.1542375852188232,0.2864493848950402,-0.0401904514345765,-8.965936345778601,-0.0543432813526176
SH601318,egarch,417,0.1488555464879329,0.2810831694658222,0.1719095112386163,-7.913239775255901,0.1840368151733127
SH601328,egarch,417,0.1712523749915628,0.3061643059588435,0.1977575688239411,-8.879337175032793,0.1915237170273593
SH601336,egarch,417,0.197489965602378,0.3173186801787516,0.182356404870467,-7.182839863102641,0.2511573276924178
SH601377,egarch,417,0.2308220008387365,0.3449021887741442,0.2033898381814772,-6.926268535907906,0.2134100343588634
SH601398,egarch,417,0.1687963402559104,0.3029874472158957,-0.069284977197686,-8.68052775023293,-0.0896222049773247
SH601555,egarch,411,0.2596427813747707,0.3944795140767063,0.1123387330221491,-6.5479344499079,0.1346337022834395
SH601601,egarch,417,0.1721585821886721,0.2872790785567776,-0.1259658536062289,-7.305933736173044,-0.1095321014341133
SH601607,egarch,417,0.2019394488923214,0.3339006852449416,0.2311141569152901,-7.30653106789874,0.2342494357598665
SH601628,egarch,417,0.170239820766859,0.2758094803521254,0.2438624861297197,-6.989860763570189,0.2473252659328501
SH601633,egarch,416,0.2178624727569896,0.3316500710682382,0.2014652439616503,-6.297245371401274,0.2282296158857673
SH601668,egarch,417,0.1458950328458823,0.2486799038169108,0.0424235496843007,-7.9232842228717315,0.0471543969874337
SH601669,egarch,417,0.1939787237555016,0.2998790151489709,0.1989039599540759,-7.6682019116905344,0.2080852704848922
SH601688,egarch,417,0.219529500359845,0.3379473349588379,0.0324646093884621,-7.115074372343546,0.0316483326551122
SH601766,egarch,417,0.1499741248003039,0.2685886468593188,0.216052532214808,-8.179778886651523,0.2128405613553459
SH601800,egarch,417,0.2579525836232536,0.3778531626331539,-0.0430748564697258,-7.418005858022498,-0.0463451444661044
SH601818,egarch,417,0.1708518605541242,0.2836935537259129,0.1424354899547413,-7.806420756521094,0.1505463812734265
SH601857,egarch,417,0.1758984958961584,0.2800981427062756,-0.1802340045036574,-8.815904811664264,-0.1794949444656117
SH601888,egarch,417,0.1311983151535193,0.2216205729497873,0.5020538390712833,-6.7750515474725175,0.5094932985756513
SH601899,egarch,413,0.1851554050538477,0.2887006324261534,0.2465796542968785,-7.021857259462749,0.2573035346168425
SH601901,egarch,415,0.2403149621627583,0.3411480262838307,0.1604387475470197,-6.789205044177467,0.1765080910443129
SH601933,egarch,417,0.1707542669623758,0.2636042626093622,0.0825094798467244,-7.134247815250176,0.0893275498361202
SH601939,egarch,417,0.1536159206686459,0.265174150207727,0.1848357431908479,-8.339056593177565,0.1706562396305222
SH601988,egarch,417,0.1558999123401574,0.2910597297956802,0.0864583551185823,-8.95472538718317,0.0876834674110618
SH601998,egarch,417,0.1955819129843344,0.3326863218298826,0.1426774893198028,-8.204755516222864,0.1511016110299001
SH603993,egarch,417,0.1681699580191539,0.2963636030267734,0.2325526480642358,-7.034433206284875,0.2593526216324563
SZ000001,egarch,417,0.0665898787975493,0.1924380301763305,0.123626609609674,-7.235956513038748,0.1589382824364736
SZ000069,egarch,417,0.0766674823556716,0.2163680992669139,0.1554967714897248,-7.338780837415799,0.177962818336908
SZ000157,egarch,417,0.0515086356573701,0.1767731453277136,0.3283320940839835,-7.1970029743422534,0.2182390159766445
SZ000166,egarch,417,0.1374166958725712,0.2859462983266896,0.2681686655936346,-7.235246436421847,0.2806010129571449
SZ000333,egarch,406,0.0645041993340662,0.201182202543364,0.1185806390938816,-7.363111178948714,0.1142513016013618
SZ000338,egarch,417,0.0596825301958459,0.1970777939247139,0.3074577801363604,-6.980663069357855,0.2925797183027244
SZ000425,egarch,417,0.084563541424247,0.2196784597337359,0.2289744365861518,-7.020888105916832,0.2464471641334394
SZ000568,egarch,417,0.0679741113434803,0.2066714607622655,0.3628780267134331,-6.759519026930951,0.3990010096783485
SZ000625,egarch,417,0.2466535799312862,0.4066915711710694,-2.3747611261617325,-5.585904139809007,-1.706120909515232
SZ000709,egarch,417,0.1278125398730394,0.3111006859739424,0.1442551194388101,-8.057852858420075,0.1564853811244199
SZ000725,egarch,417,0.0842601815433849,0.2253967890541887,0.3661246254100161,-6.706291561248359,0.364242866051345
SZ000728,egarch,417,0.1783298502555642,0.3504410989947116,0.1867851667951836,-6.781229139149515,0.1890453713061122
SZ000768,egarch,417,0.094138176278325,0.2515226847950024,0.4249974141142986,-7.008599991464173,0.4354805948912437
SZ000776,egarch,417,0.1470860457266645,0.3026484850506354,0.1016561865892463,-7.219187652682212,0.1060939921312827
SZ000783,egarch,417,0.1336736428876445,0.2896506737176327,0.368450004569022,-6.9129742176668545,0.3851139975638
SZ000858,egarch,417,0.0643078389755298,0.2047880776280713,0.4656754971058543,-6.96803664583507,0.4879964741848939
SZ000895,egarch,402,0.1174611919487196,0.2767262600919967,-0.0260412095880544,-6.569231528101141,-0.0128627038999702
SZ000963,egarch,417,0.0876010410328226,0.2343833645534776,0.198198073008664,-6.84690205895619,0.2009185319231977
SZ002007,egarch,417,0.1141849622910673,0.272416111189017,0.1167649862005296,-6.357461764989185,0.1279077419655918
SZ002008,egarch,417,0.0582794426775288,0.1966812808992306,-0.013216153393756,-6.502513940075445,0.0135784320063
SZ002024,egarch,417,0.1202185080064752,0.2780943444873525,0.4360277046426442,-7.59244957753052,0.4547646551859051
SZ002142,egarch,417,0.0709886129797309,0.2009451311813602,0.1567246659270735,-7.048027014751741,0.021360380660058
SZ002146,egarch,417,0.0709879274029063,0.2132285767719925,0.2631781860337739,-7.306463685203892,0.2661579500669819
SZ002153,egarch,417,0.0644329148980396,0.2022314917726023,0.1780096260303826,-6.427405703738738,0.1855753583158318
SZ002202,egarch,411,0.0632371672549374,0.2005635553965115,0.240977442256879,-6.900733352659723,0.2209984339558267
SZ002236,egarch,415,0.090017121969987,0.2450245009983912,-0.1120172277924547,-6.582868466417249,-0.0908242428503729
SZ002241,egarch,417,0.0628467127757147,0.2019151512215654,0.2049263248474329,-5.986723037683203,-0.0207564898206558
SZ002304,egarch,417,0.0701432933754686,0.2142725054975884,0.3796720108766797,-7.022510651785896,0.3967132545964023
SZ002415,egarch,415,0.0615396357528675,0.1972512862792498,0.0403412212116566,-6.923203899074952,0.0433403714750308
SZ002456,egarch,414,0.1901820170469328,0.2604394547599107,-0.0579267354828045,-6.106956427516732,-0.0584034795269696
SZ002475,egarch,417,0.0672068409768606,0.2158949309700834,-0.2439906865343974,-6.271760842021519,-0.3190882570381588
SZ002594,egarch,417,0.0815414435012916,0.2254863207121315,0.5175049789056658,-6.867623097997209,0.5280854292904049
SZ002673,egarch,417,0.1858264261604559,0.3441991961815597,0.2136084156382622,-6.7396318472986385,0.2236255379907925
SZ300124,egarch,406,0.0610278760197101,0.1959332069122916,0.2375148861403513,-6.691301367840312,0.2511288843954017
SH600000,har_pooled,417,0.1465004838301619,0.2604490962455494,0.1360729549343872,-8.003282582031403,0.1482134372150771
SH600009,har_pooled,417,0.1387383301499662,0.2438967955865423,0.209659094336478,-7.021570813534619,0.2174401434729626
SH600010,har_pooled,417,0.1665636379298339,0.2861672640078483,0.1828714892351666,-7.269537628019807,0.1881818191379572
SH600015,har_pooled,417,0.1485445772761094,0.2697706337421008,0.24683441092014,-8.638924876570481,0.254162179331441
SH600016,har_pooled,417,0.1449237226320356,0.2622915953890434,0.1735162887055699,-8.69689510824128,0.1818899663214582
SH600018,har_pooled,414,0.1639523979484271,0.2945464028188728,0.4657590767846102,-7.214730109849122,0.47958670462066
SH600028,har_pooled,417,0.1397534269332273,0.2546720777480137,0.1844795906445199,-8.667032450089692,0.1564557832007644
SH600029,har_pooled,417,0.1633413652288514,0.2807568590725081,0.1740549448199654,-7.202320693631948,0.1775107180992868
SH600030,har_pooled,410,0.1865662804330525,0.2967980378147273,0.2722089892212669,-7.005085454051251,0.2785441081238508
SH600031,har_pooled,417,0.1449736316033812,0.2259769447454961,0.1335444370898497,-6.651824165360321,0.1111691578884171
SH600036,har_pooled,417,0.1287375290903739,0.2232856971103237,0.1374068266431842,-7.537578534643604,0.1419380391296082
SH600038,har_pooled,417,0.153752954651923,0.256854460476207,0.3223418158772421,-6.889809051284837,0.3270709430743044
SH600048,har_pooled,417,0.1361699008003588,0.2357268727704715,0.0961943351355892,-6.975239130803455,0.0973043778620491
SH600066,har_pooled,417,0.1731932412406079,0.2746406475564465,0.2685228165371299,-6.283056252646673,0.2705028942279691
SH600068,har_pooled,417,0.1810964212749737,0.2854627639142064,0.2563911885342128,-7.317376623985561,0.2653112614732252
SH600085,har_pooled,417,0.1731512787242168,0.2798660445147182,0.2393532015848301,-7.370552059858825,0.259750416370889
SH600089,har_pooled,417,0.1501037148008506,0.2766485113150151,0.6251187461859116,-7.497085030391426,0.6321219353967243
SH600104,har_pooled,417,0.1445663685817412,0.2644315466318603,0.2302958585358104,-7.149584004412197,0.2340302089057363
SH600109,har_pooled,412,0.1816556701618905,0.2909037094063526,0.3815997267654883,-6.640033513395857,0.386716463349925
SH600111,har_pooled,414,0.1858036922277389,0.2909264273783192,0.2650831713481948,-6.65867727501786,0.2534029597979782
SH600115,har_pooled,416,0.1759884152492741,0.2910778425889599,0.2430268312806109,-7.097015712658996,0.2423518796636575
SH600118,har_pooled,417,0.1603114515970632,0.2720303618775738,0.4638946041409254,-6.27156847142874,0.4582768099351675
SH600170,har_pooled,417,0.1438533431018494,0.2701848014518495,0.3698350118418416,-7.995806807521061,0.3789351547028753
SH600177,har_pooled,417,0.1791795054716142,0.3051100434713908,0.2074939572843568,-7.898832656947736,0.2168109763888825
SH600188,har_pooled,417,0.155390887629857,0.2599083856510766,0.0987723055165867,-7.379944207433679,0.1045408953218768
SH600196,har_pooled,417,0.1706033033482917,0.271507284878382,0.3637718042475975,-6.498572650651003,0.3668082077042529
SH600208,har_pooled,416,0.3664626307652012,0.3563305944826906,0.0315895200877912,-2.9536524024672124,0.0092554885109022
SH600276,har_pooled,417,0.13098051813082,0.2256608083323967,0.0276433937437452,-6.880334835942443,0.0056024125990898
SH600332,har_pooled,417,0.1639803248973783,0.2471031851935497,0.1803907047844185,-6.697244584857483,0.1839333179414194
SH600340,har_pooled,417,0.1263478193438162,0.2330828886934614,0.3359126401250862,-7.247123417420954,0.33638774577402
SH600352,har_pooled,413,0.1608539227027939,0.2687609634713458,0.3861607472556342,-6.904345439976468,0.3872432538697316
SH600362,har_pooled,417,0.1680168455566728,0.2786668583618202,0.2478229034648805,-7.343891308382775,0.238136737673506
SH600369,har_pooled,417,0.2076060921827504,0.3184495253287371,0.2926743314182766,-6.717629178075827,0.3036082074688153
SH600372,har_pooled,417,0.1637888318415757,0.2748105542029891,0.2997418807043885,-6.864730970559407,0.3039590542189053
SH600383,har_pooled,417,0.141238738732872,0.2385949738574089,0.1275900058809695,-6.691539051758005,0.1353905604348371
SH600489,har_pooled,416,0.1543332196538909,0.2770895077817897,0.1064463639810692,-7.140565659134465,0.1180247175594185
SH600519,har_pooled,417,0.1319317326909573,0.2330264390428416,0.1593940121485547,-7.429587672518291,0.1587425177064099
SH600547,har_pooled,417,0.1500887169017413,0.26207854619466,0.1257601928206199,-6.964540228639486,0.1296478303591711
SH600570,har_pooled,416,0.1558198574500903,0.2585387458546235,0.1545856230990571,-6.316138228361473,0.1626795925276339
SH600583,har_pooled,417,0.1363766720363987,0.2333415047744312,0.1256230672870624,-7.0578469222678,0.1224101069972373
SH600585,har_pooled,417,0.1392875403361907,0.2270294846622505,0.1102650828394671,-7.16890303258536,0.1099582038827149
SH600588,har_pooled,417,0.1565242110858493,0.2514873069065281,0.2307243298278575,-5.983699646823184,0.2361369780666574
SH600637,har_pooled,417,0.1614976620854133,0.2686073289188919,0.2309052545086309,-6.8456052503252245,0.232857932961889
SH600660,har_pooled,417,0.1585663859583344,0.2585674233847383,0.3195106707165571,-7.179059043431582,0.3231833575517059
SH600674,har_pooled,417,0.1240378820663183,0.2387412348192484,-0.0621278869144403,-7.982036453413241,-0.0499083220515901
SH600703,har_pooled,415,0.1681892414291164,0.2695237872419415,-0.060888432865342,-5.61063106136495,-0.0494240910030514
SH600705,har_pooled,417,0.1715837274799209,0.2827947359028809,0.3792657658460945,-7.053347157729934,0.3848248144577314
SH600741,har_pooled,417,0.1382592057186765,0.2314636811130103,0.0946479301835947,-6.418786578541086,0.0823775259650214
SH600837,har_pooled,417,0.1711715993390956,0.2886822873144832,0.3183408477154461,-6.925259331619132,0.3288807188883477
SH600886,har_pooled,417,0.1201672721162676,0.2204145289594958,0.0431767702991559,-7.537839263574615,0.0399229857765381
SH600887,har_pooled,417,0.1188410711881191,0.2107585689251252,0.2059678302291481,-7.188716416302418,0.2107292220274966
SH600893,har_pooled,406,0.1732397203307842,0.2761245432746039,0.4441276094468551,-6.772577540253347,0.4424686485142191
SH600999,har_pooled,411,0.1554002182939375,0.265761478492826,0.2802358747216316,-6.920248670310081,0.2889076710878049
SH601006,har_pooled,417,0.1318267302873607,0.240261742906557,-0.0088909987384102,-8.559223754947402,-0.0592469153235106
SH601009,har_pooled,417,0.1608228226690728,0.2777186011527673,0.2228504066203409,-7.703981391861777,0.2186507009333794
SH601111,har_pooled,416,0.1656561176586657,0.2752729357066294,0.0866060783757178,-6.968077465197207,0.0877989658713734
SH601166,har_pooled,417,0.1449225794811015,0.2609513357195874,0.1012504029196057,-7.860024032108898,0.0962669943668004
SH601169,har_pooled,417,0.1358856947729979,0.2589542730243526,0.1702193609990031,-8.57684888423328,0.1785718347651423
SH601186,har_pooled,417,0.1559706706637482,0.2711518263650149,0.2498304288322331,-7.509340043396704,0.2664026801650843
SH601225,har_pooled,417,0.1511331395837223,0.2565033316035146,0.1123267004964119,-7.27082559889129,0.1182694212599928
SH601288,har_pooled,417,0.1337629367977367,0.2507974464435488,0.0978921939457859,-8.932380554162075,0.091489241914201
SH601318,har_pooled,417,0.1219559014372396,0.2217588993779563,0.3215535167398967,-7.798078926414966,0.3217472200632312
SH601328,har_pooled,417,0.1472929018061946,0.2812707657267394,0.309997215245629,-8.84350053927613,0.3106992821528661
SH601336,har_pooled,417,0.1536962028275776,0.2568182668470939,0.3636703745712473,-7.037096966318918,0.3832100467223859
SH601377,har_pooled,417,0.2031022537387284,0.3054651545673229,0.2990559018264823,-6.736769458207088,0.2994527828280845
SH601398,har_pooled,417,0.1373954643702618,0.2606433848946318,0.1296321604871012,-8.677446579879987,0.1146733497789143
SH601555,har_pooled,411,0.1907709631156061,0.303693677036616,0.3477962532786269,-6.587487233287092,0.3508382043028607
SH601601,har_pooled,417,0.1360922075699307,0.2388772010057099,0.1099184442765708,-7.183719455551477,0.1124751404265177
SH601607,har_pooled,417,0.1866370922737535,0.3021203548671429,0.2893779851786041,-6.990257875855475,0.2933330522381691
SH601628,har_pooled,417,0.1523681506005665,0.2410286215761957,0.3232413305585832,-6.713176627208845,0.3267456431258422
SH601633,har_pooled,416,0.1788720481832699,0.2990697175384051,0.3443774618429561,-6.319098650148181,0.3593407957276551
SH601668,har_pooled,417,0.1403813275433065,0.2540645076450485,0.0786125428853563,-7.824830850257446,0.0938449150171392
SH601669,har_pooled,417,0.1803834072702315,0.2898594135354227,0.2550500876770762,-7.533758190061742,0.2633480674914499
SH601688,har_pooled,417,0.1639228360821597,0.2744930275571151,0.2775406267543536,-7.0738558955976805,0.2816478697534521
SH601766,har_pooled,417,0.1417704136789816,0.2621705256458802,0.2589351199182892,-8.039922489854568,0.2735951064468085
SH601800,har_pooled,417,0.1912114766560665,0.3016748572875547,0.2268040863677115,-7.347390613404678,0.2325349212483602
SH601818,har_pooled,417,0.1518801233455841,0.261750541934232,0.2376611929185969,-7.796204732195159,0.2409381234833201
SH601857,har_pooled,417,0.1396676887004846,0.2610781983483036,0.0628654628629872,-8.756840396802858,0.0819843361094148
SH601888,har_pooled,417,0.1428026544240715,0.2386152207158056,0.4580110769129093,-6.493298472706774,0.4633755042424453
SH601899,har_pooled,413,0.179604852068577,0.2779995813545152,0.2691655439596186,-6.802935322498439,0.2165814641046128
SH601901,har_pooled,415,0.2120148485539511,0.3092902919592604,0.2593076594622088,-6.67950506332956,0.2648319047285129
SH601933,har_pooled,417,0.1675697691934204,0.2604272290448078,0.0996203056342266,-6.87249964337761,0.0946350246511761
SH601939,har_pooled,417,0.1480036027391849,0.2616928418799579,0.2146175584742652,-8.326052407620159,0.1998053692627618
SH601988,har_pooled,417,0.1383974647626791,0.2663699184491153,0.1890191231740098,-8.930724450918433,0.1976487447757648
SH601998,har_pooled,417,0.1637965336241,0.2813790194157423,0.2820069437679826,-8.114814759989883,0.2871095220118913
SH603993,har_pooled,417,0.1761598001679711,0.2822360196831353,0.1960908253241948,-6.678445292604905,0.1969004635537452
SZ000001,har_pooled,417,0.0633023991348333,0.1916032126995658,0.1668923393253386,-7.2562408273489964,0.181425322233269
SZ000069,har_pooled,417,0.0661068779426929,0.2006983522223969,0.2718233319525601,-7.335214988983955,0.2923467661327932
SZ000157,har_pooled,417,0.0626030568930553,0.1907180576911555,0.1836618541597264,-7.1388419855139835,0.0508826193560747
SZ000166,har_pooled,417,0.1087385750855894,0.2597114263929562,0.420897904719468,-7.357442362913141,0.4310790099552066
SZ000333,har_pooled,406,0.0549759227655933,0.1809982073620685,0.2487800296796778,-7.356246403461561,0.2429901685312393
SZ000338,har_pooled,417,0.0581408422417512,0.1902433784065356,0.32534716911773,-6.974989186104893,0.3160983494561588
SZ000425,har_pooled,417,0.0795248876913872,0.2149128178279956,0.2749154031988811,-6.9827579881178625,0.14869408558143
SZ000568,har_pooled,417,0.0700413918684039,0.2083400443148413,0.3435013872643242,-6.702387007002853,0.3695968792313715
SZ000625,har_pooled,417,0.0810673016740544,0.2208043024379942,-0.109178218165902,-6.301951079112208,-0.0325928111022399
SZ000709,har_pooled,417,0.0970116463473215,0.247042761722268,0.350476723183837,-8.051588971620626,0.3557416291273626
SZ000725,har_pooled,417,0.0999293101506859,0.2409357215699589,0.2482483689918222,-6.640251038848362,0.2247675722880922
SZ000728,har_pooled,417,0.1152152120827567,0.2564144987442186,0.4745987879075612,-6.884451059382508,0.4873663976926278
SZ000768,har_pooled,417,0.079664332183156,0.2195000280167532,0.5134046694006418,-7.019759423294977,0.5078569810201181
SZ000776,har_pooled,417,0.0970329121182777,0.2405383996229306,0.4073610731185649,-7.310418815425333,0.4108025106908429
SZ000783,har_pooled,417,0.1111999582645804,0.2612212661334351,0.4746284187605399,-6.943898400351219,0.483688346591953
SZ000858,har_pooled,417,0.0744697266416519,0.2117842591037635,0.3812418469915504,-6.883990541365147,0.3966464498423834
SZ000895,har_pooled,402,0.0709186757981228,0.2111111956840593,0.3805146815634528,-6.730436509680103,0.3967047179563547
SZ000963,har_pooled,417,0.0898135675861683,0.2351545309132637,0.1779470801771128,-6.823026324861631,0.1698116186240617
SZ002007,har_pooled,417,0.0753352012233614,0.2152145556694507,0.4172727637945125,-6.461429600565449,0.422669905341402
SZ002008,har_pooled,417,0.0572884806903085,0.1938163313559465,0.0040121975773804,-6.489022597047753,0.0174615450275006
SZ002024,har_pooled,417,0.1008398072757487,0.255024166906718,0.5269375862688775,-7.609715569849381,0.535501676135899
SZ002142,har_pooled,417,0.0591269267352382,0.1782797388610794,0.2976299042552094,-7.078788941135516,0.1701921121585663
SZ002146,har_pooled,417,0.061382753488049,0.1939063279030883,0.3628754433890643,-7.2989721582956095,0.386282530066092
SZ002153,har_pooled,417,0.0813065336901996,0.2179639278168085,-0.0372522823147019,-6.3244484959991984,-0.0557946391270649
SZ002202,har_pooled,411,0.0604482002620885,0.1998789255933337,0.274452832636704,-6.905150951338852,0.2582572024327245
SZ002236,har_pooled,415,0.0668695236853844,0.2102595251661129,0.1739342391193559,-6.593422304442937,0.2004970921503469
SZ002241,har_pooled,417,0.0613434024117555,0.1982209643351048,0.223944702152758,-5.976196586987733,-0.0189970210668264
SZ002304,har_pooled,417,0.0718944074075289,0.2116275453130728,0.3641856401353035,-7.010701967370254,0.3725917734039744
SZ002415,har_pooled,415,0.0531936856046862,0.1828075823244175,0.1704892831728257,-6.926581583622081,0.1808204275464978
SZ002456,har_pooled,414,0.2037866795578848,0.2655352054800068,-0.1336054795672414,-5.504832369659649,-0.1290192170779804
SZ002475,har_pooled,417,0.0510078622022158,0.1788998566203753,0.0558504968053249,-6.273079702442426,-0.0073212342194539
SZ002594,har_pooled,417,0.0799906852213,0.2214615863253152,0.526681087604366,-6.852640521506104,0.5346120343434699
SZ002673,har_pooled,417,0.1229441241598347,0.2723943486264623,0.4797175698652447,-6.969901919997963,0.4924039663280569
SZ300124,har_pooled,406,0.048544676626725,0.1691537112795407,0.393480558408199,-6.728796697924277,0.415498224586488
SH600000,examm,417,0.1375217705686024,0.2484364291781352,0.18902126618736,-8.12599112160281,
SH600009,examm,417,0.1224381527179439,0.22977382425103,0.3025151708091826,-7.198494299056055,
SH600010,examm,417,0.1519137560070655,0.2666980411643829,0.25474093413451,-7.379958763716044,
SH600015,examm,417,0.1721519915432047,0.3020325593811303,0.1271377353553384,-8.70996168184297,
SH600016,examm,417,0.1659319217511544,0.2951535598240298,0.0537088889214322,-8.802955314800343,
SH600018,examm,414,0.1578332317236153,0.2882132642744778,0.485698455861458,-7.391177863494383,
SH600028,examm,417,0.1579173877418322,0.2839593496552907,0.0784851897971764,-8.723013410279396,
SH600029,examm,417,0.1559414576717624,0.2737388498241417,0.2114730051319004,-7.342659063601885,
SH600030,examm,410,0.1686146059729452,0.2769306325792789,0.3422380816712317,-7.1668465063170785,
SH600031,examm,417,0.1261305259159884,0.2150340703216807,0.2461629427089409,-6.888797895394434,
SH600036,examm,417,0.1217491663191417,0.2138776398260654,0.1842316652275416,-7.638007627199698,
SH600038,examm,417,0.1348852840750956,0.2385260062775477,0.4055000967094039,-7.041664232974189,
SH600048,examm,417,0.1233153778305507,0.2203548300373753,0.1815141496537445,-7.09620206785578,
SH600066,examm,417,0.1404017740877903,0.2549987650812094,0.4070167315579562,-6.944711224074833,
SH600068,examm,417,0.1655270601660441,0.2758497452374348,0.3203212984059795,-7.5711664664078,
SH600085,examm,417,0.16004942648686,0.2745750101066597,0.2969091262715138,-7.61469872524399,
SH600089,examm,417,0.1423165730285955,0.2683262618261858,0.6445669888565488,-7.610521928523107,
SH600104,examm,417,0.1225911998008021,0.2436561898852567,0.3472966422312216,-7.406910548807059,
SH600109,examm,412,0.1605932502905636,0.2772470791976938,0.4533013488056964,-6.856800349739184,
SH600111,examm,414,0.1663230750652153,0.2725683446844573,0.3421356411544133,-6.913339878590845,
SH600115,examm,416,0.1664633544881593,0.2827287960702921,0.2839966611206778,-7.271893747120786,
SH600118,examm,417,0.1317976720855524,0.2582449103084052,0.559248934104069,-6.653560149843383,
SH600170,examm,417,0.1376950377930456,0.2617993725166676,0.3968121283155897,-8.097877551796378,
SH600177,examm,417,0.1686100830856119,0.3026091987833098,0.2542422228679328,-8.086216715210885,
SH600188,examm,417,0.1440157851894469,0.2462736989355455,0.1647450115307437,-7.498220249892136,
SH600196,examm,417,0.1519480371744019,0.262003066200843,0.433342592773678,-6.750702194905652,
SH600208,examm,416,0.2851779466614382,0.3121966651993025,0.2463916126724308,-6.951250665610104,
SH600276,examm,417,0.1138617313958424,0.2190313068588123,0.1547276778066791,-7.17426028203397,
SH600332,examm,417,0.1293902238736198,0.2290565619934542,0.3532795458039772,-7.315034018691541,
SH600340,examm,417,0.1183397877816181,0.2155713312624485,0.3780030581912957,-7.324815960308594,
SH600352,examm,413,0.1486565046067982,0.2568044703163636,0.4327076631383795,-7.091501870151028,
SH600362,examm,417,0.1582835029322548,0.2677249210005549,0.2913970901516957,-7.452630059406004,
SH600369,examm,417,0.18096413620054,0.2962092984431753,0.383444978509179,-6.935422423013725,
SH600372,examm,417,0.1495364131303199,0.2593252145885331,0.3606762668279253,-6.993674259638466,
SH600383,examm,417,0.1271694062613818,0.2234098723946042,0.2144941114318269,-6.843989405901502,
SH600489,examm,416,0.1412871191058911,0.2693440347268568,0.1819802678721223,-7.242584965552936,
SH600519,examm,417,0.1185921577203753,0.2182525411286974,0.2443874126516096,-7.5583302361215345,
SH600547,examm,417,0.1378379888558889,0.2514914307441062,0.1971184824089348,-7.107698031401249,
SH600570,examm,416,0.1322765777729909,0.2431605782778341,0.2823217630502497,-6.6347682431058495,
SH600583,examm,417,0.1216925871808983,0.2223365618307265,0.2197698512195971,-7.235006678962251,
SH600585,examm,417,0.1277683248159332,0.2165499748599747,0.1838470288048637,-7.319262717835011,
SH600588,examm,417,0.1301409825001588,0.2334061226835079,0.3603910166027874,-6.289507842379727,
SH600637,examm,417,0.1301844530443548,0.2529256065296473,0.3800270698152447,-7.428116823670774,
SH600660,examm,417,0.1407227680074094,0.2466090466171554,0.3960867466485995,-7.39466281667314,
SH600674,examm,417,0.1165832242843092,0.2295766331077867,0.0017058369913124,-8.105777034861777,
SH600703,examm,415,0.1428697649424265,0.2520005485869067,0.0988194028005676,-5.997309271792312,
SH600705,examm,417,0.1557547394360512,0.2678846207863305,0.4365299068876315,-7.231080363870651,
SH600741,examm,417,0.1191291204367804,0.2210284318929912,0.2199159889410695,-6.669846341331676,
SH600837,examm,417,0.1565252757292513,0.2710252511185074,0.3766671154755171,-7.038217123506821,
SH600886,examm,417,0.1138757717167183,0.2191345791440843,0.0932723880655006,-7.657553506832357,
SH600887,examm,417,0.1052914369337193,0.2033998424686549,0.296499204433878,-7.36291966814546,
SH600893,examm,406,0.1551962334912933,0.2599995596107484,0.502023547769954,-7.061870565944982,
SH600999,examm,411,0.1341216548563202,0.2482995723852029,0.3787913772041809,-7.058495793583384,
SH601006,examm,417,0.1347121868908573,0.250903997724386,-0.0309738584753713,-8.666617404483002,
SH601009,examm,417,0.1509772862621965,0.2622554440231017,0.2704273269120151,-7.833013979410398,
SH601111,examm,416,0.1584780670277336,0.2675616947163783,0.1261843801497226,-7.133283866922953,
SH601166,examm,417,0.1332003469478603,0.2450486888924147,0.1739468164381568,-7.979004178323828,
SH601169,examm,417,0.1474075670796502,0.2732176534008741,0.0998615019096179,-8.66751725114191,
SH601186,examm,417,0.1417645296247414,0.2521619399758716,0.3181574718963467,-7.635552023085196,
SH601225,examm,417,0.1312157293316844,0.2426636143195068,0.2293106612921109,-7.549604892884652,
SH601288,examm,417,0.1671348862576558,0.3017839746168301,-0.1271708678540737,-8.983874347946863,
SH601318,examm,417,0.1125647887340187,0.2111972921442809,0.3737967236065876,-7.943474958383699,
SH601328,examm,417,0.1829862449647143,0.322932538288218,0.1427895231263055,-8.895458377858112,
SH601336,examm,417,0.1439764262859947,0.246425342258001,0.4039119788019982,-7.1882688587453725,
SH601377,examm,417,0.1783812202197605,0.284085160433279,0.3843728405944844,-6.997615735535245,
SH601398,examm,417,0.1505240432806719,0.2830537887193785,0.0464657116199473,-8.742557830577926,
SH601555,examm,411,0.169078166286943,0.2860769033669612,0.4219591297324502,-6.76354912445307,
SH601601,examm,417,0.1254411226188726,0.2267586406380696,0.1795795544360831,-7.323043998583183,
SH601607,examm,417,0.1552618217542738,0.2813753534305035,0.4088395438671416,-7.374138848772883,
SH601628,examm,417,0.1294498282534752,0.2204088189824191,0.4250353949763296,-7.013916700252925,
SH601633,examm,416,0.1580101048857499,0.2774301842486432,0.4208430715037484,-6.481834706364555,
SH601668,examm,417,0.1288369099700403,0.2435867510993657,0.154383884685924,-7.931885157809647,
SH601669,examm,417,0.1661879010552006,0.2690989596548843,0.3136748873207848,-7.655080341954201,
SH601688,examm,417,0.1458506116977978,0.2528584710440381,0.3571905902001836,-7.186110004020562,
SH601766,examm,417,0.1368416210522112,0.2517220666279559,0.2846989942142046,-8.182159950052826,
SH601800,examm,417,0.1781348479452993,0.2808042881652316,0.2796816440335528,-7.483294516272561,
SH601818,examm,417,0.1451755802043965,0.2542401337278377,0.2713136110737296,-7.885507766269056,
SH601857,examm,417,0.1557691232328337,0.2880911251026288,-0.0451710525122579,-8.824241580011368,
SH601888,examm,417,0.1286625883678283,0.2281715224984843,0.511677860665017,-6.747677345876732,
SH601899,examm,413,0.163989530826897,0.2655528024033553,0.3327062260409779,-7.025897214204955,
SH601901,examm,415,0.1915236963213958,0.2925327183008246,0.3308952846260441,-6.889872159697298,
SH601933,examm,417,0.1456430418212554,0.2495798744942511,0.2174361872506982,-7.128021462645019,
SH601939,examm,417,0.1484435925410986,0.2611195091657596,0.2122827486555991,-8.433581918871068,
SH601988,examm,417,0.1799077979432924,0.3230544473131012,-0.0542229510784284,-8.968300586066443,
SH601998,examm,417,0.1617842838788419,0.2808513140707953,0.2908275293599563,-8.214671596171657,
SH603993,examm,417,0.1549398374018654,0.2712169285315364,0.2929285984011702,-6.975772030009091,
SZ000001,examm,417,0.0606830529696504,0.1847012730846333,0.2013649246617113,-7.256898322604388,
SZ000069,examm,417,0.0654125506591928,0.1999200277872181,0.2794714457883372,-7.337746203372402,
SZ000157,examm,417,0.059872470067482,0.1892600699634841,0.2192684570457855,-7.175932968833738,
SZ000166,examm,417,0.0964247128149403,0.2465941875889827,0.4864770557826109,-7.410001968192758,
SZ000333,examm,406,0.0546147759693013,0.1778022262961429,0.253714929758545,-7.353708906648216,
SZ000338,examm,417,0.0593649032029987,0.1921019048716855,0.3111434499964212,-6.973795317386841,
SZ000425,examm,417,0.0724342972568884,0.2096763460597153,0.3395653267075096,-7.020638328629095,
SZ000568,examm,417,0.064764719912944,0.2034759774294098,0.3929596822269544,-6.736186160998065,
SZ000625,examm,417,0.0735557889726749,0.2114964976162745,-0.006404274765819,-6.340738731816964,
SZ000709,examm,417,0.0979530422465155,0.2507840755124567,0.3441737835652613,-8.059989352916858,
SZ000725,examm,417,0.0924381295114773,0.2342420676574641,0.3046032788296873,-6.687903317953126,
SZ000728,examm,417,0.1040644180540075,0.2436625485335061,0.5254483293230628,-6.937787545820347,
SZ000768,examm,417,0.0764195290034947,0.2151706044542004,0.5332241548926822,-7.031349684075484,
SZ000776,examm,417,0.0863237927061495,0.2287236201028967,0.4727681695119268,-7.35050394568952,
SZ000783,examm,417,0.0990705220403988,0.2498735953203,0.5319347450226353,-6.994736574678579,
SZ000858,examm,417,0.0708356580609066,0.2106411776678374,0.4114367955207474,-6.9221877544146855,
SZ000895,examm,402,0.069718396586221,0.2091158454392913,0.3909993013258741,-6.736652104209266,
SZ000963,examm,417,0.0909409843427715,0.2390464036123476,0.1676279684712591,-6.825173397879086,
SZ002007,examm,417,0.0769029193467511,0.2166820851560458,0.4051462673578258,-6.454803665240893,
SZ002008,examm,417,0.0564224256619555,0.1929057870051129,0.0190689809668601,-6.494592169063167,
SZ002024,examm,417,0.0971804937250411,0.2503366391515307,0.5441042563336376,-7.6205899676674,
SZ002142,examm,417,0.0620773842571206,0.1834455237020829,0.2625813528326911,-7.072198800897399,
SZ002146,examm,417,0.0597361755216658,0.1895337448467729,0.3799661601970272,-7.298286482057222,
SZ002153,examm,417,0.0737167791350976,0.2130514869467892,0.0595725345503774,-6.3875491839067795,
SZ002202,examm,411,0.0624037692598635,0.2027364458176675,0.2509805449462966,-6.900727065536098,
SZ002236,examm,415,0.0681165084624178,0.2124599656736933,0.1585297413470487,-6.594546915128588,
SZ002241,examm,417,0.0584121918595964,0.1922332858774476,0.2610274427356778,-5.985985205927867,
SZ002304,examm,417,0.0712962142757794,0.2105388593325253,0.3694758956204464,-7.013071884420218,
SZ002415,examm,415,0.0541316074329642,0.1847322739537834,0.1558631823629555,-6.926167506332217,
SZ002456,examm,414,0.1651298342679016,0.2418736973401626,0.0814312035887878,-6.065761654550599,
SZ002475,examm,417,0.0474562747375195,0.1744844616758868,0.1215899611853825,-6.28541676838033,
SZ002594,examm,417,0.0809036746665863,0.2215564101999173,0.5212787689459366,-6.849276512062307,
SZ002673,examm,417,0.110888349372763,0.2611071910892183,0.5307359316311188,-7.026010466693987,
SZ300124,examm,406,0.0504492309484644,0.1732017120916607,0.3696849683667835,-6.726386825065634,
SH600000,examm_gs,417,0.1351112614654905,0.2508980218758704,0.2032362636543273,-8.119480270638242,
SH600009,examm_gs,417,0.1167744712450046,0.2254081949931583,0.3347790674545728,-7.190034941605164,
SH600010,examm_gs,417,0.1472939650746893,0.2698415629057109,0.2774047215705632,-7.383179088433874,
SH600015,examm_gs,417,0.1777766027930707,0.3161278091104622,0.0986192682188616,-8.707151996759885,
SH600016,examm_gs,417,0.1699898614626837,0.3049048463745626,0.0305669145635888,-8.790086192590874,
SH600018,examm_gs,414,0.1577459226590628,0.2938413258282097,0.4859829535317288,-7.324540259465771,
SH600028,examm_gs,417,0.163970955353478,0.2953276733693335,0.0431600600665887,-8.711768987270212,
SH600029,examm_gs,417,0.1560239581238043,0.2772465403467531,0.2110558368272362,-7.288936221075863,
SH600030,examm_gs,410,0.1655160730839697,0.279395655012649,0.3543253912212971,-7.10843647746212,
SH600031,examm_gs,417,0.1267881218619392,0.2158138953630388,0.242232726853722,-6.822167884121387,
SH600036,examm_gs,417,0.1172347624783586,0.2165493695851963,0.2144799849082902,-7.641022539242358,
SH600038,examm_gs,417,0.130972384588385,0.2411967986767791,0.4227459985317271,-7.0394003751121135,
SH600048,examm_gs,417,0.1214126249206756,0.2257807185223272,0.1941433639564243,-7.071514445795764,
SH600066,examm_gs,417,0.1438124604073856,0.2615499915778961,0.3926117859326997,-6.885375751119898,
SH600068,examm_gs,417,0.1668303038537394,0.2779381629607431,0.3149699861998374,-7.4785445560178285,
SH600085,examm_gs,417,0.1598354071509932,0.2768246308219322,0.2978493048472976,-7.571589432540614,
SH600089,examm_gs,417,0.1396597678800883,0.2710719077891934,0.6512023106174628,-7.6074830827040625,
SH600104,examm_gs,417,0.1216534414723152,0.2466089601156705,0.3522894803042118,-7.382599584073931,
SH600109,examm_gs,412,0.1594637227321352,0.2810821845640677,0.4571465365178969,-6.781441459247384,
SH600111,examm_gs,414,0.1670897592309256,0.2786263169266331,0.339103144389221,-6.829427512108128,
SH600115,examm_gs,416,0.1668279515767893,0.2851213397713714,0.282428431682989,-7.203893129561288,
SH600118,examm_gs,417,0.157852610998081,0.2763329442530913,0.472117333706028,-6.447422919731564,
SH600170,examm_gs,417,0.1313360491963044,0.2596169014298392,0.424668359442079,-8.099490449380212,
SH600177,examm_gs,417,0.1654834568602054,0.302456715013483,0.2680712049852004,-8.06808422638777,
SH600188,examm_gs,417,0.1416907623046435,0.252300854129568,0.1782295539389429,-7.481568202083948,
SH600196,examm_gs,417,0.152761954190063,0.2625892695028281,0.4303072649447139,-6.699023448225814,
SH600208,examm_gs,416,0.3031476204477273,0.3302676834631798,0.1989051325942048,-6.587890523318682,
SH600276,examm_gs,417,0.113223559728351,0.2218040710034132,0.1594652559264353,-7.142411095879144,
SH600332,examm_gs,417,0.1354508579731069,0.2360446105728428,0.3229871796560948,-7.232181949252092,
SH600340,examm_gs,417,0.110080349249461,0.2151791987766347,0.4214148777015609,-7.3325343975084625,
SH600352,examm_gs,413,0.1492974265345634,0.2632427949138293,0.430261822647851,-7.007025379675773,
SH600362,examm_gs,417,0.1551476501985947,0.2718723908624633,0.3054356622755281,-7.432451570950687,
SH600369,examm_gs,417,0.1884465809284527,0.3063782375261762,0.3579518671840175,-6.801265480798155,
SH600372,examm_gs,417,0.1499997492370917,0.2657915173493346,0.3586953327979202,-6.964766377359612,
SH600383,examm_gs,417,0.1279224904633462,0.2310593200812391,0.2098424259940983,-6.800359411005502,
SH600489,examm_gs,416,0.1470151097660033,0.2725113886341582,0.1488165271499113,-7.209592281591095,
SH600519,examm_gs,417,0.1130769663766501,0.2196039076560515,0.2795275777439732,-7.557627548491885,
SH600547,examm_gs,417,0.1371172567433796,0.2561271488609994,0.2013166174591569,-7.073742776454849,
SH600570,examm_gs,416,0.1374615554050519,0.2473259935977528,0.2541902096924998,-6.5554207407049425,
SH600583,examm_gs,417,0.1252879749985233,0.2285675518981328,0.1967180775918509,-7.171541442543218,
SH600585,examm_gs,417,0.1253546019378686,0.2196490575836835,0.1992653032591317,-7.284185122981057,
SH600588,examm_gs,417,0.1414630614234912,0.2450590010948206,0.3047459519123715,-6.185353169049954,
SH600637,examm_gs,417,0.1425316431217742,0.2629791158327538,0.321226472410286,-7.298521287331988,
SH600660,examm_gs,417,0.1418617628820035,0.2533132460768202,0.3911987380483817,-7.35986830332358,
SH600674,examm_gs,417,0.1144366338529737,0.2336561775200286,0.0200869438025851,-8.094413114308805,
SH600703,examm_gs,415,0.1576847711316434,0.2633530761877328,0.0053706865484483,-5.7606570681788805,
SH600705,examm_gs,417,0.1541740442312233,0.2711784306231786,0.4422483490838145,-7.163697005722503,
SH600741,examm_gs,417,0.1225248331670429,0.2269177359455153,0.1976801057471465,-6.606939709104332,
SH600837,examm_gs,417,0.1537551782710946,0.2771642275562673,0.3876985149153972,-7.017920361490733,
SH600886,examm_gs,417,0.1101581667936351,0.2219397381319279,0.1228735489024926,-7.647563337539346,
SH600887,examm_gs,417,0.1022245985976201,0.2026494470907256,0.3169901700066682,-7.346087812563908,
SH600893,examm_gs,406,0.1662068762192349,0.2743087435947742,0.466693819212202,-6.8467768760853,
SH600999,examm_gs,411,0.1485154583340493,0.2572778253915618,0.3121238816027247,-6.9367368200327375,
SH601006,examm_gs,417,0.1411550924309803,0.267416996159901,-0.0802824424854775,-8.648261361925117,
SH601009,examm_gs,417,0.1484234142873596,0.2707671869727217,0.2827684892784551,-7.833147990391313,
SH601111,examm_gs,416,0.1577335148654966,0.2696847635791398,0.1302896883564543,-7.049345976174893,
SH601166,examm_gs,417,0.1336053523003744,0.2573238401004042,0.1714351415929336,-7.976324422712151,
SH601169,examm_gs,417,0.1519732954479806,0.2861885243754724,0.0719810615931658,-8.660106562707586,
SH601186,examm_gs,417,0.1409602474633425,0.2617035579986223,0.3220258145888983,-7.638491284359441,
SH601225,examm_gs,417,0.1312387018807266,0.2462009720483519,0.2291757331190945,-7.528600472900157,
SH601288,examm_gs,417,0.1718769907472319,0.3130025841900305,-0.1591519949105164,-8.973179461452167,
SH601318,examm_gs,417,0.1104807126447347,0.2180901082503996,0.3853905380670455,-7.940212809304975,
SH601328,examm_gs,417,0.1857625607789347,0.3306281084391433,0.1297836985435956,-8.888277356657648,
SH601336,examm_gs,417,0.1396682362879021,0.2476372830848819,0.4217486519099059,-7.183203671335458,
SH601377,examm_gs,417,0.1882134756810066,0.2930704288205681,0.3504398767281131,-6.638360597107509,
SH601398,examm_gs,417,0.1506547592026001,0.2905631709649063,0.0456376571053385,-8.741920580804601,
SH601555,examm_gs,411,0.1729880452602785,0.2962733363189454,0.4085921179294473,-6.664130826275756,
SH601601,examm_gs,417,0.1222981694982081,0.2288105658534291,0.2001353573961415,-7.309154026874642,
SH601607,examm_gs,417,0.1613931964873378,0.2889278230290629,0.3854942923238735,-7.306950213466536,
SH601628,examm_gs,417,0.1279682460326448,0.2230074178105477,0.4316159934051032,-6.991121520706613,
SH601633,examm_gs,416,0.1571575849111152,0.2818016686089434,0.4239678264069122,-6.453159203348074,
SH601668,examm_gs,417,0.1311075985412781,0.2549524909015925,0.1394803073714366,-7.923345697760163,
SH601669,examm_gs,417,0.1637691255628819,0.2786043746690206,0.3236639800993255,-7.661950474099018,
SH601688,examm_gs,417,0.1437341046713613,0.2600388533467258,0.3665187007693719,-7.16909842877856,
SH601766,examm_gs,417,0.1351392608476623,0.2576962663148844,0.2935976023800559,-8.190095664796418,
SH601800,examm_gs,417,0.1757132242641126,0.2895486816158315,0.2894738885546108,-7.4882715906011965,
SH601818,examm_gs,417,0.1432203111119177,0.2634470289561973,0.2811277821097371,-7.89026046413232,
SH601857,examm_gs,417,0.1688130994295053,0.3094730761572858,-0.132692802955971,-8.80357644443728,
SH601888,examm_gs,417,0.1293462149391813,0.2324667838897205,0.5090832448247468,-6.680480803597106,
SH601899,examm_gs,413,0.1675263425696471,0.2744873571775289,0.318314499668557,-6.9544385125222785,
SH601901,examm_gs,415,0.1941165294099889,0.2993222316268754,0.3218369963876845,-6.738875552578201,
SH601933,examm_gs,417,0.1456969386721952,0.2542709307054302,0.2171465906819976,-7.0687754988433795,
SH601939,examm_gs,417,0.1503784287266014,0.2752638488686199,0.2020155231340668,-8.426290565152666,
SH601988,examm_gs,417,0.1870510894714913,0.3380706605933362,-0.0960811804679351,-8.952951799794471,
SH601998,examm_gs,417,0.1600071594531545,0.2911215983731846,0.2986174561030464,-8.225680597997135,
SH603993,examm_gs,417,0.1666867661797178,0.2806400372597243,0.2393212270839101,-6.7441096760258645,
SZ000001,examm_gs,417,0.0602294839258859,0.185095197875116,0.20733423783419,-7.260294967623982,
SZ000069,examm_gs,417,0.0676822960309976,0.2015898110019908,0.2544698775159749,-7.321659951133582,
SZ000157,examm_gs,417,0.067395225420186,0.1914387079442159,0.1211724141204825,-7.080698483206876,
SZ000166,examm_gs,417,0.1052879070671166,0.256145612005173,0.4392749073428907,-7.355047801463268,
SZ000333,examm_gs,406,0.0551809055662736,0.1802500356235104,0.2459790367049927,-7.353108690205591,
SZ000338,examm_gs,417,0.0595472170577594,0.1915345347123629,0.3090279223659151,-6.971533180341034,
SZ000425,examm_gs,417,0.0803489977908666,0.2111321994099493,0.2674014090701543,-6.92476522282482,
SZ000568,examm_gs,417,0.0722272144602134,0.2074205652598975,0.3230136519276915,-6.653860404547991,
SZ000625,examm_gs,417,0.0824303986594676,0.2195176245582177,-0.1278283700057494,-6.242803564198921,
SZ000709,examm_gs,417,0.0996420698856749,0.2516848080321893,0.3328652159022389,-8.054217407251347,
SZ000725,examm_gs,417,0.1013278651657257,0.2428088913429501,0.2377272715077567,-6.5576557353514735,
SZ000728,examm_gs,417,0.1149383762378762,0.2545067279499806,0.4758612070432076,-6.858639655820954,
SZ000768,examm_gs,417,0.0806924111555004,0.2223901266384737,0.5071250909027007,-7.018246628687789,
SZ000776,examm_gs,417,0.093968357593933,0.2375885704302518,0.4260781688444307,-7.299067497932298,
SZ000783,examm_gs,417,0.1103331655069312,0.2607654541420475,0.4787236386581007,-6.900115563570225,
SZ000858,examm_gs,417,0.0761749737162297,0.2106944322805401,0.3670731964825171,-6.844586445173353,
SZ000895,examm_gs,402,0.0712647978545888,0.211971584780201,0.3774912532498988,-6.727728201674308,
SZ000963,examm_gs,417,0.0893940645382059,0.2362109294462343,0.1817867417641135,-6.824541112228773,
SZ002007,examm_gs,417,0.0792116509380152,0.2182216212040072,0.3872879387482194,-6.441404897530901,
SZ002008,examm_gs,417,0.055627633331695,0.1906393965608433,0.0328868280603769,-6.491735809262082,
SZ002024,examm_gs,417,0.0984826961929219,0.2533072970152609,0.5379953291226025,-7.614500153535881,
SZ002142,examm_gs,417,0.0617703258932241,0.1815496767368769,0.2662289060602579,-7.072305173243359,
SZ002146,examm_gs,417,0.0602544149633104,0.1906839526480148,0.3745870747745979,-7.297707760542883,
SZ002153,examm_gs,417,0.0829857713438791,0.214522467254658,-0.0586748299228006,-6.219770914083428,
SZ002202,examm_gs,411,0.0611821176810971,0.2005770847542429,0.265643774598061,-6.9037851625644375,
SZ002236,examm_gs,415,0.0673809894967372,0.2117175940288196,0.1676158989946752,-6.59107788028085,
SZ002241,examm_gs,417,0.0628812163720283,0.1987598691087826,0.2044898198988768,-5.969542661073029,
SZ002304,examm_gs,417,0.0707216641644629,0.2088280037951183,0.3745570587374349,-7.011832258618573,
SZ002415,examm_gs,415,0.0531074228334486,0.182716842329251,0.1718344784228153,-6.92624199962842,
SZ002456,examm_gs,414,0.1885131786944269,0.255788981357186,-0.0486434775926574,-5.817965746296728,
SZ002475,examm_gs,417,0.0494802187554883,0.1776099472014434,0.084126996525474,-6.2771436641633445,
SZ002594,examm_gs,417,0.0837902487429219,0.2255460403605143,0.5041984039186748,-6.837490383504265,
SZ002673,examm_gs,417,0.1216959800812666,0.2733495377064652,0.4849995419708126,-6.9503565230726165,
SZ300124,examm_gs,406,0.0505479465699919,0.1728123437806025,0.3684516108123471,-6.723213765035172,
SH600000,lstm32,417,0.1406541704748352,0.25052972190158035,0.17054921118655375,-8.087731047741578,
SH600009,lstm32,417,0.13629015015412105,0.2420199866854989,0.22360546945179105,-7.12201145171678,
SH600010,lstm32,417,0.16792182014634915,0.28701112737307316,0.176208513896,-7.326328868445333,
SH600015,lstm32,417,0.155065002307556,0.2767359444254611,0.21377389905283606,-8.691848424367315,
SH600016,lstm32,417,0.14876331437089516,0.26576057481861604,0.15161952830944536,-8.778672766035232,
SH600018,lstm32,414,0.157153466634051,0.29026129132183986,0.48791347884107117,-7.370306794714226,
SH600028,lstm32,417,0.13778719908175266,0.2541596425830957,0.19595336254055273,-8.714869634525293,
SH600029,lstm32,417,0.15593889907135935,0.276490840415984,0.21148594284273814,-7.334253121674446,
SH600030,lstm32,410,0.1790015179486084,0.28794529654052575,0.3017189634892604,-7.145772402555052,
SH600031,lstm32,417,0.1383489930987696,0.2224847522625659,0.1731375328901461,-6.822332397652386,
SH600036,lstm32,417,0.1283418837078977,0.22381977418983193,0.1400578096813515,-7.609160209708233,
SH600038,lstm32,417,0.143847765641325,0.24899949074260755,0.36599842341047895,-7.005741163399369,
SH600048,lstm32,417,0.1336775331963767,0.23057064461051835,0.11273702148671039,-7.064952070918668,
SH600066,lstm32,417,0.1550728921765511,0.26915195015941196,0.34505364303933983,-6.851606955906118,
SH600068,lstm32,417,0.16860872685879502,0.27210830410065806,0.3076675171186578,-7.5350166345635365,
SH600085,lstm32,417,0.17132426494821523,0.27836662344714114,0.24737920167917193,-7.488431218602637,
SH600089,lstm32,417,0.14387857016147323,0.2683570388592745,0.6406659298827313,-7.590176186443794,
SH600104,lstm32,417,0.13303733867016587,0.2564378417249927,0.29167902916575217,-7.359365466477004,
SH600109,lstm32,412,0.16901986628547871,0.2812570812438067,0.424615089637162,-6.811239685986467,
SH600111,lstm32,414,0.16828182772783518,0.2726589082070431,0.3343881078429577,-6.903171449823168,
SH600115,lstm32,416,0.1684141683046902,0.28747793676180056,0.27560568996391577,-7.2609130771198895,
SH600118,lstm32,417,0.12919301297380079,0.24706777169884878,0.567959302516759,-6.650982562239399,
SH600170,lstm32,417,0.1469855689354296,0.2719357230293795,0.35611396085500957,-8.06108884215035,
SH600177,lstm32,417,0.18098287353049206,0.3169926164743168,0.19951770977692374,-8.039484804955155,
SH600188,lstm32,417,0.15178784074564095,0.25431718705300965,0.11966906263089405,-7.476147788091258,
SH600196,lstm32,417,0.16352630340612861,0.2679377619520943,0.3901639479879221,-6.654274297129846,
SH600208,lstm32,416,0.298744819933354,0.3231985875527138,0.21053992916317288,-6.933422691141411,
SH600276,lstm32,417,0.11960213016134778,0.2198695264780858,0.11211283140173933,-7.135260411633478,
SH600332,lstm32,417,0.1463242045495525,0.23512855072600264,0.26863983079133014,-7.13500564819579,
SH600340,lstm32,417,0.12536699655094996,0.2226034192256007,0.3410678697317585,-7.2901718878108355,
SH600352,lstm32,413,0.15002142782315905,0.2555879820888283,0.4274989406334744,-7.0798624051440715,
SH600362,lstm32,417,0.1650316606471649,0.272278203505251,0.2611869665170985,-7.440710504816624,
SH600369,lstm32,417,0.19004452172374647,0.3040060823349764,0.35250759274340904,-6.92097861773188,
SH600372,lstm32,417,0.16004059046461236,0.26825509720031343,0.3157670054200784,-6.97508334757913,
SH600383,lstm32,417,0.13754871650403772,0.23482309228729986,0.15038270638111373,-6.809629707896526,
SH600489,lstm32,416,0.1497899983393995,0.27170474264536304,0.13275056429456422,-7.2081242220975135,
SH600519,lstm32,417,0.12694475511133124,0.22712077225843125,0.19116865142002037,-7.527037630168231,
SH600547,lstm32,417,0.15176471466321567,0.25703236195081886,0.11599780701260742,-7.042039098985142,
SH600570,lstm32,416,0.14246984384964484,0.2521360479452441,0.22701729910193613,-6.595337395582222,
SH600583,lstm32,417,0.13245903398618136,0.22927816407716428,0.15074094331878085,-7.185753750874094,
SH600585,lstm32,417,0.13976242854994808,0.22574710600374973,0.10723161247658985,-7.2723304382404095,
SH600588,lstm32,417,0.14203487515832966,0.24363703826486566,0.3019356365558533,-6.2322931067511576,
SH600637,lstm32,417,0.14324793005416853,0.25660264409375155,0.31781532385955824,-7.355447591061913,
SH600660,lstm32,417,0.15185375297723647,0.24934734443567153,0.3483180064417565,-7.340640284267235,
SH600674,lstm32,417,0.1193072106297501,0.2324170612843744,-0.021619471477918317,-8.07443129077035,
SH600703,lstm32,415,0.14480353898842524,0.2561513404508258,0.0866217229742996,-5.998643611844109,
SH600705,lstm32,417,0.16082322768454713,0.27748645022957896,0.41819376151151266,-7.215451502094964,
SH600741,lstm32,417,0.1338428334884077,0.22839554399822984,0.12356731908771801,-6.603545162028441,
SH600837,lstm32,417,0.16766516633494472,0.2848655500720779,0.3323045669210899,-7.00885284481744,
SH600886,lstm32,417,0.12050566122249419,0.2218035482258416,0.04048237146814948,-7.619507434659603,
SH600887,lstm32,417,0.11502363028112249,0.20858819612427734,0.23147391878969636,-7.323984054081573,
SH600893,lstm32,406,0.15156114219177935,0.25694603847792596,0.513687425353464,-7.0959242793831265,
SH600999,lstm32,411,0.13780920093283136,0.2587075995132078,0.3617118427908933,-7.061564383735236,
SH601006,lstm32,417,0.12788689571494163,0.234153652081499,0.021261183811877582,-8.636341826235938,
SH601009,lstm32,417,0.15585942699822228,0.2696121343930072,0.24683519225814232,-7.79106409992738,
SH601111,lstm32,416,0.16107565865199813,0.2725804512927079,0.11186179168151911,-7.124809975197826,
SH601166,lstm32,417,0.13730977063220343,0.25107764946618516,0.14846187893731944,-7.940378155861672,
SH601169,lstm32,417,0.13006765621897684,0.25023978732848845,0.20574698410276615,-8.64985131245564,
SH601186,lstm32,417,0.1489346358070833,0.25950931235095537,0.2836715300385295,-7.596755264956302,
SH601225,lstm32,417,0.14547357347882348,0.2529038230311587,0.14556789254689018,-7.480971732395441,
SH601288,lstm32,417,0.13296915846435872,0.252330247473217,0.10324549769314462,-8.996974267173671,
SH601318,lstm32,417,0.11489673527427013,0.21576532170080148,0.3608239940318876,-7.906340561005693,
SH601328,lstm32,417,0.1535360959329733,0.2860184678629639,0.2807505829883086,-8.901398676965789,
SH601336,lstm32,417,0.1498372373499934,0.253347959851461,0.37964717823794825,-7.16242320397769,
SH601377,lstm32,417,0.18500532572018302,0.291659632153493,0.36151180596424903,-6.998800869662557,
SH601398,lstm32,417,0.1345859649740728,0.25673516535156266,0.14742967608036772,-8.728837948697306,
SH601555,lstm32,411,0.17700078668583893,0.289475117158003,0.3948734421434025,-6.741901641666333,
SH601601,lstm32,417,0.13314037137664422,0.23872563778278305,0.1292242884396989,-7.300765556825191,
SH601607,lstm32,417,0.1723046975938814,0.2922201114493334,0.3439486766769869,-7.245420527105253,
SH601628,lstm32,417,0.14229410515634258,0.23332726166925963,0.36798623009206877,-6.976330699255082,
SH601633,lstm32,416,0.16857751392434578,0.2885479597411501,0.3821101805574262,-6.444705614975275,
SH601668,lstm32,417,0.1401909925973306,0.2487457167048128,0.0798617990004099,-7.88409675215901,
SH601669,lstm32,417,0.17766381414698992,0.27974339861125536,0.26628150130525874,-7.597459865052637,
SH601688,lstm32,417,0.1632778921129169,0.2716578128954167,0.2803830971930924,-7.150941404884787,
SH601766,lstm32,417,0.13685768524854414,0.2557293550762485,0.28461502315550413,-8.152401315939194,
SH601800,lstm32,417,0.19203600837966753,0.2959732855510651,0.22346995302750827,-7.429309247165011,
SH601818,lstm32,417,0.14711775279059297,0.25553084664366926,0.2615651759270299,-7.853217819748772,
SH601857,lstm32,417,0.1370806990084283,0.25616678361335465,0.08022350329596417,-8.821558469294002,
SH601888,lstm32,417,0.13054956604484796,0.23084339030624268,0.5045160820329464,-6.731186534578237,
SH601899,lstm32,413,0.17526683063379553,0.2700856727813573,0.2868174921061505,-6.997846701398367,
SH601901,lstm32,415,0.20540681048565482,0.2980685868318924,0.28239341603328094,-6.872702311135006,
SH601933,lstm32,417,0.16796838970392441,0.2593322074101229,0.09747845263088906,-6.9909381538790925,
SH601939,lstm32,417,0.14367245772657883,0.25101174318328445,0.23760081821691492,-8.384972285175133,
SH601988,lstm32,417,0.14172543211079056,0.26902439897765773,0.16951791422738838,-8.982212579029172,
SH601998,lstm32,417,0.15601203920036047,0.2721878746246795,0.31612984502148933,-8.179003605126464,
SH603993,lstm32,417,0.16403761873496642,0.27365348876470963,0.25141067049764,-6.951714995770506,
SZ000001,lstm32,417,0.06258508468749378,0.18689360487829923,0.17633274236469776,-7.253659010787598,
SZ000069,lstm32,417,0.06054211893616451,0.1953853866861398,0.33311994431676184,-7.360749512082762,
SZ000157,lstm32,417,0.05527773208233077,0.18457524691967792,0.2791834208442445,-7.187029259135874,
SZ000166,lstm32,417,0.09828580471251214,0.2500220946034261,0.4765655573420149,-7.41042755038981,
SZ000333,lstm32,406,0.05532217900566589,0.1803958884312308,0.244048602005428,-7.35563973440698,
SZ000338,lstm32,417,0.05892954950461498,0.19243150071778412,0.31619519320695877,-6.979189524974175,
SZ000425,lstm32,417,0.07294349886852063,0.2108672684089129,0.33492257579041773,-7.023587870090055,
SZ000568,lstm32,417,0.06464822254108374,0.2053454723406766,0.3940516131691223,-6.7414903542524245,
SZ000625,lstm32,417,0.07597776769396099,0.21573274246158297,-0.039542247623395976,-6.3391687440164155,
SZ000709,lstm32,417,0.09551401847289576,0.24734585990957886,0.3605038096324641,-8.060177908903999,
SZ000725,lstm32,417,0.09259946463339667,0.23720596226405008,0.3033895814584271,-6.700726122984083,
SZ000728,lstm32,417,0.10300584085322254,0.24532156233598837,0.5302756236909834,-6.948827229954384,
SZ000768,lstm32,417,0.07162508866026777,0.20770296629851567,0.5625089329096213,-7.048958927027231,
SZ000776,lstm32,417,0.08858567433397065,0.2317892115854391,0.45895348466550323,-7.3475763234453755,
SZ000783,lstm32,417,0.09969630141382002,0.2488587276441647,0.5289782088507506,-7.009166191243691,
SZ000858,lstm32,417,0.07002228791218496,0.21036300661392457,0.418194970065378,-6.934609455548579,
SZ000895,lstm32,402,0.07209014623567275,0.21045261361706566,0.3702817107856222,-6.72670689369045,
SZ000963,lstm32,417,0.09228656620584179,0.2400039962669371,0.15531201745042522,-6.821197110863825,
SZ002007,lstm32,417,0.07695377637356741,0.21893629857205738,0.4047528818727272,-6.4564146171130234,
SZ002008,lstm32,417,0.06001426612186937,0.19956105238510452,-0.043376893722348875,-6.489002980832908,
SZ002024,lstm32,417,0.09720367960025719,0.24800963815532948,0.5439954861327565,-7.623071557904816,
SZ002142,lstm32,417,0.061472965012476545,0.18343688865189495,0.26976126266686296,-7.075777746356496,
SZ002146,lstm32,417,0.05941713152858016,0.1906210195349024,0.3832776891051213,-7.303577885162493,
SZ002153,lstm32,417,0.07404604105230381,0.21365194072572807,0.05537203971188487,-6.394027523614749,
SZ002202,lstm32,411,0.06342967127848304,0.2043098463098217,0.23866685652589048,-6.902258895501929,
SZ002236,lstm32,415,0.07126167994769814,0.21624422633835239,0.11967618993980278,-6.589979893066001,
SZ002241,lstm32,417,0.05724434206312202,0.19445703944637882,0.2758019088724005,-5.992861122170283,
SZ002304,lstm32,417,0.071219471278279,0.21069362640743725,0.3701545895771716,-7.015688539811434,
SZ002415,lstm32,415,0.056398472128749585,0.1882030061884003,0.12051333703121059,-6.923969125985985,
SZ002456,lstm32,414,0.17859917552293125,0.25102467761583175,0.006505211929329846,-5.966142435936317,
SZ002475,lstm32,417,0.047647549305163066,0.17745448377816483,0.11804949153585198,-6.289100289356612,
SZ002594,lstm32,417,0.07538436391599018,0.21899837305933903,0.5539374985769968,-6.874840724898345,
SZ002673,lstm32,417,0.10952097618677997,0.25818153745097805,0.5365224647327699,-7.0370955795438705,
SZ300124,lstm32,406,0.05076685796219037,0.17470256759359815,0.3657165217236875,-6.728739448489093,
SH600000,gru32,417,0.1361877007672961,0.24468538237533782,0.19688840048768053,-8.098595736433266,
SH600009,gru32,417,0.1329640357253276,0.24077184121962913,0.24255311201856844,-7.1515319650835,
SH600010,gru32,417,0.16451481726904632,0.28198074627670244,0.19292260120763005,-7.340764910773238,
SH600015,gru32,417,0.14978896362510272,0.2696881872556088,0.2405249986563699,-8.702501292908526,
SH600016,gru32,417,0.14239593685070495,0.2564366292988668,0.187931967077398,-8.7928986725189,
SH600018,gru32,414,0.15314822300440376,0.2849682575546459,0.5009646149097147,-7.383750696130411,
SH600028,gru32,417,0.13452484603561413,0.2471131761115772,0.21499057364894403,-8.727018064334134,
SH600029,gru32,417,0.1552113608402113,0.27627786859055375,0.21516478196367506,-7.340047345691658,
SH600030,gru32,410,0.17873208689547423,0.286585812161951,0.30277000817986865,-7.153660114630286,
SH600031,gru32,417,0.13726672652943822,0.21988564360828788,0.17960585322659406,-6.857699973117571,
SH600036,gru32,417,0.12588028604204868,0.22156906898120268,0.1565515031452197,-7.618653862080979,
SH600038,gru32,417,0.1404546094263028,0.2448926734882183,0.3809535836825032,-7.020405459694006,
SH600048,gru32,417,0.13279673002546025,0.2290364091006698,0.11858320989417626,-7.0776487643889645,
SH600066,gru32,417,0.14978879675134982,0.26519826053495565,0.3673708836607885,-6.881011604473254,
SH600068,gru32,417,0.16377981096272973,0.2681729133348444,0.3274957632256812,-7.551005280301968,
SH600085,gru32,417,0.1650802064832207,0.2736638895336296,0.27480910641628875,-7.535841343822686,
SH600089,gru32,417,0.1389402689494053,0.2625554355013653,0.6529992459005782,-7.605305811825827,
SH600104,gru32,417,0.13080046974321957,0.25449083637585157,0.30358862677046483,-7.375742733767056,
SH600109,gru32,412,0.1675216884002622,0.2790896134385971,0.4297152531098801,-6.8241281885152585,
SH600111,gru32,414,0.16754601884826048,0.27139322077109657,0.3372984823451397,-6.916220016808164,
SH600115,gru32,416,0.16757241511497067,0.28563701047870665,0.279226295208864,-7.268612787701247,
SH600118,gru32,417,0.12415408390580887,0.24439340620935254,0.5848102326018503,-6.683644379841956,
SH600170,gru32,417,0.14109131587925872,0.26410597329022306,0.3819343681340627,-8.070845913064167,
SH600177,gru32,417,0.17425332320244719,0.3066069811099057,0.22928232647065316,-8.04676457652199,
SH600188,gru32,417,0.15165898345523315,0.25334670467352505,0.1204164021983738,-7.482622493543882,
SH600196,gru32,417,0.15640267250671275,0.2623297092048789,0.416729991818203,-6.702528552904585,
SH600208,gru32,416,0.2971446520650979,0.31931265014162935,0.2147685167547706,-6.949787175368221,
SH600276,gru32,417,0.1181353127921209,0.21892816652120123,0.1230020046886755,-7.151532935075284,
SH600332,gru32,417,0.13901585008311884,0.23251724091428774,0.30516857445108303,-7.210503455352525,
SH600340,gru32,417,0.12379131482041106,0.21983184281135065,0.34934969308154895,-7.297033508523932,
SH600352,gru32,413,0.14665009199494897,0.252725985168653,0.44036439166361474,-7.094775136450438,
SH600362,gru32,417,0.16567477276492948,0.2701794238410118,0.25830788493522483,-7.444903530524097,
SH600369,gru32,417,0.18956553943060825,0.30163910343967315,0.3541395124388801,-6.9331558350315,
SH600372,gru32,417,0.15715703053158056,0.2635720427122884,0.32809529565133255,-6.985841594268923,
SH600383,gru32,417,0.13701387495656575,0.23114182804380676,0.1536863404652945,-6.828800931204909,
SH600489,gru32,416,0.14678986363238594,0.2713211480980531,0.15012065015171472,-7.228096695661564,
SH600519,gru32,417,0.1253173698159526,0.22455300593666494,0.20153757325508148,-7.539750547677622,
SH600547,gru32,417,0.15287842837730814,0.2577755169084866,0.10951062474627715,-7.062547441574958,
SH600570,gru32,416,0.138707795423265,0.24749098192485505,0.24742862457935677,-6.621970661381754,
SH600583,gru32,417,0.13350095787964789,0.2286991992654088,0.14406066432028442,-7.206212276719959,
SH600585,gru32,417,0.1379038437227308,0.2230458460719936,0.11910380013450028,-7.297417918155025,
SH600588,gru32,417,0.13961243947738827,0.23848775249370652,0.3138412760666828,-6.254743197779239,
SH600637,gru32,417,0.13868642947334908,0.2531185620010892,0.33953840073239017,-7.398604982407304,
SH600660,gru32,417,0.1492121841657472,0.24732240838040467,0.3596543270491942,-7.363457388104383,
SH600674,gru32,417,0.11491427630603791,0.22851095876718744,0.01599692419790988,-8.08833922875703,
SH600703,gru32,415,0.14317040451614657,0.2530343415083416,0.09692305649737332,-6.019129066540723,
SH600705,gru32,417,0.15896206636779317,0.2739428859785859,0.42492683906822526,-7.2258208915369995,
SH600741,gru32,417,0.12992159531138675,0.2244036295097006,0.14924445994322533,-6.637825150164929,
SH600837,gru32,417,0.16717283168991195,0.2812608919708257,0.33426519834633295,-7.017517890184429,
SH600886,gru32,417,0.11893811700635258,0.22050040434663007,0.052963829132731566,-7.634942218685344,
SH600887,gru32,417,0.11244386676035201,0.20574751667681893,0.24871051221159968,-7.341289686091501,
SH600893,gru32,406,0.15006876240965805,0.25373553205490834,0.5184760079921162,-7.107848423596835,
SH600999,gru32,411,0.13485818805329577,0.2546216815449015,0.3753799909263519,-7.065735986271679,
SH601006,gru32,417,0.12299375302213299,0.22649482279024313,0.05870918549982174,-8.65063591657838,
SH601009,gru32,417,0.15196921068758795,0.26603359628938855,0.2656340167893434,-7.801754643100061,
SH601111,gru32,416,0.16162062301636004,0.2728618560926441,0.10885696973503567,-7.131684263895236,
SH601166,gru32,417,0.13455267766280676,0.24770000076616974,0.1655602234756981,-7.947799032997242,
SH601169,gru32,417,0.12549269307079372,0.24317974851123658,0.23368381623838663,-8.65865138739985,
SH601186,gru32,417,0.14444161766136834,0.25589519109119,0.3052815255670246,-7.608622985145236,
SH601225,gru32,417,0.1408947987062321,0.24921587263509476,0.17246110816634364,-7.507530678784311,
SH601288,gru32,417,0.1281813174774471,0.24381005535844014,0.13553507529841424,-9.007345427987262,
SH601318,gru32,417,0.11134672418483502,0.21152659372769145,0.38057287465822665,-7.915868836617688,
SH601328,gru32,417,0.1463094998993528,0.27736716802152217,0.3146040228102358,-8.911068227358765,
SH601336,gru32,417,0.14727950976396056,0.25177992193074206,0.39023662551658345,-7.175977813687529,
SH601377,gru32,417,0.1813772627561415,0.2879657654521136,0.37403293399524695,-7.012859725906418,
SH601398,gru32,417,0.12980404945999705,0.25007817846749975,0.17772198226234803,-8.739281218503002,
SH601555,gru32,411,0.1764083762893878,0.2870582065217769,0.39689876231714394,-6.753199123904662,
SH601601,gru32,417,0.13121216236409333,0.23723283443727355,0.14183532112332498,-7.3090865226171235,
SH601607,gru32,417,0.16412610384111959,0.2865673891388768,0.3750887287437463,-7.297808629349448,
SH601628,gru32,417,0.13834708588538447,0.23167363329875773,0.38551731844317527,-6.996206221516716,
SH601633,gru32,416,0.16719210704255213,0.2866678973466602,0.3871881342424601,-6.460109940548311,
SH601668,gru32,417,0.13522682133685066,0.24196118958827798,0.1124439466009457,-7.9019397519527805,
SH601669,gru32,417,0.17248644754270623,0.27359098123877257,0.28766306214996995,-7.61455853913691,
SH601688,gru32,417,0.16012287005743428,0.266585282405678,0.2942882693537163,-7.161515059118104,
SH601766,gru32,417,0.13208301128278696,0.24828517310448173,0.30957328558870234,-8.162041062320588,
SH601800,gru32,417,0.1870632925296232,0.2920217013500305,0.2435779697749788,-7.442417617565326,
SH601818,gru32,417,0.14336809888682023,0.2488897494044594,0.2803859842132206,-7.86402487426164,
SH601857,gru32,417,0.1320627206671371,0.24771881172207094,0.11389285698816976,-8.83067433163106,
SH601888,gru32,417,0.12761183035869927,0.22835125748364993,0.5156658761825841,-6.748643933418973,
SH601899,gru32,413,0.1727219540678839,0.26772113943230386,0.29717291101224863,-7.016869714302341,
SH601901,gru32,415,0.20389712620209335,0.29616808414460416,0.2876676295758277,-6.884743817199854,
SH601933,gru32,417,0.16231256898778443,0.2568737449549384,0.12786809959583623,-7.051262232438049,
SH601939,gru32,417,0.13953856382814853,0.2454745870780068,0.25953736315818166,-8.394748387636207,
SH601988,gru32,417,0.13803666336876816,0.2631611084734945,0.1911333456512474,-8.988584184982237,
SH601998,gru32,417,0.152077165974035,0.2654210363243166,0.33337814442774294,-8.189831999992075,
SH603993,gru32,417,0.1604389683172804,0.27035281843557685,0.2678331918928175,-6.983134170489672,
SZ000001,gru32,417,0.06345898723058643,0.18815623685252572,0.16483152103210963,-7.247919968092877,
SZ000069,gru32,417,0.06022830111836829,0.1954262121659063,0.336576692238436,-7.361751094782252,
SZ000157,gru32,417,0.0539453721259113,0.1824736530722254,0.2965572730232737,-7.192546705616265,
SZ000166,gru32,417,0.09787291550409025,0.24797669272203277,0.4787644550701453,-7.406812886170789,
SZ000333,gru32,406,0.05517811274306418,0.1786404299925876,0.24601719931260313,-7.3539365687318785,
SZ000338,gru32,417,0.05909655547538032,0.1928640193879399,0.3142572947072674,-6.977700061400442,
SZ000425,gru32,417,0.07178189265134834,0.2095362492965752,0.34551376051347715,-7.027321816759003,
SZ000568,gru32,417,0.06226402782952941,0.20210451678589142,0.4163986922158657,-6.747928968097796,
SZ000625,gru32,417,0.07231638775334706,0.21014691089232593,0.010553448109601349,-6.346568106201759,
SZ000709,gru32,417,0.09304243492029893,0.24169215721299464,0.37705183359094996,-8.061347826189756,
SZ000725,gru32,417,0.09176884318903873,0.2344222984503334,0.30963820885918536,-6.695850357611159,
SZ000728,gru32,417,0.10239794727097082,0.242780881824568,0.5330477231313668,-6.947232454667001,
SZ000768,gru32,417,0.07239575854022716,0.20880558587345655,0.5578016272090021,-7.044451071932615,
SZ000776,gru32,417,0.0878238676108481,0.23069395612795143,0.46360630100406763,-7.345647133845797,
SZ000783,gru32,417,0.09783987705394108,0.24727879619903592,0.5377490089177837,-7.012133288165757,
SZ000858,gru32,417,0.067778947906525,0.20664135477334053,0.4368345566607684,-6.93997269890222,
SZ000895,gru32,402,0.0698446926614157,0.20871709095512048,0.38989608607997783,-6.731853591203468,
SZ000963,gru32,417,0.09082953871501437,0.23820262025389005,0.16864801706927746,-6.824439157584924,
SZ002007,gru32,417,0.07554621771249934,0.2163515371844934,0.415640524767971,-6.458842980777474,
SZ002008,gru32,417,0.056640077648124745,0.19350322452510507,0.015284996459234534,-6.4960593898893455,
SZ002024,gru32,417,0.09466337689538074,0.2452371133584397,0.5559126224466968,-7.62517591507915,
SZ002142,gru32,417,0.06160671486116083,0.18306253392131505,0.26817244519886085,-7.0725129102437885,
SZ002146,gru32,417,0.059918461964209246,0.19114526276962146,0.378074111335057,-7.299493114857911,
SZ002153,gru32,417,0.0685966816244622,0.20553559428479523,0.1248911822351525,-6.410277516935049,
SZ002202,gru32,411,0.06275779443898269,0.20202937484206213,0.24673125440048216,-6.901651755352487,
SZ002236,gru32,415,0.06815652163320451,0.2107076726672501,0.15803544277051607,-6.597623954630606,
SZ002241,gru32,417,0.05593582429211839,0.1915004841324561,0.2923559653575366,-5.994777464731253,
SZ002304,gru32,417,0.07116235830462077,0.21028695574714573,0.3706596810035553,-7.013865455051366,
SZ002415,gru32,415,0.05475042439826795,0.18547274961154472,0.14621325307832844,-6.9267799386256055,
SZ002456,gru32,414,0.16951059841767563,0.24417599450051528,0.05706229853743994,-6.050302978792318,
SZ002475,gru32,417,0.04626713055596852,0.17459572547324842,0.1436008794980791,-6.29211133781856,
SZ002594,gru32,417,0.07504602079560978,0.21727663993442337,0.5559395341554139,-6.872500727847832,
SZ002673,gru32,417,0.10942264015997259,0.25794346458514295,0.536938609118252,-7.035198495332266,
SZ300124,gru32,406,0.049226577155211323,0.17265761729562407,0.38496086157431475,-6.733335847262996,
SH600000,lstm4,417,0.13418674926948726,0.2382087641992974,0.2086881984789668,-8.114003432263775,
SH600009,lstm4,417,0.12777919793012715,0.2331843936101513,0.27208921350074555,-7.1647835250541885,
SH600010,lstm4,417,0.16458031520153493,0.28019066375655083,0.19260128120827247,-7.341309456876565,
SH600015,lstm4,417,0.1641209412715452,0.2872712080461426,0.16785757057046902,-8.700398916842998,
SH600016,lstm4,417,0.15586632685943072,0.27397325626345137,0.11111184594883605,-8.799460729970871,
SH600018,lstm4,414,0.15108480175614702,0.2818933391770187,0.5076882986523439,-7.39763153026137,
SH600028,lstm4,417,0.1445401155650599,0.26157102888241146,0.15654723608154753,-8.72835955317826,
SH600029,lstm4,417,0.15407360211293117,0.2740305961077138,0.22091792473598104,-7.347095573856683,
SH600030,lstm4,410,0.1792043230708149,0.2862554842516491,0.3009278251091675,-7.153942114018461,
SH600031,lstm4,417,0.13393630439314458,0.2192500738806221,0.1995105955919183,-6.870511082837918,
SH600036,lstm4,417,0.12661538228597946,0.22078123045316356,0.15162606293943637,-7.625783342135874,
SH600038,lstm4,417,0.13857392966551324,0.24209540373361033,0.3892425823199491,-7.027043979578019,
SH600048,lstm4,417,0.13120794227009602,0.22945456917985668,0.12912853132810054,-7.079335803596877,
SH600066,lstm4,417,0.14789543884301795,0.2627557393981953,0.37536743191032274,-6.9099166196691355,
SH600068,lstm4,417,0.16132626099628453,0.26500932174125086,0.33757040391474247,-7.569636962086139,
SH600085,lstm4,417,0.1617200407871647,0.2681832730589972,0.289570182959768,-7.56976088228338,
SH600089,lstm4,417,0.1395505776325606,0.2601132495430177,0.6514750112428389,-7.6129177863474595,
SH600104,lstm4,417,0.12926416309510275,0.25158117906941985,0.3117682718789043,-7.3830657750227875,
SH600109,lstm4,412,0.16785713622174597,0.2767682739811902,0.42857330678760663,-6.824717211881739,
SH600111,lstm4,414,0.16549471954368217,0.26938671372253525,0.34541206911761657,-6.917767511837676,
SH600115,lstm4,416,0.16551680235916863,0.2829688333271437,0.28806803458821717,-7.275991109055595,
SH600118,lstm4,417,0.11857039018322613,0.23846743994642286,0.6034829369138601,-6.710626107379191,
SH600170,lstm4,417,0.14355619196028196,0.2657019726965623,0.37113671426716854,-8.076544770879366,
SH600177,lstm4,417,0.1833599351457839,0.322173474272026,0.18900403139016964,-8.065130899923153,
SH600188,lstm4,417,0.1500078537259485,0.2509006702727466,0.1299925354061381,-7.490903357490019,
SH600196,lstm4,417,0.15619189280781934,0.26178050237517475,0.41751604920921626,-6.714251188830523,
SH600208,lstm4,416,0.2877336574433516,0.3122223644151897,0.23963791694181413,-6.990124603871104,
SH600276,lstm4,417,0.11595320633433406,0.21772961396853127,0.13920125065336375,-7.158275474590401,
SH600332,lstm4,417,0.13461891661975417,0.23051754615968018,0.327145403313164,-7.275304720817642,
SH600340,lstm4,417,0.12550790637135062,0.2207763535474643,0.3403272441230515,-7.305855707578576,
SH600352,lstm4,413,0.1475470702567387,0.2521832660863973,0.4369414072769531,-7.091735962814238,
SH600362,lstm4,417,0.15997624959894816,0.26546636532435736,0.2838190091044984,-7.457835728926258,
SH600369,lstm4,417,0.18950538674068854,0.3013473550018341,0.35434445604707143,-6.931573487405587,
SH600372,lstm4,417,0.15581682858784462,0.2614885555080324,0.33382515697365145,-6.983706094038446,
SH600383,lstm4,417,0.1354465679838091,0.23323300428318972,0.1633673548891873,-6.82408062389498,
SH600489,lstm4,416,0.14046563045864313,0.2638614007330547,0.18673649708410234,-7.235200775161592,
SH600519,lstm4,417,0.12279799834122959,0.22193575636543575,0.21758980499704683,-7.543504005888869,
SH600547,lstm4,417,0.14582391769924077,0.25180636347193547,0.1506018818524063,-7.070758240074353,
SH600570,lstm4,416,0.14047672954448098,0.25104035389960233,0.23783111651883482,-6.622710903162583,
SH600583,lstm4,417,0.12937838708519278,0.2293204589468675,0.1704924634859475,-7.214228642109203,
SH600585,lstm4,417,0.13360094773590184,0.22052301115567996,0.14658965274666613,-7.301588581644284,
SH600588,lstm4,417,0.13661252268186436,0.24105773520380927,0.32858508462721003,-6.2782446408440595,
SH600637,lstm4,417,0.13876841646884264,0.25324544874492044,0.3391479568917891,-7.410286835267256,
SH600660,lstm4,417,0.14630745793819044,0.24438897439137014,0.37211999050236455,-7.3725133984656885,
SH600674,lstm4,417,0.11282475785441073,0.2261612769919054,0.033889327556658855,-8.101004522720832,
SH600703,lstm4,415,0.14555284151006165,0.2558734687306985,0.08189534231423867,-6.017865417675591,
SH600705,lstm4,417,0.16001917251773703,0.27437190801964145,0.42110257212845037,-7.225980059035584,
SH600741,lstm4,417,0.13152617873613354,0.22728685795296608,0.1387372903320856,-6.638252837063947,
SH600837,lstm4,417,0.16715477167707293,0.280131871147301,0.33433711899841323,-7.011327604945525,
SH600886,lstm4,417,0.11431093877759865,0.21520657095970835,0.08980740175668234,-7.64514111465166,
SH600887,lstm4,417,0.11169109666052658,0.20443238442664619,0.2537401174627745,-7.3430876489379155,
SH600893,lstm4,406,0.14747420434208683,0.25131749786236096,0.5268011380067338,-7.114086421833162,
SH600999,lstm4,411,0.13591781301676958,0.2541894479917223,0.370472146887708,-7.073025357030818,
SH601006,lstm4,417,0.12520065870904337,0.2299096381372524,0.04181938418460274,-8.662559294594622,
SH601009,lstm4,417,0.15011742425604718,0.2623745543398964,0.27458246731653746,-7.819599219585812,
SH601111,lstm4,416,0.15784563449962188,0.2673105638888261,0.12967148364568282,-7.137670177073003,
SH601166,lstm4,417,0.13343318164589008,0.24636913778632877,0.17250287242480944,-7.961405265585998,
SH601169,lstm4,417,0.13509762312262244,0.25238107397592396,0.17503168946904235,-8.665401827509202,
SH601186,lstm4,417,0.14351215505314485,0.2563799813443893,0.30975194659721106,-7.623482034651422,
SH601225,lstm4,417,0.13942678399403446,0.2485538313121206,0.18108342268244215,-7.523833514703672,
SH601288,lstm4,417,0.15140821284543743,0.2749586328806289,-0.02110894077572345,-8.992088380506251,
SH601318,lstm4,417,0.11522616442598824,0.2156054360406857,0.35899136398420173,-7.926717244306924,
SH601328,lstm4,417,0.17696946526274052,0.31176556636832736,0.17097550288979813,-8.892124046052142,
SH601336,lstm4,417,0.14837327433505024,0.2523709317951573,0.3857082455890095,-7.186443569173718,
SH601377,lstm4,417,0.18121773353968182,0.2863607948766997,0.3745834993420377,-7.023208663262687,
SH601398,lstm4,417,0.13980018738979574,0.2644738995547153,0.11439880770699529,-8.738477364374662,
SH601555,lstm4,411,0.17560797854080093,0.2847208031444723,0.39963514526541977,-6.754074867594609,
SH601601,lstm4,417,0.13407196398860413,0.24071639772655573,0.12313140908856002,-7.313400398425,
SH601607,lstm4,417,0.16151418013464994,0.283068707639025,0.38503364625311676,-7.328317585745341,
SH601628,lstm4,417,0.13611170846929027,0.23094775531529696,0.39544597505449786,-7.010720793560291,
SH601633,lstm4,416,0.16567297820881308,0.2850110735675798,0.39275622110611075,-6.46192262804781,
SH601668,lstm4,417,0.13915199570992423,0.24568003148904657,0.0866812152061871,-7.904268034889678,
SH601669,lstm4,417,0.17489671508515142,0.273649016113055,0.2777091056215323,-7.6269020122659175,
SH601688,lstm4,417,0.16182877944444873,0.26570734139525504,0.28676979141609316,-7.169811236359157,
SH601766,lstm4,417,0.13024517521053677,0.2418183497163606,0.3191800556696297,-8.177850911240983,
SH601800,lstm4,417,0.18507269390857478,0.28989193977807126,0.25162729163783515,-7.459077862550668,
SH601818,lstm4,417,0.1425852691220558,0.24852205261778815,0.2843152772363796,-7.871945376737751,
SH601857,lstm4,417,0.1499486432786289,0.2728777315272241,-0.006117117858150056,-8.831924380467553,
SH601888,lstm4,417,0.12794402262548493,0.22930644253654778,0.5144050835897633,-6.751931866405935,
SH601899,lstm4,413,0.16786568736867963,0.2636355618481686,0.31693366352323793,-7.025235648794855,
SH601901,lstm4,415,0.20210449491881924,0.2938592471360529,0.2939303431073834,-6.893220288862647,
SH601933,lstm4,417,0.16101462375510084,0.25451173115817516,0.13484217097835538,-7.068173872396515,
SH601939,lstm4,417,0.14404841740024746,0.2502856170804345,0.23560578484640005,-8.41512366715815,
SH601988,lstm4,417,0.16436109220813724,0.29613483742122604,0.03687756922714136,-8.974322176317182,
SH601998,lstm4,417,0.15048062410704705,0.2607458532739166,0.3403764975010244,-8.213745244092069,
SH603993,lstm4,417,0.16055139290950896,0.27147576988627586,0.2673201397602337,-6.981931356570682,
SZ000001,lstm4,417,0.06338873416205819,0.18912219809753075,0.16575610478212066,-7.2527283054462295,
SZ000069,lstm4,417,0.06091740620680582,0.1966759587701119,0.328986101624431,-7.356945785629015,
SZ000157,lstm4,417,0.05686804899429478,0.18536407338549665,0.25844583351797534,-7.183850365338622,
SZ000166,lstm4,417,0.09790146210495491,0.24742258633017314,0.47861242625828293,-7.407085053406718,
SZ000333,lstm4,406,0.05746211495831671,0.18462740104794362,0.2148073898171019,-7.3481270810639945,
SZ000338,lstm4,417,0.060542922417264715,0.19527795641736026,0.2974739886144617,-6.972223100298476,
SZ000425,lstm4,417,0.07472637745614329,0.21232281007242468,0.3186668118480849,-7.016053295170446,
SZ000568,lstm4,417,0.06743099132584873,0.20912360160059262,0.367968695653794,-6.730701797483926,
SZ000625,lstm4,417,0.07946471231619165,0.22187677315045098,-0.08725128620074396,-6.32928441243269,
SZ000709,lstm4,417,0.09061172917407034,0.23877518079883073,0.39332616786638164,-8.064687385624554,
SZ000725,lstm4,417,0.09501064801101917,0.24072361824847366,0.2852506487063222,-6.695466156044231,
SZ000728,lstm4,417,0.10272194588991115,0.24282551053162382,0.5315702336225574,-6.944968435045791,
SZ000768,lstm4,417,0.07412068038742742,0.20932353752398436,0.5472656835376644,-7.038080772208564,
SZ000776,lstm4,417,0.0883837519907414,0.23219001382758023,0.46018674705238183,-7.3458482753602565,
SZ000783,lstm4,417,0.10028386341806918,0.2471216740461345,0.5262022331753449,-7.002252510435632,
SZ000858,lstm4,417,0.0712506735964339,0.21087041847785093,0.4079884916553609,-6.924931361577854,
SZ000895,lstm4,402,0.07385966632387708,0.21277138342227175,0.3548246862009903,-6.719132427320897,
SZ000963,lstm4,417,0.09267087791345872,0.2389842239609488,0.15179445802305347,-6.8122375282628065,
SZ002007,lstm4,417,0.07699182382929111,0.2197806275647921,0.40445858002766033,-6.458418811266836,
SZ002008,lstm4,417,0.06254205914755484,0.20254557985061317,-0.08732379177750382,-6.478492763454956,
SZ002024,lstm4,417,0.09417688385732904,0.2434808429918932,0.5581948716601923,-7.626946908913334,
SZ002142,lstm4,417,0.06182241810217958,0.18410036155020734,0.26561010153562226,-7.073724783006884,
SZ002146,lstm4,417,0.060671064087955515,0.19224245554591607,0.3702624497990582,-7.296447841261547,
SZ002153,lstm4,417,0.07586238211900974,0.21659905064037502,0.032200421990716044,-6.390762311111781,
SZ002202,lstm4,411,0.0634147021007641,0.2024288947216801,0.23884652845068954,-6.899261285788738,
SZ002236,lstm4,415,0.07340295590105374,0.2194192888330093,0.0932241583987028,-6.5792513518687805,
SZ002241,lstm4,417,0.05837108514798345,0.1948191536461569,0.2615474836866223,-5.988366171942343,
SZ002304,lstm4,417,0.07336761329220233,0.2117723180763582,0.35115701259264953,-7.004593631043954,
SZ002415,lstm4,415,0.0563322484409954,0.18767225536898344,0.12154603965513022,-6.919270842569593,
SZ002456,lstm4,414,0.16703202882503068,0.24393911897905315,0.07084985363086771,-6.0632051421960576,
SZ002475,lstm4,417,0.05024484215045935,0.181278978266627,0.06997390781866097,-6.28047092357196,
SZ002594,lstm4,417,0.07655387671610059,0.2203317993730105,0.5470172862416531,-6.869068136259531,
SZ002673,lstm4,417,0.10989808994349112,0.2580829819156796,0.5349265717763578,-7.033880280978643,
SZ300124,lstm4,406,0.0526284949581991,0.17739735342772137,0.34245714274073547,-6.721255260471178,
